ISO-10303-21;
HEADER;
FILE_DESCRIPTION (( 'STEP AP214' ),
    '1' );
FILE_NAME ('Áã¼þ1.STEP',
    '2025-04-02T03:49:51',
    ( '' ),
    ( '' ),
    'SwSTEP 2.0',
    'SolidWorks 2021',
    '' );
FILE_SCHEMA (( 'AUTOMOTIVE_DESIGN' ));
ENDSEC;

DATA;
#1 = CARTESIAN_POINT ( 'NONE',  ( 49.00000000000001421, -50.00000000000000000, 27.00100000000000122 ) ) ;
#2 = ORIENTED_EDGE ( 'NONE', *, *, #7943, .T. ) ;
#3 = LINE ( 'NONE', #11132, #4025 ) ;
#4 = DIRECTION ( 'NONE',  ( 1.000000000000000000, 0.000000000000000000, 0.000000000000000000 ) ) ;
#5 = DIRECTION ( 'NONE',  ( 0.000000000000000000, 0.000000000000000000, -1.000000000000000000 ) ) ;
#6 = CARTESIAN_POINT ( 'NONE',  ( 27.21503794696573308, -83.70000000000001705, 7.505212078228091777 ) ) ;
#7 = AXIS2_PLACEMENT_3D ( 'NONE', #10509, #8565, #10324 ) ;
#8 = DIRECTION ( 'NONE',  ( 0.000000000000000000, -0.000000000000000000, -1.000000000000000000 ) ) ;
#9 = CARTESIAN_POINT ( 'NONE',  ( 27.64524147717915881, -83.70000000000000284, 7.504020353344336591 ) ) ;
#10 = VERTEX_POINT ( 'NONE', #1082 ) ;
#11 = EDGE_CURVE ( 'NONE', #3534, #10446, #402, .T. ) ;
#12 = LINE ( 'NONE', #5461, #4753 ) ;
#13 = ORIENTED_EDGE ( 'NONE', *, *, #8022, .T. ) ;
#14 = DIRECTION ( 'NONE',  ( -0.000000000000000000, -0.000000000000000000, -1.000000000000000000 ) ) ;
#15 = DIRECTION ( 'NONE',  ( 0.1363298397660601402, 0.000000000000000000, -0.9906635023000293083 ) ) ;
#16 = DIRECTION ( 'NONE',  ( -1.000000000000000000, 0.000000000000000000, 0.000000000000000000 ) ) ;
#17 = CARTESIAN_POINT ( 'NONE',  ( 49.00000000000000711, -42.00000000000000000, 27.00100000000000122 ) ) ;
#18 = ORIENTED_EDGE ( 'NONE', *, *, #2904, .T. ) ;
#19 = AXIS2_PLACEMENT_3D ( 'NONE', #6730, #7930, #2263 ) ;
#20 = CARTESIAN_POINT ( 'NONE',  ( 28.83002007727973393, -83.70000000000000284, 6.759559191758645724 ) ) ;
#22 = EDGE_CURVE ( 'NONE', #4065, #8484, #9117, .T. ) ;
#21 = VERTEX_POINT ( 'NONE', #1753 ) ;
#23 = EDGE_CURVE ( 'NONE', #9087, #2772, #2645, .T. ) ;
#24 = LINE ( 'NONE', #3692, #11395 ) ;
#25 = FACE_OUTER_BOUND ( 'NONE', #378, .T. ) ;
#26 = EDGE_LOOP ( 'NONE', ( #3570, #10021, #6195, #2378 ) ) ;
#27 = CARTESIAN_POINT ( 'NONE',  ( 28.76030191709122263, -83.70000000000003126, 6.508511262990002599 ) ) ;
#28 = VECTOR ( 'NONE', #15, 1000.000000000000227 ) ;
#29 = CIRCLE ( 'NONE', #8906, 1.000000000000000888 ) ;
#30 = CARTESIAN_POINT ( 'NONE',  ( 30.75205944857311025, -83.70000000000001705, 5.769307077219306912 ) ) ;
#31 = ORIENTED_EDGE ( 'NONE', *, *, #2385, .F. ) ;
#32 = FACE_BOUND ( 'NONE', #11048, .T. ) ;
#33 = LINE ( 'NONE', #6671, #8131 ) ;
#34 = EDGE_LOOP ( 'NONE', ( #10990, #1178, #1182, #440 ) ) ;
#35 = CARTESIAN_POINT ( 'NONE',  ( 46.97122506359524152, -84.00000000000000000, 4.368891965448924886 ) ) ;
#36 = ORIENTED_EDGE ( 'NONE', *, *, #7929, .T. ) ;
#37 = AXIS2_PLACEMENT_3D ( 'NONE', #3800, #9370, #11261 ) ;
#38 = EDGE_CURVE ( 'NONE', #8314, #10499, #4886, .T. ) ;
#39 = DIRECTION ( 'NONE',  ( -0.000000000000000000, -1.000000000000000000, -0.000000000000000000 ) ) ;
#40 = EDGE_LOOP ( 'NONE', ( #6826, #1600, #8119, #8911 ) ) ;
#41 = ORIENTED_EDGE ( 'NONE', *, *, #11867, .T. ) ;
#42 = LINE ( 'NONE', #4560, #8663 ) ;
#43 = VECTOR ( 'NONE', #4827, 1000.000000000000000 ) ;
#44 = VECTOR ( 'NONE', #9571, 1000.000000000000000 ) ;
#45 = CARTESIAN_POINT ( 'NONE',  ( 49.26362272441394907, -83.70000000000001705, 5.494622959600970802 ) ) ;
#46 = ORIENTED_EDGE ( 'NONE', *, *, #111, .F. ) ;
#47 = ORIENTED_EDGE ( 'NONE', *, *, #5522, .T. ) ;
#48 = VECTOR ( 'NONE', #6817, 1000.000000000000000 ) ;
#49 = LINE ( 'NONE', #6629, #5805 ) ;
#50 = EDGE_CURVE ( 'NONE', #2014, #6484, #11804, .T. ) ;
#51 = CARTESIAN_POINT ( 'NONE',  ( 65.00000000000000000, -14.00000000000000000, 1.999999999999998224 ) ) ;
#52 = ORIENTED_EDGE ( 'NONE', *, *, #690, .F. ) ;
#53 = EDGE_CURVE ( 'NONE', #3813, #5850, #7225, .T. ) ;
#54 = CYLINDRICAL_SURFACE ( 'NONE', #8721, 1.000000000000000888 ) ;
#55 = DIRECTION ( 'NONE',  ( 1.000000000000000000, 0.000000000000000000, 0.000000000000000000 ) ) ;
#56 = EDGE_LOOP ( 'NONE', ( #11119, #2603, #6074, #9206 ) ) ;
#57 = LINE ( 'NONE', #1871, #2284 ) ;
#58 = AXIS2_PLACEMENT_3D ( 'NONE', #8142, #6165, #657 ) ;
#59 = EDGE_LOOP ( 'NONE', ( #2641, #602 ) ) ;
#60 = CARTESIAN_POINT ( 'NONE',  ( 30.22373239490927332, -83.70000000000000284, 4.414029036619405488 ) ) ;
#61 = CYLINDRICAL_SURFACE ( 'NONE', #8912, 1.000000000000000888 ) ;
#62 = EDGE_LOOP ( 'NONE', ( #7099, #1577, #8831, #3050 ) ) ;
#63 = CARTESIAN_POINT ( 'NONE',  ( 61.00000000000000711, -26.00000000000000355, 0.000000000000000000 ) ) ;
#64 = CARTESIAN_POINT ( 'NONE',  ( 48.79286249049582125, -83.70000000000001705, 7.132049860185766477 ) ) ;
#65 = LINE ( 'NONE', #4830, #3933 ) ;
#66 = DIRECTION ( 'NONE',  ( -0.9949464040551011523, 0.000000000000000000, -0.1004074352716142204 ) ) ;
#67 = CARTESIAN_POINT ( 'NONE',  ( 52.00000000000001421, -50.00000000000000000, 1.999999999999998224 ) ) ;
#68 = CARTESIAN_POINT ( 'NONE',  ( 53.00000000000000711, -34.00000000000000000, 0.000000000000000000 ) ) ;
#69 = ORIENTED_EDGE ( 'NONE', *, *, #2889, .F. ) ;
#70 = FACE_OUTER_BOUND ( 'NONE', #11340, .T. ) ;
#71 = ORIENTED_EDGE ( 'NONE', *, *, #11291, .T. ) ;
#72 = CARTESIAN_POINT ( 'NONE',  ( 27.21503794696573308, -83.70000000000001705, 6.416626416543015132 ) ) ;
#73 = AXIS2_PLACEMENT_3D ( 'NONE', #4108, #608, #10537 ) ;
#74 = CARTESIAN_POINT ( 'NONE',  ( 2.775557561562891351E-14, -82.00000000000000000, 1.999999999999998224 ) ) ;
#75 = CIRCLE ( 'NONE', #6821, 2.000000000000000000 ) ;
#76 = CARTESIAN_POINT ( 'NONE',  ( 30.84233801453563117, -83.70000000000001705, 4.482182675849115228 ) ) ;
#77 = DIRECTION ( 'NONE',  ( -0.000000000000000000, -0.000000000000000000, -1.000000000000000000 ) ) ;
#78 = VERTEX_POINT ( 'NONE', #6695 ) ;
#79 = CARTESIAN_POINT ( 'NONE',  ( 30.70702562380078149, -83.70000000000001705, 4.975623262019563953 ) ) ;
#80 = EDGE_LOOP ( 'NONE', ( #11116, #9140 ) ) ;
#81 = DIRECTION ( 'NONE',  ( 1.000000000000000000, 0.000000000000000000, 0.000000000000000000 ) ) ;
#82 = CARTESIAN_POINT ( 'NONE',  ( 49.00000000000000000, -10.00000000000000000, 0.000000000000000000 ) ) ;
#83 = B_SPLINE_CURVE_WITH_KNOTS ( 'NONE', 3,
 ( #9728, #8081, #2411, #2353, #4272, #6988, #7172, #527, #4211, #10702, #5313, #11837, #6219, #9903, #9783, #587, #1502, #7047, #11661 ),
 .UNSPECIFIED., .F., .F.,
 ( 4, 1, 1, 1, 1, 1, 1, 1, 1, 1, 1, 1, 1, 1, 1, 1, 4 ),
 ( 0.000000000000000000, 0.06414111917131525009, 0.1254268856742992155, 0.1851404258974211903, 0.2431290278248883774, 0.3006481797213724216, 0.3576513697118872681, 0.4157237904283609953, 0.4748552484352632219, 0.5345250275449818789, 0.5949165388594344073, 0.6562375692923571036, 0.7191350391143049858, 0.7844327246161045819, 0.8526924997614412360, 0.9244066491533401431, 0.9999999999999998890 ),
 .UNSPECIFIED. ) ;
#84 = ORIENTED_EDGE ( 'NONE', *, *, #11317, .T. ) ;
#85 = LINE ( 'NONE', #3945, #10789 ) ;
#86 = EDGE_CURVE ( 'NONE', #9389, #7415, #6864, .T. ) ;
#87 = CARTESIAN_POINT ( 'NONE',  ( 28.23359980807192215, -83.70000000000001705, 7.013193999414675694 ) ) ;
#88 = ORIENTED_EDGE ( 'NONE', *, *, #3369, .F. ) ;
#89 = AXIS2_PLACEMENT_3D ( 'NONE', #9879, #688, #8729 ) ;
#90 = DIRECTION ( 'NONE',  ( -0.000000000000000000, 0.000000000000000000, 1.000000000000000000 ) ) ;
#91 = DIRECTION ( 'NONE',  ( 0.000000000000000000, 0.000000000000000000, 1.000000000000000000 ) ) ;
#92 = ORIENTED_EDGE ( 'NONE', *, *, #9792, .T. ) ;
#93 = LINE ( 'NONE', #9152, #10320 ) ;
#94 = ORIENTED_EDGE ( 'NONE', *, *, #4242, .F. ) ;
#95 = DIRECTION ( 'NONE',  ( 0.000000000000000000, -1.000000000000000000, 0.000000000000000000 ) ) ;
#96 = ORIENTED_EDGE ( 'NONE', *, *, #4101, .T. ) ;
#97 = ORIENTED_EDGE ( 'NONE', *, *, #11341, .T. ) ;
#98 = DIRECTION ( 'NONE',  ( -1.000000000000000000, 0.000000000000000000, 0.000000000000000000 ) ) ;
#99 = ADVANCED_FACE ( 'NONE', ( #5866 ), #9480, .F. ) ;
#100 = EDGE_LOOP ( 'NONE', ( #9965, #5134 ) ) ;
#101 = EDGE_CURVE ( 'NONE', #2596, #10374, #1324, .T. ) ;
#102 = CARTESIAN_POINT ( 'NONE',  ( 30.91718783160533945, -83.70000000000004547, 5.514774974453765743 ) ) ;
#103 = ORIENTED_EDGE ( 'NONE', *, *, #483, .T. ) ;
#104 = ORIENTED_EDGE ( 'NONE', *, *, #10485, .F. ) ;
#105 = CARTESIAN_POINT ( 'NONE',  ( 2.200000000000012612, -49.00000000000000000, 25.00000000000000000 ) ) ;
#106 = CARTESIAN_POINT ( 'NONE',  ( 50.00000000000000000, -14.00000000000000000, 27.00100000000000122 ) ) ;
#107 = ORIENTED_EDGE ( 'NONE', *, *, #570, .T. ) ;
#108 = DIRECTION ( 'NONE',  ( -1.000000000000000000, 0.000000000000000000, 0.000000000000000000 ) ) ;
#109 = CARTESIAN_POINT ( 'NONE',  ( 30.26056406396405407, -84.00000000000000000, 7.521468294471389981 ) ) ;
#110 = ORIENTED_EDGE ( 'NONE', *, *, #6718, .F. ) ;
#111 = EDGE_CURVE ( 'NONE', #5892, #9256, #2522, .T. ) ;
#112 = CARTESIAN_POINT ( 'NONE',  ( 60.00000000000001421, -62.00000000000000711, 0.000000000000000000 ) ) ;
#113 = EDGE_CURVE ( 'NONE', #1896, #317, #4639, .T. ) ;
#114 = ORIENTED_EDGE ( 'NONE', *, *, #5580, .T. ) ;
#115 = CARTESIAN_POINT ( 'NONE',  ( 49.00000000000000000, -26.00000000000000355, 27.00100000000000122 ) ) ;
#116 = EDGE_CURVE ( 'NONE', #8755, #4725, #10715, .T. ) ;
#117 = CARTESIAN_POINT ( 'NONE',  ( 62.00000000000000711, -30.00000000000000000, 0.000000000000000000 ) ) ;
#118 = VERTEX_POINT ( 'NONE', #296 ) ;
#119 = CARTESIAN_POINT ( 'NONE',  ( 30.23063248887606491, -83.70000000000001705, 6.069431268178275829 ) ) ;
#120 = LINE ( 'NONE', #9362, #7941 ) ;
#121 = DIRECTION ( 'NONE',  ( -1.000000000000000000, 0.000000000000000000, 0.000000000000000000 ) ) ;
#122 = DIRECTION ( 'NONE',  ( 1.000000000000000000, 0.000000000000000000, 0.000000000000000000 ) ) ;
#123 = DIRECTION ( 'NONE',  ( -0.000000000000000000, -0.000000000000000000, -1.000000000000000000 ) ) ;
#124 = FACE_OUTER_BOUND ( 'NONE', #8382, .T. ) ;
#125 = ORIENTED_EDGE ( 'NONE', *, *, #3525, .F. ) ;
#126 = CARTESIAN_POINT ( 'NONE',  ( 29.33352749087713462, -83.70000000000003126, 7.241654911040369846 ) ) ;
#127 = DIRECTION ( 'NONE',  ( -1.000000000000000000, 0.000000000000000000, 0.000000000000000000 ) ) ;
#128 = EDGE_CURVE ( 'NONE', #2392, #4879, #11362, .T. ) ;
#129 = ORIENTED_EDGE ( 'NONE', *, *, #3767, .T. ) ;
#130 = LINE ( 'NONE', #1281, #5080 ) ;
#131 = AXIS2_PLACEMENT_3D ( 'NONE', #10529, #1096, #9371 ) ;
#132 = DIRECTION ( 'NONE',  ( -0.000000000000000000, -0.000000000000000000, -1.000000000000000000 ) ) ;
#133 = DIRECTION ( 'NONE',  ( 0.000000000000000000, -0.000000000000000000, -1.000000000000000000 ) ) ;
#134 = CARTESIAN_POINT ( 'NONE',  ( 29.43987659383210342, -84.00000000000001421, 6.598307001508606717 ) ) ;
#135 = ORIENTED_EDGE ( 'NONE', *, *, #2964, .T. ) ;
#136 = CARTESIAN_POINT ( 'NONE',  ( 30.79831341905913433, -83.70000000000000284, 5.056413266584272037 ) ) ;
#137 = DIRECTION ( 'NONE',  ( 0.000000000000000000, 0.000000000000000000, -1.000000000000000000 ) ) ;
#138 = ORIENTED_EDGE ( 'NONE', *, *, #4088, .T. ) ;
#139 = CIRCLE ( 'NONE', #3226, 2.000000000000001776 ) ;
#140 = DIRECTION ( 'NONE',  ( 0.000000000000000000, -0.000000000000000000, -1.000000000000000000 ) ) ;
#141 = DIRECTION ( 'NONE',  ( -0.1261516832900868579, 0.000000000000000000, 0.9920109640538644635 ) ) ;
#142 = ORIENTED_EDGE ( 'NONE', *, *, #4824, .T. ) ;
#143 = DIRECTION ( 'NONE',  ( 0.000000000000000000, 0.000000000000000000, -1.000000000000000000 ) ) ;
#144 = DIRECTION ( 'NONE',  ( -1.000000000000000000, 0.000000000000000000, 0.000000000000000000 ) ) ;
#145 = CARTESIAN_POINT ( 'NONE',  ( 30.39104312704400357, -83.99999999999997158, 6.000857629522105441 ) ) ;
#146 = VERTEX_POINT ( 'NONE', #6755 ) ;
#147 = FACE_BOUND ( 'NONE', #4324, .T. ) ;
#148 = DIRECTION ( 'NONE',  ( 0.000000000000000000, 0.000000000000000000, -1.000000000000000000 ) ) ;
#149 = ORIENTED_EDGE ( 'NONE', *, *, #10379, .F. ) ;
#150 = CARTESIAN_POINT ( 'NONE',  ( 46.56186833844904527, -83.70000000000001705, 4.368891965448924886 ) ) ;
#151 = ORIENTED_EDGE ( 'NONE', *, *, #1546, .F. ) ;
#152 = EDGE_CURVE ( 'NONE', #8615, #3277, #10452, .T. ) ;
#153 = AXIS2_PLACEMENT_3D ( 'NONE', #6059, #11731, #1575 ) ;
#154 = CARTESIAN_POINT ( 'NONE',  ( 3.000000000000016431, -35.99999999999999289, 16.49999999999999645 ) ) ;
#155 = EDGE_LOOP ( 'NONE', ( #7449, #4416, #8422, #4319 ) ) ;
#156 = DIRECTION ( 'NONE',  ( -1.000000000000000000, -3.304235192336776005E-16, 0.000000000000000000 ) ) ;
#157 = CIRCLE ( 'NONE', #8258, 1.000000000000000888 ) ;
#158 = FACE_OUTER_BOUND ( 'NONE', #3906, .T. ) ;
#159 = ORIENTED_EDGE ( 'NONE', *, *, #11357, .T. ) ;
#160 = CIRCLE ( 'NONE', #7686, 1.000000000000000888 ) ;
#161 = ORIENTED_EDGE ( 'NONE', *, *, #8292, .T. ) ;
#162 = DIRECTION ( 'NONE',  ( 1.000000000000000000, 0.000000000000000000, 0.000000000000000000 ) ) ;
#163 = VECTOR ( 'NONE', #4526, 1000.000000000000000 ) ;
#164 = DIRECTION ( 'NONE',  ( 0.000000000000000000, 0.000000000000000000, -1.000000000000000000 ) ) ;
#165 = ORIENTED_EDGE ( 'NONE', *, *, #2202, .T. ) ;
#166 = ADVANCED_FACE ( 'NONE', ( #11481, #9664 ), #6985, .T. ) ;
#167 = DIRECTION ( 'NONE',  ( -0.000000000000000000, 0.000000000000000000, 1.000000000000000000 ) ) ;
#168 = B_SPLINE_CURVE_WITH_KNOTS ( 'NONE', 3,
 ( #6312, #10587, #8643, #365, #5596, #7445, #4668, #9325, #9259, #425, #2854, #5934, #6825, #6546, #6000 ),
 .UNSPECIFIED., .F., .F.,
 ( 4, 1, 1, 1, 1, 1, 1, 1, 1, 1, 1, 1, 4 ),
 ( 0.000000000000000000, 0.08284489907591102709, 0.1608612525122075088, 0.2344556181061245304, 0.3027167303623405914, 0.3686475396765521162, 0.4313634889539827988, 0.4930251038558994270, 0.5540669883063797929, 0.6710484112269661239, 0.7829340695326693078, 0.8902605667251450861, 1.000000000000000000 ),
 .UNSPECIFIED. ) ;
#169 = EDGE_CURVE ( 'NONE', #283, #4067, #4256, .T. ) ;
#170 = CARTESIAN_POINT ( 'NONE',  ( 73.00000000000000000, -2.000000000000000000, 1.999999999999998224 ) ) ;
#171 = VERTEX_POINT ( 'NONE', #2408 ) ;
#172 = CARTESIAN_POINT ( 'NONE',  ( 48.00000000000000000, -18.00000000000000355, 0.000000000000000000 ) ) ;
#173 = VECTOR ( 'NONE', #10627, 1000.000000000000000 ) ;
#174 = CARTESIAN_POINT ( 'NONE',  ( 27.98541916179027211, -84.00000000000001421, 6.481028812848228071 ) ) ;
#175 = CARTESIAN_POINT ( 'NONE',  ( 30.10314720337485639, -83.70000000000003126, 4.427594824958979380 ) ) ;
#176 = VECTOR ( 'NONE', #3406, 1000.000000000000000 ) ;
#177 = CARTESIAN_POINT ( 'NONE',  ( 2.775557561562891351E-14, -84.00000000000000000, 1.999999999999998224 ) ) ;
#178 = ORIENTED_EDGE ( 'NONE', *, *, #11507, .T. ) ;
#179 = DIRECTION ( 'NONE',  ( -0.000000000000000000, 0.000000000000000000, 1.000000000000000000 ) ) ;
#180 = CARTESIAN_POINT ( 'NONE',  ( 60.00000000000002132, -66.00000000000000000, 27.00100000000000122 ) ) ;
#181 = CARTESIAN_POINT ( 'NONE',  ( 52.00000000000001421, -50.00000000000000000, 0.000000000000000000 ) ) ;
#182 = DIRECTION ( 'NONE',  ( 0.000000000000000000, -0.000000000000000000, -1.000000000000000000 ) ) ;
#183 = FACE_OUTER_BOUND ( 'NONE', #5285, .T. ) ;
#184 = PLANE ( 'NONE',  #5174 ) ;
#185 = ORIENTED_EDGE ( 'NONE', *, *, #5957, .T. ) ;
#186 = CARTESIAN_POINT ( 'NONE',  ( 29.54982170308545619, -83.99999999999995737, 7.679001930236716511 ) ) ;
#187 = AXIS2_PLACEMENT_3D ( 'NONE', #10900, #9005, #5330 ) ;
#188 = ADVANCED_FACE ( 'NONE', ( #8988 ), #8751, .F. ) ;
#189 = ADVANCED_FACE ( 'NONE', ( #1562 ), #4268, .F. ) ;
#190 = LINE ( 'NONE', #6650, #1680 ) ;
#191 = VECTOR ( 'NONE', #1903, 999.9999999999998863 ) ;
#192 = VERTEX_POINT ( 'NONE', #11779 ) ;
#193 = SPHERICAL_SURFACE ( 'NONE', #5476, 2.000000000000000000 ) ;
#194 = CARTESIAN_POINT ( 'NONE',  ( 30.87212956031355304, -84.00000000000000000, 6.358356057392994032 ) ) ;
#195 = LINE ( 'NONE', #1044, #3049 ) ;
#196 = CIRCLE ( 'NONE', #970, 1.000000000000000888 ) ;
#197 = FACE_OUTER_BOUND ( 'NONE', #1693, .T. ) ;
#198 = EDGE_LOOP ( 'NONE', ( #6616, #7672, #7086, #8599 ) ) ;
#199 = CARTESIAN_POINT ( 'NONE',  ( 31.00000000000002132, -82.79999999999999716, 25.00000000000000000 ) ) ;
#200 = DIRECTION ( 'NONE',  ( -0.000000000000000000, -0.000000000000000000, -1.000000000000000000 ) ) ;
#201 = ORIENTED_EDGE ( 'NONE', *, *, #8109, .T. ) ;
#202 = EDGE_CURVE ( 'NONE', #9078, #8396, #526, .T. ) ;
#203 = DIRECTION ( 'NONE',  ( 0.000000000000000000, 0.000000000000000000, -1.000000000000000000 ) ) ;
#204 = CIRCLE ( 'NONE', #1750, 1.000000000000000888 ) ;
#205 = ORIENTED_EDGE ( 'NONE', *, *, #11492, .F. ) ;
#206 = DIRECTION ( 'NONE',  ( 0.000000000000000000, 0.000000000000000000, -1.000000000000000000 ) ) ;
#207 = PLANE ( 'NONE',  #19 ) ;
#208 = CARTESIAN_POINT ( 'NONE',  ( 28.07913203933869184, -83.99999999999998579, 7.359523754741718271 ) ) ;
#209 = FACE_BOUND ( 'NONE', #100, .T. ) ;
#210 = DIRECTION ( 'NONE',  ( 1.000000000000000000, 0.000000000000000000, 0.000000000000000000 ) ) ;
#211 = ORIENTED_EDGE ( 'NONE', *, *, #9543, .T. ) ;
#212 = CARTESIAN_POINT ( 'NONE',  ( 65.00000000000000000, -18.00000000000000355, 1.999999999999998224 ) ) ;
#213 = VERTEX_POINT ( 'NONE', #4207 ) ;
#214 = CIRCLE ( 'NONE', #6775, 1.000000000000000888 ) ;
#215 = DIRECTION ( 'NONE',  ( 1.000000000000000000, 0.000000000000000000, 0.000000000000000000 ) ) ;
#216 = ORIENTED_EDGE ( 'NONE', *, *, #5504, .F. ) ;
#217 = CARTESIAN_POINT ( 'NONE',  ( 45.94783325072974378, -84.00000000000000000, 7.909827637963544156 ) ) ;
#218 = VERTEX_POINT ( 'NONE', #653 ) ;
#219 = ADVANCED_FACE ( 'NONE', ( #1501 ), #8808, .T. ) ;
#220 = DIRECTION ( 'NONE',  ( -0.000000000000000000, -0.000000000000000000, -1.000000000000000000 ) ) ;
#221 = ORIENTED_EDGE ( 'NONE', *, *, #3721, .F. ) ;
#222 = CIRCLE ( 'NONE', #4856, 1.000000000000000888 ) ;
#223 = VECTOR ( 'NONE', #210, 1000.000000000000000 ) ;
#224 = ORIENTED_EDGE ( 'NONE', *, *, #5893, .T. ) ;
#225 = PLANE ( 'NONE',  #4624 ) ;
#226 = CARTESIAN_POINT ( 'NONE',  ( 53.52093266593442422, -84.00000000000000000, 6.436143427437228226 ) ) ;
#227 = ORIENTED_EDGE ( 'NONE', *, *, #4758, .T. ) ;
#228 = FACE_OUTER_BOUND ( 'NONE', #6540, .T. ) ;
#229 = DIRECTION ( 'NONE',  ( -1.000000000000000000, 0.000000000000000000, 0.000000000000000000 ) ) ;
#230 = ORIENTED_EDGE ( 'NONE', *, *, #5072, .T. ) ;
#231 = VECTOR ( 'NONE', #4135, 1000.000000000000000 ) ;
#232 = DIRECTION ( 'NONE',  ( 0.000000000000000000, 0.000000000000000000, -1.000000000000000000 ) ) ;
#233 = AXIS2_PLACEMENT_3D ( 'NONE', #8525, #6765, #11375 ) ;
#234 = CARTESIAN_POINT ( 'NONE',  ( 27.89099198468674601, -84.00000000000000000, 6.443081034972546028 ) ) ;
#235 = CARTESIAN_POINT ( 'NONE',  ( 30.34889109836274557, -83.99999999999997158, 4.411536531336170519 ) ) ;
#236 = EDGE_CURVE ( 'NONE', #5056, #10629, #1628, .T. ) ;
#237 = ADVANCED_FACE ( 'NONE', ( #4332 ), #5066, .F. ) ;
#238 = DIRECTION ( 'NONE',  ( -1.000000000000000000, 0.000000000000000000, 0.000000000000000000 ) ) ;
#239 = VERTEX_POINT ( 'NONE', #3248 ) ;
#240 = CARTESIAN_POINT ( 'NONE',  ( 31.33485021469418896, -83.70000000000001705, 7.428464109337636678 ) ) ;
#241 = CARTESIAN_POINT ( 'NONE',  ( 52.00000000000001421, -58.00000000000000000, 1.999999999999998224 ) ) ;
#242 = DIRECTION ( 'NONE',  ( 0.000000000000000000, -0.000000000000000000, -1.000000000000000000 ) ) ;
#243 = VECTOR ( 'NONE', #8861, 1000.000000000000000 ) ;
#244 = DIRECTION ( 'NONE',  ( -0.000000000000000000, -0.000000000000000000, -1.000000000000000000 ) ) ;
#245 = CARTESIAN_POINT ( 'NONE',  ( 27.58903181185505815, -83.70000000000001705, 7.504805817999110396 ) ) ;
#246 = VERTEX_POINT ( 'NONE', #10641 ) ;
#247 = CARTESIAN_POINT ( 'NONE',  ( 29.43387137370705631, -83.70000000000001705, 7.520230170214722953 ) ) ;
#248 = DIRECTION ( 'NONE',  ( -0.6060432152628499880, 0.000000000000000000, -0.7954317200325033976 ) ) ;
#249 = AXIS2_PLACEMENT_3D ( 'NONE', #5075, #6935, #8758 ) ;
#250 = VERTEX_POINT ( 'NONE', #8019 ) ;
#251 = DIRECTION ( 'NONE',  ( 1.000000000000000000, 0.000000000000000000, 0.000000000000000000 ) ) ;
#252 = ADVANCED_FACE ( 'NONE', ( #7111 ), #10820, .F. ) ;
#253 = DIRECTION ( 'NONE',  ( 0.000000000000000000, -0.000000000000000000, -1.000000000000000000 ) ) ;
#254 = DIRECTION ( 'NONE',  ( 2.891205793294682764E-16, -1.000000000000000000, 0.000000000000000000 ) ) ;
#255 = ADVANCED_FACE ( 'NONE', ( #11597 ), #6215, .T. ) ;
#256 = VECTOR ( 'NONE', #4537, 1000.000000000000000 ) ;
#257 = CYLINDRICAL_SURFACE ( 'NONE', #10223, 1.000000000000000888 ) ;
#258 = ORIENTED_EDGE ( 'NONE', *, *, #6971, .T. ) ;
#259 = CARTESIAN_POINT ( 'NONE',  ( 45.94783325072974378, -83.70000000000001705, 7.909827637963544156 ) ) ;
#260 = CARTESIAN_POINT ( 'NONE',  ( 27.90998934821781674, -83.69999999999997442, 7.969189560658760385 ) ) ;
#261 = EDGE_LOOP ( 'NONE', ( #2814, #8134, #4986, #3729 ) ) ;
#262 = DIRECTION ( 'NONE',  ( 0.000000000000000000, 0.000000000000000000, -1.000000000000000000 ) ) ;
#263 = VECTOR ( 'NONE', #6886, 1000.000000000000000 ) ;
#264 = AXIS2_PLACEMENT_3D ( 'NONE', #7251, #8, #1762 ) ;
#265 = ORIENTED_EDGE ( 'NONE', *, *, #2054, .F. ) ;
#266 = DIRECTION ( 'NONE',  ( -0.1392548313990991660, 0.000000000000000000, 0.9902565788380345291 ) ) ;
#267 = EDGE_CURVE ( 'NONE', #2341, #8893, #8869, .T. ) ;
#268 = FACE_OUTER_BOUND ( 'NONE', #7778, .T. ) ;
#269 = CARTESIAN_POINT ( 'NONE',  ( 27.80152656754404816, -83.70000000000001705, 7.485973753950087684 ) ) ;
#270 = EDGE_CURVE ( 'NONE', #4237, #2424, #6928, .T. ) ;
#271 = FACE_BOUND ( 'NONE', #11610, .T. ) ;
#272 = CARTESIAN_POINT ( 'NONE',  ( 50.83964611622682384, -83.70000000000001705, 6.395207754922608956 ) ) ;
#273 = EDGE_LOOP ( 'NONE', ( #7764, #8244, #11458, #10457 ) ) ;
#274 = CARTESIAN_POINT ( 'NONE',  ( 65.00000000000000000, -22.00000000000000000, 0.000000000000000000 ) ) ;
#275 = EDGE_LOOP ( 'NONE', ( #1706, #11826, #4047, #1797 ) ) ;
#276 = AXIS2_PLACEMENT_3D ( 'NONE', #9858, #5515, #4347 ) ;
#277 = CARTESIAN_POINT ( 'NONE',  ( 53.00000000000000711, -26.00000000000000355, 0.000000000000000000 ) ) ;
#278 = EDGE_LOOP ( 'NONE', ( #8523, #2107, #1371, #6613 ) ) ;
#279 = DIRECTION ( 'NONE',  ( 3.304235192336778963E-16, -1.000000000000000000, 0.000000000000000000 ) ) ;
#280 = AXIS2_PLACEMENT_3D ( 'NONE', #274, #7519, #11226 ) ;
#281 = EDGE_CURVE ( 'NONE', #517, #2877, #3373, .T. ) ;
#282 = VERTEX_POINT ( 'NONE', #10757 ) ;
#283 = VERTEX_POINT ( 'NONE', #6274 ) ;
#284 = PLANE ( 'NONE',  #3513 ) ;
#285 = EDGE_LOOP ( 'NONE', ( #10916, #4630, #9639, #2686 ) ) ;
#286 = ORIENTED_EDGE ( 'NONE', *, *, #10588, .F. ) ;
#287 = CARTESIAN_POINT ( 'NONE',  ( 52.00000000000000000, -14.00000000000000000, 1.999999999999998224 ) ) ;
#288 = PLANE ( 'NONE',  #11847 ) ;
#289 = ORIENTED_EDGE ( 'NONE', *, *, #3821, .T. ) ;
#290 = VECTOR ( 'NONE', #1412, 1000.000000000000000 ) ;
#291 = DIRECTION ( 'NONE',  ( -1.000000000000000000, 0.000000000000000000, 0.000000000000000000 ) ) ;
#292 = FACE_OUTER_BOUND ( 'NONE', #2166, .T. ) ;
#293 = LINE ( 'NONE', #4943, #5581 ) ;
#294 = STYLED_ITEM ( 'NONE', ( #469 ), #7257 ) ;
#295 = EDGE_CURVE ( 'NONE', #2359, #21, #6046, .T. ) ;
#296 = CARTESIAN_POINT ( 'NONE',  ( 55.03555254897536031, -84.00000000000000000, 7.909827637963544156 ) ) ;
#297 = CARTESIAN_POINT ( 'NONE',  ( 29.69860860972544714, -83.99999999999998579, 7.813702676014581350 ) ) ;
#298 = CARTESIAN_POINT ( 'NONE',  ( 53.00000000000002132, -62.00000000000000711, 1.999999999999998224 ) ) ;
#299 = ORIENTED_EDGE ( 'NONE', *, *, #2556, .F. ) ;
#300 = CARTESIAN_POINT ( 'NONE',  ( 52.00000000000001421, -54.00000000000000000, 0.000000000000000000 ) ) ;
#301 = CYLINDRICAL_SURFACE ( 'NONE', #6634, 1.000000000000000888 ) ;
#302 = CARTESIAN_POINT ( 'NONE',  ( 52.00000000000002132, -66.00000000000000000, 1.999999999999998224 ) ) ;
#303 = CARTESIAN_POINT ( 'NONE',  ( 50.83964611622682384, -83.70000000000001705, 4.409827637963545044 ) ) ;
#304 = CYLINDRICAL_SURFACE ( 'NONE', #7290, 1.000000000000000888 ) ;
#305 = ORIENTED_EDGE ( 'NONE', *, *, #1855, .T. ) ;
#306 = CARTESIAN_POINT ( 'NONE',  ( 29.31866496430144764, -83.99999999999998579, 7.138257876350911246 ) ) ;
#307 = ADVANCED_FACE ( 'NONE', ( #10018 ), #4506, .F. ) ;
#308 = DIRECTION ( 'NONE',  ( 1.000000000000000000, -1.734723475976805517E-15, 0.000000000000000000 ) ) ;
#309 = ORIENTED_EDGE ( 'NONE', *, *, #2491, .F. ) ;
#310 = CYLINDRICAL_SURFACE ( 'NONE', #10691, 1.000000000000000888 ) ;
#311 = CARTESIAN_POINT ( 'NONE',  ( 29.84325973600623527, -84.00000000000000000, 5.464492996573337535 ) ) ;
#312 = CARTESIAN_POINT ( 'NONE',  ( 28.84146095213937855, -84.00000000000001421, 6.853483094494357886 ) ) ;
#313 = LINE ( 'NONE', #4051, #950 ) ;
#314 = ORIENTED_EDGE ( 'NONE', *, *, #5803, .F. ) ;
#315 = FACE_OUTER_BOUND ( 'NONE', #6096, .T. ) ;
#316 = FACE_BOUND ( 'NONE', #9568, .T. ) ;
#317 = VERTEX_POINT ( 'NONE', #1739 ) ;
#318 = EDGE_CURVE ( 'NONE', #8766, #5911, #9275, .T. ) ;
#319 = CARTESIAN_POINT ( 'NONE',  ( 48.00000000000000711, -42.00000000000000000, 27.00100000000000122 ) ) ;
#320 = AXIS2_PLACEMENT_3D ( 'NONE', #3824, #2917, #9386 ) ;
#321 = EDGE_CURVE ( 'NONE', #3629, #11025, #2475, .T. ) ;
#322 = ORIENTED_EDGE ( 'NONE', *, *, #2259, .T. ) ;
#323 = FACE_OUTER_BOUND ( 'NONE', #2559, .T. ) ;
#324 = FACE_OUTER_BOUND ( 'NONE', #7537, .T. ) ;
#325 = ORIENTED_EDGE ( 'NONE', *, *, #3213, .F. ) ;
#326 = DIRECTION ( 'NONE',  ( -0.000000000000000000, -0.000000000000000000, -1.000000000000000000 ) ) ;
#327 = DIRECTION ( 'NONE',  ( -1.000000000000000000, 0.000000000000000000, 0.000000000000000000 ) ) ;
#328 = CARTESIAN_POINT ( 'NONE',  ( 60.00000000000000711, -26.00000000000000355, 27.00100000000000122 ) ) ;
#329 = ORIENTED_EDGE ( 'NONE', *, *, #10850, .F. ) ;
#330 = DIRECTION ( 'NONE',  ( -1.000000000000000000, 0.000000000000000000, 0.000000000000000000 ) ) ;
#331 = CIRCLE ( 'NONE', #905, 1.000000000000000888 ) ;
#332 = VERTEX_POINT ( 'NONE', #6667 ) ;
#333 = CARTESIAN_POINT ( 'NONE',  ( 30.05427525472178374, -84.00000000000004263, 6.763340909490167974 ) ) ;
#334 = ADVANCED_FACE ( 'NONE', ( #831 ), #3540, .F. ) ;
#335 = EDGE_CURVE ( 'NONE', #9191, #2224, #8193, .T. ) ;
#336 = ORIENTED_EDGE ( 'NONE', *, *, #345, .F. ) ;
#337 = DIRECTION ( 'NONE',  ( -1.000000000000000000, 0.000000000000000000, 0.000000000000000000 ) ) ;
#338 = AXIS2_PLACEMENT_3D ( 'NONE', #4647, #9368, #3865 ) ;
#339 = PLANE ( 'NONE',  #6044 ) ;
#340 = ORIENTED_EDGE ( 'NONE', *, *, #11476, .T. ) ;
#341 = VERTEX_POINT ( 'NONE', #10998 ) ;
#342 = LINE ( 'NONE', #4023, #5221 ) ;
#343 = CARTESIAN_POINT ( 'NONE',  ( 51.16713149634377800, -83.70000000000001705, 6.149593719834889782 ) ) ;
#344 = AXIS2_PLACEMENT_3D ( 'NONE', #4805, #9276, #10189 ) ;
#345 = EDGE_CURVE ( 'NONE', #8893, #8590, #3122, .T. ) ;
#346 = VECTOR ( 'NONE', #6488, 1000.000000000000000 ) ;
#347 = DIRECTION ( 'NONE',  ( 0.000000000000000000, -0.000000000000000000, -1.000000000000000000 ) ) ;
#348 = VECTOR ( 'NONE', #9002, 1000.000000000000000 ) ;
#349 = CARTESIAN_POINT ( 'NONE',  ( 30.17772348077848932, -84.00000000000002842, 7.500386390115946433 ) ) ;
#350 = LINE ( 'NONE', #10514, #362 ) ;
#351 = DIRECTION ( 'NONE',  ( 0.4806234841567049720, 0.000000000000000000, -0.8769270588122307641 ) ) ;
#352 = CARTESIAN_POINT ( 'NONE',  ( 29.27606182237592947, -83.99999999999998579, 5.132955299151009676 ) ) ;
#353 = VECTOR ( 'NONE', #3971, 1000.000000000000000 ) ;
#354 = LINE ( 'NONE', #11538, #6596 ) ;
#355 = ORIENTED_EDGE ( 'NONE', *, *, #10483, .T. ) ;
#356 = DIRECTION ( 'NONE',  ( -0.9902565788380345291, 0.000000000000000000, 0.1392548313990991937 ) ) ;
#357 = CARTESIAN_POINT ( 'NONE',  ( 52.00631278289348813, -83.70000000000001705, 7.909827637963544156 ) ) ;
#358 = DIRECTION ( 'NONE',  ( -0.000000000000000000, -1.000000000000000000, -0.000000000000000000 ) ) ;
#359 = DIRECTION ( 'NONE',  ( -0.000000000000000000, -0.000000000000000000, -1.000000000000000000 ) ) ;
#360 = EDGE_LOOP ( 'NONE', ( #11310, #8884, #1314, #8167 ) ) ;
#361 = CARTESIAN_POINT ( 'NONE',  ( 29.69860860972544714, -83.99999999999994316, 7.813702676014581350 ) ) ;
#362 = VECTOR ( 'NONE', #2229, 1000.000000000000000 ) ;
#363 = CARTESIAN_POINT ( 'NONE',  ( 30.80972684651430882, -83.70000000000001705, 7.172962620573032133 ) ) ;
#364 = VECTOR ( 'NONE', #2004, 1000.000000000000000 ) ;
#365 = CARTESIAN_POINT ( 'NONE',  ( 29.85227007207966210, -84.00000000000000000, 5.327685524069941891 ) ) ;
#366 = ORIENTED_EDGE ( 'NONE', *, *, #7543, .F. ) ;
#367 = CARTESIAN_POINT ( 'NONE',  ( 29.92361494501641417, -83.70000000000001705, 7.091306945024713038 ) ) ;
#368 = CYLINDRICAL_SURFACE ( 'NONE', #991, 1.000000000000000888 ) ;
#369 = ORIENTED_EDGE ( 'NONE', *, *, #281, .F. ) ;
#370 = CARTESIAN_POINT ( 'NONE',  ( 28.84260996342663930, -84.00000000000000000, 6.951064363261663992 ) ) ;
#371 = EDGE_CURVE ( 'NONE', #4121, #11833, #10935, .T. ) ;
#372 = DIRECTION ( 'NONE',  ( -0.000000000000000000, -0.000000000000000000, -1.000000000000000000 ) ) ;
#373 = CARTESIAN_POINT ( 'NONE',  ( 31.00000000000000000, -1.200000000000000178, 25.00000000000000355 ) ) ;
#374 = ORIENTED_EDGE ( 'NONE', *, *, #9947, .F. ) ;
#375 = CIRCLE ( 'NONE', #1541, 1.000000000000000888 ) ;
#376 = CARTESIAN_POINT ( 'NONE',  ( 2.000000000000000888, -2.000000000000000000, 1.999999999999998224 ) ) ;
#377 = FILL_AREA_STYLE ('',( #4112 ) ) ;
#378 = EDGE_LOOP ( 'NONE', ( #833, #1303, #4692, #5344 ) ) ;
#379 = DIRECTION ( 'NONE',  ( -1.000000000000000000, 0.000000000000000000, 0.000000000000000000 ) ) ;
#380 = ORIENTED_EDGE ( 'NONE', *, *, #8361, .T. ) ;
#381 = CARTESIAN_POINT ( 'NONE',  ( 30.91718783160533945, -84.00000000000004263, 5.514774974453765743 ) ) ;
#382 = VECTOR ( 'NONE', #10580, 1000.000000000000000 ) ;
#383 = LINE ( 'NONE', #9516, #3097 ) ;
#384 = CARTESIAN_POINT ( 'NONE',  ( 27.58903181185505815, -83.99999999999998579, 7.504805817999110396 ) ) ;
#385 = ADVANCED_FACE ( 'NONE', ( #268 ), #2982, .F. ) ;
#386 = EDGE_CURVE ( 'NONE', #6387, #7271, #5235, .T. ) ;
#387 = CARTESIAN_POINT ( 'NONE',  ( 54.00000000000000711, -18.00000000000000355, 1.999999999999998224 ) ) ;
#388 = FACE_OUTER_BOUND ( 'NONE', #11936, .T. ) ;
#389 = EDGE_LOOP ( 'NONE', ( #11275, #11034, #3962, #8536 ) ) ;
#390 = CARTESIAN_POINT ( 'NONE',  ( 64.00000000000000000, -26.00000000000000355, 1.999999999999998224 ) ) ;
#391 = EDGE_LOOP ( 'NONE', ( #6095, #6602, #5105, #4733 ) ) ;
#392 = CIRCLE ( 'NONE', #2883, 1.000000000000000888 ) ;
#393 = CARTESIAN_POINT ( 'NONE',  ( 49.26362272441394907, -84.00000000000000000, 5.494622959600970802 ) ) ;
#394 = ORIENTED_EDGE ( 'NONE', *, *, #7677, .F. ) ;
#395 = CARTESIAN_POINT ( 'NONE',  ( 57.00000000000000711, -34.00000000000000000, 27.00100000000000122 ) ) ;
#396 = ORIENTED_EDGE ( 'NONE', *, *, #7641, .T. ) ;
#397 = DIRECTION ( 'NONE',  ( 1.000000000000000000, 0.000000000000000000, 0.000000000000000000 ) ) ;
#398 = ORIENTED_EDGE ( 'NONE', *, *, #1782, .F. ) ;
#399 = ADVANCED_FACE ( 'NONE', ( #3826 ), #7513, .T. ) ;
#400 = ORIENTED_EDGE ( 'NONE', *, *, #9376, .T. ) ;
#401 = DIRECTION ( 'NONE',  ( -1.000000000000000000, -0.000000000000000000, 2.478176394252582127E-16 ) ) ;
#402 = CIRCLE ( 'NONE', #5258, 1.000000000000000888 ) ;
#403 = CARTESIAN_POINT ( 'NONE',  ( 52.00000000000001421, -54.00000000000000000, 1.999999999999998224 ) ) ;
#404 = CARTESIAN_POINT ( 'NONE',  ( 31.53006338478749626, -83.69999999999998863, 5.491326579858799128 ) ) ;
#405 = DIRECTION ( 'NONE',  ( -1.000000000000000000, 0.000000000000000000, 0.000000000000000000 ) ) ;
#406 = LINE ( 'NONE', #7772, #353 ) ;
#407 = B_SPLINE_SURFACE_WITH_KNOTS ( 'NONE', 3, 1, ( 
 ( #11129, #235 ),
 ( #3973, #7659 ),
 ( #60, #2952 ),
 ( #175, #6515 ),
 ( #6756, #3917 ),
 ( #1026, #7604 ),
 ( #11308, #3855 ),
 ( #7541, #3732 ),
 ( #11250, #10210 ),
 ( #1938, #7477 ),
 ( #6638, #2059 ),
 ( #3186, #8870 ),
 ( #10758, #7776 ),
 ( #10701, #3249 ),
 ( #1325, #352 ),
 ( #9782, #586 ),
 ( #3312, #5009 ),
 ( #6865, #10516 ),
 ( #7716, #2350 ) ),
 .UNSPECIFIED., .F., .F., .F.,
 ( 4, 1, 1, 1, 1, 1, 1, 1, 1, 1, 1, 1, 1, 1, 1, 1, 4 ),
 ( 2, 2 ),
 ( 0.000000000000000000, 0.07456366008174571125, 0.1450976384992603285, 0.2126015856181748820, 0.2774325413280351871, 0.3400420512316727484, 0.4013897991263318255, 0.4618199284065850341, 0.5224499454441378088, 0.5824209209843980162, 0.6414145422376549277, 0.6993022979421195107, 0.7574494626233130301, 0.8155187568926939301, 0.8752283624476200341, 0.9365167542186020322, 1.000000000000000000 ),
 ( 0.000000000000000000, 1.000000000000000000 ),
 .UNSPECIFIED. ) ;
#408 = EDGE_CURVE ( 'NONE', #7411, #7029, #11441, .T. ) ;
#409 = DIRECTION ( 'NONE',  ( 0.000000000000000000, -0.000000000000000000, -1.000000000000000000 ) ) ;
#410 = AXIS2_PLACEMENT_3D ( 'NONE', #11924, #5404, #9076 ) ;
#411 = AXIS2_PLACEMENT_3D ( 'NONE', #6290, #3558, #1759 ) ;
#412 = ADVANCED_FACE ( 'NONE', ( #4794 ), #7632, .T. ) ;
#413 = CARTESIAN_POINT ( 'NONE',  ( 58.00000000000000000, -26.00000000000000355, 0.000000000000000000 ) ) ;
#414 = ORIENTED_EDGE ( 'NONE', *, *, #5976, .F. ) ;
#415 = ADVANCED_FACE ( 'NONE', ( #2086 ), #207, .T. ) ;
#416 = CARTESIAN_POINT ( 'NONE',  ( 49.00000000000000000, -30.00000000000000000, 0.000000000000000000 ) ) ;
#417 = DIRECTION ( 'NONE',  ( 0.1363298397660571148, 0.000000000000000000, 0.9906635023000297524 ) ) ;
#418 = DIRECTION ( 'NONE',  ( 0.000000000000000000, -0.000000000000000000, -1.000000000000000000 ) ) ;
#419 = CARTESIAN_POINT ( 'NONE',  ( 30.87212956031355304, -83.70000000000001705, 6.358356057392994032 ) ) ;
#420 = ORIENTED_EDGE ( 'NONE', *, *, #4575, .T. ) ;
#421 = CARTESIAN_POINT ( 'NONE',  ( 64.00000000000000000, -42.00000000000000000, 1.999999999999998224 ) ) ;
#422 = AXIS2_PLACEMENT_3D ( 'NONE', #11423, #10395, #8754 ) ;
#423 = AXIS2_PLACEMENT_3D ( 'NONE', #9849, #1572, #8028 ) ;
#424 = CARTESIAN_POINT ( 'NONE',  ( 30.46033927170178401, -83.70000000000003126, 7.515231389400771178 ) ) ;
#425 = CARTESIAN_POINT ( 'NONE',  ( 30.01119111809923368, -84.00000000000000000, 5.017563587909124045 ) ) ;
#426 = ORIENTED_EDGE ( 'NONE', *, *, #5335, .F. ) ;
#427 = DIRECTION ( 'NONE',  ( -1.000000000000000000, 0.000000000000000000, 0.000000000000000000 ) ) ;
#428 = ADVANCED_FACE ( 'NONE', ( #7687 ), #7747, .F. ) ;
#429 = CARTESIAN_POINT ( 'NONE',  ( 57.00000000000000711, -54.00000000000000000, 0.000000000000000000 ) ) ;
#430 = EDGE_LOOP ( 'NONE', ( #8844, #8343, #2760, #8497 ) ) ;
#431 = CARTESIAN_POINT ( 'NONE',  ( 28.81394161980616886, -84.00000000000001421, 6.670684278783396870 ) ) ;
#432 = CIRCLE ( 'NONE', #1780, 1.000000000000000888 ) ;
#433 = CYLINDRICAL_SURFACE ( 'NONE', #73, 2.000000000000000000 ) ;
#434 = FACE_OUTER_BOUND ( 'NONE', #11623, .T. ) ;
#435 = ORIENTED_EDGE ( 'NONE', *, *, #9647, .T. ) ;
#436 = DIRECTION ( 'NONE',  ( 0.000000000000000000, 0.000000000000000000, -1.000000000000000000 ) ) ;
#437 = ORIENTED_EDGE ( 'NONE', *, *, #8370, .T. ) ;
#438 = CIRCLE ( 'NONE', #5068, 1.000000000000000888 ) ;
#439 = DIRECTION ( 'NONE',  ( -1.000000000000000000, 0.000000000000000000, 0.000000000000000000 ) ) ;
#440 = ORIENTED_EDGE ( 'NONE', *, *, #2976, .T. ) ;
#441 = CARTESIAN_POINT ( 'NONE',  ( 66.00000000000001421, -46.00000000000000711, 27.00100000000000122 ) ) ;
#442 = CARTESIAN_POINT ( 'NONE',  ( 27.70351686378219469, -84.00000000000000000, 7.982917308934267986 ) ) ;
#443 = CIRCLE ( 'NONE', #1990, 1.000000000000000888 ) ;
#444 = CARTESIAN_POINT ( 'NONE',  ( 48.36303792909231447, -83.70000000000001705, 5.494622959600970802 ) ) ;
#445 = DIRECTION ( 'NONE',  ( 0.000000000000000000, 0.000000000000000000, -1.000000000000000000 ) ) ;
#446 = DIRECTION ( 'NONE',  ( 0.000000000000000000, 0.000000000000000000, -1.000000000000000000 ) ) ;
#447 = CARTESIAN_POINT ( 'NONE',  ( 29.53694222365527011, -83.99999999999992895, 6.476313655444466022 ) ) ;
#448 = VERTEX_POINT ( 'NONE', #3094 ) ;
#449 = DIRECTION ( 'NONE',  ( -0.000000000000000000, -0.000000000000000000, -1.000000000000000000 ) ) ;
#450 = ORIENTED_EDGE ( 'NONE', *, *, #8417, .T. ) ;
#451 = CIRCLE ( 'NONE', #3345, 1.000000000000000888 ) ;
#452 = EDGE_CURVE ( 'NONE', #4759, #11470, #6018, .T. ) ;
#453 = CARTESIAN_POINT ( 'NONE',  ( 61.00000000000000711, -26.00000000000000355, 27.00100000000000122 ) ) ;
#454 = EDGE_LOOP ( 'NONE', ( #1792, #4525 ) ) ;
#455 = FACE_OUTER_BOUND ( 'NONE', #9960, .T. ) ;
#456 = VECTOR ( 'NONE', #2052, 1000.000000000000000 ) ;
#457 = CARTESIAN_POINT ( 'NONE',  ( 71.00000000000002842, -80.00000000000000000, 1.999999999999998224 ) ) ;
#458 = ORIENTED_EDGE ( 'NONE', *, *, #9032, .F. ) ;
#459 = VERTEX_POINT ( 'NONE', #8664 ) ;
#460 = DIRECTION ( 'NONE',  ( -1.000000000000000000, 0.000000000000000000, -0.000000000000000000 ) ) ;
#461 = LINE ( 'NONE', #3909, #8560 ) ;
#462 = CARTESIAN_POINT ( 'NONE',  ( 31.18358559234953020, -83.70000000000003126, 7.690658041232444120 ) ) ;
#463 = ADVANCED_FACE ( 'NONE', ( #8782 ), #8723, .T. ) ;
#464 = CARTESIAN_POINT ( 'NONE',  ( 28.22503441208460373, -83.70000000000003126, 6.815178284949041654 ) ) ;
#465 = AXIS2_PLACEMENT_3D ( 'NONE', #9844, #7400, #2750 ) ;
#466 = DIRECTION ( 'NONE',  ( -0.000000000000000000, -0.000000000000000000, -1.000000000000000000 ) ) ;
#467 = EDGE_CURVE ( 'NONE', #10751, #6199, #5898, .T. ) ;
#468 = CARTESIAN_POINT ( 'NONE',  ( 2.999999999999999112, -2.000000000000000000, 3.999999999999998224 ) ) ;
#469 = PRESENTATION_STYLE_ASSIGNMENT (( #11660 ) ) ;
#470 = CARTESIAN_POINT ( 'NONE',  ( 45.59988003435547199, -83.70000000000001705, 5.678833485916761070 ) ) ;
#471 = VERTEX_POINT ( 'NONE', #9697 ) ;
#472 = CIRCLE ( 'NONE', #2977, 1.000000000000000888 ) ;
#473 = DIRECTION ( 'NONE',  ( -1.000000000000000000, 0.000000000000000000, 0.000000000000000000 ) ) ;
#474 = LINE ( 'NONE', #7610, #8486 ) ;
#475 = ORIENTED_EDGE ( 'NONE', *, *, #152, .T. ) ;
#476 = CARTESIAN_POINT ( 'NONE',  ( 56.00000000000000711, -34.00000000000000000, 27.00100000000000122 ) ) ;
#477 = CARTESIAN_POINT ( 'NONE',  ( 31.49637569029996342, -83.69999999999998863, 5.700671637856705054 ) ) ;
#478 = ORIENTED_EDGE ( 'NONE', *, *, #2394, .F. ) ;
#479 = DIRECTION ( 'NONE',  ( -1.000000000000000000, 0.000000000000000000, 0.000000000000000000 ) ) ;
#480 = LINE ( 'NONE', #1638, #9586 ) ;
#481 = EDGE_CURVE ( 'NONE', #7706, #10053, #5958, .T. ) ;
#482 = CARTESIAN_POINT ( 'NONE',  ( 65.00000000000000000, -26.00000000000000355, 1.999999999999998224 ) ) ;
#483 = EDGE_CURVE ( 'NONE', #9261, #6735, #8605, .T. ) ;
#484 = ORIENTED_EDGE ( 'NONE', *, *, #8549, .T. ) ;
#485 = CARTESIAN_POINT ( 'NONE',  ( 27.21503794696573308, -84.00000000000000000, 7.505212078228091777 ) ) ;
#486 = CARTESIAN_POINT ( 'NONE',  ( 56.00000000000000711, -42.00000000000000000, 27.00100000000000122 ) ) ;
#487 = ORIENTED_EDGE ( 'NONE', *, *, #6663, .T. ) ;
#488 = CARTESIAN_POINT ( 'NONE',  ( 28.52438137916295702, -84.00000000000000000, 6.200129019447453871 ) ) ;
#489 = MECHANICAL_DESIGN_GEOMETRIC_PRESENTATION_REPRESENTATION (  '', ( #294 ), #10733 ) ;
#490 = CARTESIAN_POINT ( 'NONE',  ( 30.34889109836274557, -83.70000000000001705, 4.889877445349599228 ) ) ;
#491 = DIRECTION ( 'NONE',  ( -0.000000000000000000, -0.000000000000000000, -1.000000000000000000 ) ) ;
#492 = ORIENTED_EDGE ( 'NONE', *, *, #4907, .F. ) ;
#493 = CARTESIAN_POINT ( 'NONE',  ( 45.59988003435547199, -83.70000000000001705, 5.678833485916761070 ) ) ;
#494 =( LENGTH_UNIT ( ) NAMED_UNIT ( * ) SI_UNIT ( .MILLI., .METRE. ) );
#495 = ORIENTED_EDGE ( 'NONE', *, *, #7409, .T. ) ;
#496 = EDGE_CURVE ( 'NONE', #9389, #548, #1010, .T. ) ;
#497 = DIRECTION ( 'NONE',  ( 1.000000000000000000, -0.000000000000000000, -0.000000000000000000 ) ) ;
#498 = EDGE_CURVE ( 'NONE', #3400, #1253, #383, .T. ) ;
#499 = ORIENTED_EDGE ( 'NONE', *, *, #6622, .T. ) ;
#500 = FACE_OUTER_BOUND ( 'NONE', #7688, .T. ) ;
#501 = CARTESIAN_POINT ( 'NONE',  ( 27.66078193656936790, -84.00000000000000000, 7.983552992241519597 ) ) ;
#502 = DIRECTION ( 'NONE',  ( 0.000000000000000000, -0.000000000000000000, -1.000000000000000000 ) ) ;
#503 = ORIENTED_EDGE ( 'NONE', *, *, #11141, .T. ) ;
#504 = CARTESIAN_POINT ( 'NONE',  ( 27.98541916179027211, -84.00000000000000000, 6.481028812848228071 ) ) ;
#505 = DIRECTION ( 'NONE',  ( -0.000000000000000000, -1.000000000000000000, -0.000000000000000000 ) ) ;
#506 = CARTESIAN_POINT ( 'NONE',  ( 29.59664326378157639, -83.99999999999997158, 6.419413030017758537 ) ) ;
#507 = ORIENTED_EDGE ( 'NONE', *, *, #10734, .T. ) ;
#508 = CYLINDRICAL_SURFACE ( 'NONE', #7608, 1.000000000000000888 ) ;
#509 = VERTEX_POINT ( 'NONE', #3159 ) ;
#510 = CARTESIAN_POINT ( 'NONE',  ( 61.00000000000001421, -62.00000000000000711, 1.999999999999998224 ) ) ;
#511 = ORIENTED_EDGE ( 'NONE', *, *, #1828, .T. ) ;
#512 = CARTESIAN_POINT ( 'NONE',  ( 62.00000000000000000, -10.00000000000000000, 0.000000000000000000 ) ) ;
#513 = AXIS2_PLACEMENT_3D ( 'NONE', #1886, #7375, #4652 ) ;
#514 = ORIENTED_EDGE ( 'NONE', *, *, #4074, .F. ) ;
#515 = CARTESIAN_POINT ( 'NONE',  ( 30.68201862176756123, -83.99999999999998579, 7.399583190628916007 ) ) ;
#516 = DIRECTION ( 'NONE',  ( 1.000000000000000000, 0.000000000000000000, 0.000000000000000000 ) ) ;
#517 = VERTEX_POINT ( 'NONE', #3219 ) ;
#518 = ORIENTED_EDGE ( 'NONE', *, *, #11869, .T. ) ;
#519 = ADVANCED_FACE ( 'NONE', ( #4120 ), #1241, .F. ) ;
#520 = VERTEX_POINT ( 'NONE', #4178 ) ;
#521 = CARTESIAN_POINT ( 'NONE',  ( 53.00000000000001421, -50.00000000000000000, 27.00100000000000122 ) ) ;
#522 = CARTESIAN_POINT ( 'NONE',  ( 49.00000000000000000, -30.00000000000000000, 27.00100000000000122 ) ) ;
#523 = CIRCLE ( 'NONE', #1302, 1.000000000000000888 ) ;
#524 = CARTESIAN_POINT ( 'NONE',  ( 0.000000000000000000, 0.000000000000000000, 27.00000000000000000 ) ) ;
#525 = CARTESIAN_POINT ( 'NONE',  ( 30.11817107419174988, -83.70000000000003126, 6.113290579393593660 ) ) ;
#526 = LINE ( 'NONE', #9781, #8897 ) ;
#527 = CARTESIAN_POINT ( 'NONE',  ( 31.35516225481946861, -83.70000000000003126, 4.859556023047427509 ) ) ;
#528 = ORIENTED_EDGE ( 'NONE', *, *, #2345, .F. ) ;
#529 = CIRCLE ( 'NONE', #3035, 1.000000000000000888 ) ;
#530 = EDGE_CURVE ( 'NONE', #9565, #5604, #10673, .T. ) ;
#531 = ADVANCED_FACE ( 'NONE', ( #324 ), #10612, .F. ) ;
#532 = CARTESIAN_POINT ( 'NONE',  ( 30.30640618599600700, -83.70000000000000284, 4.412382608082013213 ) ) ;
#533 = DIRECTION ( 'NONE',  ( -0.000000000000000000, -0.000000000000000000, -1.000000000000000000 ) ) ;
#534 = AXIS2_PLACEMENT_3D ( 'NONE', #5102, #6961, #1244 ) ;
#535 = EDGE_LOOP ( 'NONE', ( #8122, #945, #9285, #5941 ) ) ;
#536 = DIRECTION ( 'NONE',  ( 1.000000000000000000, 0.000000000000000000, 0.000000000000000000 ) ) ;
#537 = VECTOR ( 'NONE', #2200, 1000.000000000000000 ) ;
#538 = DIRECTION ( 'NONE',  ( -3.304235192336776005E-16, 1.000000000000000000, 0.000000000000000000 ) ) ;
#539 = VERTEX_POINT ( 'NONE', #10550 ) ;
#540 = DIRECTION ( 'NONE',  ( -3.469446951953614189E-16, 1.000000000000000000, -0.000000000000000000 ) ) ;
#541 = DIRECTION ( 'NONE',  ( -0.000000000000000000, 0.000000000000000000, 1.000000000000000000 ) ) ;
#542 = CARTESIAN_POINT ( 'NONE',  ( 45.37473383552506334, -83.70000000000001705, 4.368891965448924886 ) ) ;
#543 = VECTOR ( 'NONE', #1144, 1000.000000000000000 ) ;
#544 = ORIENTED_EDGE ( 'NONE', *, *, #9876, .F. ) ;
#545 = CARTESIAN_POINT ( 'NONE',  ( 75.00100000000003320, -35.99999999999997158, 10.50000000000000533 ) ) ;
#546 = CIRCLE ( 'NONE', #935, 2.999999999999995559 ) ;
#547 = DIRECTION ( 'NONE',  ( -0.000000000000000000, -1.000000000000000000, -0.000000000000000000 ) ) ;
#548 = VERTEX_POINT ( 'NONE', #1358 ) ;
#549 = DIRECTION ( 'NONE',  ( -1.000000000000000000, 0.000000000000000000, 0.000000000000000000 ) ) ;
#550 = CARTESIAN_POINT ( 'NONE',  ( 54.91274553143149717, -83.70000000000001705, 6.436143427437228226 ) ) ;
#551 = LINE ( 'NONE', #3989, #9243 ) ;
#552 = ORIENTED_EDGE ( 'NONE', *, *, #7495, .F. ) ;
#553 = EDGE_CURVE ( 'NONE', #213, #1983, #5038, .T. ) ;
#554 = LINE ( 'NONE', #3336, #10132 ) ;
#555 = DIRECTION ( 'NONE',  ( -1.000000000000000000, 0.000000000000000000, -0.000000000000000000 ) ) ;
#556 = CIRCLE ( 'NONE', #10208, 2.999999999999995559 ) ;
#557 = ORIENTED_EDGE ( 'NONE', *, *, #9585, .T. ) ;
#558 = EDGE_CURVE ( 'NONE', #10152, #2694, #11573, .T. ) ;
#559 = CARTESIAN_POINT ( 'NONE',  ( 61.00000000000002132, -66.00000000000000000, 27.00100000000000122 ) ) ;
#560 = ORIENTED_EDGE ( 'NONE', *, *, #5137, .F. ) ;
#561 = CYLINDRICAL_SURFACE ( 'NONE', #3340, 1.000000000000000888 ) ;
#562 = CARTESIAN_POINT ( 'NONE',  ( 28.23359980807192215, -84.00000000000000000, 7.013193999414675694 ) ) ;
#563 = CARTESIAN_POINT ( 'NONE',  ( 27.98541916179027211, -83.70000000000003126, 6.481028812848228071 ) ) ;
#564 = AXIS2_PLACEMENT_3D ( 'NONE', #4721, #8411, #9443 ) ;
#565 = EDGE_CURVE ( 'NONE', #6951, #11873, #5100, .T. ) ;
#566 = CARTESIAN_POINT ( 'NONE',  ( 49.55017243201629640, -83.70000000000001705, 4.409827637963545044 ) ) ;
#567 = ORIENTED_EDGE ( 'NONE', *, *, #701, .F. ) ;
#568 = DIRECTION ( 'NONE',  ( 1.000000000000000000, 0.000000000000000000, 0.000000000000000000 ) ) ;
#569 = ORIENTED_EDGE ( 'NONE', *, *, #3836, .F. ) ;
#570 = EDGE_CURVE ( 'NONE', #5850, #1663, #10408, .T. ) ;
#571 = EDGE_LOOP ( 'NONE', ( #2437, #11764 ) ) ;
#572 = CARTESIAN_POINT ( 'NONE',  ( 60.00000000000000000, -14.00000000000000000, 1.999999999999998224 ) ) ;
#573 = ORIENTED_EDGE ( 'NONE', *, *, #10140, .T. ) ;
#574 = DIRECTION ( 'NONE',  ( 1.000000000000000000, 0.000000000000000000, 0.000000000000000000 ) ) ;
#575 = DIRECTION ( 'NONE',  ( 0.000000000000000000, 0.000000000000000000, -1.000000000000000000 ) ) ;
#576 = DIRECTION ( 'NONE',  ( 0.000000000000000000, -0.000000000000000000, -1.000000000000000000 ) ) ;
#577 = VERTEX_POINT ( 'NONE', #10735 ) ;
#578 = ORIENTED_EDGE ( 'NONE', *, *, #10231, .F. ) ;
#579 = AXIS2_PLACEMENT_3D ( 'NONE', #8744, #2050, #460 ) ;
#580 = ORIENTED_EDGE ( 'NONE', *, *, #1125, .F. ) ;
#581 = DIRECTION ( 'NONE',  ( -0.000000000000000000, 1.000000000000000000, -0.000000000000000000 ) ) ;
#582 = DIRECTION ( 'NONE',  ( -1.000000000000000000, 0.000000000000000000, 0.000000000000000000 ) ) ;
#583 = DIRECTION ( 'NONE',  ( 1.000000000000000000, 0.000000000000000000, 0.000000000000000000 ) ) ;
#584 = EDGE_CURVE ( 'NONE', #10127, #10629, #10966, .T. ) ;
#585 = CARTESIAN_POINT ( 'NONE',  ( 49.00000000000000000, -30.00000000000000000, 1.999999999999998224 ) ) ;
#586 = CARTESIAN_POINT ( 'NONE',  ( 29.25231331760350173, -83.99999999999998579, 5.232308591671918307 ) ) ;
#587 = CARTESIAN_POINT ( 'NONE',  ( 30.60938381024310218, -83.70000000000003126, 4.427858556799254330 ) ) ;
#588 = EDGE_LOOP ( 'NONE', ( #1613, #6386, #6304, #1826 ) ) ;
#589 = AXIS2_PLACEMENT_3D ( 'NONE', #10877, #5312, #10700 ) ;
#590 = DIRECTION ( 'NONE',  ( 0.000000000000000000, -0.000000000000000000, -1.000000000000000000 ) ) ;
#591 = FACE_OUTER_BOUND ( 'NONE', #7358, .T. ) ;
#592 = ORIENTED_EDGE ( 'NONE', *, *, #5488, .T. ) ;
#593 = DIRECTION ( 'NONE',  ( -0.000000000000000000, -0.000000000000000000, -1.000000000000000000 ) ) ;
#594 = CARTESIAN_POINT ( 'NONE',  ( 30.54961414637773487, -83.69999999999998863, 4.910805211235915735 ) ) ;
#595 = ORIENTED_EDGE ( 'NONE', *, *, #8853, .T. ) ;
#596 = CARTESIAN_POINT ( 'NONE',  ( 61.00000000000000711, -38.00000000000000000, 1.999999999999998224 ) ) ;
#597 = CARTESIAN_POINT ( 'NONE',  ( 30.82268360431898913, -83.70000000000001705, 6.942725615156834174 ) ) ;
#598 = VECTOR ( 'NONE', #2905, 1000.000000000000000 ) ;
#599 = DIRECTION ( 'NONE',  ( -1.000000000000000000, 0.000000000000000000, 0.000000000000000000 ) ) ;
#600 = AXIS2_PLACEMENT_3D ( 'NONE', #8424, #1299, #7751 ) ;
#601 = EDGE_CURVE ( 'NONE', #4729, #3925, #2439, .T. ) ;
#602 = ORIENTED_EDGE ( 'NONE', *, *, #6187, .F. ) ;
#603 = DIRECTION ( 'NONE',  ( -1.000000000000000000, 0.000000000000000000, 0.000000000000000000 ) ) ;
#604 = DIRECTION ( 'NONE',  ( 1.000000000000000000, 0.000000000000000000, 0.000000000000000000 ) ) ;
#605 = VERTEX_POINT ( 'NONE', #8223 ) ;
#606 = PLANE ( 'NONE',  #6724 ) ;
#607 = B_SPLINE_SURFACE_WITH_KNOTS ( 'NONE', 3, 1, ( 
 ( #6788, #11336 ),
 ( #3039, #6734 ),
 ( #1247, #4925 ),
 ( #5905, #8609 ),
 ( #1425, #11578 ),
 ( #10953, #7133 ),
 ( #10896, #8787 ),
 ( #3502, #10617 ),
 ( #5104, #506 ),
 ( #1362, #447 ),
 ( #2329, #2268 ),
 ( #7190, #5045 ),
 ( #10839, #4182 ),
 ( #2540, #7876 ),
 ( #728, #7811 ),
 ( #5964, #2652 ),
 ( #3613, #8727 ),
 ( #6352, #5454 ),
 ( #8157, #6022 ) ),
 .UNSPECIFIED., .F., .F., .F.,
 ( 4, 1, 1, 1, 1, 1, 1, 1, 1, 1, 1, 1, 1, 1, 1, 1, 4 ),
 ( 2, 2 ),
 ( 0.000000000000000000, 0.08659616089190834420, 0.1679844716386573178, 0.2452092609585236338, 0.3184567823742679438, 0.3869261338631642677, 0.4518545283086292663, 0.5127908283089626096, 0.5704606160709542184, 0.6256102496611767316, 0.6794489979908360233, 0.7324663818182812758, 0.7846902817929576335, 0.8371069055649802415, 0.8902366768460984181, 0.9445089270364361855, 1.000000000000000000 ),
 ( 0.000000000000000000, 1.000000000000000000 ),
 .UNSPECIFIED. ) ;
#608 = DIRECTION ( 'NONE',  ( 0.000000000000000000, 1.000000000000000000, 0.000000000000000000 ) ) ;
#609 = CARTESIAN_POINT ( 'NONE',  ( 30.54523071283101743, -83.70000000000003126, 6.513659121762855442 ) ) ;
#610 = ORIENTED_EDGE ( 'NONE', *, *, #3054, .F. ) ;
#611 = AXIS2_PLACEMENT_3D ( 'NONE', #10836, #4405, #2536 ) ;
#612 = CARTESIAN_POINT ( 'NONE',  ( 30.01391687349325466, -83.99999999999998579, 6.803074947385266746 ) ) ;
#613 = FACE_BOUND ( 'NONE', #11041, .T. ) ;
#614 = VECTOR ( 'NONE', #3820, 1000.000000000000000 ) ;
#615 = ORIENTED_EDGE ( 'NONE', *, *, #7394, .T. ) ;
#616 = VERTEX_POINT ( 'NONE', #5223 ) ;
#617 = CARTESIAN_POINT ( 'NONE',  ( 53.00000000000001421, -58.00000000000000000, 1.999999999999998224 ) ) ;
#618 = ADVANCED_FACE ( 'NONE', ( #9813 ), #2610, .F. ) ;
#619 = VERTEX_POINT ( 'NONE', #5466 ) ;
#620 = VECTOR ( 'NONE', #10999, 1000.000000000000000 ) ;
#621 = CARTESIAN_POINT ( 'NONE',  ( 47.58526015131454301, -83.70000000000001705, 4.409827637963545044 ) ) ;
#622 = AXIS2_PLACEMENT_3D ( 'NONE', #10575, #3854, #8451 ) ;
#623 = EDGE_CURVE ( 'NONE', #459, #4355, #10060, .T. ) ;
#624 = DIRECTION ( 'NONE',  ( -0.000000000000000000, -0.000000000000000000, -1.000000000000000000 ) ) ;
#625 = ORIENTED_EDGE ( 'NONE', *, *, #2836, .T. ) ;
#626 = CARTESIAN_POINT ( 'NONE',  ( 31.48890751336434235, -83.70000000000003126, 5.138242760658766173 ) ) ;
#627 = DIRECTION ( 'NONE',  ( -1.000000000000000000, 0.000000000000000000, 0.000000000000000000 ) ) ;
#628 = ORIENTED_EDGE ( 'NONE', *, *, #4328, .T. ) ;
#629 = CARTESIAN_POINT ( 'NONE',  ( 61.00000000000001421, -54.00000000000000000, 27.00100000000000122 ) ) ;
#630 = ORIENTED_EDGE ( 'NONE', *, *, #481, .F. ) ;
#631 = CIRCLE ( 'NONE', #8543, 1.000000000000000888 ) ;
#632 = ORIENTED_EDGE ( 'NONE', *, *, #11791, .F. ) ;
#633 = CARTESIAN_POINT ( 'NONE',  ( 5.000000000000022204, -82.00000000000000000, 27.00000000000000000 ) ) ;
#634 = VECTOR ( 'NONE', #593, 1000.000000000000000 ) ;
#635 = EDGE_CURVE ( 'NONE', #8790, #7824, #2494, .T. ) ;
#636 = ORIENTED_EDGE ( 'NONE', *, *, #11280, .T. ) ;
#637 = DIRECTION ( 'NONE',  ( 1.000000000000000000, 0.000000000000000000, 0.000000000000000000 ) ) ;
#638 = ADVANCED_FACE ( 'NONE', ( #7019 ), #1712, .T. ) ;
#639 = ADVANCED_FACE ( 'NONE', ( #862 ), #3569, .T. ) ;
#640 = PLANE ( 'NONE',  #11566 ) ;
#641 = FACE_OUTER_BOUND ( 'NONE', #698, .T. ) ;
#642 = EDGE_LOOP ( 'NONE', ( #5531, #8110, #9945, #11750 ) ) ;
#643 = VERTEX_POINT ( 'NONE', #6250 ) ;
#644 = VECTOR ( 'NONE', #7202, 1000.000000000000000 ) ;
#645 = CARTESIAN_POINT ( 'NONE',  ( 48.36303792909231447, -83.70000000000001705, 5.494622959600970802 ) ) ;
#646 = ADVANCED_FACE ( 'NONE', ( #8113 ), #682, .F. ) ;
#647 = CARTESIAN_POINT ( 'NONE',  ( 50.36888588230869601, -83.70000000000001705, 4.409827637963545044 ) ) ;
#648 = EDGE_CURVE ( 'NONE', #3766, #10720, #7933, .T. ) ;
#649 = ORIENTED_EDGE ( 'NONE', *, *, #2836, .F. ) ;
#650 = DIRECTION ( 'NONE',  ( 0.000000000000000000, 0.000000000000000000, 1.000000000000000000 ) ) ;
#651 = AXIS2_PLACEMENT_3D ( 'NONE', #5622, #4815, #4631 ) ;
#652 = AXIS2_PLACEMENT_3D ( 'NONE', #2417, #11666, #10708 ) ;
#653 = CARTESIAN_POINT ( 'NONE',  ( 54.00000000000000711, -26.00000000000000355, 1.999999999999998224 ) ) ;
#654 = DIRECTION ( 'NONE',  ( -0.000000000000000000, -0.000000000000000000, -1.000000000000000000 ) ) ;
#655 = ORIENTED_EDGE ( 'NONE', *, *, #10760, .T. ) ;
#656 = DIRECTION ( 'NONE',  ( 0.000000000000000000, 0.000000000000000000, -1.000000000000000000 ) ) ;
#657 = DIRECTION ( 'NONE',  ( -1.000000000000000000, 0.000000000000000000, 2.168404344971009608E-16 ) ) ;
#658 = CARTESIAN_POINT ( 'NONE',  ( 30.70702562380078149, -83.99999999999998579, 4.975623262019563953 ) ) ;
#659 = EDGE_LOOP ( 'NONE', ( #998, #8559, #4662, #2061 ) ) ;
#660 = DIRECTION ( 'NONE',  ( 0.000000000000000000, 0.000000000000000000, -1.000000000000000000 ) ) ;
#661 = DIRECTION ( 'NONE',  ( -0.000000000000000000, -1.000000000000000000, -0.000000000000000000 ) ) ;
#662 = CARTESIAN_POINT ( 'NONE',  ( 29.84358518652746639, -83.70000000000001705, 5.440713295918732761 ) ) ;
#663 = EDGE_LOOP ( 'NONE', ( #2736, #2213 ) ) ;
#664 = DIRECTION ( 'NONE',  ( 0.000000000000000000, -0.000000000000000000, -1.000000000000000000 ) ) ;
#665 = VECTOR ( 'NONE', #7266, 1000.000000000000000 ) ;
#666 = DIRECTION ( 'NONE',  ( -0.000000000000000000, -0.000000000000000000, -1.000000000000000000 ) ) ;
#667 = ORIENTED_EDGE ( 'NONE', *, *, #5418, .F. ) ;
#668 = CARTESIAN_POINT ( 'NONE',  ( 61.00000000000001421, -54.00000000000000000, 27.00100000000000122 ) ) ;
#669 = CARTESIAN_POINT ( 'NONE',  ( 31.11623163273323911, -84.00000000000000000, 7.769110153257123841 ) ) ;
#670 = DIRECTION ( 'NONE',  ( -1.000000000000000000, 0.000000000000000000, 0.000000000000000000 ) ) ;
#671 = VERTEX_POINT ( 'NONE', #4305 ) ;
#672 = FACE_OUTER_BOUND ( 'NONE', #3577, .T. ) ;
#673 = FACE_BOUND ( 'NONE', #2040, .T. ) ;
#675 = ADVANCED_FACE ( 'NONE', ( #10793 ), #7992, .F. ) ;
#674 = ORIENTED_EDGE ( 'NONE', *, *, #10628, .T. ) ;
#676 = EDGE_CURVE ( 'NONE', #10777, #929, #9015, .T. ) ;
#677 = ORIENTED_EDGE ( 'NONE', *, *, #2567, .T. ) ;
#678 = DIRECTION ( 'NONE',  ( -0.000000000000000000, -0.000000000000000000, -1.000000000000000000 ) ) ;
#679 = ORIENTED_EDGE ( 'NONE', *, *, #838, .T. ) ;
#680 = FACE_OUTER_BOUND ( 'NONE', #10180, .T. ) ;
#681 = AXIS2_PLACEMENT_3D ( 'NONE', #115, #3789, #10272 ) ;
#682 = CYLINDRICAL_SURFACE ( 'NONE', #4650, 1.000000000000000888 ) ;
#683 = EDGE_LOOP ( 'NONE', ( #2326, #6599 ) ) ;
#684 = CARTESIAN_POINT ( 'NONE',  ( 31.53004460225081118, -83.99999999999997158, 5.426275484039816632 ) ) ;
#685 = CARTESIAN_POINT ( 'NONE',  ( 57.00000000000000000, -26.00000000000000355, 27.00100000000000122 ) ) ;
#686 = ORIENTED_EDGE ( 'NONE', *, *, #5139, .T. ) ;
#687 = ADVANCED_FACE ( 'NONE', ( #7438 ), #9250, .T. ) ;
#688 = DIRECTION ( 'NONE',  ( 0.000000000000000000, -0.000000000000000000, 1.000000000000000000 ) ) ;
#689 = EDGE_LOOP ( 'NONE', ( #5331, #1450, #9950, #6197 ) ) ;
#690 = EDGE_CURVE ( 'NONE', #2024, #4868, #799, .T. ) ;
#691 = EDGE_CURVE ( 'NONE', #5828, #5452, #2844, .T. ) ;
#692 = VERTEX_POINT ( 'NONE', #978 ) ;
#693 = CARTESIAN_POINT ( 'NONE',  ( 45.00000000000002842, -82.79999999999999716, 22.00000000000000355 ) ) ;
#694 = EDGE_LOOP ( 'NONE', ( #9589, #8801, #625, #6161 ) ) ;
#695 = FACE_OUTER_BOUND ( 'NONE', #10487, .T. ) ;
#696 = FACE_BOUND ( 'NONE', #1742, .T. ) ;
#697 = FACE_OUTER_BOUND ( 'NONE', #4821, .T. ) ;
#698 = EDGE_LOOP ( 'NONE', ( #329, #9469, #4983, #10337 ) ) ;
#699 = VERTEX_POINT ( 'NONE', #11091 ) ;
#700 = CARTESIAN_POINT ( 'NONE',  ( 53.00000000000001421, -54.00000000000000000, 1.999999999999998224 ) ) ;
#701 = EDGE_CURVE ( 'NONE', #4261, #8051, #11039, .T. ) ;
#702 = EDGE_CURVE ( 'NONE', #2810, #879, #10290, .T. ) ;
#703 = EDGE_CURVE ( 'NONE', #6687, #2997, #7320, .T. ) ;
#704 = CARTESIAN_POINT ( 'NONE',  ( 66.00000000000000000, -14.00000000000000000, 27.00100000000000122 ) ) ;
#705 = ORIENTED_EDGE ( 'NONE', *, *, #10859, .F. ) ;
#706 = CARTESIAN_POINT ( 'NONE',  ( 29.73869512655656777, -83.70000000000003126, 6.310181353018484707 ) ) ;
#707 = AXIS2_PLACEMENT_3D ( 'NONE', #4159, #6057, #5200 ) ;
#708 = DIRECTION ( 'NONE',  ( 1.000000000000000000, -0.000000000000000000, -0.000000000000000000 ) ) ;
#709 = DIRECTION ( 'NONE',  ( -1.000000000000000000, 0.000000000000000000, 0.000000000000000000 ) ) ;
#710 = ORIENTED_EDGE ( 'NONE', *, *, #5530, .F. ) ;
#711 = EDGE_CURVE ( 'NONE', #8494, #3766, #4655, .T. ) ;
#712 = DIRECTION ( 'NONE',  ( -1.000000000000000000, 0.000000000000000000, 0.000000000000000000 ) ) ;
#713 = EDGE_CURVE ( 'NONE', #3303, #1571, #5640, .T. ) ;
#714 = CARTESIAN_POINT ( 'NONE',  ( 49.55017243201629640, -84.00000000000000000, 4.409827637963545044 ) ) ;
#715 = CARTESIAN_POINT ( 'NONE',  ( 30.41958573756706841, -83.70000000000000284, 4.890887387587198987 ) ) ;
#716 = AXIS2_PLACEMENT_3D ( 'NONE', #2693, #11889, #7404 ) ;
#717 = ORIENTED_EDGE ( 'NONE', *, *, #6955, .T. ) ;
#718 = CARTESIAN_POINT ( 'NONE',  ( 54.00000000000000000, -14.00000000000000000, 27.00100000000000122 ) ) ;
#719 = CARTESIAN_POINT ( 'NONE',  ( 45.94783325072974378, -83.70000000000001705, 7.909827637963544156 ) ) ;
#720 = CARTESIAN_POINT ( 'NONE',  ( 44.92444143786424604, -83.70000000000001705, 7.909827637963544156 ) ) ;
#721 = ORIENTED_EDGE ( 'NONE', *, *, #8686, .F. ) ;
#722 = CARTESIAN_POINT ( 'NONE',  ( 31.00000000000002132, -82.79999999999999716, 22.00000000000000711 ) ) ;
#723 = AXIS2_PLACEMENT_3D ( 'NONE', #9197, #8121, #2504 ) ;
#724 = FACE_OUTER_BOUND ( 'NONE', #3556, .T. ) ;
#725 = ORIENTED_EDGE ( 'NONE', *, *, #4187, .T. ) ;
#726 = CARTESIAN_POINT ( 'NONE',  ( 27.60999137993086094, -83.70000000000001705, 5.938285502529586424 ) ) ;
#727 = VECTOR ( 'NONE', #7612, 1000.000000000000000 ) ;
#728 = CARTESIAN_POINT ( 'NONE',  ( 29.34625358414896823, -83.70000000000001705, 6.802477558687402670 ) ) ;
#729 = CARTESIAN_POINT ( 'NONE',  ( 31.39719166437080489, -84.00000000000001421, 7.241365211664447799 ) ) ;
#730 = CARTESIAN_POINT ( 'NONE',  ( 75.00100000000003320, -47.99999999999996447, 10.50000000000000178 ) ) ;
#731 = ORIENTED_EDGE ( 'NONE', *, *, #10828, .T. ) ;
#732 = CARTESIAN_POINT ( 'NONE',  ( 57.00000000000000711, -42.00000000000000000, 27.00100000000000122 ) ) ;
#733 = FACE_BOUND ( 'NONE', #1555, .T. ) ;
#734 = VERTEX_POINT ( 'NONE', #8345 ) ;
#735 = VERTEX_POINT ( 'NONE', #5708 ) ;
#736 = AXIS2_PLACEMENT_3D ( 'NONE', #482, #9676, #10889 ) ;
#737 = FACE_OUTER_BOUND ( 'NONE', #7088, .T. ) ;
#738 = AXIS2_PLACEMENT_3D ( 'NONE', #6079, #4921, #5901 ) ;
#739 = AXIS2_PLACEMENT_3D ( 'NONE', #5709, #4656, #4599 ) ;
#740 = EDGE_LOOP ( 'NONE', ( #3080, #4251, #400, #1168 ) ) ;
#741 = LINE ( 'NONE', #4420, #4304 ) ;
#742 = ADVANCED_FACE ( 'NONE', ( #11027 ), #1165, .T. ) ;
#743 = CARTESIAN_POINT ( 'NONE',  ( 65.00000000000000000, -10.00000000000000000, 27.00100000000000122 ) ) ;
#744 = ORIENTED_EDGE ( 'NONE', *, *, #3522, .F. ) ;
#745 = CARTESIAN_POINT ( 'NONE',  ( 28.23438163650670063, -84.00000000000001421, 6.927280759600694005 ) ) ;
#746 = CIRCLE ( 'NONE', #5188, 1.000000000000000888 ) ;
#747 = CARTESIAN_POINT ( 'NONE',  ( 29.69860860972544714, -83.70000000000000284, 7.813702676014581350 ) ) ;
#748 = ORIENTED_EDGE ( 'NONE', *, *, #5004, .T. ) ;
#749 = AXIS2_PLACEMENT_3D ( 'NONE', #6974, #9713, #10748 ) ;
#750 = CARTESIAN_POINT ( 'NONE',  ( 10.00000000000000000, 0.000000000000000000, 15.00000000000000178 ) ) ;
#751 = EDGE_LOOP ( 'NONE', ( #4627, #11070 ) ) ;
#752 = CARTESIAN_POINT ( 'NONE',  ( 30.48679661900616011, -83.69999999999998863, 8.021027373907914537 ) ) ;
#753 = VECTOR ( 'NONE', #4550, 1000.000000000000000 ) ;
#754 = CARTESIAN_POINT ( 'NONE',  ( 30.34889109836274557, -84.00000000000000000, 8.023730596746609933 ) ) ;
#755 = VERTEX_POINT ( 'NONE', #4598 ) ;
#756 = DIRECTION ( 'NONE',  ( 0.000000000000000000, 0.000000000000000000, -1.000000000000000000 ) ) ;
#757 = VECTOR ( 'NONE', #2431, 1000.000000000000000 ) ;
#758 = EDGE_CURVE ( 'NONE', #6519, #3286, #2790, .T. ) ;
#759 = EDGE_CURVE ( 'NONE', #4065, #7013, #7380, .T. ) ;
#760 = DIRECTION ( 'NONE',  ( 1.000000000000000000, 0.000000000000000000, -0.000000000000000000 ) ) ;
#761 = DIRECTION ( 'NONE',  ( -1.000000000000000000, -0.000000000000000000, -0.000000000000000000 ) ) ;
#762 = ORIENTED_EDGE ( 'NONE', *, *, #3914, .F. ) ;
#763 = VERTEX_POINT ( 'NONE', #8284 ) ;
#764 = EDGE_LOOP ( 'NONE', ( #8253, #3564, #6466, #1482, #2480 ) ) ;
#765 = CARTESIAN_POINT ( 'NONE',  ( 29.84325973600623527, -83.70000000000001705, 5.464492996573337535 ) ) ;
#766 = VECTOR ( 'NONE', #417, 1000.000000000000227 ) ;
#767 = CARTESIAN_POINT ( 'NONE',  ( 55.03555254897536031, -83.70000000000001705, 7.520938749074655760 ) ) ;
#768 = ORIENTED_EDGE ( 'NONE', *, *, #6262, .T. ) ;
#769 = DIRECTION ( 'NONE',  ( 1.000000000000000000, 0.000000000000000000, -0.000000000000000000 ) ) ;
#770 = EDGE_CURVE ( 'NONE', #5911, #8766, #7347, .T. ) ;
#771 = CARTESIAN_POINT ( 'NONE',  ( 30.80972684651430882, -83.70000000000001705, 7.172962620573032133 ) ) ;
#772 = CIRCLE ( 'NONE', #3084, 1.000000000000000888 ) ;
#773 = ADVANCED_FACE ( 'NONE', ( #5586 ), #11268, .T. ) ;
#774 = DIRECTION ( 'NONE',  ( 1.000000000000000000, 0.000000000000000000, 0.000000000000000000 ) ) ;
#775 = EDGE_LOOP ( 'NONE', ( #4186, #221, #3107, #5425 ) ) ;
#776 = DIRECTION ( 'NONE',  ( 0.000000000000000000, -0.000000000000000000, -1.000000000000000000 ) ) ;
#777 = PLANE ( 'NONE',  #5859 ) ;
#778 = FACE_OUTER_BOUND ( 'NONE', #5140, .T. ) ;
#779 = EDGE_LOOP ( 'NONE', ( #1369, #3743, #5305, #9709 ) ) ;
#780 = DIRECTION ( 'NONE',  ( -0.000000000000000000, -1.000000000000000000, -0.000000000000000000 ) ) ;
#781 = AXIS2_PLACEMENT_3D ( 'NONE', #645, #4199, #6211 ) ;
#782 = LINE ( 'NONE', #6283, #3793 ) ;
#783 = EDGE_CURVE ( 'NONE', #7912, #9010, #9314, .T. ) ;
#784 = DIRECTION ( 'NONE',  ( -1.000000000000000000, 0.000000000000000000, 0.000000000000000000 ) ) ;
#785 = ADVANCED_FACE ( 'NONE', ( #3684 ), #6594, .F. ) ;
#786 = ORIENTED_EDGE ( 'NONE', *, *, #4027, .T. ) ;
#787 = DIRECTION ( 'NONE',  ( 1.000000000000000000, 0.000000000000000000, 0.000000000000000000 ) ) ;
#788 = EDGE_CURVE ( 'NONE', #1074, #6566, #3341, .T. ) ;
#789 = CARTESIAN_POINT ( 'NONE',  ( 12.00000000000000000, -84.00100000000000477, 3.000000000000000000 ) ) ;
#790 = VERTEX_POINT ( 'NONE', #9557 ) ;
#791 = DIRECTION ( 'NONE',  ( -0.000000000000000000, -0.000000000000000000, -1.000000000000000000 ) ) ;
#792 = CARTESIAN_POINT ( 'NONE',  ( 56.00000000000000711, -54.00000000000000000, 0.000000000000000000 ) ) ;
#793 = CARTESIAN_POINT ( 'NONE',  ( 31.43065414796204848, -84.00000000000000000, 6.942725615156834174 ) ) ;
#794 = CARTESIAN_POINT ( 'NONE',  ( 53.00000000000002132, -62.00000000000000711, 27.00100000000000122 ) ) ;
#795 = LINE ( 'NONE', #5395, #4898 ) ;
#796 = FACE_BOUND ( 'NONE', #4015, .T. ) ;
#797 = ORIENTED_EDGE ( 'NONE', *, *, #9556, .T. ) ;
#798 = CIRCLE ( 'NONE', #3874, 1.000000000000000888 ) ;
#799 = CIRCLE ( 'NONE', #10651, 1.000000000000000888 ) ;
#800 = CARTESIAN_POINT ( 'NONE',  ( 2.200000000000008615, -35.00000000000000000, 22.00000000000000355 ) ) ;
#801 = EDGE_CURVE ( 'NONE', #509, #5506, #214, .T. ) ;
#802 = VERTEX_POINT ( 'NONE', #2135 ) ;
#803 = FACE_OUTER_BOUND ( 'NONE', #7092, .T. ) ;
#804 = CARTESIAN_POINT ( 'NONE',  ( 27.80152656754404816, -84.00000000000000000, 7.485973753950087684 ) ) ;
#805 = VERTEX_POINT ( 'NONE', #9744 ) ;
#806 = CARTESIAN_POINT ( 'NONE',  ( 28.21243267174497049, -83.99999999999998579, 6.754524400191493250 ) ) ;
#807 = VECTOR ( 'NONE', #6077, 1000.000000000000000 ) ;
#808 = CIRCLE ( 'NONE', #411, 2.000000000000000000 ) ;
#809 = CARTESIAN_POINT ( 'NONE',  ( 73.00000000000002842, -84.00000000000000000, 27.00000000000000000 ) ) ;
#810 = ORIENTED_EDGE ( 'NONE', *, *, #8380, .T. ) ;
#811 = CARTESIAN_POINT ( 'NONE',  ( 28.41247828703944123, -83.99999999999998579, 6.115903668082109945 ) ) ;
#812 = EDGE_LOOP ( 'NONE', ( #3788, #10201, #10058, #11930 ) ) ;
#813 = CARTESIAN_POINT ( 'NONE',  ( 31.39719166437080489, -83.99999999999998579, 7.241365211664447799 ) ) ;
#814 = AXIS2_PLACEMENT_3D ( 'NONE', #4945, #8631, #1209 ) ;
#815 = AXIS2_PLACEMENT_3D ( 'NONE', #8626, #11124, #11242 ) ;
#816 = DIRECTION ( 'NONE',  ( 0.000000000000000000, 0.000000000000000000, -1.000000000000000000 ) ) ;
#817 = ORIENTED_EDGE ( 'NONE', *, *, #2606, .T. ) ;
#818 = CARTESIAN_POINT ( 'NONE',  ( 28.84260996342663930, -83.70000000000001705, 6.951064363261663992 ) ) ;
#819 = FACE_BOUND ( 'NONE', #3051, .T. ) ;
#820 = CARTESIAN_POINT ( 'NONE',  ( 2.000000000000027089, -84.00000000000000000, 1.999999999999998224 ) ) ;
#821 = VERTEX_POINT ( 'NONE', #311 ) ;
#822 = VECTOR ( 'NONE', #5128, 1000.000000000000000 ) ;
#823 = CARTESIAN_POINT ( 'NONE',  ( 29.52996811732127824, -83.70000000000000284, 4.704913579401059032 ) ) ;
#824 = ORIENTED_EDGE ( 'NONE', *, *, #9128, .T. ) ;
#825 = CARTESIAN_POINT ( 'NONE',  ( 28.65963895757398916, -83.70000000000003126, 7.590374603088732464 ) ) ;
#826 = EDGE_CURVE ( 'NONE', #4296, #5440, #11437, .T. ) ;
#827 = VECTOR ( 'NONE', #2553, 1000.000000000000000 ) ;
#828 = DIRECTION ( 'NONE',  ( -1.000000000000000000, 0.000000000000000000, 0.000000000000000000 ) ) ;
#829 = ORIENTED_EDGE ( 'NONE', *, *, #9626, .F. ) ;
#830 = CARTESIAN_POINT ( 'NONE',  ( 30.91718783160533945, -84.00000000000004263, 5.514774974453765743 ) ) ;
#831 = FACE_OUTER_BOUND ( 'NONE', #6635, .T. ) ;
#832 = CARTESIAN_POINT ( 'NONE',  ( 30.82812939956012954, -83.70000000000001705, 5.687633205622326216 ) ) ;
#833 = ORIENTED_EDGE ( 'NONE', *, *, #8642, .F. ) ;
#834 = CARTESIAN_POINT ( 'NONE',  ( 10.33646018321311111, -0.02128252777246430680, 1.663539816786886005 ) ) ;
#835 = CARTESIAN_POINT ( 'NONE',  ( 57.00000000000001421, -66.00000000000000000, 27.00100000000000122 ) ) ;
#836 = CARTESIAN_POINT ( 'NONE',  ( 30.48701502151793363, -84.00000000000001421, 4.898674919890882329 ) ) ;
#837 = ORIENTED_EDGE ( 'NONE', *, *, #2674, .T. ) ;
#838 = EDGE_CURVE ( 'NONE', #9147, #8539, #11322, .T. ) ;
#839 = LINE ( 'NONE', #10086, #9885 ) ;
#840 = ADVANCED_FACE ( 'NONE', ( #3082 ), #7675, .F. ) ;
#841 = CARTESIAN_POINT ( 'NONE',  ( 66.00000000000001421, -54.00000000000000000, 0.000000000000000000 ) ) ;
#842 = VECTOR ( 'NONE', #2112, 1000.000000000000000 ) ;
#843 = DIRECTION ( 'NONE',  ( -0.000000000000000000, -0.000000000000000000, -1.000000000000000000 ) ) ;
#844 = DIRECTION ( 'NONE',  ( -1.000000000000000000, 0.000000000000000000, 0.000000000000000000 ) ) ;
#845 = CARTESIAN_POINT ( 'NONE',  ( 73.80000000000001137, -48.99999999999999289, 21.99999999999999645 ) ) ;
#846 = CYLINDRICAL_SURFACE ( 'NONE', #7359, 1.000000000000000888 ) ;
#847 = ORIENTED_EDGE ( 'NONE', *, *, #2335, .F. ) ;
#848 = DIRECTION ( 'NONE',  ( -0.000000000000000000, -0.000000000000000000, -1.000000000000000000 ) ) ;
#849 = CYLINDRICAL_SURFACE ( 'NONE', #6028, 1.000000000000000888 ) ;
#850 = AXIS2_PLACEMENT_3D ( 'NONE', #10400, #7368, #121 ) ;
#851 = CARTESIAN_POINT ( 'NONE',  ( 29.94949971688109969, -84.00000000000000000, 7.278546219018191543 ) ) ;
#852 = CARTESIAN_POINT ( 'NONE',  ( 56.00000000000000711, -54.00000000000000000, 27.00100000000000122 ) ) ;
#853 = PLANE ( 'NONE',  #10504 ) ;
#854 = FACE_BOUND ( 'NONE', #5210, .T. ) ;
#855 = VERTEX_POINT ( 'NONE', #6770 ) ;
#856 = ADVANCED_FACE ( 'NONE', ( #5884 ), #368, .F. ) ;
#857 = EDGE_CURVE ( 'NONE', #9106, #7222, #3103, .T. ) ;
#858 = CARTESIAN_POINT ( 'NONE',  ( 52.00000000000000711, -22.00000000000000000, 1.999999999999998224 ) ) ;
#859 = VECTOR ( 'NONE', #449, 1000.000000000000000 ) ;
#860 = VERTEX_POINT ( 'NONE', #6714 ) ;
#861 = CARTESIAN_POINT ( 'NONE',  ( 46.74607886476483287, -83.70000000000001705, 5.678833485916761070 ) ) ;
#862 = FACE_OUTER_BOUND ( 'NONE', #8140, .T. ) ;
#863 = ORIENTED_EDGE ( 'NONE', *, *, #9189, .T. ) ;
#864 = CARTESIAN_POINT ( 'NONE',  ( 28.23388348946856397, -83.70000000000001705, 6.881320711829847170 ) ) ;
#865 = FACE_OUTER_BOUND ( 'NONE', #40, .T. ) ;
#866 = VERTEX_POINT ( 'NONE', #5940 ) ;
#867 = EDGE_CURVE ( 'NONE', #3455, #10374, #1342, .T. ) ;
#868 = FACE_BOUND ( 'NONE', #4961, .T. ) ;
#869 = ORIENTED_EDGE ( 'NONE', *, *, #11655, .F. ) ;
#870 = VECTOR ( 'NONE', #11562, 999.9999999999998863 ) ;
#871 = EDGE_CURVE ( 'NONE', #2186, #6568, #9283, .T. ) ;
#872 = CARTESIAN_POINT ( 'NONE',  ( 31.39719166437080489, -83.70000000000003126, 7.241365211664447799 ) ) ;
#873 = LINE ( 'NONE', #4548, #7670 ) ;
#874 = VERTEX_POINT ( 'NONE', #1464 ) ;
#875 = CARTESIAN_POINT ( 'NONE',  ( 49.00000000000000711, -46.00000000000000711, 27.00100000000000122 ) ) ;
#876 = ORIENTED_EDGE ( 'NONE', *, *, #11736, .F. ) ;
#877 = LINE ( 'NONE', #7219, #3630 ) ;
#878 = DIRECTION ( 'NONE',  ( 1.000000000000000000, 0.000000000000000000, 0.000000000000000000 ) ) ;
#879 = VERTEX_POINT ( 'NONE', #11497 ) ;
#880 = CARTESIAN_POINT ( 'NONE',  ( 29.34961930503926197, -83.70000000000003126, 4.947526531759794288 ) ) ;
#881 = ORIENTED_EDGE ( 'NONE', *, *, #3442, .F. ) ;
#882 = FACE_OUTER_BOUND ( 'NONE', #5219, .T. ) ;
#883 = ORIENTED_EDGE ( 'NONE', *, *, #11421, .F. ) ;
#884 = ORIENTED_EDGE ( 'NONE', *, *, #3037, .T. ) ;
#885 = CARTESIAN_POINT ( 'NONE',  ( 52.64081570687010014, -84.00000000000000000, 4.409827637963545044 ) ) ;
#886 = DIRECTION ( 'NONE',  ( 0.000000000000000000, 0.000000000000000000, -1.000000000000000000 ) ) ;
#887 = EDGE_CURVE ( 'NONE', #2996, #2726, #5085, .T. ) ;
#888 = CYLINDRICAL_SURFACE ( 'NONE', #3693, 1.000000000000000888 ) ;
#889 = ORIENTED_EDGE ( 'NONE', *, *, #1230, .T. ) ;
#890 =( BOUNDED_CURVE ( )  B_SPLINE_CURVE ( 3, ( #2175, #7539, #9419, #6636 ),
 .UNSPECIFIED., .F., .F. ) 
 B_SPLINE_CURVE_WITH_KNOTS ( ( 4, 4 ),
 ( 3.141592653589793116, 4.712388980384689674 ),
 .UNSPECIFIED. ) 
 CURVE ( )  GEOMETRIC_REPRESENTATION_ITEM ( )  RATIONAL_B_SPLINE_CURVE ( ( 1.000000000000000000, 0.8047378541243649375, 0.8047378541243649375, 1.000000000000000000 ) ) 
 REPRESENTATION_ITEM ( '' )  );
#891 = CARTESIAN_POINT ( 'NONE',  ( 65.00000000000000000, -38.00000000000000000, 0.000000000000000000 ) ) ;
#892 = DIRECTION ( 'NONE',  ( 1.000000000000000000, 0.000000000000000000, 0.000000000000000000 ) ) ;
#893 = DIRECTION ( 'NONE',  ( -1.000000000000000000, 0.000000000000000000, 0.000000000000000000 ) ) ;
#894 = ORIENTED_EDGE ( 'NONE', *, *, #1279, .T. ) ;
#895 = CARTESIAN_POINT ( 'NONE',  ( 55.13789173026190582, -84.00000000000000000, 4.798716526852432551 ) ) ;
#896 = DIRECTION ( 'NONE',  ( -1.000000000000000000, 0.000000000000000000, 0.000000000000000000 ) ) ;
#897 = LINE ( 'NONE', #6401, #4785 ) ;
#898 = VERTEX_POINT ( 'NONE', #1405 ) ;
#899 = DIRECTION ( 'NONE',  ( 0.000000000000000000, -0.000000000000000000, -1.000000000000000000 ) ) ;
#900 = EDGE_CURVE ( 'NONE', #2534, #7064, #8769, .T. ) ;
#901 = EDGE_CURVE ( 'NONE', #1649, #8915, #5825, .T. ) ;
#902 = CARTESIAN_POINT ( 'NONE',  ( 30.54523071283101743, -84.00000000000001421, 6.513659121762855442 ) ) ;
#903 = ORIENTED_EDGE ( 'NONE', *, *, #8306, .F. ) ;
#904 = CARTESIAN_POINT ( 'NONE',  ( 46.70514319225021183, -84.00000000000000000, 5.678833485916761070 ) ) ;
#905 = AXIS2_PLACEMENT_3D ( 'NONE', #7058, #4340, #9791 ) ;
#906 = DIRECTION ( 'NONE',  ( 0.000000000000000000, -0.000000000000000000, -1.000000000000000000 ) ) ;
#907 = CARTESIAN_POINT ( 'NONE',  ( 62.00000000000000711, -22.00000000000000000, 1.999999999999998224 ) ) ;
#908 = DIRECTION ( 'NONE',  ( 1.000000000000000000, 0.000000000000000000, 0.000000000000000000 ) ) ;
#909 = DIRECTION ( 'NONE',  ( -0.000000000000000000, -0.000000000000000000, -1.000000000000000000 ) ) ;
#910 = CARTESIAN_POINT ( 'NONE',  ( 27.72653424395525334, -83.70000000000003126, 7.497159959353554726 ) ) ;
#911 = VERTEX_POINT ( 'NONE', #11555 ) ;
#912 = DIRECTION ( 'NONE',  ( -0.000000000000000000, -0.000000000000000000, -1.000000000000000000 ) ) ;
#913 = AXIS2_PLACEMENT_3D ( 'NONE', #4442, #7342, #8246 ) ;
#914 = ORIENTED_EDGE ( 'NONE', *, *, #11434, .F. ) ;
#915 = DIRECTION ( 'NONE',  ( -1.000000000000000000, 0.000000000000000000, 0.000000000000000000 ) ) ;
#916 = DIRECTION ( 'NONE',  ( -0.000000000000000000, -0.000000000000000000, -1.000000000000000000 ) ) ;
#917 = DIRECTION ( 'NONE',  ( -1.000000000000000000, 0.000000000000000000, 0.000000000000000000 ) ) ;
#918 = EDGE_CURVE ( 'NONE', #11649, #8774, #3268, .T. ) ;
#919 = ADVANCED_FACE ( 'NONE', ( #6349 ), #8033, .F. ) ;
#920 = CARTESIAN_POINT ( 'NONE',  ( 29.59664326378157639, -84.00000000000001421, 6.419413030017758537 ) ) ;
#921 = ORIENTED_EDGE ( 'NONE', *, *, #9929, .F. ) ;
#922 = CARTESIAN_POINT ( 'NONE',  ( 28.72237443793679645, -83.99999999999997158, 6.436096349305517883 ) ) ;
#923 = ORIENTED_EDGE ( 'NONE', *, *, #8917, .F. ) ;
#924 = VECTOR ( 'NONE', #9572, 1000.000000000000000 ) ;
#925 =( GEOMETRIC_REPRESENTATION_CONTEXT ( 3 ) GLOBAL_UNCERTAINTY_ASSIGNED_CONTEXT ( ( #8472 ) ) GLOBAL_UNIT_ASSIGNED_CONTEXT ( ( #494, #3276, #5214 ) ) REPRESENTATION_CONTEXT ( 'NONE', 'WORKASPACE' ) );
#926 = CARTESIAN_POINT ( 'NONE',  ( 53.00000000000001421, -46.00000000000000711, 1.999999999999998224 ) ) ;
#927 = DIRECTION ( 'NONE',  ( -1.000000000000000000, 0.000000000000000000, 0.000000000000000000 ) ) ;
#928 = ADVANCED_FACE ( 'NONE', ( #9971 ), #7975, .F. ) ;
#929 = VERTEX_POINT ( 'NONE', #11612 ) ;
#930 = CARTESIAN_POINT ( 'NONE',  ( 28.84221974763723040, -83.70000000000003126, 6.917924782958285057 ) ) ;
#931 = CIRCLE ( 'NONE', #10002, 1.000000000000000888 ) ;
#932 = EDGE_CURVE ( 'NONE', #2389, #8700, #5389, .T. ) ;
#933 = CARTESIAN_POINT ( 'NONE',  ( 30.23063248887606491, -84.00000000000000000, 6.069431268178275829 ) ) ;
#934 = ORIENTED_EDGE ( 'NONE', *, *, #4171, .T. ) ;
#935 = AXIS2_PLACEMENT_3D ( 'NONE', #1957, #5647, #254 ) ;
#936 = EDGE_CURVE ( 'NONE', #5858, #11165, #1001, .T. ) ;
#937 = FACE_BOUND ( 'NONE', #6037, .T. ) ;
#938 = CARTESIAN_POINT ( 'NONE',  ( 28.84260996342663930, -83.70000000000001705, 6.951064363261663992 ) ) ;
#939 = EDGE_LOOP ( 'NONE', ( #11297, #2139, #9213, #11435 ) ) ;
#940 = CARTESIAN_POINT ( 'NONE',  ( 52.00000000000001421, -46.00000000000000711, 27.00100000000000122 ) ) ;
#941 = ORIENTED_EDGE ( 'NONE', *, *, #867, .F. ) ;
#942 = CIRCLE ( 'NONE', #2866, 1.000000000000000888 ) ;
#943 = CIRCLE ( 'NONE', #1329, 1.000000000000000888 ) ;
#944 = CARTESIAN_POINT ( 'NONE',  ( 57.00000000000000711, -50.00000000000000000, 27.00100000000000122 ) ) ;
#945 = ORIENTED_EDGE ( 'NONE', *, *, #3036, .T. ) ;
#946 = ORIENTED_EDGE ( 'NONE', *, *, #9423, .F. ) ;
#947 = CARTESIAN_POINT ( 'NONE',  ( 57.00000000000000711, -54.00000000000000000, 1.999999999999998224 ) ) ;
#948 = CARTESIAN_POINT ( 'NONE',  ( 53.00000000000000711, -18.00000000000000355, 27.00100000000000122 ) ) ;
#949 = VERTEX_POINT ( 'NONE', #9000 ) ;
#950 = VECTOR ( 'NONE', #2372, 1000.000000000000000 ) ;
#951 = ORIENTED_EDGE ( 'NONE', *, *, #2104, .F. ) ;
#952 = CARTESIAN_POINT ( 'NONE',  ( 2.000000000000027089, -82.00000000000000000, 2.000000000000000000 ) ) ;
#953 = DIRECTION ( 'NONE',  ( -1.000000000000000000, 0.000000000000000000, -0.000000000000000000 ) ) ;
#954 = LINE ( 'NONE', #226, #456 ) ;
#955 = ORIENTED_EDGE ( 'NONE', *, *, #11422, .F. ) ;
#956 = CARTESIAN_POINT ( 'NONE',  ( 28.71676419352194287, -83.70000000000000284, 7.505037669827247626 ) ) ;
#957 = CARTESIAN_POINT ( 'NONE',  ( 62.00000000000001421, -54.00000000000000000, 0.000000000000000000 ) ) ;
#958 = ORIENTED_EDGE ( 'NONE', *, *, #2774, .F. ) ;
#959 = AXIS2_PLACEMENT_3D ( 'NONE', #5872, #7838, #3192 ) ;
#960 = LINE ( 'NONE', #3730, #2660 ) ;
#961 = EDGE_CURVE ( 'NONE', #5811, #8197, #1195, .T. ) ;
#962 = ORIENTED_EDGE ( 'NONE', *, *, #10285, .T. ) ;
#963 = CARTESIAN_POINT ( 'NONE',  ( 30.14625356758229202, -84.00000000000004263, 8.007738808273760611 ) ) ;
#964 = FACE_OUTER_BOUND ( 'NONE', #389, .T. ) ;
#965 = ORIENTED_EDGE ( 'NONE', *, *, #3620, .T. ) ;
#966 = CARTESIAN_POINT ( 'NONE',  ( 65.00000000000000000, -38.00000000000000000, 27.00100000000000122 ) ) ;
#967 = CARTESIAN_POINT ( 'NONE',  ( 3.000000000000021760, -82.00000000000000000, 1.999999999999998224 ) ) ;
#968 = LINE ( 'NONE', #6524, #7989 ) ;
#969 = CARTESIAN_POINT ( 'NONE',  ( 75.00000000000002842, -82.00000000000000000, 27.00000000000000000 ) ) ;
#970 = AXIS2_PLACEMENT_3D ( 'NONE', #9845, #1568, #6109 ) ;
#971 = CARTESIAN_POINT ( 'NONE',  ( 45.37473383552506334, -84.00000000000000000, 7.909827637963544156 ) ) ;
#972 = CARTESIAN_POINT ( 'NONE',  ( 28.21360226229580448, -83.70000000000001705, 7.129594185132496875 ) ) ;
#973 = ORIENTED_EDGE ( 'NONE', *, *, #4012, .F. ) ;
#974 = EDGE_CURVE ( 'NONE', #1532, #1397, #4657, .T. ) ;
#975 = CYLINDRICAL_SURFACE ( 'NONE', #11145, 1.000000000000000888 ) ;
#976 = ORIENTED_EDGE ( 'NONE', *, *, #8145, .F. ) ;
#977 = LINE ( 'NONE', #2608, #644 ) ;
#978 = CARTESIAN_POINT ( 'NONE',  ( 27.21503794696573308, -84.00000000000000000, 7.505212078228091777 ) ) ;
#979 = DIRECTION ( 'NONE',  ( 1.000000000000000000, 0.000000000000000000, 0.000000000000000000 ) ) ;
#980 = CARTESIAN_POINT ( 'NONE',  ( 29.31640246938288996, -84.00000000000001421, 7.031419572271843776 ) ) ;
#981 = ORIENTED_EDGE ( 'NONE', *, *, #1304, .F. ) ;
#982 = AXIS2_PLACEMENT_3D ( 'NONE', #10076, #1799, #886 ) ;
#983 = CARTESIAN_POINT ( 'NONE',  ( 12.00000000000000000, -2.000000000000001776, 13.00000000000000178 ) ) ;
#984 = VERTEX_POINT ( 'NONE', #11676 ) ;
#985 = EDGE_CURVE ( 'NONE', #2452, #9466, #9855, .T. ) ;
#986 = DIRECTION ( 'NONE',  ( 0.000000000000000000, -0.000000000000000000, -1.000000000000000000 ) ) ;
#987 = LINE ( 'NONE', #2305, #5961 ) ;
#988 = EDGE_CURVE ( 'NONE', #802, #1620, #1756, .T. ) ;
#989 = ORIENTED_EDGE ( 'NONE', *, *, #7270, .T. ) ;
#990 = CARTESIAN_POINT ( 'NONE',  ( 49.00000000000000000, -22.00000000000000000, 0.000000000000000000 ) ) ;
#991 = AXIS2_PLACEMENT_3D ( 'NONE', #9615, #4046, #10533 ) ;
#992 = VECTOR ( 'NONE', #8491, 1000.000000000000000 ) ;
#993 = ORIENTED_EDGE ( 'NONE', *, *, #7175, .T. ) ;
#994 = CARTESIAN_POINT ( 'NONE',  ( 30.82812939956012954, -83.70000000000001705, 5.687633205622326216 ) ) ;
#995 = ORIENTED_EDGE ( 'NONE', *, *, #11506, .T. ) ;
#996 = FACE_BOUND ( 'NONE', #2038, .T. ) ;
#997 = CARTESIAN_POINT ( 'NONE',  ( 34.15894091426051205, -84.00000000000000000, 7.983552992241519597 ) ) ;
#998 = ORIENTED_EDGE ( 'NONE', *, *, #1213, .F. ) ;
#999 = CARTESIAN_POINT ( 'NONE',  ( 29.23690956070042901, -83.70000000000003126, 5.407851136329481889 ) ) ;
#1000 = EDGE_LOOP ( 'NONE', ( #7618, #3069, #9023, #8788 ) ) ;
#1001 = CIRCLE ( 'NONE', #5444, 1.000000000000000888 ) ;
#1002 = AXIS2_PLACEMENT_3D ( 'NONE', #11548, #6938, #479 ) ;
#1003 = EDGE_CURVE ( 'NONE', #7304, #6833, #222, .T. ) ;
#1004 = CARTESIAN_POINT ( 'NONE',  ( 29.97785375526209251, -84.00000000000001421, 6.857653792290517636 ) ) ;
#1005 = EDGE_CURVE ( 'NONE', #10724, #9583, #10893, .T. ) ;
#1006 = ORIENTED_EDGE ( 'NONE', *, *, #11934, .T. ) ;
#1007 = CARTESIAN_POINT ( 'NONE',  ( 29.31640246938288996, -83.70000000000003126, 7.031419572271843776 ) ) ;
#1008 = ORIENTED_EDGE ( 'NONE', *, *, #7472, .F. ) ;
#1009 = AXIS2_PLACEMENT_3D ( 'NONE', #2581, #709, #10761 ) ;
#1010 = CIRCLE ( 'NONE', #8307, 1.000000000000000888 ) ;
#1011 = CARTESIAN_POINT ( 'NONE',  ( 30.75205944857311025, -83.70000000000001705, 5.769307077219306912 ) ) ;
#1012 = VERTEX_POINT ( 'NONE', #11737 ) ;
#1013 = ORIENTED_EDGE ( 'NONE', *, *, #8296, .F. ) ;
#1014 = VECTOR ( 'NONE', #2897, 1000.000000000000000 ) ;
#1015 = CARTESIAN_POINT ( 'NONE',  ( 50.83964611622682384, -84.00000000000000000, 5.719769158431380340 ) ) ;
#1016 = ADVANCED_FACE ( 'NONE', ( #724 ), #5205, .F. ) ;
#1017 = DIRECTION ( 'NONE',  ( -1.000000000000000000, 0.000000000000000000, 0.000000000000000000 ) ) ;
#1018 = VERTEX_POINT ( 'NONE', #6287 ) ;
#1019 = EDGE_CURVE ( 'NONE', #3414, #8321, #10465, .T. ) ;
#1020 = CARTESIAN_POINT ( 'NONE',  ( 31.13657641631970918, -83.70000000000000284, 6.182673822920587092 ) ) ;
#1021 = CARTESIAN_POINT ( 'NONE',  ( 29.94949971688109969, -83.70000000000001705, 7.278546219018191543 ) ) ;
#1022 = ORIENTED_EDGE ( 'NONE', *, *, #4989, .T. ) ;
#1023 = CARTESIAN_POINT ( 'NONE',  ( 64.00000000000000000, -14.00000000000000000, 1.999999999999998224 ) ) ;
#1024 = CIRCLE ( 'NONE', #7766, 1.000000000000000888 ) ;
#1025 = ORIENTED_EDGE ( 'NONE', *, *, #3718, .T. ) ;
#1026 = CARTESIAN_POINT ( 'NONE',  ( 29.88314671266380174, -83.70000000000001705, 4.482594520454008524 ) ) ;
#1027 = DIRECTION ( 'NONE',  ( -0.000000000000000000, -0.000000000000000000, -1.000000000000000000 ) ) ;
#1028 = ORIENTED_EDGE ( 'NONE', *, *, #2457, .F. ) ;
#1029 = DIRECTION ( 'NONE',  ( -0.000000000000000000, -1.000000000000000000, -0.000000000000000000 ) ) ;
#1030 = DIRECTION ( 'NONE',  ( -1.000000000000000000, 0.000000000000000000, 0.000000000000000000 ) ) ;
#1031 = CARTESIAN_POINT ( 'NONE',  ( 55.03555254897536031, -83.70000000000001705, 7.909827637963544156 ) ) ;
#1032 = CARTESIAN_POINT ( 'NONE',  ( 53.52093266593442422, -83.70000000000001705, 4.798716526852432551 ) ) ;
#1033 = LINE ( 'NONE', #11136, #5688 ) ;
#1034 = DIRECTION ( 'NONE',  ( -1.000000000000000000, 0.000000000000000000, 0.000000000000000000 ) ) ;
#1035 = EDGE_LOOP ( 'NONE', ( #3239, #10739, #5263, #5508 ) ) ;
#1036 = CIRCLE ( 'NONE', #6248, 2.999999999999995559 ) ;
#1037 = CARTESIAN_POINT ( 'NONE',  ( 29.31866496430144764, -83.70000000000003126, 7.138257876350911246 ) ) ;
#1038 = CARTESIAN_POINT ( 'NONE',  ( 56.99999999999999289, -10.00000000000000000, 27.00100000000000122 ) ) ;
#1039 = ORIENTED_EDGE ( 'NONE', *, *, #318, .T. ) ;
#1040 = DIRECTION ( 'NONE',  ( -1.000000000000000000, 0.000000000000000000, 0.000000000000000000 ) ) ;
#1041 = VECTOR ( 'NONE', #5943, 1000.000000000000000 ) ;
#1042 = CARTESIAN_POINT ( 'NONE',  ( 49.01800868932623700, -83.70000000000001705, 7.950763310478163426 ) ) ;
#1043 = VECTOR ( 'NONE', #8216, 1000.000000000000000 ) ;
#1044 = CARTESIAN_POINT ( 'NONE',  ( 0.000000000000000000, 0.000000000000000000, 1.999999999999998224 ) ) ;
#1045 = ADVANCED_FACE ( 'NONE', ( #1643 ), #8826, .F. ) ;
#1046 = CARTESIAN_POINT ( 'NONE',  ( 47.00000000000002842, -84.00000000000000000, 16.19999999999999929 ) ) ;
#1047 = ORIENTED_EDGE ( 'NONE', *, *, #23, .T. ) ;
#1048 = CARTESIAN_POINT ( 'NONE',  ( 30.89274563391452944, -83.70000000000000284, 5.217724844925303529 ) ) ;
#1049 = PLANE ( 'NONE',  #6948 ) ;
#1050 = ORIENTED_EDGE ( 'NONE', *, *, #4663, .F. ) ;
#1051 = VECTOR ( 'NONE', #3942, 1000.000000000000000 ) ;
#1052 = CARTESIAN_POINT ( 'NONE',  ( 52.00631278289348813, -83.70000000000001705, 7.909827637963544156 ) ) ;
#1053 = ORIENTED_EDGE ( 'NONE', *, *, #1185, .T. ) ;
#1054 = CARTESIAN_POINT ( 'NONE',  ( 33.35538882415871598, -83.70000000000001705, 4.451714135841259967 ) ) ;
#1055 = CARTESIAN_POINT ( 'NONE',  ( 28.07913203933869184, -83.70000000000001705, 7.359523754741718271 ) ) ;
#1056 = ORIENTED_EDGE ( 'NONE', *, *, #1828, .F. ) ;
#1057 = EDGE_CURVE ( 'NONE', #3949, #11886, #9062, .T. ) ;
#1058 = AXIS2_PLACEMENT_3D ( 'NONE', #4783, #3991, #1105 ) ;
#1059 = FACE_BOUND ( 'NONE', #751, .T. ) ;
#1060 = DIRECTION ( 'NONE',  ( -1.000000000000000000, 0.000000000000000000, 0.000000000000000000 ) ) ;
#1061 = EDGE_LOOP ( 'NONE', ( #4602, #11556 ) ) ;
#1062 = DIRECTION ( 'NONE',  ( 1.000000000000000000, 0.000000000000000000, 0.000000000000000000 ) ) ;
#1063 = ADVANCED_FACE ( 'NONE', ( #8096 ), #11795, .T. ) ;
#1064 = ORIENTED_EDGE ( 'NONE', *, *, #4824, .F. ) ;
#1065 = DIRECTION ( 'NONE',  ( -0.000000000000000000, -1.000000000000000000, -0.000000000000000000 ) ) ;
#1066 = ORIENTED_EDGE ( 'NONE', *, *, #6052, .T. ) ;
#1067 = CARTESIAN_POINT ( 'NONE',  ( 30.89274563391452944, -83.99999999999998579, 5.217724844925303529 ) ) ;
#1068 = ORIENTED_EDGE ( 'NONE', *, *, #7639, .F. ) ;
#1069 = EDGE_CURVE ( 'NONE', #619, #7706, #7562, .T. ) ;
#1070 = DIRECTION ( 'NONE',  ( -1.000000000000000000, 0.000000000000000000, 0.000000000000000000 ) ) ;
#1071 = ORIENTED_EDGE ( 'NONE', *, *, #8394, .F. ) ;
#1072 = EDGE_CURVE ( 'NONE', #8494, #11733, #2544, .T. ) ;
#1073 = EDGE_CURVE ( 'NONE', #1914, #10000, #10070, .T. ) ;
#1074 = VERTEX_POINT ( 'NONE', #902 ) ;
#1075 = DIRECTION ( 'NONE',  ( 1.000000000000000000, 0.000000000000000000, 0.000000000000000000 ) ) ;
#1076 = FACE_OUTER_BOUND ( 'NONE', #1737, .T. ) ;
#1077 = ORIENTED_EDGE ( 'NONE', *, *, #4326, .T. ) ;
#1078 = CARTESIAN_POINT ( 'NONE',  ( 28.76325438941809054, -84.00000000000000000, 7.410961148397344544 ) ) ;
#1079 = CARTESIAN_POINT ( 'NONE',  ( 30.10363364157992905, -83.99999999999998579, 7.466026205616688394 ) ) ;
#1080 = VERTEX_POINT ( 'NONE', #10273 ) ;
#1081 = FACE_OUTER_BOUND ( 'NONE', #1455, .T. ) ;
#1082 = CARTESIAN_POINT ( 'NONE',  ( 52.10865196418003364, -84.00000000000000000, 4.409827637963545044 ) ) ;
#1083 = CARTESIAN_POINT ( 'NONE',  ( 30.04939887156688627, -84.00000000000000000, 7.986888871481471419 ) ) ;
#1084 = EDGE_CURVE ( 'NONE', #2980, #1258, #5248, .T. ) ;
#1085 = LINE ( 'NONE', #2953, #9292 ) ;
#1086 = VERTEX_POINT ( 'NONE', #2775 ) ;
#1087 = FACE_OUTER_BOUND ( 'NONE', #7468, .T. ) ;
#1088 = DIRECTION ( 'NONE',  ( -0.000000000000000000, -0.000000000000000000, -1.000000000000000000 ) ) ;
#1089 = FACE_OUTER_BOUND ( 'NONE', #6683, .T. ) ;
#1090 = CARTESIAN_POINT ( 'NONE',  ( 57.00000000000000000, -22.00000000000000000, 1.999999999999998224 ) ) ;
#1091 = CARTESIAN_POINT ( 'NONE',  ( 60.00000000000001421, -46.00000000000000711, 1.999999999999998224 ) ) ;
#1092 = CYLINDRICAL_SURFACE ( 'NONE', #5561, 1.000000000000000888 ) ;
#1093 = ORIENTED_EDGE ( 'NONE', *, *, #9155, .T. ) ;
#1094 = AXIS2_PLACEMENT_3D ( 'NONE', #617, #3511, #11626 ) ;
#1095 = CARTESIAN_POINT ( 'NONE',  ( 29.31640246938288641, -83.99999999999995737, 7.031419572271842888 ) ) ;
#1096 = DIRECTION ( 'NONE',  ( -0.000000000000000000, -0.000000000000000000, -1.000000000000000000 ) ) ;
#1097 = ORIENTED_EDGE ( 'NONE', *, *, #8983, .F. ) ;
#1098 = DIRECTION ( 'NONE',  ( 0.000000000000000000, 0.000000000000000000, -1.000000000000000000 ) ) ;
#1099 = CIRCLE ( 'NONE', #7841, 2.000000000000001776 ) ;
#1100 = CARTESIAN_POINT ( 'NONE',  ( 30.58429742814211139, -84.00000000000000000, 6.497327383436046766 ) ) ;
#1101 = LINE ( 'NONE', #7381, #4017 ) ;
#1102 = CIRCLE ( 'NONE', #2634, 1.000000000000000888 ) ;
#1103 = CARTESIAN_POINT ( 'NONE',  ( 41.99999999999999289, -0.8284271247461908461, 12.99999999999999645 ) ) ;
#1104 = EDGE_LOOP ( 'NONE', ( #6319, #10684, #4170, #5012 ) ) ;
#1105 = DIRECTION ( 'NONE',  ( -1.000000000000000000, 0.000000000000000000, 0.000000000000000000 ) ) ;
#1106 = CARTESIAN_POINT ( 'NONE',  ( 57.00000000000000000, -26.00000000000000355, 0.000000000000000000 ) ) ;
#1107 = ORIENTED_EDGE ( 'NONE', *, *, #11761, .F. ) ;
#1108 = CARTESIAN_POINT ( 'NONE',  ( 31.00000000000002132, -82.79999999999999716, 22.00000000000000711 ) ) ;
#1109 = ADVANCED_FACE ( 'NONE', ( #964 ), #846, .F. ) ;
#1110 = CARTESIAN_POINT ( 'NONE',  ( 62.00000000000001421, -46.00000000000000711, 27.00100000000000122 ) ) ;
#1111 = ORIENTED_EDGE ( 'NONE', *, *, #7212, .T. ) ;
#1112 = DIRECTION ( 'NONE',  ( 1.000000000000000000, 0.000000000000000000, -0.000000000000000000 ) ) ;
#1113 = DIRECTION ( 'NONE',  ( -1.000000000000000000, 0.000000000000000000, 0.000000000000000000 ) ) ;
#1114 = FACE_OUTER_BOUND ( 'NONE', #6032, .T. ) ;
#1115 = ORIENTED_EDGE ( 'NONE', *, *, #4101, .F. ) ;
#1116 = AXIS2_PLACEMENT_3D ( 'NONE', #11343, #5849, #3957 ) ;
#1118 = CIRCLE ( 'NONE', #534, 1.000000000000000888 ) ;
#1117 = FACE_BOUND ( 'NONE', #4934, .T. ) ;
#1119 = CARTESIAN_POINT ( 'NONE',  ( 73.80000000000001137, -34.99999999999999289, 24.99999999999999289 ) ) ;
#1120 = VERTEX_POINT ( 'NONE', #117 ) ;
#1121 = CIRCLE ( 'NONE', #9604, 1.000000000000000888 ) ;
#1122 = FACE_OUTER_BOUND ( 'NONE', #1315, .T. ) ;
#1123 = VERTEX_POINT ( 'NONE', #5692 ) ;
#1124 = AXIS2_PLACEMENT_3D ( 'NONE', #10239, #1965, #5657 ) ;
#1125 = EDGE_CURVE ( 'NONE', #1086, #8144, #11076, .T. ) ;
#1126 = ADVANCED_FACE ( 'NONE', ( #9359 ), #61, .F. ) ;
#1127 = DIRECTION ( 'NONE',  ( 0.000000000000000000, 0.000000000000000000, 1.000000000000000000 ) ) ;
#1128 = ORIENTED_EDGE ( 'NONE', *, *, #7340, .F. ) ;
#1129 = CARTESIAN_POINT ( 'NONE',  ( 30.92350664958648210, -84.00000000000000000, 5.424315392068247199 ) ) ;
#1130 = ORIENTED_EDGE ( 'NONE', *, *, #6249, .T. ) ;
#1131 = LINE ( 'NONE', #4936, #10474 ) ;
#1132 = ORIENTED_EDGE ( 'NONE', *, *, #6476, .T. ) ;
#1133 = VECTOR ( 'NONE', #2275, 1000.000000000000000 ) ;
#1134 = EDGE_LOOP ( 'NONE', ( #9131, #8632, #5415, #9171 ) ) ;
#1135 = CARTESIAN_POINT ( 'NONE',  ( 54.00000000000000711, -38.00000000000000000, 1.999999999999998224 ) ) ;
#1136 = VECTOR ( 'NONE', #11335, 1000.000000000000000 ) ;
#1137 = VERTEX_POINT ( 'NONE', #9173 ) ;
#1138 = CARTESIAN_POINT ( 'NONE',  ( 60.00000000000000711, -38.00000000000000000, 1.999999999999998224 ) ) ;
#1139 = VERTEX_POINT ( 'NONE', #6465 ) ;
#1140 = CARTESIAN_POINT ( 'NONE',  ( 28.84260996342663930, -83.70000000000001705, 6.951064363261663992 ) ) ;
#1141 = EDGE_CURVE ( 'NONE', #10762, #2810, #1085, .T. ) ;
#1142 = CARTESIAN_POINT ( 'NONE',  ( 29.92748615984581306, -83.99999999999997158, 7.189045634404609864 ) ) ;
#1143 = EDGE_LOOP ( 'NONE', ( #4492, #7114, #11884, #11244 ) ) ;
#1144 = DIRECTION ( 'NONE',  ( -0.000000000000000000, -0.000000000000000000, -1.000000000000000000 ) ) ;
#1145 = EDGE_CURVE ( 'NONE', #2014, #10565, #7479, .T. ) ;
#1146 = CARTESIAN_POINT ( 'NONE',  ( 28.10967756063976353, -84.00000000000000000, 6.566512002868666542 ) ) ;
#1147 = LINE ( 'NONE', #4638, #10929 ) ;
#1148 = CIRCLE ( 'NONE', #2120, 1.000000000000000888 ) ;
#1149 = CARTESIAN_POINT ( 'NONE',  ( 26.60782547133220532, -83.70000000000001705, 7.983552992241519597 ) ) ;
#1150 = VERTEX_POINT ( 'NONE', #6639 ) ;
#1151 = CARTESIAN_POINT ( 'NONE',  ( 30.80972684651430882, -84.00000000000000000, 7.172962620573032133 ) ) ;
#1152 = DIRECTION ( 'NONE',  ( -1.000000000000000000, 0.000000000000000000, 0.000000000000000000 ) ) ;
#1153 = CARTESIAN_POINT ( 'NONE',  ( 65.00000000000000000, -10.00000000000000000, 1.999999999999998224 ) ) ;
#1154 = LINE ( 'NONE', #7611, #4671 ) ;
#1155 = CARTESIAN_POINT ( 'NONE',  ( 61.00000000000000711, -30.00000000000000000, 27.00100000000000122 ) ) ;
#1156 = EDGE_LOOP ( 'NONE', ( #7645, #2994 ) ) ;
#1157 = CARTESIAN_POINT ( 'NONE',  ( 46.56186833844904527, -83.70000000000001705, 4.368891965448924886 ) ) ;
#1158 = ADVANCED_FACE ( 'NONE', ( #3734 ), #10151, .T. ) ;
#1159 = CIRCLE ( 'NONE', #959, 1.000000000000000888 ) ;
#1160 = FACE_BOUND ( 'NONE', #5342, .T. ) ;
#1161 = ADVANCED_FACE ( 'NONE', ( #9118 ), #1874, .F. ) ;
#1162 = ADVANCED_FACE ( 'NONE', ( #7425 ), #5571, .F. ) ;
#1163 = EDGE_LOOP ( 'NONE', ( #5291, #981, #2048, #11066 ) ) ;
#1164 = CARTESIAN_POINT ( 'NONE',  ( 30.60938381024310218, -84.00000000000002842, 4.427858556799254330 ) ) ;
#1165 = CYLINDRICAL_SURFACE ( 'NONE', #5242, 2.000000000000000000 ) ;
#1166 = DIRECTION ( 'NONE',  ( -0.2553911228370345787, 0.000000000000000000, 0.9668378221687641272 ) ) ;
#1167 = AXIS2_PLACEMENT_3D ( 'NONE', #1745, #9107, #11002 ) ;
#1168 = ORIENTED_EDGE ( 'NONE', *, *, #4020, .F. ) ;
#1169 = FACE_OUTER_BOUND ( 'NONE', #1652, .T. ) ;
#1170 = CARTESIAN_POINT ( 'NONE',  ( 28.83956948314953195, -83.70000000000000284, 7.076808622111232516 ) ) ;
#1171 = ORIENTED_EDGE ( 'NONE', *, *, #10925, .T. ) ;
#1172 = LINE ( 'NONE', #11330, #5549 ) ;
#1173 = ADVANCED_FACE ( 'NONE', ( #1939 ), #5630, .F. ) ;
#1174 = CIRCLE ( 'NONE', #11595, 1.000000000000000888 ) ;
#1175 = ORIENTED_EDGE ( 'NONE', *, *, #4510, .F. ) ;
#1176 = CARTESIAN_POINT ( 'NONE',  ( 55.13789173026190582, -83.70000000000001705, 4.798716526852432551 ) ) ;
#1178 = ORIENTED_EDGE ( 'NONE', *, *, #10023, .F. ) ;
#1177 = DIRECTION ( 'NONE',  ( -1.000000000000000000, 0.000000000000000000, 0.000000000000000000 ) ) ;
#1179 = CARTESIAN_POINT ( 'NONE',  ( 30.65407208785928006, -83.70000000000003126, 5.848139695764561274 ) ) ;
#1180 = FACE_BOUND ( 'NONE', #9505, .T. ) ;
#1181 = LINE ( 'NONE', #10430, #223 ) ;
#1182 = ORIENTED_EDGE ( 'NONE', *, *, #10862, .T. ) ;
#1183 = DIRECTION ( 'NONE',  ( -0.000000000000000000, -0.000000000000000000, -1.000000000000000000 ) ) ;
#1184 = ORIENTED_EDGE ( 'NONE', *, *, #3914, .T. ) ;
#1185 = EDGE_CURVE ( 'NONE', #11165, #5858, #3112, .T. ) ;
#1186 = AXIS2_PLACEMENT_3D ( 'NONE', #9134, #5284, #9871 ) ;
#1187 = CIRCLE ( 'NONE', #3888, 1.000000000000000888 ) ;
#1188 = CARTESIAN_POINT ( 'NONE',  ( 30.35672234539380199, -83.70000000000000284, 6.591320836775837577 ) ) ;
#1189 = EDGE_LOOP ( 'NONE', ( #11084, #11077, #9333, #837 ) ) ;
#1190 = CARTESIAN_POINT ( 'NONE',  ( 9.912705577010328508E-15, -30.00000000000000000, 13.50000000000000178 ) ) ;
#1191 = ORIENTED_EDGE ( 'NONE', *, *, #202, .T. ) ;
#1192 = ORIENTED_EDGE ( 'NONE', *, *, #530, .F. ) ;
#1193 = DIRECTION ( 'NONE',  ( -1.000000000000000000, 0.000000000000000000, 0.000000000000000000 ) ) ;
#1194 = ORIENTED_EDGE ( 'NONE', *, *, #5193, .F. ) ;
#1195 = CIRCLE ( 'NONE', #6400, 1.000000000000000888 ) ;
#1196 = AXIS2_PLACEMENT_3D ( 'NONE', #1942, #5695, #1030 ) ;
#1197 = ADVANCED_FACE ( 'NONE', ( #7306 ), #11014, .T. ) ;
#1198 = ORIENTED_EDGE ( 'NONE', *, *, #11718, .T. ) ;
#1199 = CARTESIAN_POINT ( 'NONE',  ( 29.31640246938288996, -84.00000000000001421, 7.031419572271843776 ) ) ;
#1200 = FACE_OUTER_BOUND ( 'NONE', #430, .T. ) ;
#1201 = EDGE_LOOP ( 'NONE', ( #1354, #5817 ) ) ;
#1202 = DIRECTION ( 'NONE',  ( 0.000000000000000000, -1.000000000000000000, 0.000000000000000000 ) ) ;
#1203 = CARTESIAN_POINT ( 'NONE',  ( 29.92361494501641417, -84.00000000000000000, 7.091306945024713038 ) ) ;
#1204 = CIRCLE ( 'NONE', #3903, 1.000000000000000888 ) ;
#1205 = DIRECTION ( 'NONE',  ( 0.000000000000000000, -0.000000000000000000, -1.000000000000000000 ) ) ;
#1206 = CIRCLE ( 'NONE', #11431, 1.000000000000000888 ) ;
#1207 = CARTESIAN_POINT ( 'NONE',  ( 29.92665738345869997, -83.70000000000003126, 7.007672748455656020 ) ) ;
#1208 = DIRECTION ( 'NONE',  ( 0.000000000000000000, -1.000000000000000000, 0.000000000000000000 ) ) ;
#1209 = DIRECTION ( 'NONE',  ( 1.000000000000000000, 0.000000000000000000, 0.000000000000000000 ) ) ;
#1210 = VERTEX_POINT ( 'NONE', #6697 ) ;
#1211 = CARTESIAN_POINT ( 'NONE',  ( 31.18358559234953020, -83.70000000000003126, 7.690658041232444120 ) ) ;
#1212 = ADVANCED_FACE ( 'NONE', ( #5749 ), #5810, .F. ) ;
#1213 = EDGE_CURVE ( 'NONE', #11489, #118, #8576, .T. ) ;
#1214 = CARTESIAN_POINT ( 'NONE',  ( 47.00000000000002842, -82.00000000000000000, 9.999999999999998224 ) ) ;
#1215 = VECTOR ( 'NONE', #9890, 1000.000000000000000 ) ;
#1216 = CARTESIAN_POINT ( 'NONE',  ( 2.000000000000000888, -2.000000000000000000, 2.000000000000000000 ) ) ;
#1217 = DIRECTION ( 'NONE',  ( -0.000000000000000000, -0.000000000000000000, -1.000000000000000000 ) ) ;
#1218 = ORIENTED_EDGE ( 'NONE', *, *, #8872, .F. ) ;
#1219 = EDGE_CURVE ( 'NONE', #5304, #4138, #3887, .T. ) ;
#1220 = CARTESIAN_POINT ( 'NONE',  ( 29.48733814288273436, -83.70000000000001705, 7.602012663651934510 ) ) ;
#1221 = CARTESIAN_POINT ( 'NONE',  ( 27.68049170481715038, -83.70000000000001705, 6.416626416543015132 ) ) ;
#1222 = VECTOR ( 'NONE', #9248, 1000.000000000000000 ) ;
#1223 = ORIENTED_EDGE ( 'NONE', *, *, #3431, .F. ) ;
#1224 = DIRECTION ( 'NONE',  ( -1.000000000000000000, 0.000000000000000000, 0.000000000000000000 ) ) ;
#1225 = DIRECTION ( 'NONE',  ( -0.000000000000000000, -0.000000000000000000, -1.000000000000000000 ) ) ;
#1226 = FACE_OUTER_BOUND ( 'NONE', #5082, .T. ) ;
#1227 = VECTOR ( 'NONE', #10032, 1000.000000000000000 ) ;
#1228 = EDGE_CURVE ( 'NONE', #10369, #2726, #4889, .T. ) ;
#1229 = LINE ( 'NONE', #9685, #10615 ) ;
#1230 = EDGE_CURVE ( 'NONE', #755, #7474, #6758, .T. ) ;
#1231 = EDGE_LOOP ( 'NONE', ( #1922, #6320, #4841, #11591 ) ) ;
#1232 = FACE_OUTER_BOUND ( 'NONE', #10288, .T. ) ;
#1233 = DIRECTION ( 'NONE',  ( 0.000000000000000000, 0.000000000000000000, -1.000000000000000000 ) ) ;
#1234 = ORIENTED_EDGE ( 'NONE', *, *, #4431, .F. ) ;
#1235 = EDGE_CURVE ( 'NONE', #2154, #10559, #9484, .T. ) ;
#1236 = LINE ( 'NONE', #319, #8198 ) ;
#1237 = VECTOR ( 'NONE', #5557, 1000.000000000000000 ) ;
#1238 = CIRCLE ( 'NONE', #2206, 1.000000000000000888 ) ;
#1239 = ORIENTED_EDGE ( 'NONE', *, *, #7836, .F. ) ;
#1240 = LINE ( 'NONE', #3759, #346 ) ;
#1241 = CYLINDRICAL_SURFACE ( 'NONE', #10454, 1.000000000000000888 ) ;
#1242 = ORIENTED_EDGE ( 'NONE', *, *, #10301, .F. ) ;
#1243 = EDGE_CURVE ( 'NONE', #9191, #3629, #11365, .T. ) ;
#1244 = DIRECTION ( 'NONE',  ( -1.000000000000000000, 0.000000000000000000, 0.000000000000000000 ) ) ;
#1245 = EDGE_CURVE ( 'NONE', #4067, #2123, #354, .T. ) ;
#1246 = FACE_BOUND ( 'NONE', #7566, .T. ) ;
#1247 = CARTESIAN_POINT ( 'NONE',  ( 30.11817107419174988, -83.70000000000003126, 6.113290579393593660 ) ) ;
#1248 = VERTEX_POINT ( 'NONE', #6867 ) ;
#1249 = CARTESIAN_POINT ( 'NONE',  ( 50.00000000000000711, -42.00000000000000000, 1.999999999999998224 ) ) ;
#1250 = ORIENTED_EDGE ( 'NONE', *, *, #11586, .T. ) ;
#1251 = AXIS2_PLACEMENT_3D ( 'NONE', #2063, #3739, #5697 ) ;
#1252 = CARTESIAN_POINT ( 'NONE',  ( 30.01391687349325466, -83.70000000000000284, 6.803074947385266746 ) ) ;
#1253 = VERTEX_POINT ( 'NONE', #3007 ) ;
#1254 = CARTESIAN_POINT ( 'NONE',  ( 4.999999999999998224, 1.409462824231155370E-15, 3.999999999999998224 ) ) ;
#1255 = AXIS2_PLACEMENT_3D ( 'NONE', #7325, #4487, #11096 ) ;
#1256 = ORIENTED_EDGE ( 'NONE', *, *, #11196, .T. ) ;
#1257 = CARTESIAN_POINT ( 'NONE',  ( 50.00000000000001421, -54.00000000000000000, 1.999999999999998224 ) ) ;
#1258 = VERTEX_POINT ( 'NONE', #413 ) ;
#1259 = VERTEX_POINT ( 'NONE', #2179 ) ;
#1260 = CARTESIAN_POINT ( 'NONE',  ( 60.00000000000000711, -34.00000000000000000, 1.999999999999998224 ) ) ;
#1261 = DIRECTION ( 'NONE',  ( 1.000000000000000000, 0.000000000000000000, 0.000000000000000000 ) ) ;
#1262 = VECTOR ( 'NONE', #7070, 1000.000000000000000 ) ;
#1263 = CARTESIAN_POINT ( 'NONE',  ( 28.76325438941809054, -83.70000000000003126, 7.410961148397344544 ) ) ;
#1264 = FACE_OUTER_BOUND ( 'NONE', #8238, .T. ) ;
#1265 = DIRECTION ( 'NONE',  ( 0.000000000000000000, 0.000000000000000000, -1.000000000000000000 ) ) ;
#1266 = EDGE_CURVE ( 'NONE', #3252, #4443, #9096, .T. ) ;
#1267 = CARTESIAN_POINT ( 'NONE',  ( 27.68049170481715038, -84.00000000000000000, 6.416626416543015132 ) ) ;
#1268 =( NAMED_UNIT ( * ) PLANE_ANGLE_UNIT ( ) SI_UNIT ( $, .RADIAN. ) );
#1269 = CARTESIAN_POINT ( 'NONE',  ( 53.00000000000000711, -26.00000000000000355, 0.000000000000000000 ) ) ;
#1270 = ORIENTED_EDGE ( 'NONE', *, *, #6026, .F. ) ;
#1271 = CARTESIAN_POINT ( 'NONE',  ( 71.00000000000002842, -82.00000000000000000, 1.999999999999998224 ) ) ;
#1272 = DIRECTION ( 'NONE',  ( 0.000000000000000000, -0.000000000000000000, -1.000000000000000000 ) ) ;
#1273 = LINE ( 'NONE', #2237, #1627 ) ;
#1274 = CARTESIAN_POINT ( 'NONE',  ( 31.94462425842338504, -84.00000000000000000, 7.505212078228091777 ) ) ;
#1275 = VERTEX_POINT ( 'NONE', #5868 ) ;
#1276 = PLANE ( 'NONE',  #233 ) ;
#1277 = FACE_OUTER_BOUND ( 'NONE', #6543, .T. ) ;
#1278 = EDGE_CURVE ( 'NONE', #9565, #6687, #4090, .T. ) ;
#1279 = EDGE_CURVE ( 'NONE', #9716, #10502, #2931, .T. ) ;
#1280 = ORIENTED_EDGE ( 'NONE', *, *, #9743, .F. ) ;
#1281 = CARTESIAN_POINT ( 'NONE',  ( 60.00000000000001421, -50.00000000000000000, 27.00100000000000122 ) ) ;
#1282 = CARTESIAN_POINT ( 'NONE',  ( 31.13657641631970918, -83.99999999999998579, 6.182673822920587092 ) ) ;
#1283 = CARTESIAN_POINT ( 'NONE',  ( 49.00000000000000000, -22.00000000000000000, 27.00100000000000122 ) ) ;
#1284 = B_SPLINE_SURFACE_WITH_KNOTS ( 'NONE', 3, 1, ( 
 ( #2819, #5802 ),
 ( #2946, #3911 ),
 ( #7535, #6632 ),
 ( #10329, #5862 ),
 ( #9289, #3726 ),
 ( #10204, #1931 ),
 ( #5624, #2055 ),
 ( #1020, #5742 ),
 ( #9415, #7597 ),
 ( #11303, #7213 ),
 ( #6808, #2402 ),
 ( #5412, #5354 ),
 ( #1497, #11477 ),
 ( #8687, #6099 ),
 ( #9025, #11819 ),
 ( #10636, #9998 ),
 ( #6860, #3526 ),
 ( #404, #9776 ),
 ( #4202, #4028 ) ),
 .UNSPECIFIED., .F., .F., .F.,
 ( 4, 1, 1, 1, 1, 1, 1, 1, 1, 1, 1, 1, 1, 1, 1, 1, 4 ),
 ( 2, 2 ),
 ( 0.000000000000000000, 0.08308166384969623008, 0.1622612176051349275, 0.2381294452492994651, 0.3101605418572249140, 0.3794761100389464903, 0.4457245189982473876, 0.5087079151549809275, 0.5697221887858852085, 0.6280328804947660215, 0.6843638871447594862, 0.7387132236194431378, 0.7917157550438260749, 0.8434861832067579446, 0.8952019623493535638, 0.9473792556590049374, 1.000000000000000000 ),
 ( 0.000000000000000000, 1.000000000000000000 ),
 .UNSPECIFIED. ) ;
#1285 = CARTESIAN_POINT ( 'NONE',  ( 66.00000000000000000, -18.00000000000000355, 1.999999999999998224 ) ) ;
#1286 = CARTESIAN_POINT ( 'NONE',  ( 60.00000000000001421, -42.00000000000000000, 0.000000000000000000 ) ) ;
#1287 = ORIENTED_EDGE ( 'NONE', *, *, #4851, .F. ) ;
#1288 = CARTESIAN_POINT ( 'NONE',  ( 30.74896169477251817, -83.70000000000001705, 5.008028990036993200 ) ) ;
#1289 = DIRECTION ( 'NONE',  ( -1.000000000000000000, 0.000000000000000000, 0.000000000000000000 ) ) ;
#1290 = VERTEX_POINT ( 'NONE', #9424 ) ;
#1291 = DIRECTION ( 'NONE',  ( 0.000000000000000000, 0.000000000000000000, -1.000000000000000000 ) ) ;
#1292 = VECTOR ( 'NONE', #1766, 1000.000000000000000 ) ;
#1293 = ORIENTED_EDGE ( 'NONE', *, *, #11100, .T. ) ;
#1294 = CARTESIAN_POINT ( 'NONE',  ( 30.92142193803482542, -84.00000000000001421, 5.454159919465545237 ) ) ;
#1295 = EDGE_CURVE ( 'NONE', #6437, #10331, #4032, .T. ) ;
#1296 = DIRECTION ( 'NONE',  ( 1.000000000000000000, 0.000000000000000000, 0.000000000000000000 ) ) ;
#1297 = CARTESIAN_POINT ( 'NONE',  ( 58.00000000000001421, -66.00000000000000000, 27.00100000000000122 ) ) ;
#1298 = CARTESIAN_POINT ( 'NONE',  ( 65.00000000000000000, -10.00000000000000000, 0.000000000000000000 ) ) ;
#1299 = DIRECTION ( 'NONE',  ( 0.000000000000000000, 0.000000000000000000, -1.000000000000000000 ) ) ;
#1300 = ORIENTED_EDGE ( 'NONE', *, *, #9046, .F. ) ;
#1301 = CARTESIAN_POINT ( 'NONE',  ( 50.00000000000000711, -46.00000000000000711, 1.999999999999998224 ) ) ;
#1302 = AXIS2_PLACEMENT_3D ( 'NONE', #5006, #5124, #405 ) ;
#1303 = ORIENTED_EDGE ( 'NONE', *, *, #11211, .T. ) ;
#1304 = EDGE_CURVE ( 'NONE', #9350, #8152, #1772, .T. ) ;
#1305 = CARTESIAN_POINT ( 'NONE',  ( 5.000000000000000000, -4.000000000000000000, 27.00000000000000000 ) ) ;
#1306 = EDGE_CURVE ( 'NONE', #3646, #5233, #3974, .T. ) ;
#1307 = ORIENTED_EDGE ( 'NONE', *, *, #6968, .F. ) ;
#1308 = DIRECTION ( 'NONE',  ( -1.000000000000000000, 0.000000000000000000, 0.000000000000000000 ) ) ;
#1309 = PRODUCT ( 'Áã¼þ1', 'Áã¼þ1', '', ( #6332 ) ) ;
#1310 = AXIS2_PLACEMENT_3D ( 'NONE', #1305, #11641, #8676 ) ;
#1311 = EDGE_CURVE ( 'NONE', #3646, #1137, #7718, .T. ) ;
#1312 = AXIS2_PLACEMENT_3D ( 'NONE', #4724, #137, #11274 ) ;
#1313 = LINE ( 'NONE', #4077, #10280 ) ;
#1314 = ORIENTED_EDGE ( 'NONE', *, *, #9509, .T. ) ;
#1315 = EDGE_LOOP ( 'NONE', ( #7401, #5553, #2239, #11012 ) ) ;
#1316 = CARTESIAN_POINT ( 'NONE',  ( 29.31640246938288996, -83.70000000000003126, 7.031419572271843776 ) ) ;
#1317 = DIRECTION ( 'NONE',  ( -1.000000000000000000, 0.000000000000000000, 0.000000000000000000 ) ) ;
#1318 = CIRCLE ( 'NONE', #8063, 1.000000000000000888 ) ;
#1319 = CIRCLE ( 'NONE', #738, 1.000000000000000888 ) ;
#1320 = CARTESIAN_POINT ( 'NONE',  ( 31.03814912925179925, -83.70000000000001705, 7.838429966572931562 ) ) ;
#1321 = CIRCLE ( 'NONE', #4788, 1.000000000000000888 ) ;
#1322 = DIRECTION ( 'NONE',  ( 0.000000000000000000, 0.000000000000000000, -1.000000000000000000 ) ) ;
#1323 = DIRECTION ( 'NONE',  ( 0.000000000000000000, 1.000000000000000000, 0.000000000000000000 ) ) ;
#1324 = LINE ( 'NONE', #3916, #1566 ) ;
#1325 = CARTESIAN_POINT ( 'NONE',  ( 29.27606182237592947, -83.70000000000003126, 5.132955299151009676 ) ) ;
#1326 = AXIS2_PLACEMENT_3D ( 'NONE', #7215, #10921, #2617 ) ;
#1327 = CARTESIAN_POINT ( 'NONE',  ( 29.84325973600623527, -83.70000000000001705, 5.633542162698526923 ) ) ;
#1328 = ORIENTED_EDGE ( 'NONE', *, *, #8587, .F. ) ;
#1329 = AXIS2_PLACEMENT_3D ( 'NONE', #10364, #2861, #3952 ) ;
#1330 = FACE_OUTER_BOUND ( 'NONE', #5559, .T. ) ;
#1331 = DIRECTION ( 'NONE',  ( 1.000000000000000000, 0.000000000000000000, -0.000000000000000000 ) ) ;
#1332 = CARTESIAN_POINT ( 'NONE',  ( 53.00000000000000711, -42.00000000000000000, 0.000000000000000000 ) ) ;
#1333 = FACE_BOUND ( 'NONE', #3164, .T. ) ;
#1334 = ORIENTED_EDGE ( 'NONE', *, *, #758, .T. ) ;
#1335 = LINE ( 'NONE', #9737, #6784 ) ;
#1336 = AXIS2_PLACEMENT_3D ( 'NONE', #10997, #2695, #7229 ) ;
#1337 = CARTESIAN_POINT ( 'NONE',  ( 30.51137869582762718, -83.70000000000001705, 7.502473557379402358 ) ) ;
#1338 = AXIS2_PLACEMENT_3D ( 'NONE', #3272, #1410, #8652 ) ;
#1339 = CARTESIAN_POINT ( 'NONE',  ( 12.00000000000001421, -1.051004264383858189, 3.000000000000012434 ) ) ;
#1340 = ORIENTED_EDGE ( 'NONE', *, *, #7191, .F. ) ;
#1341 = FACE_OUTER_BOUND ( 'NONE', #5702, .T. ) ;
#1342 = LINE ( 'NONE', #9679, #2531 ) ;
#1343 = VERTEX_POINT ( 'NONE', #1327 ) ;
#1344 = DIRECTION ( 'NONE',  ( -1.000000000000000000, 0.000000000000000000, 0.000000000000000000 ) ) ;
#1345 = DIRECTION ( 'NONE',  ( 0.000000000000000000, 0.000000000000000000, -1.000000000000000000 ) ) ;
#1346 = DIRECTION ( 'NONE',  ( -1.000000000000000000, 0.000000000000000000, 0.000000000000000000 ) ) ;
#1347 = ORIENTED_EDGE ( 'NONE', *, *, #3663, .F. ) ;
#1348 = AXIS2_PLACEMENT_3D ( 'NONE', #1153, #3011, #8581 ) ;
#1349 = CARTESIAN_POINT ( 'NONE',  ( 64.00000000000000000, -30.00000000000000000, 27.00100000000000122 ) ) ;
#1350 = SURFACE_STYLE_USAGE ( .BOTH. , #11620 ) ;
#1351 = ORIENTED_EDGE ( 'NONE', *, *, #4971, .T. ) ;
#1352 = ADVANCED_FACE ( 'NONE', ( #7777 ), #11483, .F. ) ;
#1353 = LINE ( 'NONE', #11276, #4757 ) ;
#1354 = ORIENTED_EDGE ( 'NONE', *, *, #5353, .F. ) ;
#1355 = FACE_OUTER_BOUND ( 'NONE', #9343, .T. ) ;
#1356 = CARTESIAN_POINT ( 'NONE',  ( 66.00000000000000000, -42.00000000000000000, 1.999999999999998224 ) ) ;
#1357 = CIRCLE ( 'NONE', #2137, 1.000000000000000888 ) ;
#1358 = CARTESIAN_POINT ( 'NONE',  ( 64.00000000000000000, -18.00000000000000355, 1.999999999999998224 ) ) ;
#1359 = CARTESIAN_POINT ( 'NONE',  ( 27.71698481977799489, -83.99999999999997158, 6.418080069432558155 ) ) ;
#1360 = CIRCLE ( 'NONE', #10428, 1.000000000000000888 ) ;
#1361 = DIRECTION ( 'NONE',  ( 0.000000000000000000, -0.000000000000000000, -1.000000000000000000 ) ) ;
#1362 = CARTESIAN_POINT ( 'NONE',  ( 29.53694222365527011, -83.69999999999998863, 6.476313655444466022 ) ) ;
#1363 = ORIENTED_EDGE ( 'NONE', *, *, #6120, .F. ) ;
#1364 = PLANE ( 'NONE',  #89 ) ;
#1365 = VERTEX_POINT ( 'NONE', #1390 ) ;
#1366 = EDGE_CURVE ( 'NONE', #9001, #520, #5070, .T. ) ;
#1367 = AXIS2_PLACEMENT_3D ( 'NONE', #1377, #6804, #5739 ) ;
#1368 = EDGE_CURVE ( 'NONE', #4342, #5180, #11598, .T. ) ;
#1369 = ORIENTED_EDGE ( 'NONE', *, *, #7038, .F. ) ;
#1370 = CARTESIAN_POINT ( 'NONE',  ( 54.91274553143149717, -83.70000000000001705, 6.047254538548339831 ) ) ;
#1371 = ORIENTED_EDGE ( 'NONE', *, *, #1368, .T. ) ;
#1372 = DIRECTION ( 'NONE',  ( 0.000000000000000000, 0.000000000000000000, 1.000000000000000000 ) ) ;
#1373 = DIRECTION ( 'NONE',  ( 1.000000000000000000, 0.000000000000000000, 0.000000000000000000 ) ) ;
#1374 = ORIENTED_EDGE ( 'NONE', *, *, #6182, .T. ) ;
#1375 = ORIENTED_EDGE ( 'NONE', *, *, #5748, .F. ) ;
#1376 = ORIENTED_EDGE ( 'NONE', *, *, #676, .F. ) ;
#1377 = CARTESIAN_POINT ( 'NONE',  ( 65.00000000000001421, -54.00000000000000000, 0.000000000000000000 ) ) ;
#1378 = EDGE_CURVE ( 'NONE', #11952, #5828, #2174, .T. ) ;
#1379 = AXIS2_PLACEMENT_3D ( 'NONE', #4858, #6389, #144 ) ;
#1380 = CARTESIAN_POINT ( 'NONE',  ( 48.07648822148998136, -83.70000000000001705, 4.409827637963545044 ) ) ;
#1381 = EDGE_CURVE ( 'NONE', #9805, #7824, #4333, .T. ) ;
#1382 = CARTESIAN_POINT ( 'NONE',  ( 31.11623163273323911, -83.70000000000001705, 7.769110153257123841 ) ) ;
#1383 = CARTESIAN_POINT ( 'NONE',  ( 27.98541916179027211, -83.70000000000003126, 6.481028812848228071 ) ) ;
#1384 = DIRECTION ( 'NONE',  ( 1.000000000000000000, 0.000000000000000000, 0.000000000000000000 ) ) ;
#1385 = B_SPLINE_SURFACE_WITH_KNOTS ( 'NONE', 3, 1, ( 
 ( #3928, #8466 ),
 ( #3869, #2013 ),
 ( #10286, #7616 ),
 ( #363, #6708 ),
 ( #10407, #4042 ),
 ( #3136, #3078 ),
 ( #7669, #8586 ),
 ( #2131, #5819 ),
 ( #3984, #7556 ),
 ( #9497, #6766 ),
 ( #1337, #8702 ),
 ( #424, #5136 ),
 ( #6876, #9910 ),
 ( #3261, #6941 ),
 ( #8763, #4221 ) ),
 .UNSPECIFIED., .F., .F., .F.,
 ( 4, 1, 1, 1, 1, 1, 1, 1, 1, 1, 1, 1, 4 ),
 ( 2, 2 ),
 ( 0.000000000000000000, 0.1414542082868565365, 0.2712472310191822999, 0.3945902606219660047, 0.5150123570715937626, 0.5745609901938049102, 0.6327823197126848376, 0.6906535640577259327, 0.7487942917896615036, 0.8072567599225205504, 0.8683665061512230166, 0.9327582373790048731, 1.000000000000000000 ),
 ( 0.000000000000000000, 1.000000000000000000 ),
 .UNSPECIFIED. ) ;
#1386 = DIRECTION ( 'NONE',  ( -0.000000000000000000, -0.000000000000000000, -1.000000000000000000 ) ) ;
#1387 = CARTESIAN_POINT ( 'NONE',  ( 58.00000000000000711, -30.00000000000000000, 0.000000000000000000 ) ) ;
#1388 = AXIS2_PLACEMENT_3D ( 'NONE', #6898, #3999, #11393 ) ;
#1389 = VECTOR ( 'NONE', #1976, 1000.000000000000000 ) ;
#1390 = CARTESIAN_POINT ( 'NONE',  ( 45.78409056067126670, -83.70000000000001705, 4.368891965448924886 ) ) ;
#1391 = ORIENTED_EDGE ( 'NONE', *, *, #1381, .T. ) ;
#1392 = DIRECTION ( 'NONE',  ( -0.000000000000000000, -0.000000000000000000, -1.000000000000000000 ) ) ;
#1393 = CARTESIAN_POINT ( 'NONE',  ( 45.64081570687010014, -83.70000000000001705, 5.678833485916761070 ) ) ;
#1394 = EDGE_CURVE ( 'NONE', #7824, #9398, #8873, .T. ) ;
#1395 = CARTESIAN_POINT ( 'NONE',  ( 57.00000000000000711, -42.00000000000000000, 0.000000000000000000 ) ) ;
#1396 = LINE ( 'NONE', #7840, #2843 ) ;
#1397 = VERTEX_POINT ( 'NONE', #10822 ) ;
#1398 = DIRECTION ( 'NONE',  ( -0.000000000000000000, 1.000000000000000000, -0.000000000000000000 ) ) ;
#1399 = AXIS2_PLACEMENT_3D ( 'NONE', #1269, #8515, #7833 ) ;
#1400 = CIRCLE ( 'NONE', #2932, 2.000000000000000000 ) ;
#1401 = CARTESIAN_POINT ( 'NONE',  ( 60.00000000000000711, -26.00000000000000355, 0.000000000000000000 ) ) ;
#1402 = CARTESIAN_POINT ( 'NONE',  ( 65.00000000000000000, -22.00000000000000000, 0.000000000000000000 ) ) ;
#1403 = EDGE_LOOP ( 'NONE', ( #8007, #4488 ) ) ;
#1404 = CARTESIAN_POINT ( 'NONE',  ( 57.00000000000000000, -18.00000000000000355, 1.999999999999998224 ) ) ;
#1405 = CARTESIAN_POINT ( 'NONE',  ( 27.60999137993086094, -84.00000000000000000, 5.938285502529586424 ) ) ;
#1406 = ORIENTED_EDGE ( 'NONE', *, *, #3001, .T. ) ;
#1407 = CYLINDRICAL_SURFACE ( 'NONE', #9614, 1.000000000000000888 ) ;
#1408 = CIRCLE ( 'NONE', #5847, 1.000000000000000888 ) ;
#1409 = CARTESIAN_POINT ( 'NONE',  ( 30.34889109836274557, -84.00000000000000000, 7.524921846475871590 ) ) ;
#1410 = DIRECTION ( 'NONE',  ( -0.000000000000000000, -0.000000000000000000, -1.000000000000000000 ) ) ;
#1411 = EDGE_LOOP ( 'NONE', ( #5795, #5801, #7525, #9740 ) ) ;
#1412 = DIRECTION ( 'NONE',  ( 0.000000000000000000, 0.000000000000000000, -1.000000000000000000 ) ) ;
#1413 = ORIENTED_EDGE ( 'NONE', *, *, #4955, .F. ) ;
#1414 = VECTOR ( 'NONE', #9757, 1000.000000000000000 ) ;
#1415 = LINE ( 'NONE', #2550, #7538 ) ;
#1416 = ORIENTED_EDGE ( 'NONE', *, *, #9084, .F. ) ;
#1417 = CARTESIAN_POINT ( 'NONE',  ( 65.00000000000001421, -62.00000000000000711, 0.000000000000000000 ) ) ;
#1418 = DIRECTION ( 'NONE',  ( -0.000000000000000000, -0.000000000000000000, -1.000000000000000000 ) ) ;
#1419 = EDGE_CURVE ( 'NONE', #9784, #4926, #1408, .T. ) ;
#1420 = CIRCLE ( 'NONE', #2195, 1.000000000000000888 ) ;
#1421 = CARTESIAN_POINT ( 'NONE',  ( 73.00000000000000000, 0.000000000000000000, 27.00000000000000000 ) ) ;
#1422 = ORIENTED_EDGE ( 'NONE', *, *, #10009, .T. ) ;
#1423 = CARTESIAN_POINT ( 'NONE',  ( 53.00000000000001421, -50.00000000000000000, 27.00100000000000122 ) ) ;
#1424 = CARTESIAN_POINT ( 'NONE',  ( 33.20000000000003126, -84.00000000000000000, 16.19999999999999929 ) ) ;
#1425 = CARTESIAN_POINT ( 'NONE',  ( 29.91269368556428887, -83.70000000000004547, 6.207922196308472529 ) ) ;
#1426 = ORIENTED_EDGE ( 'NONE', *, *, #10255, .T. ) ;
#1427 = DIRECTION ( 'NONE',  ( -0.000000000000000000, -1.000000000000000000, -0.000000000000000000 ) ) ;
#1428 = EDGE_LOOP ( 'NONE', ( #437, #6072, #5797, #7696, #11221, #7834, #9357, #7801, #636, #5338 ) ) ;
#1429 = VECTOR ( 'NONE', #3179, 1000.000000000000000 ) ;
#1430 = DIRECTION ( 'NONE',  ( 1.000000000000000000, 0.000000000000000000, 0.000000000000000000 ) ) ;
#1431 = ORIENTED_EDGE ( 'NONE', *, *, #11904, .T. ) ;
#1432 = DIRECTION ( 'NONE',  ( -1.000000000000000000, 0.000000000000000000, 0.000000000000000000 ) ) ;
#1433 = EDGE_CURVE ( 'NONE', #10983, #1438, #83, .T. ) ;
#1434 = AXIS2_PLACEMENT_3D ( 'NONE', #4230, #7918, #6124 ) ;
#1435 = ORIENTED_EDGE ( 'NONE', *, *, #4971, .F. ) ;
#1436 = CARTESIAN_POINT ( 'NONE',  ( 30.36813171834264224, -84.00000000000001421, 7.524642927809497728 ) ) ;
#1437 = LINE ( 'NONE', #5117, #11068 ) ;
#1438 = VERTEX_POINT ( 'NONE', #6048 ) ;
#1439 = ORIENTED_EDGE ( 'NONE', *, *, #6538, .F. ) ;
#1440 = DIRECTION ( 'NONE',  ( -0.000000000000000000, -1.000000000000000000, -0.000000000000000000 ) ) ;
#1441 = B_SPLINE_CURVE_WITH_KNOTS ( 'NONE', 3,
 ( #6904, #4527, #2598, #11798, #11911, #9003, #4408, #9974, #8099, #9703, #1701, #5392, #9065, #4467, #8213 ),
 .UNSPECIFIED., .F., .F.,
 ( 4, 1, 1, 1, 1, 1, 1, 1, 1, 1, 1, 1, 4 ),
 ( 0.000000000000000000, 0.08284489907591102709, 0.1608612525122075088, 0.2344556181061245304, 0.3027167303623405914, 0.3686475396765521162, 0.4313634889539827988, 0.4930251038558994270, 0.5540669883063797929, 0.6710484112269661239, 0.7829340695326693078, 0.8902605667251450861, 1.000000000000000000 ),
 .UNSPECIFIED. ) ;
#1442 = CARTESIAN_POINT ( 'NONE',  ( 30.34889109836274557, -83.99999999999997158, 8.023730596746609933 ) ) ;
#1443 = DIRECTION ( 'NONE',  ( 3.304235192336775512E-16, -1.000000000000000000, 0.000000000000000000 ) ) ;
#1444 = AXIS2_PLACEMENT_3D ( 'NONE', #4985, #8493, #8671 ) ;
#1445 = DIRECTION ( 'NONE',  ( -0.000000000000000000, -1.000000000000000000, -0.000000000000000000 ) ) ;
#1446 = DIRECTION ( 'NONE',  ( 1.000000000000000000, 0.000000000000000000, 0.000000000000000000 ) ) ;
#1447 = EDGE_CURVE ( 'NONE', #8700, #5471, #9707, .T. ) ;
#1448 = ADVANCED_FACE ( 'NONE', ( #2462 ), #11721, .T. ) ;
#1449 = CARTESIAN_POINT ( 'NONE',  ( 62.00000000000000000, -14.00000000000000000, 27.00100000000000122 ) ) ;
#1450 = ORIENTED_EDGE ( 'NONE', *, *, #4742, .F. ) ;
#1451 = CARTESIAN_POINT ( 'NONE',  ( 46.15251161330284901, -83.70000000000001705, 6.988775006384597255 ) ) ;
#1452 = PLANE ( 'NONE',  #4618 ) ;
#1453 = DIRECTION ( 'NONE',  ( 1.000000000000000000, 0.000000000000000000, 0.000000000000000000 ) ) ;
#1454 = CARTESIAN_POINT ( 'NONE',  ( 31.33703000702238484, -83.70000000000001705, 5.988412850961646328 ) ) ;
#1455 = EDGE_LOOP ( 'NONE', ( #8596, #721, #7701, #8384 ) ) ;
#1456 = DIRECTION ( 'NONE',  ( -0.000000000000000000, -0.000000000000000000, -1.000000000000000000 ) ) ;
#1457 = AXIS2_PLACEMENT_3D ( 'NONE', #9422, #8330, #7423 ) ;
#1458 = DIRECTION ( 'NONE',  ( -1.000000000000000000, 0.000000000000000000, 0.000000000000000000 ) ) ;
#1459 = ADVANCED_FACE ( 'NONE', ( #6160 ), #9840, .F. ) ;
#1460 = LINE ( 'NONE', #11609, #4013 ) ;
#1461 = EDGE_CURVE ( 'NONE', #5506, #509, #5456, .T. ) ;
#1462 = ORIENTED_EDGE ( 'NONE', *, *, #5945, .T. ) ;
#1463 = CARTESIAN_POINT ( 'NONE',  ( 33.35538882415871598, -83.70000000000001705, 7.505212078228091777 ) ) ;
#1464 = CARTESIAN_POINT ( 'NONE',  ( 32.74817634852518466, -84.00000000000000000, 7.505212078228091777 ) ) ;
#1465 = ORIENTED_EDGE ( 'NONE', *, *, #2460, .F. ) ;
#1466 = CARTESIAN_POINT ( 'NONE',  ( 66.00000000000000000, -30.00000000000000000, 1.999999999999998224 ) ) ;
#1467 = FACE_OUTER_BOUND ( 'NONE', #11000, .T. ) ;
#1468 = DIRECTION ( 'NONE',  ( -1.000000000000000000, -0.000000000000000000, 2.478176394252582127E-16 ) ) ;
#1469 = ORIENTED_EDGE ( 'NONE', *, *, #7089, .T. ) ;
#1470 = CARTESIAN_POINT ( 'NONE',  ( 30.09444436924261268, -83.99999999999998579, 6.731877411042066939 ) ) ;
#1471 = FACE_OUTER_BOUND ( 'NONE', #8463, .T. ) ;
#1472 = ORIENTED_EDGE ( 'NONE', *, *, #6544, .F. ) ;
#1473 = ORIENTED_EDGE ( 'NONE', *, *, #7407, .F. ) ;
#1474 = CARTESIAN_POINT ( 'NONE',  ( 46.97122506359524152, -83.70000000000001705, 7.909827637963544156 ) ) ;
#1475 = ORIENTED_EDGE ( 'NONE', *, *, #8296, .T. ) ;
#1476 = CARTESIAN_POINT ( 'NONE',  ( 28.83956948314953195, -83.99999999999998579, 7.076808622111232516 ) ) ;
#1477 = CARTESIAN_POINT ( 'NONE',  ( 28.23463941978357994, -83.99999999999998579, 6.951064363261663992 ) ) ;
#1478 = CARTESIAN_POINT ( 'NONE',  ( 27.71698481977799489, -83.70000000000000284, 6.418080069432558155 ) ) ;
#1479 = FACE_OUTER_BOUND ( 'NONE', #10267, .T. ) ;
#1480 = ORIENTED_EDGE ( 'NONE', *, *, #10146, .T. ) ;
#1481 = DIRECTION ( 'NONE',  ( 0.000000000000000000, 1.000000000000000000, 2.891205793294679312E-16 ) ) ;
#1482 = ORIENTED_EDGE ( 'NONE', *, *, #8738, .F. ) ;
#1483 = EDGE_CURVE ( 'NONE', #5025, #2067, #3542, .T. ) ;
#1484 = CARTESIAN_POINT ( 'NONE',  ( 73.80000000000001137, -34.99999999999999289, 24.99999999999999289 ) ) ;
#1485 = ORIENTED_EDGE ( 'NONE', *, *, #5957, .F. ) ;
#1486 = DIRECTION ( 'NONE',  ( 0.6102280094322946047, 0.000000000000000000, 0.7922258368068408885 ) ) ;
#1487 = ORIENTED_EDGE ( 'NONE', *, *, #9645, .F. ) ;
#1488 = AXIS2_PLACEMENT_3D ( 'NONE', #10713, #541, #10769 ) ;
#1489 = CARTESIAN_POINT ( 'NONE',  ( 45.78409056067126670, -83.70000000000001705, 4.368891965448924886 ) ) ;
#1490 = DIRECTION ( 'NONE',  ( 0.000000000000000000, -0.000000000000000000, -1.000000000000000000 ) ) ;
#1491 = EDGE_LOOP ( 'NONE', ( #9360, #9059 ) ) ;
#1492 = EDGE_LOOP ( 'NONE', ( #3623, #6850 ) ) ;
#1493 = ORIENTED_EDGE ( 'NONE', *, *, #9780, .T. ) ;
#1494 = DIRECTION ( 'NONE',  ( -1.000000000000000000, 0.000000000000000000, 0.000000000000000000 ) ) ;
#1495 = EDGE_CURVE ( 'NONE', #11965, #3896, #1204, .T. ) ;
#1496 = EDGE_CURVE ( 'NONE', #9418, #9078, #432, .T. ) ;
#1497 = CARTESIAN_POINT ( 'NONE',  ( 31.43313308446841958, -83.70000000000001705, 5.848649548079405847 ) ) ;
#1498 = VECTOR ( 'NONE', #5383, 1000.000000000000000 ) ;
#1499 = DIRECTION ( 'NONE',  ( -0.000000000000000000, -0.000000000000000000, -1.000000000000000000 ) ) ;
#1500 = DIRECTION ( 'NONE',  ( 0.000000000000000000, -0.000000000000000000, 1.000000000000000000 ) ) ;
#1501 = FACE_OUTER_BOUND ( 'NONE', #1411, .T. ) ;
#1502 = CARTESIAN_POINT ( 'NONE',  ( 30.48162744870636232, -83.70000000000000284, 4.413965179748190693 ) ) ;
#1503 = EDGE_LOOP ( 'NONE', ( #4612, #5448, #104 ) ) ;
#1504 = CARTESIAN_POINT ( 'NONE',  ( 58.00000000000001421, -62.00000000000000711, 1.999999999999998224 ) ) ;
#1505 = FACE_BOUND ( 'NONE', #8004, .T. ) ;
#1506 = AXIS2_PLACEMENT_3D ( 'NONE', #1417, #9569, #2261 ) ;
#1507 = CARTESIAN_POINT ( 'NONE',  ( 31.00000000000000000, -1.200000000000000178, 22.00000000000000000 ) ) ;
#1508 = VECTOR ( 'NONE', #555, 1000.000000000000000 ) ;
#1509 = FACE_OUTER_BOUND ( 'NONE', #8854, .T. ) ;
#1510 = ORIENTED_EDGE ( 'NONE', *, *, #1827, .T. ) ;
#1511 = EDGE_CURVE ( 'NONE', #8836, #4419, #10642, .T. ) ;
#1512 = CARTESIAN_POINT ( 'NONE',  ( 45.37473383552506334, -84.00000000000000000, 4.368891965448924886 ) ) ;
#1513 = EDGE_CURVE ( 'NONE', #8128, #2636, #8002, .T. ) ;
#1514 = DIRECTION ( 'NONE',  ( -0.000000000000000000, -0.000000000000000000, -1.000000000000000000 ) ) ;
#1515 = DIRECTION ( 'NONE',  ( 1.000000000000000000, 0.000000000000000000, 0.000000000000000000 ) ) ;
#1516 = CIRCLE ( 'NONE', #8254, 1.000000000000000888 ) ;
#1517 = ORIENTED_EDGE ( 'NONE', *, *, #11407, .T. ) ;
#1518 = DIRECTION ( 'NONE',  ( 0.000000000000000000, -0.000000000000000000, -1.000000000000000000 ) ) ;
#1519 = AXIS2_PLACEMENT_3D ( 'NONE', #6123, #5144, #8949 ) ;
#1520 = CARTESIAN_POINT ( 'NONE',  ( 50.04140050219173474, -83.70000000000001705, 4.409827637963545044 ) ) ;
#1521 = EDGE_LOOP ( 'NONE', ( #9848, #3618, #1293, #731 ) ) ;
#1522 = FACE_BOUND ( 'NONE', #2280, .T. ) ;
#1523 = FACE_OUTER_BOUND ( 'NONE', #10875, .T. ) ;
#1524 = CYLINDRICAL_SURFACE ( 'NONE', #9445, 2.000000000000000000 ) ;
#1525 = VERTEX_POINT ( 'NONE', #7345 ) ;
#1526 = ADVANCED_FACE ( 'NONE', ( #158 ), #5495, .F. ) ;
#1527 = CARTESIAN_POINT ( 'NONE',  ( 30.35672234539380199, -83.99999999999998579, 6.591320836775837577 ) ) ;
#1528 = CARTESIAN_POINT ( 'NONE',  ( 66.00000000000000000, -22.00000000000000000, 1.999999999999998224 ) ) ;
#1529 = AXIS2_PLACEMENT_3D ( 'NONE', #6045, #4267, #6214 ) ;
#1530 = VERTEX_POINT ( 'NONE', #5434 ) ;
#1531 = EDGE_CURVE ( 'NONE', #10374, #6437, #2698, .T. ) ;
#1532 = VERTEX_POINT ( 'NONE', #7292 ) ;
#1533 = AXIS2_PLACEMENT_3D ( 'NONE', #966, #848, #4764 ) ;
#1534 = ADVANCED_FACE ( 'NONE', ( #10936 ), #6450, .T. ) ;
#1535 = LINE ( 'NONE', #6189, #5340 ) ;
#1536 = VERTEX_POINT ( 'NONE', #5677 ) ;
#1537 = DIRECTION ( 'NONE',  ( 0.000000000000000000, -0.000000000000000000, -1.000000000000000000 ) ) ;
#1538 = DIRECTION ( 'NONE',  ( -1.000000000000000000, 0.000000000000000000, 0.000000000000000000 ) ) ;
#1539 = ORIENTED_EDGE ( 'NONE', *, *, #4210, .T. ) ;
#1540 = CARTESIAN_POINT ( 'NONE',  ( 31.04510560161707033, -83.99999999999997158, 4.574410439946457352 ) ) ;
#1541 = AXIS2_PLACEMENT_3D ( 'NONE', #5345, #10915, #627 ) ;
#1542 = DIRECTION ( 'NONE',  ( -0.000000000000000000, -0.000000000000000000, -1.000000000000000000 ) ) ;
#1543 = ORIENTED_EDGE ( 'NONE', *, *, #5261, .F. ) ;
#1544 = PLANE ( 'NONE',  #4913 ) ;
#1545 = VERTEX_POINT ( 'NONE', #4563 ) ;
#1546 = EDGE_CURVE ( 'NONE', #1953, #4928, #10078, .T. ) ;
#1547 = CIRCLE ( 'NONE', #7512, 1.000000000000000888 ) ;
#1548 = DIRECTION ( 'NONE',  ( -1.000000000000000000, 0.000000000000000000, 0.000000000000000000 ) ) ;
#1549 = ORIENTED_EDGE ( 'NONE', *, *, #10485, .T. ) ;
#1550 = DIRECTION ( 'NONE',  ( 0.000000000000000000, -0.000000000000000000, -1.000000000000000000 ) ) ;
#1551 = CARTESIAN_POINT ( 'NONE',  ( 30.73841409011030734, -83.70000000000000284, 7.979397596245377144 ) ) ;
#1552 = CARTESIAN_POINT ( 'NONE',  ( 31.00000000000000000, -2.000000000000000000, 25.00000000000000355 ) ) ;
#1553 = ORIENTED_EDGE ( 'NONE', *, *, #318, .F. ) ;
#1554 = ORIENTED_EDGE ( 'NONE', *, *, #2232, .F. ) ;
#1555 = EDGE_LOOP ( 'NONE', ( #3017, #366 ) ) ;
#1556 = ORIENTED_EDGE ( 'NONE', *, *, #10892, .F. ) ;
#1557 = CARTESIAN_POINT ( 'NONE',  ( 46.74607886476483287, -84.00000000000000000, 5.678833485916761070 ) ) ;
#1558 = EDGE_CURVE ( 'NONE', #5914, #11277, #3323, .T. ) ;
#1559 = LINE ( 'NONE', #8806, #8633 ) ;
#1560 = EDGE_LOOP ( 'NONE', ( #1586, #9037, #768, #1128 ) ) ;
#1561 = CARTESIAN_POINT ( 'NONE',  ( 29.40198086427448487, -83.70000000000003126, 6.663650993257203226 ) ) ;
#1562 = FACE_OUTER_BOUND ( 'NONE', #3152, .T. ) ;
#1563 = EDGE_CURVE ( 'NONE', #4589, #10724, #2738, .T. ) ;
#1564 = CARTESIAN_POINT ( 'NONE',  ( 49.00000000000000000, -10.00000000000000000, 1.999999999999998224 ) ) ;
#1565 = ORIENTED_EDGE ( 'NONE', *, *, #8109, .F. ) ;
#1566 = VECTOR ( 'NONE', #3065, 1000.000000000000000 ) ;
#1567 = CARTESIAN_POINT ( 'NONE',  ( 73.00000000000000000, 2.412091690405846341E-14, 0.000000000000000000 ) ) ;
#1568 = DIRECTION ( 'NONE',  ( 0.000000000000000000, 0.000000000000000000, -1.000000000000000000 ) ) ;
#1569 = DIRECTION ( 'NONE',  ( 0.000000000000000000, 0.000000000000000000, -1.000000000000000000 ) ) ;
#1570 = FACE_OUTER_BOUND ( 'NONE', #4248, .T. ) ;
#1571 = VERTEX_POINT ( 'NONE', #8196 ) ;
#1572 = DIRECTION ( 'NONE',  ( 0.000000000000000000, 0.000000000000000000, -1.000000000000000000 ) ) ;
#1573 = FACE_OUTER_BOUND ( 'NONE', #775, .T. ) ;
#1574 = VECTOR ( 'NONE', #7620, 1000.000000000000000 ) ;
#1575 = DIRECTION ( 'NONE',  ( -0.2776535470382515136, 0.000000000000000000, -0.9606812727523512674 ) ) ;
#1576 = VECTOR ( 'NONE', #11515, 1000.000000000000000 ) ;
#1577 = ORIENTED_EDGE ( 'NONE', *, *, #8430, .F. ) ;
#1578 = DIRECTION ( 'NONE',  ( 0.000000000000000000, 0.000000000000000000, -1.000000000000000000 ) ) ;
#1579 = EDGE_CURVE ( 'NONE', #10502, #8953, #3656, .T. ) ;
#1580 = DIRECTION ( 'NONE',  ( -1.000000000000000000, 0.000000000000000000, 0.000000000000000000 ) ) ;
#1581 = ORIENTED_EDGE ( 'NONE', *, *, #7947, .T. ) ;
#1582 = CARTESIAN_POINT ( 'NONE',  ( 46.97122506359524152, -84.00000000000000000, 7.909827637963544156 ) ) ;
#1583 = ADVANCED_FACE ( 'NONE', ( #11118 ), #1859, .F. ) ;
#1584 = CARTESIAN_POINT ( 'NONE',  ( 49.55017243201629640, -83.70000000000001705, 4.409827637963545044 ) ) ;
#1585 = DIRECTION ( 'NONE',  ( 0.8992350887457960518, -0.000000000000000000, 0.4374657188493064619 ) ) ;
#1586 = ORIENTED_EDGE ( 'NONE', *, *, #2266, .F. ) ;
#1587 = AXIS2_PLACEMENT_3D ( 'NONE', #11130, #10336, #5451 ) ;
#1588 = CARTESIAN_POINT ( 'NONE',  ( 46.97122506359524152, -83.70000000000001705, 4.368891965448924886 ) ) ;
#1589 = FACE_BOUND ( 'NONE', #6814, .T. ) ;
#1590 = CIRCLE ( 'NONE', #2547, 1.000000000000000888 ) ;
#1591 = VERTEX_POINT ( 'NONE', #11058 ) ;
#1592 = EDGE_LOOP ( 'NONE', ( #9219, #8117, #7924, #6220 ) ) ;
#1593 = DIRECTION ( 'NONE',  ( -0.000000000000000000, -0.000000000000000000, -1.000000000000000000 ) ) ;
#1594 = EDGE_LOOP ( 'NONE', ( #3746, #4136, #3956, #10688 ) ) ;
#1595 = VECTOR ( 'NONE', #11894, 1000.000000000000000 ) ;
#1596 = DIRECTION ( 'NONE',  ( 1.000000000000000000, -0.000000000000000000, 0.000000000000000000 ) ) ;
#1597 = VECTOR ( 'NONE', #1386, 1000.000000000000000 ) ;
#1598 = EDGE_CURVE ( 'NONE', #11470, #8314, #11172, .T. ) ;
#1599 = CARTESIAN_POINT ( 'NONE',  ( 28.03581267677783728, -84.00000000000004263, 7.393558758944710263 ) ) ;
#1600 = ORIENTED_EDGE ( 'NONE', *, *, #11507, .F. ) ;
#1601 = CARTESIAN_POINT ( 'NONE',  ( 28.14364364627960668, -83.70000000000001705, 6.604991921735927640 ) ) ;
#1602 = ADVANCED_FACE ( 'NONE', ( #9281 ), #888, .F. ) ;
#1603 = ADVANCED_FACE ( 'NONE', ( #4686 ), #9216, .F. ) ;
#1604 = EDGE_CURVE ( 'NONE', #10141, #213, #4625, .T. ) ;
#1605 = CIRCLE ( 'NONE', #9533, 1.000000000000000888 ) ;
#1606 = CARTESIAN_POINT ( 'NONE',  ( 29.54982170308545619, -83.70000000000001705, 7.679001930236716511 ) ) ;
#1607 = VERTEX_POINT ( 'NONE', #1257 ) ;
#1608 = DIRECTION ( 'NONE',  ( -1.000000000000000000, 0.000000000000000000, 0.000000000000000000 ) ) ;
#1609 = ORIENTED_EDGE ( 'NONE', *, *, #10638, .T. ) ;
#1610 = DIRECTION ( 'NONE',  ( -1.000000000000000000, 0.000000000000000000, 0.000000000000000000 ) ) ;
#1611 = VECTOR ( 'NONE', #5159, 1000.000000000000000 ) ;
#1612 = EDGE_CURVE ( 'NONE', #10762, #7737, #1131, .T. ) ;
#1613 = ORIENTED_EDGE ( 'NONE', *, *, #3678, .F. ) ;
#1614 = DIRECTION ( 'NONE',  ( 0.000000000000000000, 0.000000000000000000, 1.000000000000000000 ) ) ;
#1615 = EDGE_CURVE ( 'NONE', #805, #10791, #11628, .T. ) ;
#1616 = FACE_BOUND ( 'NONE', #1403, .T. ) ;
#1617 = DIRECTION ( 'NONE',  ( 0.1004074352716142066, 0.000000000000000000, -0.9949464040551010413 ) ) ;
#1618 = VERTEX_POINT ( 'NONE', #2047 ) ;
#1619 = EDGE_LOOP ( 'NONE', ( #8021, #10750 ) ) ;
#1620 = VERTEX_POINT ( 'NONE', #2106 ) ;
#1621 = AXIS2_PLACEMENT_3D ( 'NONE', #9613, #1518, #11674 ) ;
#1622 = FACE_OUTER_BOUND ( 'NONE', #6181, .T. ) ;
#1623 = FACE_OUTER_BOUND ( 'NONE', #7253, .T. ) ;
#1624 = ORIENTED_EDGE ( 'NONE', *, *, #1894, .T. ) ;
#1625 = CARTESIAN_POINT ( 'NONE',  ( 53.05017243201628929, -83.70000000000001705, 7.909827637963544156 ) ) ;
#1626 = AXIS2_PLACEMENT_3D ( 'NONE', #51, #6455, #5740 ) ;
#1627 = VECTOR ( 'NONE', #9787, 1000.000000000000000 ) ;
#1628 = LINE ( 'NONE', #468, #5041 ) ;
#1629 = DIRECTION ( 'NONE',  ( 1.000000000000000000, 0.000000000000000000, 0.000000000000000000 ) ) ;
#1630 = ORIENTED_EDGE ( 'NONE', *, *, #6313, .T. ) ;
#1631 = CARTESIAN_POINT ( 'NONE',  ( 73.00000000000001421, -34.99999999999999289, 24.99999999999999289 ) ) ;
#1632 = CARTESIAN_POINT ( 'NONE',  ( 54.00000000000001421, -54.00000000000000000, 0.000000000000000000 ) ) ;
#1633 = CARTESIAN_POINT ( 'NONE',  ( 30.89274563391452944, -83.99999999999997158, 5.217724844925303529 ) ) ;
#1634 = EDGE_LOOP ( 'NONE', ( #9891, #8372, #11528, #1171 ) ) ;
#1635 = AXIS2_PLACEMENT_3D ( 'NONE', #10458, #4947, #3071 ) ;
#1636 = FACE_OUTER_BOUND ( 'NONE', #7463, .T. ) ;
#1637 = ADVANCED_FACE ( 'NONE', ( #7528 ), #284, .T. ) ;
#1638 = CARTESIAN_POINT ( 'NONE',  ( 64.00000000000001421, -50.00000000000000000, 27.00100000000000122 ) ) ;
#1639 = CARTESIAN_POINT ( 'NONE',  ( 31.43065414796204848, -84.00000000000000000, 6.942725615156834174 ) ) ;
#1640 = ORIENTED_EDGE ( 'NONE', *, *, #10925, .F. ) ;
#1641 = DIRECTION ( 'NONE',  ( -1.000000000000000000, 0.000000000000000000, 0.000000000000000000 ) ) ;
#1642 = AXIS2_PLACEMENT_3D ( 'NONE', #4927, #9522, #1062 ) ;
#1643 = FACE_OUTER_BOUND ( 'NONE', #1833, .T. ) ;
#1644 = ORIENTED_EDGE ( 'NONE', *, *, #3402, .T. ) ;
#1645 = DIRECTION ( 'NONE',  ( 0.000000000000000000, -0.000000000000000000, -1.000000000000000000 ) ) ;
#1646 = DIRECTION ( 'NONE',  ( 0.000000000000000000, 0.000000000000000000, -1.000000000000000000 ) ) ;
#1647 = CARTESIAN_POINT ( 'NONE',  ( 29.92495146314843879, -83.99999999999998579, 7.125050753186684460 ) ) ;
#1648 = DIRECTION ( 'NONE',  ( -1.000000000000000000, 0.000000000000000000, 0.000000000000000000 ) ) ;
#1649 = VERTEX_POINT ( 'NONE', #9468 ) ;
#1650 = CARTESIAN_POINT ( 'NONE',  ( 52.00000000000000711, -18.00000000000000355, 1.999999999999998224 ) ) ;
#1651 = FACE_BOUND ( 'NONE', #3846, .T. ) ;
#1652 = EDGE_LOOP ( 'NONE', ( #7155, #414, #11112, #9523 ) ) ;
#1653 = EDGE_CURVE ( 'NONE', #11383, #2684, #4809, .T. ) ;
#1654 = EDGE_CURVE ( 'NONE', #8836, #4342, #8337, .T. ) ;
#1655 = PLANE ( 'NONE',  #513 ) ;
#1656 = VERTEX_POINT ( 'NONE', #2279 ) ;
#1657 = DIRECTION ( 'NONE',  ( 1.000000000000000000, 0.000000000000000000, 0.000000000000000000 ) ) ;
#1658 = DIRECTION ( 'NONE',  ( -1.000000000000000000, 0.000000000000000000, 0.000000000000000000 ) ) ;
#1659 = CARTESIAN_POINT ( 'NONE',  ( 28.23463941978357994, -83.70000000000001705, 6.951064363261663992 ) ) ;
#1660 = CARTESIAN_POINT ( 'NONE',  ( 29.62094671125595369, -83.70000000000001705, 7.749853661734486643 ) ) ;
#1661 = EDGE_LOOP ( 'NONE', ( #9182, #4703, #11871, #5469, #5107, #9756, #7880, #3451 ) ) ;
#1662 = CARTESIAN_POINT ( 'NONE',  ( 28.29833475694925227, -84.00000000000000000, 6.052945767397737598 ) ) ;
#1663 = VERTEX_POINT ( 'NONE', #9407 ) ;
#1664 = ADVANCED_FACE ( 'NONE', ( #10321 ), #5794, .F. ) ;
#1665 = CYLINDRICAL_SURFACE ( 'NONE', #2276, 1.000000000000000888 ) ;
#1666 = EDGE_CURVE ( 'NONE', #9811, #10127, #6800, .T. ) ;
#1667 = EDGE_LOOP ( 'NONE', ( #4302, #5875, #8963, #2484 ) ) ;
#1668 = DIRECTION ( 'NONE',  ( -1.000000000000000000, 0.000000000000000000, 0.000000000000000000 ) ) ;
#1669 = FACE_BOUND ( 'NONE', #6665, .T. ) ;
#1670 = DIRECTION ( 'NONE',  ( 0.000000000000000000, 0.000000000000000000, -1.000000000000000000 ) ) ;
#1671 = ORIENTED_EDGE ( 'NONE', *, *, #9322, .T. ) ;
#1672 = ORIENTED_EDGE ( 'NONE', *, *, #1235, .T. ) ;
#1673 = VERTEX_POINT ( 'NONE', #11409 ) ;
#1674 = CYLINDRICAL_SURFACE ( 'NONE', #3863, 1.000000000000000888 ) ;
#1675 = ADVANCED_FACE ( 'NONE', ( #2222 ), #8739, .T. ) ;
#1676 = DIRECTION ( 'NONE',  ( -0.000000000000000000, -1.000000000000000000, -0.000000000000000000 ) ) ;
#1677 = EDGE_CURVE ( 'NONE', #2945, #2841, #1313, .T. ) ;
#1678 = ORIENTED_EDGE ( 'NONE', *, *, #4693, .T. ) ;
#1679 = CARTESIAN_POINT ( 'NONE',  ( 30.88287084101031610, -83.99999999999994316, 5.603062575600675110 ) ) ;
#1680 = VECTOR ( 'NONE', #10345, 1000.000000000000000 ) ;
#1681 = DIRECTION ( 'NONE',  ( -0.000000000000000000, -0.000000000000000000, -1.000000000000000000 ) ) ;
#1682 = DIRECTION ( 'NONE',  ( -1.000000000000000000, 0.000000000000000000, 0.000000000000000000 ) ) ;
#1683 = ORIENTED_EDGE ( 'NONE', *, *, #1563, .T. ) ;
#1684 = DIRECTION ( 'NONE',  ( 0.000000000000000000, -0.000000000000000000, 1.000000000000000000 ) ) ;
#1685 = CARTESIAN_POINT ( 'NONE',  ( 1.883414059631962259E-14, -56.99999999999999289, 13.50000000000000178 ) ) ;
#1686 = CARTESIAN_POINT ( 'NONE',  ( 30.92350664958648210, -83.99999999999998579, 5.424315392068247199 ) ) ;
#1687 = AXIS2_PLACEMENT_3D ( 'NONE', #2589, #1808, #9169 ) ;
#1688 = ORIENTED_EDGE ( 'NONE', *, *, #3541, .F. ) ;
#1689 = EDGE_CURVE ( 'NONE', #5911, #2191, #8561, .T. ) ;
#1690 = CARTESIAN_POINT ( 'NONE',  ( 50.83964611622682384, -83.70000000000001705, 4.409827637963545044 ) ) ;
#1691 = DIRECTION ( 'NONE',  ( 1.000000000000000000, 2.818925648462311528E-16, -0.000000000000000000 ) ) ;
#1692 = CYLINDRICAL_SURFACE ( 'NONE', #10982, 1.000000000000000888 ) ;
#1693 = EDGE_LOOP ( 'NONE', ( #2330, #7848, #11829, #1959 ) ) ;
#1694 = CARTESIAN_POINT ( 'NONE',  ( 58.00000000000000711, -38.00000000000000000, 1.999999999999998224 ) ) ;
#1695 = VECTOR ( 'NONE', #11583, 1000.000000000000000 ) ;
#1696 = VECTOR ( 'NONE', #266, 1000.000000000000000 ) ;
#1697 = CARTESIAN_POINT ( 'NONE',  ( 65.00000000000000000, -30.00000000000000000, 27.00100000000000122 ) ) ;
#1698 = EDGE_LOOP ( 'NONE', ( #8042, #107, #1838, #7343, #6533 ) ) ;
#1699 = LINE ( 'NONE', #8156, #11749 ) ;
#1700 = VECTOR ( 'NONE', #9688, 1000.000000000000000 ) ;
#1701 = CARTESIAN_POINT ( 'NONE',  ( 30.07781184300030830, -83.70000000000000284, 4.967143285827989807 ) ) ;
#1702 = CARTESIAN_POINT ( 'NONE',  ( 65.00000000000001421, -50.00000000000000000, 0.000000000000000000 ) ) ;
#1703 = CARTESIAN_POINT ( 'NONE',  ( 52.55894436184085805, -83.70000000000001705, 7.909827637963544156 ) ) ;
#1704 = CARTESIAN_POINT ( 'NONE',  ( 10.00000000000000000, -82.00000000000000000, 0.000000000000000000 ) ) ;
#1705 = FACE_BOUND ( 'NONE', #3521, .T. ) ;
#1706 = ORIENTED_EDGE ( 'NONE', *, *, #11475, .F. ) ;
#1707 = AXIS2_PLACEMENT_3D ( 'NONE', #2242, #11154, #3822 ) ;
#1708 = CYLINDRICAL_SURFACE ( 'NONE', #7454, 1.000000000000000888 ) ;
#1709 = CIRCLE ( 'NONE', #7095, 2.000000000000001776 ) ;
#1710 = VERTEX_POINT ( 'NONE', #10376 ) ;
#1711 = DIRECTION ( 'NONE',  ( 0.000000000000000000, 0.000000000000000000, 1.000000000000000000 ) ) ;
#1712 = PLANE ( 'NONE',  #410 ) ;
#1713 = VERTEX_POINT ( 'NONE', #3904 ) ;
#1714 = DIRECTION ( 'NONE',  ( -0.000000000000000000, -0.000000000000000000, -1.000000000000000000 ) ) ;
#1715 = EDGE_CURVE ( 'NONE', #11292, #8087, #7646, .T. ) ;
#1716 = DIRECTION ( 'NONE',  ( -0.000000000000000000, -1.000000000000000000, -0.000000000000000000 ) ) ;
#1717 = ORIENTED_EDGE ( 'NONE', *, *, #1069, .T. ) ;
#1718 = CIRCLE ( 'NONE', #8269, 1.000000000000000888 ) ;
#1719 = CARTESIAN_POINT ( 'NONE',  ( 28.76030191709122263, -84.00000000000000000, 6.508511262990002599 ) ) ;
#1720 = VERTEX_POINT ( 'NONE', #11296 ) ;
#1721 = LINE ( 'NONE', #7710, #1781 ) ;
#1722 = AXIS2_PLACEMENT_3D ( 'NONE', #7884, #9824, #1432 ) ;
#1723 = CARTESIAN_POINT ( 'NONE',  ( 62.00000000000000000, -14.00000000000000000, 0.000000000000000000 ) ) ;
#1724 = EDGE_LOOP ( 'NONE', ( #8075, #11599, #8986, #3533 ) ) ;
#1725 = DIRECTION ( 'NONE',  ( -0.000000000000000000, -0.000000000000000000, -1.000000000000000000 ) ) ;
#1726 = AXIS2_PLACEMENT_3D ( 'NONE', #11148, #5766, #7501 ) ;
#1727 = EDGE_CURVE ( 'NONE', #9583, #3142, #2938, .T. ) ;
#1728 = FACE_BOUND ( 'NONE', #7630, .T. ) ;
#1729 = DIRECTION ( 'NONE',  ( -0.000000000000000000, -0.000000000000000000, -1.000000000000000000 ) ) ;
#1730 = ORIENTED_EDGE ( 'NONE', *, *, #11640, .T. ) ;
#1731 = ORIENTED_EDGE ( 'NONE', *, *, #4461, .T. ) ;
#1732 = EDGE_CURVE ( 'NONE', #10015, #8492, #4479, .T. ) ;
#1733 = EDGE_LOOP ( 'NONE', ( #336, #3111 ) ) ;
#1734 = FACE_OUTER_BOUND ( 'NONE', #4676, .T. ) ;
#1735 = AXIS2_PLACEMENT_3D ( 'NONE', #10219, #5754, #1944 ) ;
#1736 = CARTESIAN_POINT ( 'NONE',  ( 44.92444143786424604, -83.70000000000001705, 7.909827637963544156 ) ) ;
#1737 = EDGE_LOOP ( 'NONE', ( #2937, #923, #7405, #9768 ) ) ;
#1738 = FACE_OUTER_BOUND ( 'NONE', #7020, .T. ) ;
#1739 = CARTESIAN_POINT ( 'NONE',  ( 56.00000000000000711, -50.00000000000000000, 0.000000000000000000 ) ) ;
#1740 = ADVANCED_FACE ( 'NONE', ( #9532 ), #339, .F. ) ;
#1741 = DIRECTION ( 'NONE',  ( -2.312964634635743844E-15, 0.000000000000000000, -1.000000000000000000 ) ) ;
#1742 = EDGE_LOOP ( 'NONE', ( #10043, #5346 ) ) ;
#1743 = B_SPLINE_CURVE_WITH_KNOTS ( 'NONE', 3,
 ( #9137, #2668, #1774, #4542, #9190, #6481, #10113, #2075, #920, #3812, #7622, #134, #3023, #5590, #1958, #11324, #5528, #5650, #980 ),
 .UNSPECIFIED., .F., .F.,
 ( 4, 1, 1, 1, 1, 1, 1, 1, 1, 1, 1, 1, 1, 1, 1, 1, 4 ),
 ( 0.000000000000000000, 0.08659616089190834420, 0.1679844716386573178, 0.2452092609585236338, 0.3184567823742679438, 0.3869261338631642677, 0.4518545283086292663, 0.5127908283089626096, 0.5704606160709542184, 0.6256102496611767316, 0.6794489979908360233, 0.7324663818182812758, 0.7846902817929576335, 0.8371069055649802415, 0.8902366768460984181, 0.9445089270364361855, 1.000000000000000000 ),
 .UNSPECIFIED. ) ;
#1744 = EDGE_CURVE ( 'NONE', #1525, #6083, #7571, .T. ) ;
#1745 = CARTESIAN_POINT ( 'NONE',  ( 73.00000000000000000, -2.000000000000000000, 27.00000000000000000 ) ) ;
#1746 = CARTESIAN_POINT ( 'NONE',  ( 2.999999999999999112, -2.000000000000000000, 3.999999999999998224 ) ) ;
#1747 = CARTESIAN_POINT ( 'NONE',  ( 62.00000000000002132, -66.00000000000000000, 0.000000000000000000 ) ) ;
#1748 = ORIENTED_EDGE ( 'NONE', *, *, #9475, .T. ) ;
#1749 = CARTESIAN_POINT ( 'NONE',  ( 28.24053964862600097, -83.70000000000001705, 7.886557969583401828 ) ) ;
#1750 = AXIS2_PLACEMENT_3D ( 'NONE', #700, #9720, #3305 ) ;
#1751 = LINE ( 'NONE', #2643, #8618 ) ;
#1752 = CARTESIAN_POINT ( 'NONE',  ( 30.34889109836274557, -83.70000000000001705, 4.889877445349599228 ) ) ;
#1753 = CARTESIAN_POINT ( 'NONE',  ( 48.46537711037886709, -83.70000000000001705, 5.883511848489860085 ) ) ;
#1754 = LINE ( 'NONE', #8268, #3528 ) ;
#1755 = EDGE_CURVE ( 'NONE', #6268, #11128, #9650, .T. ) ;
#1756 = LINE ( 'NONE', #9797, #9694 ) ;
#1757 = EDGE_LOOP ( 'NONE', ( #10786, #686 ) ) ;
#1758 = CARTESIAN_POINT ( 'NONE',  ( 52.00000000000000000, -10.00000000000000000, 27.00100000000000122 ) ) ;
#1759 = DIRECTION ( 'NONE',  ( 0.000000000000000000, 0.000000000000000000, -1.000000000000000000 ) ) ;
#1760 = CARTESIAN_POINT ( 'NONE',  ( 30.03890211766120188, -84.00000000000000000, 7.417894147361797863 ) ) ;
#1761 = CARTESIAN_POINT ( 'NONE',  ( 52.00000000000001421, -46.00000000000000711, 1.999999999999998224 ) ) ;
#1762 = DIRECTION ( 'NONE',  ( 1.000000000000000000, 0.000000000000000000, 0.000000000000000000 ) ) ;
#1763 = FACE_BOUND ( 'NONE', #11023, .T. ) ;
#1764 = VERTEX_POINT ( 'NONE', #7949 ) ;
#1765 = VECTOR ( 'NONE', #547, 1000.000000000000000 ) ;
#1766 = DIRECTION ( 'NONE',  ( -0.000000000000000000, -1.000000000000000000, -0.000000000000000000 ) ) ;
#1767 = ORIENTED_EDGE ( 'NONE', *, *, #1073, .F. ) ;
#1768 = DIRECTION ( 'NONE',  ( 0.1004074352716142066, 0.000000000000000000, 0.9949464040551010413 ) ) ;
#1769 = CARTESIAN_POINT ( 'NONE',  ( 27.72653424395525334, -84.00000000000001421, 7.497159959353554726 ) ) ;
#1770 = VERTEX_POINT ( 'NONE', #7034 ) ;
#1771 = CARTESIAN_POINT ( 'NONE',  ( 3.000000000000016431, -35.99999999999999289, 16.49999999999999645 ) ) ;
#1772 = CIRCLE ( 'NONE', #8526, 1.000000000000000888 ) ;
#1773 = VECTOR ( 'NONE', #4766, 1000.000000000000000 ) ;
#1774 = CARTESIAN_POINT ( 'NONE',  ( 30.11817107419174988, -84.00000000000001421, 6.113290579393593660 ) ) ;
#1775 = ORIENTED_EDGE ( 'NONE', *, *, #7103, .F. ) ;
#1776 = CARTESIAN_POINT ( 'NONE',  ( 50.83964611622682384, -84.00000000000000000, 6.395207754922608956 ) ) ;
#1777 = VERTEX_POINT ( 'NONE', #3301 ) ;
#1778 = PRODUCT_DEFINITION_SHAPE ( 'NONE', 'NONE',  #10160 ) ;
#1779 = CARTESIAN_POINT ( 'NONE',  ( 55.99999999999999289, -10.00000000000000000, 1.999999999999998224 ) ) ;
#1780 = AXIS2_PLACEMENT_3D ( 'NONE', #5374, #9047, #774 ) ;
#1781 = VECTOR ( 'NONE', #11593, 1000.000000000000000 ) ;
#1782 = EDGE_CURVE ( 'NONE', #3997, #5519, #8920, .T. ) ;
#1783 = CARTESIAN_POINT ( 'NONE',  ( 50.36888588230869601, -84.00000000000000000, 7.909827637963544156 ) ) ;
#1784 = ORIENTED_EDGE ( 'NONE', *, *, #857, .T. ) ;
#1785 = CYLINDRICAL_SURFACE ( 'NONE', #2676, 1.000000000000000888 ) ;
#1786 = ORIENTED_EDGE ( 'NONE', *, *, #10759, .T. ) ;
#1787 = LINE ( 'NONE', #8183, #10200 ) ;
#1788 = CYLINDRICAL_SURFACE ( 'NONE', #10259, 1.000000000000000888 ) ;
#1789 = ORIENTED_EDGE ( 'NONE', *, *, #6322, .T. ) ;
#1790 = VECTOR ( 'NONE', #3704, 1000.000000000000000 ) ;
#1791 = DIRECTION ( 'NONE',  ( -1.000000000000000000, 0.000000000000000000, 0.000000000000000000 ) ) ;
#1792 = ORIENTED_EDGE ( 'NONE', *, *, #7191, .T. ) ;
#1793 = AXIS2_PLACEMENT_3D ( 'NONE', #5555, #7352, #1864 ) ;
#1794 = ADVANCED_FACE ( 'NONE', ( #697 ), #7821, .F. ) ;
#1795 = ADVANCED_FACE ( 'NONE', ( #6975 ), #2396, .T. ) ;
#1796 = CARTESIAN_POINT ( 'NONE',  ( 52.00000000000000711, -42.00000000000000000, 27.00100000000000122 ) ) ;
#1797 = ORIENTED_EDGE ( 'NONE', *, *, #10961, .F. ) ;
#1798 = CARTESIAN_POINT ( 'NONE',  ( 30.75205944857311025, -84.00000000000000000, 5.769307077219306912 ) ) ;
#1799 = DIRECTION ( 'NONE',  ( 1.000000000000000000, 0.000000000000000000, -0.000000000000000000 ) ) ;
#1800 = AXIS2_PLACEMENT_3D ( 'NONE', #5141, #10717, #8885 ) ;
#1801 = CARTESIAN_POINT ( 'NONE',  ( 30.92142193803482542, -83.70000000000003126, 5.454159919465545237 ) ) ;
#1802 = VERTEX_POINT ( 'NONE', #11527 ) ;
#1803 = CARTESIAN_POINT ( 'NONE',  ( 60.00000000000000711, -30.00000000000000000, 0.000000000000000000 ) ) ;
#1804 = LINE ( 'NONE', #8025, #11452 ) ;
#1805 = LINE ( 'NONE', #8440, #3926 ) ;
#1806 = ORIENTED_EDGE ( 'NONE', *, *, #10828, .F. ) ;
#1807 = CARTESIAN_POINT ( 'NONE',  ( 28.51492147217717132, -83.70000000000003126, 7.733665082092485932 ) ) ;
#1808 = DIRECTION ( 'NONE',  ( 0.000000000000000000, -0.000000000000000000, -1.000000000000000000 ) ) ;
#1809 = VECTOR ( 'NONE', #5800, 1000.000000000000000 ) ;
#1810 = CIRCLE ( 'NONE', #11448, 1.000000000000000888 ) ;
#1811 = CARTESIAN_POINT ( 'NONE',  ( 29.96186005496573301, -83.70000000000003126, 5.065701839048957211 ) ) ;
#1812 = EDGE_CURVE ( 'NONE', #7748, #1530, #10680, .T. ) ;
#1813 = ADVANCED_FACE ( 'NONE', ( #641 ), #8979, .F. ) ;
#1814 = ORIENTED_EDGE ( 'NONE', *, *, #3123, .F. ) ;
#1815 = CARTESIAN_POINT ( 'NONE',  ( 73.80000000000001137, -48.99999999999999289, 21.99999999999999645 ) ) ;
#1816 = DIRECTION ( 'NONE',  ( -0.000000000000000000, -0.000000000000000000, -1.000000000000000000 ) ) ;
#1817 = VERTEX_POINT ( 'NONE', #9771 ) ;
#1818 = DIRECTION ( 'NONE',  ( -1.000000000000000000, 0.000000000000000000, 0.000000000000000000 ) ) ;
#1819 = DIRECTION ( 'NONE',  ( 1.000000000000000000, 0.000000000000000000, 0.000000000000000000 ) ) ;
#1820 = AXIS2_PLACEMENT_3D ( 'NONE', #8519, #11134, #8399 ) ;
#1821 = CARTESIAN_POINT ( 'NONE',  ( 31.29221532329694355, -84.00000000000000000, 7.518616256435525891 ) ) ;
#1822 = CARTESIAN_POINT ( 'NONE',  ( 53.20000000000002416, 0.001000000000001000089, 16.19999999999999929 ) ) ;
#1823 = LINE ( 'NONE', #5517, #9897 ) ;
#1824 = B_SPLINE_CURVE_WITH_KNOTS ( 'NONE', 3,
 ( #2355, #532, #11425, #6815, #7779, #11485, #3191, #6869, #2295, #823, #10988, #5423, #880, #10186, #9093, #10067, #6163, #999, #3587 ),
 .UNSPECIFIED., .F., .F.,
 ( 4, 1, 1, 1, 1, 1, 1, 1, 1, 1, 1, 1, 1, 1, 1, 1, 4 ),
 ( 0.000000000000000000, 0.07456366008174571125, 0.1450976384992603285, 0.2126015856181748820, 0.2774325413280351871, 0.3400420512316727484, 0.4013897991263318255, 0.4618199284065850341, 0.5224499454441378088, 0.5824209209843980162, 0.6414145422376549277, 0.6993022979421195107, 0.7574494626233130301, 0.8155187568926939301, 0.8752283624476200341, 0.9365167542186020322, 1.000000000000000000 ),
 .UNSPECIFIED. ) ;
#1825 = FACE_BOUND ( 'NONE', #4952, .T. ) ;
#1826 = ORIENTED_EDGE ( 'NONE', *, *, #2041, .F. ) ;
#1827 = EDGE_CURVE ( 'NONE', #2397, #9254, #5237, .T. ) ;
#1828 = EDGE_CURVE ( 'NONE', #10782, #7474, #3473, .T. ) ;
#1829 = CARTESIAN_POINT ( 'NONE',  ( 27.21503794696573308, -83.70000000000001705, 5.938285502529586424 ) ) ;
#1830 = EDGE_CURVE ( 'NONE', #4355, #459, #7377, .T. ) ;
#1831 = EDGE_CURVE ( 'NONE', #539, #9006, #7957, .T. ) ;
#1832 = AXIS2_PLACEMENT_3D ( 'NONE', #8611, #2987, #9578 ) ;
#1833 = EDGE_LOOP ( 'NONE', ( #7920, #7143, #11793 ) ) ;
#1834 = FACE_OUTER_BOUND ( 'NONE', #8834, .T. ) ;
#1835 = CARTESIAN_POINT ( 'NONE',  ( 64.00000000000001421, -46.00000000000000711, 27.00100000000000122 ) ) ;
#1836 = PLANE ( 'NONE',  #4204 ) ;
#1837 = DIRECTION ( 'NONE',  ( 1.000000000000000000, 2.818925648462311528E-16, -0.000000000000000000 ) ) ;
#1838 = ORIENTED_EDGE ( 'NONE', *, *, #6767, .T. ) ;
#1839 = DIRECTION ( 'NONE',  ( -1.000000000000000000, 0.000000000000000000, 0.000000000000000000 ) ) ;
#1840 = VERTEX_POINT ( 'NONE', #6265 ) ;
#1841 = VECTOR ( 'NONE', #2374, 1000.000000000000000 ) ;
#1842 = FACE_OUTER_BOUND ( 'NONE', #5899, .T. ) ;
#1843 = VECTOR ( 'NONE', #6347, 1000.000000000000000 ) ;
#1844 = DIRECTION ( 'NONE',  ( 0.000000000000000000, 0.000000000000000000, -1.000000000000000000 ) ) ;
#1845 = EDGE_LOOP ( 'NONE', ( #2855, #5496, #11460, #5091 ) ) ;
#1846 = CARTESIAN_POINT ( 'NONE',  ( 2.199999999999998845, 6.108704811832612004E-16, 0.000000000000000000 ) ) ;
#1847 = CARTESIAN_POINT ( 'NONE',  ( -2.081668171172168513E-15, 0.000000000000000000, 15.00000000000000355 ) ) ;
#1848 = ORIENTED_EDGE ( 'NONE', *, *, #5477, .F. ) ;
#1849 = FACE_BOUND ( 'NONE', #7592, .T. ) ;
#1850 = CARTESIAN_POINT ( 'NONE',  ( 30.30640618599600700, -83.99999999999998579, 4.412382608082013213 ) ) ;
#1851 = ORIENTED_EDGE ( 'NONE', *, *, #6885, .T. ) ;
#1852 = DIRECTION ( 'NONE',  ( 0.000000000000000000, 0.000000000000000000, -1.000000000000000000 ) ) ;
#1853 = EDGE_CURVE ( 'NONE', #239, #8017, #631, .T. ) ;
#1854 = ORIENTED_EDGE ( 'NONE', *, *, #3647, .T. ) ;
#1855 = EDGE_CURVE ( 'NONE', #699, #2784, #9827, .T. ) ;
#1856 = CYLINDRICAL_SURFACE ( 'NONE', #913, 1.000000000000000888 ) ;
#1857 = ORIENTED_EDGE ( 'NONE', *, *, #7507, .T. ) ;
#1858 = CARTESIAN_POINT ( 'NONE',  ( 66.00000000000001421, -62.00000000000000711, 1.999999999999998224 ) ) ;
#1859 = PLANE ( 'NONE',  #7370 ) ;
#1860 = VERTEX_POINT ( 'NONE', #11709 ) ;
#1861 = EDGE_CURVE ( 'NONE', #9082, #3658, #4290, .T. ) ;
#1862 = ORIENTED_EDGE ( 'NONE', *, *, #7926, .T. ) ;
#1863 = CYLINDRICAL_SURFACE ( 'NONE', #1167, 2.000000000000001776 ) ;
#1864 = DIRECTION ( 'NONE',  ( -1.000000000000000000, 0.000000000000000000, 0.000000000000000000 ) ) ;
#1865 = DIRECTION ( 'NONE',  ( 1.000000000000000000, 0.000000000000000000, 0.000000000000000000 ) ) ;
#1866 = VERTEX_POINT ( 'NONE', #4259 ) ;
#1867 = CARTESIAN_POINT ( 'NONE',  ( 28.65963895757398916, -84.00000000000000000, 7.590374603088732464 ) ) ;
#1868 = AXIS2_PLACEMENT_3D ( 'NONE', #1176, #3031, #11217 ) ;
#1869 = CARTESIAN_POINT ( 'NONE',  ( 30.31869076015148678, -83.70000000000000284, 7.523741025232686397 ) ) ;
#1870 = ORIENTED_EDGE ( 'NONE', *, *, #6916, .F. ) ;
#1871 = CARTESIAN_POINT ( 'NONE',  ( 45.37473383552506334, -83.70000000000001705, 7.909827637963544156 ) ) ;
#1872 = EDGE_LOOP ( 'NONE', ( #11347, #8392, #2336, #5478 ) ) ;
#1873 = DIRECTION ( 'NONE',  ( 0.000000000000000000, -0.000000000000000000, -1.000000000000000000 ) ) ;
#1874 = CYLINDRICAL_SURFACE ( 'NONE', #6783, 1.000000000000000888 ) ;
#1875 = VERTEX_POINT ( 'NONE', #7097 ) ;
#1876 = CARTESIAN_POINT ( 'NONE',  ( 31.53071912522000630, -84.00000000000000000, 5.464492996573337535 ) ) ;
#1877 = CIRCLE ( 'NONE', #707, 2.000000000000000000 ) ;
#1878 = LINE ( 'NONE', #6522, #4460 ) ;
#1879 = ADVANCED_FACE ( 'NONE', ( #2509 ), #5360, .F. ) ;
#1880 = LINE ( 'NONE', #5575, #11288 ) ;
#1881 = DIRECTION ( 'NONE',  ( -0.000000000000000000, -0.000000000000000000, -1.000000000000000000 ) ) ;
#1882 = DIRECTION ( 'NONE',  ( -0.000000000000000000, -1.000000000000000000, -0.000000000000000000 ) ) ;
#1883 = CARTESIAN_POINT ( 'NONE',  ( 27.98736302558678091, -83.69999999999997442, 7.424308682026691919 ) ) ;
#1884 = VERTEX_POINT ( 'NONE', #10631 ) ;
#1885 = EDGE_CURVE ( 'NONE', #874, #8774, #2339, .T. ) ;
#1886 = CARTESIAN_POINT ( 'NONE',  ( 50.83964611622682384, -83.70000000000001705, 4.409827637963545044 ) ) ;
#1887 = CIRCLE ( 'NONE', #11152, 1.000000000000000888 ) ;
#1888 = EDGE_LOOP ( 'NONE', ( #1239, #8792, #3644, #8357 ) ) ;
#1889 = CARTESIAN_POINT ( 'NONE',  ( 49.16128354312740356, -83.70000000000001705, 5.883511848489860085 ) ) ;
#1890 = VECTOR ( 'NONE', #5653, 1000.000000000000000 ) ;
#1891 = CARTESIAN_POINT ( 'NONE',  ( 5.000000000000022204, -80.00000000000000000, 27.00000000000000000 ) ) ;
#1892 = EDGE_CURVE ( 'NONE', #3200, #9805, #1437, .T. ) ;
#1893 = CARTESIAN_POINT ( 'NONE',  ( 53.52093266593442422, -84.00000000000000000, 6.047254538548339831 ) ) ;
#1894 = EDGE_CURVE ( 'NONE', #1137, #7860, #2623, .T. ) ;
#1895 = DIRECTION ( 'NONE',  ( -0.000000000000000000, -0.000000000000000000, -1.000000000000000000 ) ) ;
#1896 = VERTEX_POINT ( 'NONE', #2803 ) ;
#1897 = CARTESIAN_POINT ( 'NONE',  ( 28.84221974763723040, -84.00000000000000000, 6.917924782958285057 ) ) ;
#1898 = AXIS2_PLACEMENT_3D ( 'NONE', #2677, #1844, #11703 ) ;
#1899 = ORIENTED_EDGE ( 'NONE', *, *, #4872, .F. ) ;
#1900 = EDGE_CURVE ( 'NONE', #6628, #6627, #7398, .T. ) ;
#1901 = AXIS2_PLACEMENT_3D ( 'NONE', #6842, #4175, #3217 ) ;
#1902 = CIRCLE ( 'NONE', #10593, 1.000000000000000888 ) ;
#1903 = DIRECTION ( 'NONE',  ( 0.4377982392396463363, 0.000000000000000000, -0.8990732460254089453 ) ) ;
#1904 = PLANE ( 'NONE',  #10197 ) ;
#1905 = EDGE_LOOP ( 'NONE', ( #1270, #10858, #4362, #11776 ) ) ;
#1906 = CARTESIAN_POINT ( 'NONE',  ( 27.21503794696573308, -83.70000000000001705, 5.938285502529586424 ) ) ;
#1907 = AXIS2_PLACEMENT_3D ( 'NONE', #7713, #3121, #1323 ) ;
#1908 = CARTESIAN_POINT ( 'NONE',  ( 28.21360226229580448, -83.70000000000001705, 7.129594185132496875 ) ) ;
#1909 = ORIENTED_EDGE ( 'NONE', *, *, #11060, .T. ) ;
#1910 = CIRCLE ( 'NONE', #3829, 1.000000000000000888 ) ;
#1911 = EDGE_CURVE ( 'NONE', #10439, #577, #9309, .T. ) ;
#1912 = FACE_BOUND ( 'NONE', #4890, .T. ) ;
#1913 = CARTESIAN_POINT ( 'NONE',  ( 29.25231331760350173, -84.00000000000001421, 5.232308591671918307 ) ) ;
#1914 = VERTEX_POINT ( 'NONE', #4614 ) ;
#1915 = DIRECTION ( 'NONE',  ( 1.000000000000000000, 0.000000000000000000, 0.000000000000000000 ) ) ;
#1916 = ORIENTED_EDGE ( 'NONE', *, *, #5822, .T. ) ;
#1917 = AXIS2_PLACEMENT_3D ( 'NONE', #3246, #7406, #10017 ) ;
#1918 = AXIS2_PLACEMENT_3D ( 'NONE', #2777, #6467, #10153 ) ;
#1919 = CARTESIAN_POINT ( 'NONE',  ( 30.20560434046323195, -84.00000000000001421, 6.664632703847670925 ) ) ;
#1920 = ORIENTED_EDGE ( 'NONE', *, *, #4171, .F. ) ;
#1921 = CARTESIAN_POINT ( 'NONE',  ( 30.82812939956012954, -84.00000000000000000, 5.687633205622326216 ) ) ;
#1922 = ORIENTED_EDGE ( 'NONE', *, *, #10759, .F. ) ;
#1923 = DIRECTION ( 'NONE',  ( 0.000000000000000000, 0.000000000000000000, -1.000000000000000000 ) ) ;
#1924 = ORIENTED_EDGE ( 'NONE', *, *, #4510, .T. ) ;
#1925 = VECTOR ( 'NONE', #11271, 1000.000000000000000 ) ;
#1926 = ORIENTED_EDGE ( 'NONE', *, *, #2051, .T. ) ;
#1927 = DIRECTION ( 'NONE',  ( 0.000000000000000000, -0.000000000000000000, -1.000000000000000000 ) ) ;
#1928 = ORIENTED_EDGE ( 'NONE', *, *, #9529, .F. ) ;
#1929 = CARTESIAN_POINT ( 'NONE',  ( 50.36888588230869601, -83.70000000000001705, 4.409827637963545044 ) ) ;
#1930 = ORIENTED_EDGE ( 'NONE', *, *, #8534, .T. ) ;
#1931 = CARTESIAN_POINT ( 'NONE',  ( 30.96768895929945131, -84.00000000000000000, 6.302374381796002289 ) ) ;
#1932 = FACE_OUTER_BOUND ( 'NONE', #7072, .T. ) ;
#1933 = ORIENTED_EDGE ( 'NONE', *, *, #4690, .T. ) ;
#1934 = VECTOR ( 'NONE', #8757, 1000.000000000000000 ) ;
#1935 = DIRECTION ( 'NONE',  ( -1.000000000000000000, 0.000000000000000000, 0.000000000000000000 ) ) ;
#1936 = EDGE_CURVE ( 'NONE', #5056, #5294, #11040, .T. ) ;
#1937 = ORIENTED_EDGE ( 'NONE', *, *, #1654, .F. ) ;
#1938 = CARTESIAN_POINT ( 'NONE',  ( 29.52996811732127824, -83.70000000000000284, 4.704913579401059032 ) ) ;
#1939 = FACE_OUTER_BOUND ( 'NONE', #5711, .T. ) ;
#1940 = ORIENTED_EDGE ( 'NONE', *, *, #9423, .T. ) ;
#1941 = CARTESIAN_POINT ( 'NONE',  ( 44.00000000000000000, -82.00000000000000000, 0.000000000000000000 ) ) ;
#1942 = CARTESIAN_POINT ( 'NONE',  ( 49.00000000000000000, -18.00000000000000355, 27.00100000000000122 ) ) ;
#1943 = DIRECTION ( 'NONE',  ( -0.4759497966920483436, 0.000000000000000000, 0.8794724504092199524 ) ) ;
#1944 = DIRECTION ( 'NONE',  ( 1.000000000000000000, 0.000000000000000000, 0.000000000000000000 ) ) ;
#1945 = VECTOR ( 'NONE', #11959, 1000.000000000000000 ) ;
#1946 = CARTESIAN_POINT ( 'NONE',  ( 41.99999999999999289, -84.00100000000000477, 2.999999999999993339 ) ) ;
#1947 = CARTESIAN_POINT ( 'NONE',  ( 27.87026455727826146, -83.69999999999998863, 7.470562854726765956 ) ) ;
#1948 = ORIENTED_EDGE ( 'NONE', *, *, #9864, .T. ) ;
#1949 = CARTESIAN_POINT ( 'NONE',  ( 29.95642302710347948, -83.99999999999997158, 7.956042561108343847 ) ) ;
#1950 = DIRECTION ( 'NONE',  ( -1.000000000000000000, 0.000000000000000000, 0.000000000000000000 ) ) ;
#1951 = EDGE_CURVE ( 'NONE', #9579, #3145, #6492, .T. ) ;
#1952 = EDGE_CURVE ( 'NONE', #9010, #9201, #11161, .T. ) ;
#1953 = VERTEX_POINT ( 'NONE', #4554 ) ;
#1954 = FACE_OUTER_BOUND ( 'NONE', #1503, .T. ) ;
#1955 = EDGE_CURVE ( 'NONE', #11231, #11169, #8241, .T. ) ;
#1956 = DIRECTION ( 'NONE',  ( -2.478176394252580648E-16, 0.000000000000000000, -1.000000000000000000 ) ) ;
#1957 = CARTESIAN_POINT ( 'NONE',  ( 3.000000000000016431, -30.00000000000000000, 13.50000000000000178 ) ) ;
#1958 = CARTESIAN_POINT ( 'NONE',  ( 29.34625358414896823, -84.00000000000000000, 6.802477558687402670 ) ) ;
#1959 = ORIENTED_EDGE ( 'NONE', *, *, #10048, .T. ) ;
#1960 = AXIS2_PLACEMENT_3D ( 'NONE', #7831, #3430, #5127 ) ;
#1961 = LINE ( 'NONE', #7504, #4715 ) ;
#1962 = CARTESIAN_POINT ( 'NONE',  ( 66.00000000000001421, -58.00000000000000000, 27.00100000000000122 ) ) ;
#1963 = ORIENTED_EDGE ( 'NONE', *, *, #2384, .T. ) ;
#1964 = CARTESIAN_POINT ( 'NONE',  ( 31.42991096104142557, -83.70000000000003126, 6.976614216662863299 ) ) ;
#1965 = DIRECTION ( 'NONE',  ( -0.000000000000000000, -0.000000000000000000, -1.000000000000000000 ) ) ;
#1966 = ORIENTED_EDGE ( 'NONE', *, *, #10638, .F. ) ;
#1967 = CARTESIAN_POINT ( 'NONE',  ( 49.00000000000000000, -34.00000000000000000, 27.00100000000000122 ) ) ;
#1968 = VECTOR ( 'NONE', #916, 1000.000000000000000 ) ;
#1969 = EDGE_CURVE ( 'NONE', #5158, #8909, #3643, .T. ) ;
#1970 = VECTOR ( 'NONE', #3163, 1000.000000000000000 ) ;
#1971 = ADVANCED_FACE ( 'NONE', ( #4675 ), #8363, .F. ) ;
#1972 = EDGE_CURVE ( 'NONE', #11665, #911, #5831, .T. ) ;
#1973 = CARTESIAN_POINT ( 'NONE',  ( 30.53385184869781810, -83.70000000000003126, 5.925185334711404295 ) ) ;
#1974 = ORIENTED_EDGE ( 'NONE', *, *, #4664, .T. ) ;
#1975 = DIRECTION ( 'NONE',  ( -0.000000000000000000, -0.000000000000000000, -1.000000000000000000 ) ) ;
#1976 = DIRECTION ( 'NONE',  ( 0.000000000000000000, 0.000000000000000000, -1.000000000000000000 ) ) ;
#1977 = EDGE_LOOP ( 'NONE', ( #5255, #1870, #9063, #18 ) ) ;
#1978 = LINE ( 'NONE', #6790, #9352 ) ;
#1979 = ORIENTED_EDGE ( 'NONE', *, *, #1483, .T. ) ;
#1980 = VECTOR ( 'NONE', #3918, 1000.000000000000000 ) ;
#1981 = CARTESIAN_POINT ( 'NONE',  ( 29.97785375526209251, -83.70000000000000284, 6.857653792290517636 ) ) ;
#1982 = ADVANCED_FACE ( 'NONE', ( #11044 ), #1788, .F. ) ;
#1983 = VERTEX_POINT ( 'NONE', #6439 ) ;
#1984 = CARTESIAN_POINT ( 'NONE',  ( 30.60736545036718326, -84.00000000000002842, 4.926833505019033943 ) ) ;
#1985 = ORIENTED_EDGE ( 'NONE', *, *, #5605, .T. ) ;
#1986 = AXIS2_PLACEMENT_3D ( 'NONE', #2162, #5055, #1193 ) ;
#1987 = CARTESIAN_POINT ( 'NONE',  ( 30.39104312704400357, -83.69999999999998863, 6.000857629522105441 ) ) ;
#1988 = EDGE_LOOP ( 'NONE', ( #1250, #9227 ) ) ;
#1989 = ORIENTED_EDGE ( 'NONE', *, *, #498, .F. ) ;
#1990 = AXIS2_PLACEMENT_3D ( 'NONE', #5316, #6222, #9906 ) ;
#1991 = CARTESIAN_POINT ( 'NONE',  ( 52.00000000000002132, -62.00000000000000711, 0.000000000000000000 ) ) ;
#1992 = EDGE_LOOP ( 'NONE', ( #11712, #9448, #2169, #10422 ) ) ;
#1993 = CYLINDRICAL_SURFACE ( 'NONE', #6443, 1.000000000000000888 ) ;
#1994 = ORIENTED_EDGE ( 'NONE', *, *, #7717, .T. ) ;
#1995 = CARTESIAN_POINT ( 'NONE',  ( 0.000000000000000000, 0.000000000000000000, 27.00000000000000000 ) ) ;
#1996 = DIRECTION ( 'NONE',  ( 0.000000000000000000, 0.000000000000000000, -1.000000000000000000 ) ) ;
#1997 = ORIENTED_EDGE ( 'NONE', *, *, #9794, .F. ) ;
#1998 = CARTESIAN_POINT ( 'NONE',  ( 57.00000000000000000, -22.00000000000000000, 0.000000000000000000 ) ) ;
#1999 = VECTOR ( 'NONE', #1578, 1000.000000000000000 ) ;
#2000 = ORIENTED_EDGE ( 'NONE', *, *, #7874, .T. ) ;
#2001 = FACE_OUTER_BOUND ( 'NONE', #7733, .T. ) ;
#2002 = DIRECTION ( 'NONE',  ( -1.000000000000000000, 0.000000000000000000, 0.000000000000000000 ) ) ;
#2003 = ORIENTED_EDGE ( 'NONE', *, *, #1145, .T. ) ;
#2004 = DIRECTION ( 'NONE',  ( -0.000000000000000000, -0.000000000000000000, -1.000000000000000000 ) ) ;
#2005 = DIRECTION ( 'NONE',  ( -3.304235192336776005E-16, 1.000000000000000000, 0.000000000000000000 ) ) ;
#2006 = DIRECTION ( 'NONE',  ( -0.000000000000000000, -0.000000000000000000, -1.000000000000000000 ) ) ;
#2007 = FACE_OUTER_BOUND ( 'NONE', #6995, .T. ) ;
#2008 = DIRECTION ( 'NONE',  ( -0.000000000000000000, -0.000000000000000000, -1.000000000000000000 ) ) ;
#2009 = CARTESIAN_POINT ( 'NONE',  ( 28.03581267677783728, -83.70000000000004547, 7.393558758944710263 ) ) ;
#2010 = EDGE_LOOP ( 'NONE', ( #7814, #11037, #484, #3439 ) ) ;
#2011 = EDGE_CURVE ( 'NONE', #10551, #10941, #5420, .T. ) ;
#2012 = CARTESIAN_POINT ( 'NONE',  ( 29.78051666406289755, -83.70000000000003126, 7.870271875707739007 ) ) ;
#2013 = CARTESIAN_POINT ( 'NONE',  ( 30.82432881051535745, -83.99999999999997158, 6.983204482974941563 ) ) ;
#2014 = VERTEX_POINT ( 'NONE', #820 ) ;
#2015 = CARTESIAN_POINT ( 'NONE',  ( 31.04510560161707033, -84.00000000000000000, 4.574410439946457352 ) ) ;
#2016 = CIRCLE ( 'NONE', #3354, 2.999999999999995559 ) ;
#2017 = CARTESIAN_POINT ( 'NONE',  ( 50.83964611622682384, -83.70000000000001705, 7.909827637963544156 ) ) ;
#2018 = VECTOR ( 'NONE', #3741, 1000.000000000000000 ) ;
#2019 = DIRECTION ( 'NONE',  ( 2.891205793294682764E-16, -1.000000000000000000, 0.000000000000000000 ) ) ;
#2020 = CARTESIAN_POINT ( 'NONE',  ( 41.99999999999999289, -2.000000000000001776, 3.999999999999998224 ) ) ;
#2021 = ORIENTED_EDGE ( 'NONE', *, *, #5347, .T. ) ;
#2022 = DIRECTION ( 'NONE',  ( 0.000000000000000000, -0.000000000000000000, 1.000000000000000000 ) ) ;
#2023 = CARTESIAN_POINT ( 'NONE',  ( 28.33842183556960137, -83.70000000000003126, 7.843714332574958981 ) ) ;
#2025 = EDGE_CURVE ( 'NONE', #3588, #2865, #33, .T. ) ;
#2024 = VERTEX_POINT ( 'NONE', #10126 ) ;
#2026 = ADVANCED_FACE ( 'NONE', ( #10555 ), #2927, .F. ) ;
#2027 = AXIS2_PLACEMENT_3D ( 'NONE', #416, #8812, #473 ) ;
#2028 = LINE ( 'NONE', #2853, #9657 ) ;
#2029 = CARTESIAN_POINT ( 'NONE',  ( 12.00000000000000000, -2.000000000000029310, 3.000000000000000000 ) ) ;
#2030 = ORIENTED_EDGE ( 'NONE', *, *, #1003, .F. ) ;
#2031 = CARTESIAN_POINT ( 'NONE',  ( 65.00000000000001421, -54.00000000000000000, 1.999999999999998224 ) ) ;
#2032 = DIRECTION ( 'NONE',  ( 0.000000000000000000, 0.000000000000000000, 1.000000000000000000 ) ) ;
#2033 = LINE ( 'NONE', #8359, #2285 ) ;
#2034 = ORIENTED_EDGE ( 'NONE', *, *, #8686, .T. ) ;
#2035 = AXIS2_PLACEMENT_3D ( 'NONE', #629, #10801, #8970 ) ;
#2036 = PLANE ( 'NONE',  #6348 ) ;
#2037 = CARTESIAN_POINT ( 'NONE',  ( 73.00000000000002842, -82.00000000000000000, 1.999999999999998224 ) ) ;
#2038 = EDGE_LOOP ( 'NONE', ( #7237, #495 ) ) ;
#2039 = CARTESIAN_POINT ( 'NONE',  ( 64.00000000000000000, -14.00000000000000000, 0.000000000000000000 ) ) ;
#2040 = EDGE_LOOP ( 'NONE', ( #7534, #1287 ) ) ;
#2041 = EDGE_CURVE ( 'NONE', #9106, #3534, #4064, .T. ) ;
#2042 = EDGE_CURVE ( 'NONE', #3500, #3304, #8669, .T. ) ;
#2043 = DIRECTION ( 'NONE',  ( 0.000000000000000000, -0.000000000000000000, -1.000000000000000000 ) ) ;
#2044 = ORIENTED_EDGE ( 'NONE', *, *, #4594, .F. ) ;
#2045 = CARTESIAN_POINT ( 'NONE',  ( 27.21503794696573308, -83.70000000000001705, 6.416626416543015132 ) ) ;
#2046 = ORIENTED_EDGE ( 'NONE', *, *, #1677, .F. ) ;
#2047 = CARTESIAN_POINT ( 'NONE',  ( 58.00000000000000000, -18.00000000000000355, 1.999999999999998224 ) ) ;
#2048 = ORIENTED_EDGE ( 'NONE', *, *, #4020, .T. ) ;
#2049 = ORIENTED_EDGE ( 'NONE', *, *, #4907, .T. ) ;
#2050 = DIRECTION ( 'NONE',  ( 0.000000000000000000, 0.000000000000000000, -1.000000000000000000 ) ) ;
#2051 = EDGE_CURVE ( 'NONE', #8242, #5318, #5843, .T. ) ;
#2052 = DIRECTION ( 'NONE',  ( 1.000000000000000000, 0.000000000000000000, 0.000000000000000000 ) ) ;
#2053 = ORIENTED_EDGE ( 'NONE', *, *, #3860, .T. ) ;
#2054 = EDGE_CURVE ( 'NONE', #7613, #4296, #10310, .T. ) ;
#2055 = CARTESIAN_POINT ( 'NONE',  ( 31.05533498843708884, -84.00000000000001421, 6.243032717060458481 ) ) ;
#2056 = DIRECTION ( 'NONE',  ( -0.000000000000000000, -0.000000000000000000, -1.000000000000000000 ) ) ;
#2057 = DIRECTION ( 'NONE',  ( -1.000000000000000000, 0.000000000000000000, 0.000000000000000000 ) ) ;
#2058 = CARTESIAN_POINT ( 'NONE',  ( 28.19537841098029318, -84.00000000000000000, 6.698934032791085791 ) ) ;
#2059 = CARTESIAN_POINT ( 'NONE',  ( 29.46092601743925243, -84.00000000000001421, 4.780676657220314318 ) ) ;
#2060 = CARTESIAN_POINT ( 'NONE',  ( 54.91274553143149717, -83.70000000000001705, 6.436143427437228226 ) ) ;
#2061 = ORIENTED_EDGE ( 'NONE', *, *, #10213, .T. ) ;
#2062 = CYLINDRICAL_SURFACE ( 'NONE', #2294, 2.000000000000000000 ) ;
#2063 = CARTESIAN_POINT ( 'NONE',  ( 57.00000000000000711, -38.00000000000000000, 0.000000000000000000 ) ) ;
#2064 = ADVANCED_FACE ( 'NONE', ( #4735 ), #4798, .F. ) ;
#2065 = LINE ( 'NONE', #4894, #2018 ) ;
#2066 = CARTESIAN_POINT ( 'NONE',  ( 65.00000000000001421, -62.00000000000000711, 1.999999999999998224 ) ) ;
#2067 = VERTEX_POINT ( 'NONE', #10492 ) ;
#2068 = FACE_OUTER_BOUND ( 'NONE', #155, .T. ) ;
#2069 = CARTESIAN_POINT ( 'NONE',  ( 62.00000000000000000, -18.00000000000000355, 1.999999999999998224 ) ) ;
#2070 = ORIENTED_EDGE ( 'NONE', *, *, #857, .F. ) ;
#2071 = DIRECTION ( 'NONE',  ( 0.000000000000000000, 1.000000000000000000, 0.000000000000000000 ) ) ;
#2072 = CIRCLE ( 'NONE', #6495, 1.000000000000000888 ) ;
#2073 = DIRECTION ( 'NONE',  ( 0.000000000000000000, 0.000000000000000000, -1.000000000000000000 ) ) ;
#2074 = CARTESIAN_POINT ( 'NONE',  ( 30.60938381024310218, -84.00000000000000000, 4.427858556799254330 ) ) ;
#2075 = CARTESIAN_POINT ( 'NONE',  ( 29.66368797434885352, -83.99999999999997158, 6.363840052850044948 ) ) ;
#2076 = EDGE_LOOP ( 'NONE', ( #4454, #5538, #4309, #8047 ) ) ;
#2077 = DIRECTION ( 'NONE',  ( 1.000000000000000000, 0.000000000000000000, 0.000000000000000000 ) ) ;
#2078 = FACE_OUTER_BOUND ( 'NONE', #9327, .T. ) ;
#2079 = ORIENTED_EDGE ( 'NONE', *, *, #1885, .T. ) ;
#2080 = B_SPLINE_CURVE_WITH_KNOTS ( 'NONE', 3,
 ( #4717, #8471, #9499, #2842, #8408, #7558, #5762, #4958, #6592, #4045, #9439, #2015, #11266, #7673, #6769, #1164, #10471, #2192, #7913 ),
 .UNSPECIFIED., .F., .F.,
 ( 4, 1, 1, 1, 1, 1, 1, 1, 1, 1, 1, 1, 1, 1, 1, 1, 4 ),
 ( 0.000000000000000000, 0.06414111917131525009, 0.1254268856742992155, 0.1851404258974211903, 0.2431290278248883774, 0.3006481797213724216, 0.3576513697118872681, 0.4157237904283609953, 0.4748552484352632219, 0.5345250275449818789, 0.5949165388594344073, 0.6562375692923571036, 0.7191350391143049858, 0.7844327246161045819, 0.8526924997614412360, 0.9244066491533401431, 0.9999999999999998890 ),
 .UNSPECIFIED. ) ;
#2081 = VECTOR ( 'NONE', #4205, 1000.000000000000000 ) ;
#2082 = DIRECTION ( 'NONE',  ( -1.000000000000000000, 0.000000000000000000, 0.000000000000000000 ) ) ;
#2083 = ORIENTED_EDGE ( 'NONE', *, *, #6013, .T. ) ;
#2084 = CARTESIAN_POINT ( 'NONE',  ( 48.83379816301044940, -83.70000000000001705, 7.132049860185766477 ) ) ;
#2085 = EDGE_CURVE ( 'NONE', #8998, #11833, #1181, .T. ) ;
#2087 = VERTEX_POINT ( 'NONE', #9332 ) ;
#2086 = FACE_OUTER_BOUND ( 'NONE', #5615, .T. ) ;
#2088 = CARTESIAN_POINT ( 'NONE',  ( 28.23359980807192215, -83.99999999999998579, 7.013193999414675694 ) ) ;
#2089 = AXIS2_PLACEMENT_3D ( 'NONE', #944, #4620, #828 ) ;
#2091 = CIRCLE ( 'NONE', #8644, 1.000000000000000888 ) ;
#2090 = CARTESIAN_POINT ( 'NONE',  ( 52.00000000000000711, -26.00000000000000355, 27.00100000000000122 ) ) ;
#2092 = DIRECTION ( 'NONE',  ( 0.000000000000000000, 0.000000000000000000, -1.000000000000000000 ) ) ;
#2093 = ORIENTED_EDGE ( 'NONE', *, *, #1245, .T. ) ;
#2094 = VECTOR ( 'NONE', #5995, 1000.000000000000000 ) ;
#2095 = DIRECTION ( 'NONE',  ( -3.469446951953614189E-16, 1.000000000000000000, -0.000000000000000000 ) ) ;
#2096 = ORIENTED_EDGE ( 'NONE', *, *, #10048, .F. ) ;
#2097 = AXIS2_PLACEMENT_3D ( 'NONE', #11306, #3004, #9356 ) ;
#2098 = FACE_OUTER_BOUND ( 'NONE', #9677, .T. ) ;
#2099 = ORIENTED_EDGE ( 'NONE', *, *, #4987, .T. ) ;
#2100 = CARTESIAN_POINT ( 'NONE',  ( 54.00000000000000000, -14.00000000000000000, 1.999999999999998224 ) ) ;
#2101 = CIRCLE ( 'NONE', #10800, 1.000000000000000888 ) ;
#2102 = EDGE_CURVE ( 'NONE', #4330, #9579, #7348, .T. ) ;
#2103 = ORIENTED_EDGE ( 'NONE', *, *, #2621, .T. ) ;
#2104 = EDGE_CURVE ( 'NONE', #11097, #3705, #7741, .T. ) ;
#2105 = ORIENTED_EDGE ( 'NONE', *, *, #8380, .F. ) ;
#2106 = CARTESIAN_POINT ( 'NONE',  ( 64.00000000000000000, -22.00000000000000000, 0.000000000000000000 ) ) ;
#2107 = ORIENTED_EDGE ( 'NONE', *, *, #6663, .F. ) ;
#2108 = CIRCLE ( 'NONE', #9821, 1.000000000000000888 ) ;
#2109 = EDGE_LOOP ( 'NONE', ( #5682, #6768, #1933, #10785 ) ) ;
#2110 = DIRECTION ( 'NONE',  ( -0.000000000000000000, -0.000000000000000000, -1.000000000000000000 ) ) ;
#2111 = AXIS2_PLACEMENT_3D ( 'NONE', #10097, #10035, #1818 ) ;
#2112 = DIRECTION ( 'NONE',  ( 1.000000000000000000, 0.000000000000000000, 2.478176394252583113E-16 ) ) ;
#2113 = ORIENTED_EDGE ( 'NONE', *, *, #10775, .F. ) ;
#2114 = CYLINDRICAL_SURFACE ( 'NONE', #815, 1.000000000000000888 ) ;
#2115 = LINE ( 'NONE', #11304, #3425 ) ;
#2116 = CARTESIAN_POINT ( 'NONE',  ( 54.91274553143149717, -83.70000000000001705, 6.047254538548339831 ) ) ;
#2117 = ADVANCED_FACE ( 'NONE', ( #388 ), #9457, .T. ) ;
#2118 = CARTESIAN_POINT ( 'NONE',  ( 28.05797587940753601, -84.00000000000001421, 6.523591852921722278 ) ) ;
#2119 = DIRECTION ( 'NONE',  ( 0.000000000000000000, 0.000000000000000000, 1.000000000000000000 ) ) ;
#2120 = AXIS2_PLACEMENT_3D ( 'NONE', #2386, #8726, #7023 ) ;
#2121 = EDGE_CURVE ( 'NONE', #10967, #7679, #5243, .T. ) ;
#2122 = CARTESIAN_POINT ( 'NONE',  ( 50.36888588230869601, -83.70000000000001705, 7.909827637963544156 ) ) ;
#2123 = VERTEX_POINT ( 'NONE', #11284 ) ;
#2124 = DIRECTION ( 'NONE',  ( -1.000000000000000000, 0.000000000000000000, 0.000000000000000000 ) ) ;
#2125 = DIRECTION ( 'NONE',  ( 1.000000000000000000, 0.000000000000000000, 0.000000000000000000 ) ) ;
#2126 = DIRECTION ( 'NONE',  ( 0.000000000000000000, -0.000000000000000000, 1.000000000000000000 ) ) ;
#2127 = CARTESIAN_POINT ( 'NONE',  ( 29.23604726037270751, -83.70000000000001705, 5.444025160316027900 ) ) ;
#2128 = DIRECTION ( 'NONE',  ( -1.000000000000000000, 0.000000000000000000, 0.000000000000000000 ) ) ;
#2129 = EDGE_LOOP ( 'NONE', ( #7000, #2398, #8568, #2891 ) ) ;
#2130 = CARTESIAN_POINT ( 'NONE',  ( 27.66078193656936790, -84.00000000000000000, 7.983552992241519597 ) ) ;
#2131 = CARTESIAN_POINT ( 'NONE',  ( 30.64456324342409843, -83.70000000000000284, 7.433308004233171395 ) ) ;
#2132 = EDGE_CURVE ( 'NONE', #8508, #10565, #9097, .T. ) ;
#2133 = VERTEX_POINT ( 'NONE', #4861 ) ;
#2134 = DIRECTION ( 'NONE',  ( 0.000000000000000000, 0.000000000000000000, 1.000000000000000000 ) ) ;
#2135 = CARTESIAN_POINT ( 'NONE',  ( 64.00000000000000000, -22.00000000000000000, 1.999999999999998224 ) ) ;
#2136 = DIRECTION ( 'NONE',  ( 0.000000000000000000, 0.000000000000000000, -1.000000000000000000 ) ) ;
#2137 = AXIS2_PLACEMENT_3D ( 'NONE', #11299, #7649, #2998 ) ;
#2138 = FACE_OUTER_BOUND ( 'NONE', #11424, .T. ) ;
#2139 = ORIENTED_EDGE ( 'NONE', *, *, #703, .F. ) ;
#2140 = DIRECTION ( 'NONE',  ( 0.000000000000000000, 0.000000000000000000, -1.000000000000000000 ) ) ;
#2141 = CARTESIAN_POINT ( 'NONE',  ( 50.00000000000001421, -62.00000000000000711, 0.000000000000000000 ) ) ;
#2142 = ORIENTED_EDGE ( 'NONE', *, *, #9274, .T. ) ;
#2143 =( BOUNDED_CURVE ( )  B_SPLINE_CURVE ( 3, ( #2029, #1339, #8704, #3199 ),
 .UNSPECIFIED., .F., .F. ) 
 B_SPLINE_CURVE_WITH_KNOTS ( ( 4, 4 ),
 ( 3.141592653589779349, 4.459708725242611749 ),
 .UNSPECIFIED. ) 
 CURVE ( )  GEOMETRIC_REPRESENTATION_ITEM ( )  RATIONAL_B_SPLINE_CURVE ( ( 1.000000000000000000, 0.8603796100280602932, 0.8603796100280602932, 1.000000000000000000 ) ) 
 REPRESENTATION_ITEM ( '' )  );
#2144 = DIRECTION ( 'NONE',  ( -0.000000000000000000, -1.000000000000000000, -0.000000000000000000 ) ) ;
#2145 = ORIENTED_EDGE ( 'NONE', *, *, #3402, .F. ) ;
#2146 = CYLINDRICAL_SURFACE ( 'NONE', #7094, 1.000000000000000888 ) ;
#2147 = DIRECTION ( 'NONE',  ( -0.000000000000000000, -0.000000000000000000, -1.000000000000000000 ) ) ;
#2148 = ORIENTED_EDGE ( 'NONE', *, *, #1894, .F. ) ;
#2149 = CARTESIAN_POINT ( 'NONE',  ( 2.999999999999999556, -4.000000000000000888, 27.00000000000000000 ) ) ;
#2150 = FACE_OUTER_BOUND ( 'NONE', #6899, .T. ) ;
#2151 = DIRECTION ( 'NONE',  ( -0.000000000000000000, -0.000000000000000000, -1.000000000000000000 ) ) ;
#2152 = ORIENTED_EDGE ( 'NONE', *, *, #3036, .F. ) ;
#2153 = CARTESIAN_POINT ( 'NONE',  ( 58.00000000000000711, -34.00000000000000000, 27.00100000000000122 ) ) ;
#2154 = VERTEX_POINT ( 'NONE', #9520 ) ;
#2155 = EDGE_CURVE ( 'NONE', #6199, #8316, #3104, .T. ) ;
#2156 = AXIS2_PLACEMENT_3D ( 'NONE', #5764, #8409, #3872 ) ;
#2157 = AXIS2_PLACEMENT_3D ( 'NONE', #2212, #3953, #6615 ) ;
#2158 = CARTESIAN_POINT ( 'NONE',  ( 28.33318826102248167, -84.00000000000000000, 4.451714135841259967 ) ) ;
#2159 = ORIENTED_EDGE ( 'NONE', *, *, #1306, .F. ) ;
#2160 = DIRECTION ( 'NONE',  ( -1.000000000000000000, 0.000000000000000000, 0.000000000000000000 ) ) ;
#2161 = ORIENTED_EDGE ( 'NONE', *, *, #11047, .F. ) ;
#2162 = CARTESIAN_POINT ( 'NONE',  ( 61.00000000000001421, -62.00000000000000711, 27.00100000000000122 ) ) ;
#2163 = ORIENTED_EDGE ( 'NONE', *, *, #5004, .F. ) ;
#2164 = VECTOR ( 'NONE', #2890, 1000.000000000000000 ) ;
#2165 = AXIS2_PLACEMENT_3D ( 'NONE', #4713, #3015, #5758 ) ;
#2166 = EDGE_LOOP ( 'NONE', ( #7246, #5840, #11225, #5937 ) ) ;
#2167 = DIRECTION ( 'NONE',  ( 0.000000000000000000, -0.000000000000000000, 1.000000000000000000 ) ) ;
#2168 = CARTESIAN_POINT ( 'NONE',  ( 65.00000000000000000, -18.00000000000000355, 27.00100000000000122 ) ) ;
#2169 = ORIENTED_EDGE ( 'NONE', *, *, #5054, .T. ) ;
#2170 = EDGE_CURVE ( 'NONE', #7150, #11890, #11457, .T. ) ;
#2171 = ADVANCED_FACE ( 'NONE', ( #7635 ), #607, .T. ) ;
#2172 = CYLINDRICAL_SURFACE ( 'NONE', #4473, 1.000000000000000888 ) ;
#2173 = CARTESIAN_POINT ( 'NONE',  ( 29.92748615984581306, -83.69999999999998863, 7.189045634404609864 ) ) ;
#2174 = CIRCLE ( 'NONE', #6792, 1.000000000000000888 ) ;
#2175 = CARTESIAN_POINT ( 'NONE',  ( 41.99999999999999289, -65.89813106228984907, 1.999999999999998224 ) ) ;
#2176 = AXIS2_PLACEMENT_3D ( 'NONE', #8843, #2147, #3346 ) ;
#2177 = CARTESIAN_POINT ( 'NONE',  ( 51.47414904020342874, -83.70000000000001705, 6.538482608723778178 ) ) ;
#2178 = CARTESIAN_POINT ( 'NONE',  ( 0.000000000000000000, -82.79999999999999716, 0.000000000000000000 ) ) ;
#2179 = CARTESIAN_POINT ( 'NONE',  ( 54.00000000000001421, -54.00000000000000000, 1.999999999999998224 ) ) ;
#2180 = ORIENTED_EDGE ( 'NONE', *, *, #9645, .T. ) ;
#2181 = CARTESIAN_POINT ( 'NONE',  ( 50.83964611622682384, -83.70000000000001705, 7.909827637963544156 ) ) ;
#2182 = CARTESIAN_POINT ( 'NONE',  ( 65.00000000000000000, -30.00000000000000000, 1.999999999999998224 ) ) ;
#2183 = AXIS2_PLACEMENT_3D ( 'NONE', #10687, #1670, #3420 ) ;
#2184 = LINE ( 'NONE', #476, #8734 ) ;
#2185 = DIRECTION ( 'NONE',  ( 1.000000000000000000, 3.304235192336776005E-16, -0.000000000000000000 ) ) ;
#2186 = VERTEX_POINT ( 'NONE', #792 ) ;
#2187 = CARTESIAN_POINT ( 'NONE',  ( 29.31640246938288641, -83.70000000000001705, 7.031419572271842888 ) ) ;
#2188 = EDGE_CURVE ( 'NONE', #2694, #1710, #808, .T. ) ;
#2189 = ADVANCED_FACE ( 'NONE', ( #10036 ), #849, .F. ) ;
#2190 = CARTESIAN_POINT ( 'NONE',  ( 27.66078193656936790, -83.70000000000001705, 7.983552992241519597 ) ) ;
#2191 = VERTEX_POINT ( 'NONE', #3289 ) ;
#2192 = CARTESIAN_POINT ( 'NONE',  ( 30.39390656354727938, -84.00000000000001421, 4.412360169606723836 ) ) ;
#2193 = DIRECTION ( 'NONE',  ( -0.000000000000000000, -0.000000000000000000, -1.000000000000000000 ) ) ;
#2194 = CARTESIAN_POINT ( 'NONE',  ( 49.00000000000000000, -34.00000000000000000, 0.000000000000000000 ) ) ;
#2195 = AXIS2_PLACEMENT_3D ( 'NONE', #3018, #1098, #11144 ) ;
#2196 = CARTESIAN_POINT ( 'NONE',  ( 50.00000000000000000, -34.00000000000000000, 27.00100000000000122 ) ) ;
#2197 = CARTESIAN_POINT ( 'NONE',  ( 56.00000000000000000, -22.00000000000000000, 0.000000000000000000 ) ) ;
#2198 = ORIENTED_EDGE ( 'NONE', *, *, #5447, .T. ) ;
#2199 = PLANE ( 'NONE',  #3951 ) ;
#2200 = DIRECTION ( 'NONE',  ( -0.000000000000000000, -0.000000000000000000, -1.000000000000000000 ) ) ;
#2201 = ORIENTED_EDGE ( 'NONE', *, *, #9277, .T. ) ;
#2202 = EDGE_CURVE ( 'NONE', #6083, #7679, #6236, .T. ) ;
#2203 = EDGE_CURVE ( 'NONE', #11816, #1817, #6778, .T. ) ;
#2204 = CYLINDRICAL_SURFACE ( 'NONE', #8977, 2.000000000000000000 ) ;
#2205 = VECTOR ( 'NONE', #3779, 1000.000000000000000 ) ;
#2206 = AXIS2_PLACEMENT_3D ( 'NONE', #1332, #5015, #8636 ) ;
#2207 = EDGE_LOOP ( 'NONE', ( #4131, #11158 ) ) ;
#2208 = CARTESIAN_POINT ( 'NONE',  ( 48.00000000000000000, -22.00000000000000000, 1.999999999999998224 ) ) ;
#2209 = CARTESIAN_POINT ( 'NONE',  ( 60.00000000000001421, -46.00000000000000711, 27.00100000000000122 ) ) ;
#2210 = LINE ( 'NONE', #2149, #924 ) ;
#2211 = DIRECTION ( 'NONE',  ( 0.2553911228370345232, 0.000000000000000000, -0.9668378221687641272 ) ) ;
#2212 = CARTESIAN_POINT ( 'NONE',  ( 61.00000000000001421, -46.00000000000000711, 0.000000000000000000 ) ) ;
#2213 = ORIENTED_EDGE ( 'NONE', *, *, #4679, .F. ) ;
#2214 = CARTESIAN_POINT ( 'NONE',  ( 6.608470384673551024E-16, -2.000000000000000000, 27.00000000000000000 ) ) ;
#2215 = ORIENTED_EDGE ( 'NONE', *, *, #7575, .F. ) ;
#2216 = CIRCLE ( 'NONE', #276, 1.000000000000000888 ) ;
#2217 = DIRECTION ( 'NONE',  ( -0.000000000000000000, -0.000000000000000000, -1.000000000000000000 ) ) ;
#2218 = ORIENTED_EDGE ( 'NONE', *, *, #826, .T. ) ;
#2219 = CARTESIAN_POINT ( 'NONE',  ( 44.00000000000000000, 0.000000000000000000, 1.999999999999998224 ) ) ;
#2220 = VECTOR ( 'NONE', #2560, 1000.000000000000000 ) ;
#2221 = ORIENTED_EDGE ( 'NONE', *, *, #6431, .T. ) ;
#2222 = FACE_OUTER_BOUND ( 'NONE', #11844, .T. ) ;
#2223 = EDGE_LOOP ( 'NONE', ( #1439, #3109 ) ) ;
#2224 = VERTEX_POINT ( 'NONE', #3223 ) ;
#2225 = DIRECTION ( 'NONE',  ( -1.000000000000000000, 0.000000000000000000, 0.000000000000000000 ) ) ;
#2226 = DIRECTION ( 'NONE',  ( -0.000000000000000000, -1.000000000000000000, -0.000000000000000000 ) ) ;
#2227 = FACE_OUTER_BOUND ( 'NONE', #5460, .T. ) ;
#2228 = CARTESIAN_POINT ( 'NONE',  ( 61.00000000000001421, -50.00000000000000000, 27.00100000000000122 ) ) ;
#2229 = DIRECTION ( 'NONE',  ( -0.000000000000000000, -0.000000000000000000, -1.000000000000000000 ) ) ;
#2230 = AXIS2_PLACEMENT_3D ( 'NONE', #8575, #1208, #10334 ) ;
#2231 = CARTESIAN_POINT ( 'NONE',  ( 45.00000000000000000, -2.000000000000000000, 25.00000000000000000 ) ) ;
#2232 = EDGE_CURVE ( 'NONE', #7307, #763, #1441, .T. ) ;
#2233 = CARTESIAN_POINT ( 'NONE',  ( 53.05017243201628929, -84.00000000000000000, 7.909827637963544156 ) ) ;
#2234 = ORIENTED_EDGE ( 'NONE', *, *, #6026, .T. ) ;
#2235 = PLANE ( 'NONE',  #1635 ) ;
#2236 = LINE ( 'NONE', #357, #5796 ) ;
#2237 = CARTESIAN_POINT ( 'NONE',  ( 64.00000000000000000, -18.00000000000000355, 27.00100000000000122 ) ) ;
#2238 = FACE_BOUND ( 'NONE', #11605, .T. ) ;
#2239 = ORIENTED_EDGE ( 'NONE', *, *, #8524, .T. ) ;
#2240 = DIRECTION ( 'NONE',  ( -1.000000000000000000, -4.336808689942013792E-16, 0.000000000000000000 ) ) ;
#2241 = CARTESIAN_POINT ( 'NONE',  ( 2.200000000000012612, -49.00000000000000000, 22.00000000000000355 ) ) ;
#2242 = CARTESIAN_POINT ( 'NONE',  ( 61.00000000000001421, -42.00000000000000000, 27.00100000000000122 ) ) ;
#2243 = ORIENTED_EDGE ( 'NONE', *, *, #8467, .T. ) ;
#2244 = CYLINDRICAL_SURFACE ( 'NONE', #4885, 1.000000000000000888 ) ;
#2245 = EDGE_CURVE ( 'NONE', #5031, #6482, #29, .T. ) ;
#2246 = CARTESIAN_POINT ( 'NONE',  ( 61.00000000000000711, -26.00000000000000355, 1.999999999999998224 ) ) ;
#2247 = EDGE_LOOP ( 'NONE', ( #3709, #7818, #8800, #7760 ) ) ;
#2248 = DIRECTION ( 'NONE',  ( 0.000000000000000000, -0.000000000000000000, -1.000000000000000000 ) ) ;
#2249 = B_SPLINE_SURFACE_WITH_KNOTS ( 'NONE', 3, 1, ( 
 ( #10917, #8174 ),
 ( #4427, #1897 ),
 ( #4661, #2614 ),
 ( #20, #3523 ),
 ( #11928, #6256 ),
 ( #6307, #9992 ),
 ( #9940, #1719 ),
 ( #5348, #922 ),
 ( #2794, #2735 ),
 ( #6483, #5593 ),
 ( #9021, #5410 ),
 ( #6428, #811 ),
 ( #9081, #1662 ),
 ( #9255, #8352 ),
 ( #2671, #10115 ) ),
 .UNSPECIFIED., .F., .F., .F.,
 ( 4, 1, 1, 1, 1, 1, 1, 1, 1, 1, 1, 1, 4 ),
 ( 2, 2 ),
 ( 0.000000000000000000, 0.08040897386634297817, 0.1563595554368080176, 0.2293997221279835408, 0.2995160360604106065, 0.3673068594618991156, 0.4328878499973464189, 0.4977300062909703615, 0.5626968507895730998, 0.6859065714959875493, 0.7985494646894329973, 0.9020186258346785113, 1.000000000000000000 ),
 ( 0.000000000000000000, 1.000000000000000000 ),
 .UNSPECIFIED. ) ;
#2250 = EDGE_CURVE ( 'NONE', #5761, #6035, #4857, .T. ) ;
#2251 = DIRECTION ( 'NONE',  ( -1.000000000000000000, 0.000000000000000000, 0.000000000000000000 ) ) ;
#2252 = CARTESIAN_POINT ( 'NONE',  ( 3.828427124746212939, -82.00000000000001421, 1.999999999999998668 ) ) ;
#2253 = ORIENTED_EDGE ( 'NONE', *, *, #8818, .F. ) ;
#2254 = CARTESIAN_POINT ( 'NONE',  ( 29.92464840326346476, -84.00000000000001421, 7.062898005347181929 ) ) ;
#2255 = DIRECTION ( 'NONE',  ( 0.000000000000000000, 0.000000000000000000, -1.000000000000000000 ) ) ;
#2256 = ORIENTED_EDGE ( 'NONE', *, *, #1892, .T. ) ;
#2257 = CARTESIAN_POINT ( 'NONE',  ( 45.00000000000000000, -1.200000000000000178, 25.00000000000000000 ) ) ;
#2258 = AXIS2_PLACEMENT_3D ( 'NONE', #7317, #4476, #7434 ) ;
#2259 = EDGE_CURVE ( 'NONE', #8152, #9350, #1187, .T. ) ;
#2260 = EDGE_LOOP ( 'NONE', ( #10426, #88, #4688, #5757 ) ) ;
#2261 = DIRECTION ( 'NONE',  ( -1.000000000000000000, 0.000000000000000000, 0.000000000000000000 ) ) ;
#2262 = EDGE_CURVE ( 'NONE', #2684, #2359, #6468, .T. ) ;
#2263 = DIRECTION ( 'NONE',  ( 1.000000000000000000, 0.000000000000000000, -0.000000000000000000 ) ) ;
#2264 = EDGE_LOOP ( 'NONE', ( #5741, #1008, #9288, #11694 ) ) ;
#2265 = CYLINDRICAL_SURFACE ( 'NONE', #4579, 1.000000000000000888 ) ;
#2266 = EDGE_CURVE ( 'NONE', #9980, #5118, #8315, .T. ) ;
#2267 = CARTESIAN_POINT ( 'NONE',  ( 55.13789173026190582, -84.00000000000000000, 4.409827637963545044 ) ) ;
#2268 = CARTESIAN_POINT ( 'NONE',  ( 29.48490329970920243, -83.99999999999998579, 6.535927140588293938 ) ) ;
#2269 = ORIENTED_EDGE ( 'NONE', *, *, #4974, .T. ) ;
#2270 = CARTESIAN_POINT ( 'NONE',  ( 49.00000000000000711, -38.00000000000000000, 0.000000000000000000 ) ) ;
#2271 = VECTOR ( 'NONE', #8074, 1000.000000000000000 ) ;
#2272 = EDGE_LOOP ( 'NONE', ( #10852, #10045, #9908, #1854 ) ) ;
#2273 = DIRECTION ( 'NONE',  ( 1.000000000000000000, 0.000000000000000000, 0.000000000000000000 ) ) ;
#2274 = VERTEX_POINT ( 'NONE', #3737 ) ;
#2275 = DIRECTION ( 'NONE',  ( -0.000000000000000000, -0.000000000000000000, -1.000000000000000000 ) ) ;
#2276 = AXIS2_PLACEMENT_3D ( 'NONE', #7153, #5534, #11878 ) ;
#2277 = ADVANCED_FACE ( 'NONE', ( #7428 ), #10154, .F. ) ;
#2278 = AXIS2_PLACEMENT_3D ( 'NONE', #1106, #1233, #7505 ) ;
#2279 = CARTESIAN_POINT ( 'NONE',  ( 50.36888588230869601, -84.00000000000000000, 4.409827637963545044 ) ) ;
#2280 = EDGE_LOOP ( 'NONE', ( #2882, #10710, #2576, #4653 ) ) ;
#2281 = ORIENTED_EDGE ( 'NONE', *, *, #7090, .F. ) ;
#2282 = CARTESIAN_POINT ( 'NONE',  ( 46.39812564839056108, -83.70000000000001705, 7.909827637963544156 ) ) ;
#2283 = CARTESIAN_POINT ( 'NONE',  ( 46.19344728581746296, -83.70000000000001705, 6.988775006384597255 ) ) ;
#2284 = VECTOR ( 'NONE', #7420, 1000.000000000000114 ) ;
#2285 = VECTOR ( 'NONE', #10361, 1000.000000000000000 ) ;
#2286 = CARTESIAN_POINT ( 'NONE',  ( 30.39594274992870382, -83.99999999999997158, 8.022808290674177556 ) ) ;
#2287 = VECTOR ( 'NONE', #3811, 1000.000000000000000 ) ;
#2288 = CARTESIAN_POINT ( 'NONE',  ( 1.586032892321652561E-14, -47.99999999999999289, 10.50000000000000533 ) ) ;
#2289 = PLANE ( 'NONE',  #5588 ) ;
#2290 = CARTESIAN_POINT ( 'NONE',  ( 30.01391687349325466, -83.70000000000000284, 6.803074947385266746 ) ) ;
#2291 = VECTOR ( 'NONE', #8076, 1000.000000000000000 ) ;
#2292 = DIRECTION ( 'NONE',  ( 0.000000000000000000, -0.000000000000000000, -1.000000000000000000 ) ) ;
#2293 = EDGE_LOOP ( 'NONE', ( #8039, #7223, #6853, #9528 ) ) ;
#2294 = AXIS2_PLACEMENT_3D ( 'NONE', #5751, #3009, #2124 ) ;
#2295 = CARTESIAN_POINT ( 'NONE',  ( 29.60697422837513670, -83.70000000000003126, 4.636031733426433377 ) ) ;
#2296 = CARTESIAN_POINT ( 'NONE',  ( 11.00000000000000178, -83.00000000000000000, 0.2679491924311221962 ) ) ;
#2297 = CARTESIAN_POINT ( 'NONE',  ( 53.00000000000000000, -14.00000000000000000, 27.00100000000000122 ) ) ;
#2298 = DIRECTION ( 'NONE',  ( 1.000000000000000000, 0.000000000000000000, 0.000000000000000000 ) ) ;
#2299 = VERTEX_POINT ( 'NONE', #9237 ) ;
#2300 = LINE ( 'NONE', #718, #3898 ) ;
#2301 = AXIS2_PLACEMENT_3D ( 'NONE', #875, #6435, #11038 ) ;
#2302 = EDGE_CURVE ( 'NONE', #790, #6084, #1878, .T. ) ;
#2303 = CARTESIAN_POINT ( 'NONE',  ( 31.00000000000002132, -82.79999999999999716, 22.00000000000000711 ) ) ;
#2304 = AXIS2_PLACEMENT_3D ( 'NONE', #7264, #3466, #5226 ) ;
#2305 = CARTESIAN_POINT ( 'NONE',  ( 2.200000000000008615, -35.00000000000000000, 25.00000000000000000 ) ) ;
#2306 = EDGE_LOOP ( 'NONE', ( #7699, #8187, #6764, #10653 ) ) ;
#2307 = DIRECTION ( 'NONE',  ( 0.000000000000000000, -0.000000000000000000, -1.000000000000000000 ) ) ;
#2308 = DIRECTION ( 'NONE',  ( 0.000000000000000000, 0.000000000000000000, -1.000000000000000000 ) ) ;
#2309 = ORIENTED_EDGE ( 'NONE', *, *, #11127, .F. ) ;
#2310 = CARTESIAN_POINT ( 'NONE',  ( 28.61250616993066842, -84.00000000000001421, 6.287729846460835326 ) ) ;
#2311 = CARTESIAN_POINT ( 'NONE',  ( 62.00000000000000000, -10.00000000000000000, 1.999999999999998224 ) ) ;
#2312 = FACE_OUTER_BOUND ( 'NONE', #2988, .T. ) ;
#2313 = ORIENTED_EDGE ( 'NONE', *, *, #770, .F. ) ;
#2314 = VECTOR ( 'NONE', #5394, 1000.000000000000000 ) ;
#2315 = CARTESIAN_POINT ( 'NONE',  ( 45.64081570687010014, -83.70000000000001705, 5.678833485916761070 ) ) ;
#2316 = CARTESIAN_POINT ( 'NONE',  ( 61.00000000000002132, -66.00000000000000000, 0.000000000000000000 ) ) ;
#2317 = EDGE_LOOP ( 'NONE', ( #6190, #4227, #7530, #10744 ) ) ;
#2318 = EDGE_CURVE ( 'NONE', #3611, #2397, #8273, .T. ) ;
#2319 = CARTESIAN_POINT ( 'NONE',  ( 65.00000000000000000, -14.00000000000000000, 0.000000000000000000 ) ) ;
#2320 = EDGE_CURVE ( 'NONE', #1884, #4801, #4584, .T. ) ;
#2321 = ORIENTED_EDGE ( 'NONE', *, *, #7351, .F. ) ;
#2322 = CARTESIAN_POINT ( 'NONE',  ( 64.00000000000001421, -46.00000000000000711, 1.999999999999998224 ) ) ;
#2323 = LINE ( 'NONE', #6017, #1611 ) ;
#2324 = VECTOR ( 'NONE', #2416, 1000.000000000000000 ) ;
#2325 = DIRECTION ( 'NONE',  ( -0.2553911228370286945, 0.000000000000000000, -0.9668378221687655705 ) ) ;
#2326 = ORIENTED_EDGE ( 'NONE', *, *, #1744, .T. ) ;
#2327 = CARTESIAN_POINT ( 'NONE',  ( 57.00000000000000711, -38.00000000000000000, 1.999999999999998224 ) ) ;
#2328 = DIRECTION ( 'NONE',  ( -1.000000000000000000, 0.000000000000000000, 0.000000000000000000 ) ) ;
#2329 = CARTESIAN_POINT ( 'NONE',  ( 29.48490329970920243, -83.70000000000003126, 6.535927140588293938 ) ) ;
#2330 = ORIENTED_EDGE ( 'NONE', *, *, #7062, .F. ) ;
#2331 = CARTESIAN_POINT ( 'NONE',  ( 27.21503794696573308, -84.00000000000000000, 6.416626416543015132 ) ) ;
#2332 = ORIENTED_EDGE ( 'NONE', *, *, #11920, .F. ) ;
#2333 = EDGE_CURVE ( 'NONE', #10502, #9716, #10665, .T. ) ;
#2334 = CARTESIAN_POINT ( 'NONE',  ( 56.99999999999999289, -10.00000000000000000, 1.999999999999998224 ) ) ;
#2335 = EDGE_CURVE ( 'NONE', #7860, #5318, #5574, .T. ) ;
#2336 = ORIENTED_EDGE ( 'NONE', *, *, #932, .T. ) ;
#2337 = CARTESIAN_POINT ( 'NONE',  ( 58.00000000000000711, -54.00000000000000000, 27.00100000000000122 ) ) ;
#2338 = CARTESIAN_POINT ( 'NONE',  ( 31.39719166437080489, -83.70000000000003126, 7.241365211664447799 ) ) ;
#2339 = LINE ( 'NONE', #6034, #10486 ) ;
#2340 = ORIENTED_EDGE ( 'NONE', *, *, #7207, .F. ) ;
#2341 = VERTEX_POINT ( 'NONE', #10276 ) ;
#2342 = ORIENTED_EDGE ( 'NONE', *, *, #6187, .T. ) ;
#2343 = CARTESIAN_POINT ( 'NONE',  ( 5.000000000000000000, -2.000000000000000000, 1.999999999999998224 ) ) ;
#2344 = VECTOR ( 'NONE', #11202, 1000.000000000000000 ) ;
#2345 = EDGE_CURVE ( 'NONE', #11265, #6606, #4705, .T. ) ;
#2346 = CARTESIAN_POINT ( 'NONE',  ( 31.24086518040318339, -83.70000000000000284, 7.605661725581913224 ) ) ;
#2347 = DIRECTION ( 'NONE',  ( -1.000000000000000000, 0.000000000000000000, -0.000000000000000000 ) ) ;
#2348 = CARTESIAN_POINT ( 'NONE',  ( 29.37050614089492839, -83.70000000000000284, 6.731584993775708625 ) ) ;
#2349 = CARTESIAN_POINT ( 'NONE',  ( 48.07648822148998136, -84.00000000000000000, 4.409827637963545044 ) ) ;
#2350 = CARTESIAN_POINT ( 'NONE',  ( 29.23604726037270751, -83.99999999999997158, 5.444025160316027900 ) ) ;
#2351 = VECTOR ( 'NONE', #3856, 1000.000000000000000 ) ;
#2352 = VECTOR ( 'NONE', #9176, 1000.000000000000000 ) ;
#2353 = CARTESIAN_POINT ( 'NONE',  ( 31.51252736750579686, -83.70000000000000284, 5.242268749936533467 ) ) ;
#2354 = ORIENTED_EDGE ( 'NONE', *, *, #1005, .T. ) ;
#2355 = CARTESIAN_POINT ( 'NONE',  ( 30.34889109836274557, -83.70000000000001705, 4.411536531336170519 ) ) ;
#2356 = CARTESIAN_POINT ( 'NONE',  ( 56.99999999999999289, -10.00000000000000000, 0.000000000000000000 ) ) ;
#2357 = CARTESIAN_POINT ( 'NONE',  ( 53.52093266593442422, -83.70000000000001705, 6.436143427437228226 ) ) ;
#2358 = CARTESIAN_POINT ( 'NONE',  ( 31.05533498843708884, -83.70000000000001705, 6.243032717060458481 ) ) ;
#2359 = VERTEX_POINT ( 'NONE', #64 ) ;
#2360 = CARTESIAN_POINT ( 'NONE',  ( 53.05017243201628929, -83.70000000000001705, 7.909827637963544156 ) ) ;
#2361 = VECTOR ( 'NONE', #10719, 1000.000000000000000 ) ;
#2362 = AXIS2_PLACEMENT_3D ( 'NONE', #8444, #167, #3849 ) ;
#2363 = DIRECTION ( 'NONE',  ( 0.000000000000000000, 0.000000000000000000, -1.000000000000000000 ) ) ;
#2364 = DIRECTION ( 'NONE',  ( 0.000000000000000000, 0.000000000000000000, -1.000000000000000000 ) ) ;
#2365 = ORIENTED_EDGE ( 'NONE', *, *, #5028, .T. ) ;
#2366 = FACE_OUTER_BOUND ( 'NONE', #6591, .T. ) ;
#2367 = CARTESIAN_POINT ( 'NONE',  ( 31.53006338478749626, -83.99999999999997158, 5.491326579858799128 ) ) ;
#2368 = ORIENTED_EDGE ( 'NONE', *, *, #3891, .F. ) ;
#2369 = CARTESIAN_POINT ( 'NONE',  ( 28.17930045508789050, -84.00000000000001421, 6.019398779549296030 ) ) ;
#2370 = ADVANCED_FACE ( 'NONE', ( #11133 ), #3794, .F. ) ;
#2371 = DIRECTION ( 'NONE',  ( 0.000000000000000000, 0.000000000000000000, 1.000000000000000000 ) ) ;
#2372 = DIRECTION ( 'NONE',  ( -0.000000000000000000, -1.000000000000000000, -0.000000000000000000 ) ) ;
#2373 = ORIENTED_EDGE ( 'NONE', *, *, #3947, .T. ) ;
#2374 = DIRECTION ( 'NONE',  ( -0.000000000000000000, -0.000000000000000000, -1.000000000000000000 ) ) ;
#2375 = FACE_BOUND ( 'NONE', #9193, .T. ) ;
#2376 = ORIENTED_EDGE ( 'NONE', *, *, #7260, .F. ) ;
#2377 = CARTESIAN_POINT ( 'NONE',  ( 57.00000000000000000, -22.00000000000000000, 1.999999999999998224 ) ) ;
#2378 = ORIENTED_EDGE ( 'NONE', *, *, #9336, .T. ) ;
#2379 = CARTESIAN_POINT ( 'NONE',  ( 30.92142193803482542, -83.70000000000003126, 5.454159919465545237 ) ) ;
#2380 = CARTESIAN_POINT ( 'NONE',  ( 28.79880400841952692, -84.00000000000002842, 7.308241454442346630 ) ) ;
#2381 = VECTOR ( 'NONE', #11794, 1000.000000000000000 ) ;
#2382 = DIRECTION ( 'NONE',  ( -0.000000000000000000, -1.000000000000000000, -0.000000000000000000 ) ) ;
#2383 = DIRECTION ( 'NONE',  ( 1.000000000000000000, 0.000000000000000000, -0.000000000000000000 ) ) ;
#2384 = EDGE_CURVE ( 'NONE', #1571, #10026, #2830, .T. ) ;
#2385 = EDGE_CURVE ( 'NONE', #7748, #1536, #120, .T. ) ;
#2386 = CARTESIAN_POINT ( 'NONE',  ( 49.00000000000000000, -10.00000000000000000, 0.000000000000000000 ) ) ;
#2387 = ORIENTED_EDGE ( 'NONE', *, *, #386, .F. ) ;
#2388 = DIRECTION ( 'NONE',  ( 0.000000000000000000, 0.000000000000000000, -1.000000000000000000 ) ) ;
#2389 = VERTEX_POINT ( 'NONE', #11254 ) ;
#2390 = EDGE_LOOP ( 'NONE', ( #1050, #8428, #7990, #6240 ) ) ;
#2391 = CYLINDRICAL_SURFACE ( 'NONE', #4578, 1.000000000000000888 ) ;
#2392 = VERTEX_POINT ( 'NONE', #2956 ) ;
#2393 = CYLINDRICAL_SURFACE ( 'NONE', #8855, 1.000000000000000888 ) ;
#2394 = EDGE_CURVE ( 'NONE', #1764, #517, #11017, .T. ) ;
#2395 = CARTESIAN_POINT ( 'NONE',  ( 30.60317714534475186, -84.00000000000001421, 7.461167184113430828 ) ) ;
#2396 = PLANE ( 'NONE',  #5853 ) ;
#2397 = VERTEX_POINT ( 'NONE', #9433 ) ;
#2398 = ORIENTED_EDGE ( 'NONE', *, *, #901, .T. ) ;
#2399 = EDGE_CURVE ( 'NONE', #4660, #8425, #4265, .T. ) ;
#2400 = ORIENTED_EDGE ( 'NONE', *, *, #10245, .T. ) ;
#2401 = PLANE ( 'NONE',  #4832 ) ;
#2402 = CARTESIAN_POINT ( 'NONE',  ( 31.33703000702238484, -84.00000000000001421, 5.988412850961646328 ) ) ;
#2403 = LINE ( 'NONE', #9778, #6700 ) ;
#2404 = CIRCLE ( 'NONE', #1642, 1.000000000000000888 ) ;
#2405 = CARTESIAN_POINT ( 'NONE',  ( 48.00000000000000711, -46.00000000000000711, 1.999999999999998224 ) ) ;
#2406 = EDGE_CURVE ( 'NONE', #7474, #11403, #3076, .T. ) ;
#2407 = EDGE_CURVE ( 'NONE', #9860, #1884, #1206, .T. ) ;
#2408 = CARTESIAN_POINT ( 'NONE',  ( 2.000000000000000888, -2.000000000000000000, 0.000000000000000000 ) ) ;
#2409 = DIRECTION ( 'NONE',  ( 1.000000000000000000, 0.000000000000000000, 0.000000000000000000 ) ) ;
#2410 = ADVANCED_FACE ( 'NONE', ( #6649 ), #7668, .F. ) ;
#2411 = CARTESIAN_POINT ( 'NONE',  ( 31.52872558386706103, -83.70000000000003126, 5.351541777530971267 ) ) ;
#2412 = ORIENTED_EDGE ( 'NONE', *, *, #9115, .T. ) ;
#2413 = ADVANCED_FACE ( 'NONE', ( #2068 ), #8585, .T. ) ;
#2414 = AXIS2_PLACEMENT_3D ( 'NONE', #11273, #11326, #5768 ) ;
#2415 = CARTESIAN_POINT ( 'NONE',  ( 50.00000000000001421, -58.00000000000000000, 1.999999999999998224 ) ) ;
#2416 = DIRECTION ( 'NONE',  ( -0.000000000000000000, -0.000000000000000000, -1.000000000000000000 ) ) ;
#2417 = CARTESIAN_POINT ( 'NONE',  ( 49.00000000000001421, -54.00000000000000000, 1.999999999999998224 ) ) ;
#2418 = CARTESIAN_POINT ( 'NONE',  ( 49.00000000000000711, -42.00000000000000000, 1.999999999999998224 ) ) ;
#2419 = ORIENTED_EDGE ( 'NONE', *, *, #6153, .F. ) ;
#2420 = CARTESIAN_POINT ( 'NONE',  ( 30.34889109836274557, -83.99999999999995737, 8.023730596746609933 ) ) ;
#2421 = VECTOR ( 'NONE', #9296, 1000.000000000000000 ) ;
#2422 = DIRECTION ( 'NONE',  ( -1.000000000000000000, 0.000000000000000000, 0.000000000000000000 ) ) ;
#2423 = CARTESIAN_POINT ( 'NONE',  ( 48.00000000000001421, -62.00000000000000711, 1.999999999999998224 ) ) ;
#2424 = VERTEX_POINT ( 'NONE', #3983 ) ;
#2425 = DIRECTION ( 'NONE',  ( 1.000000000000000000, 0.000000000000000000, 0.000000000000000000 ) ) ;
#2426 = EDGE_CURVE ( 'NONE', #5856, #2087, #6707, .T. ) ;
#2427 = DIRECTION ( 'NONE',  ( -0.000000000000000000, -0.000000000000000000, -1.000000000000000000 ) ) ;
#2428 = ORIENTED_EDGE ( 'NONE', *, *, #3478, .T. ) ;
#2429 = DIRECTION ( 'NONE',  ( 1.000000000000000000, 0.000000000000000000, 0.000000000000000000 ) ) ;
#2430 = LINE ( 'NONE', #2196, #5877 ) ;
#2431 = DIRECTION ( 'NONE',  ( -1.000000000000000000, 0.000000000000000000, 0.000000000000000000 ) ) ;
#2432 = VERTEX_POINT ( 'NONE', #2130 ) ;
#2433 = CARTESIAN_POINT ( 'NONE',  ( 45.00000000000000000, -2.000000000000000000, 25.00000000000000000 ) ) ;
#2434 = FACE_BOUND ( 'NONE', #7805, .T. ) ;
#2435 = ORIENTED_EDGE ( 'NONE', *, *, #11707, .F. ) ;
#2436 = DIRECTION ( 'NONE',  ( 1.000000000000000000, 0.000000000000000000, 0.000000000000000000 ) ) ;
#2437 = ORIENTED_EDGE ( 'NONE', *, *, #7705, .T. ) ;
#2438 = DIRECTION ( 'NONE',  ( 0.000000000000000000, 8.673617379884035472E-16, 1.000000000000000000 ) ) ;
#2439 = LINE ( 'NONE', #6301, #5049 ) ;
#2440 = CARTESIAN_POINT ( 'NONE',  ( 31.29148747504773809, -83.99999999999994316, 4.777420350234442559 ) ) ;
#2441 = CARTESIAN_POINT ( 'NONE',  ( 10.00000000000000000, -63.89813106228984907, 0.000000000000000000 ) ) ;
#2442 = VERTEX_POINT ( 'NONE', #1157 ) ;
#2443 = CARTESIAN_POINT ( 'NONE',  ( 75.00100000000003320, -35.99999999999997158, 10.50000000000000533 ) ) ;
#2444 = ORIENTED_EDGE ( 'NONE', *, *, #6406, .F. ) ;
#2445 = ADVANCED_FACE ( 'NONE', ( #4837 ), #1276, .T. ) ;
#2446 = CARTESIAN_POINT ( 'NONE',  ( 61.00000000000001421, -42.00000000000000000, 27.00100000000000122 ) ) ;
#2447 = EDGE_LOOP ( 'NONE', ( #4376, #1930, #4411, #7396 ) ) ;
#2448 = CARTESIAN_POINT ( 'NONE',  ( 50.83964611622682384, -83.70000000000001705, 6.395207754922608956 ) ) ;
#2449 = VECTOR ( 'NONE', #6343, 1000.000000000000000 ) ;
#2450 = CARTESIAN_POINT ( 'NONE',  ( 30.64456324342409843, -83.99999999999998579, 7.433308004233171395 ) ) ;
#2451 = DIRECTION ( 'NONE',  ( 1.000000000000000000, 0.000000000000000000, 0.000000000000000000 ) ) ;
#2452 = VERTEX_POINT ( 'NONE', #9308 ) ;
#2453 = ORIENTED_EDGE ( 'NONE', *, *, #2426, .F. ) ;
#2454 = ORIENTED_EDGE ( 'NONE', *, *, #9717, .T. ) ;
#2455 = CARTESIAN_POINT ( 'NONE',  ( 57.00000000000001421, -58.00000000000000000, 0.000000000000000000 ) ) ;
#2456 = ADVANCED_FACE ( 'NONE', ( #10463 ), #3205, .T. ) ;
#2457 = EDGE_CURVE ( 'NONE', #6606, #9126, #6217, .T. ) ;
#2458 = CARTESIAN_POINT ( 'NONE',  ( 44.92444143786424604, -83.70000000000001705, 7.909827637963544156 ) ) ;
#2459 = DIRECTION ( 'NONE',  ( -1.000000000000000000, 0.000000000000000000, 0.000000000000000000 ) ) ;
#2460 = EDGE_CURVE ( 'NONE', #3480, #2341, #10466, .T. ) ;
#2461 = CARTESIAN_POINT ( 'NONE',  ( 48.79286249049582125, -83.70000000000001705, 7.132049860185766477 ) ) ;
#2462 = FACE_OUTER_BOUND ( 'NONE', #1189, .T. ) ;
#2463 = ORIENTED_EDGE ( 'NONE', *, *, #7315, .T. ) ;
#2464 = DIRECTION ( 'NONE',  ( 0.000000000000000000, -0.000000000000000000, -1.000000000000000000 ) ) ;
#2465 = FACE_BOUND ( 'NONE', #7996, .T. ) ;
#2466 = CARTESIAN_POINT ( 'NONE',  ( 5.000000000000022204, -80.00000000000000000, 1.999999999999998224 ) ) ;
#2467 = AXIS2_PLACEMENT_3D ( 'NONE', #6472, #3924, #1034 ) ;
#2468 = DIRECTION ( 'NONE',  ( -1.000000000000000000, 0.000000000000000000, 0.000000000000000000 ) ) ;
#2469 = EDGE_LOOP ( 'NONE', ( #9162, #2256, #1391, #5077 ) ) ;
#2470 = CARTESIAN_POINT ( 'NONE',  ( 50.00000000000001421, -62.00000000000000711, 27.00100000000000122 ) ) ;
#2471 = CARTESIAN_POINT ( 'NONE',  ( 12.00000000000000000, -2.000000000000001776, 13.00000000000000178 ) ) ;
#2472 = CARTESIAN_POINT ( 'NONE',  ( 29.84325973600623527, -83.70000000000001705, 5.464492996573337535 ) ) ;
#2473 = AXIS2_PLACEMENT_3D ( 'NONE', #9479, #1205, #5864 ) ;
#2474 = ADVANCED_FACE ( 'NONE', ( #4157 ), #10649, .T. ) ;
#2475 = B_SPLINE_CURVE_WITH_KNOTS ( 'NONE', 3,
 ( #4562, #11835, #7576, #771, #9454, #5779, #11218, #4446, #8546, #5494, #5432, #3889, #11893, #2921, #7291 ),
 .UNSPECIFIED., .F., .F.,
 ( 4, 1, 1, 1, 1, 1, 1, 1, 1, 1, 1, 1, 4 ),
 ( 0.000000000000000000, 0.1414542082868565365, 0.2712472310191822999, 0.3945902606219660047, 0.5150123570715937626, 0.5745609901938049102, 0.6327823197126848376, 0.6906535640577259327, 0.7487942917896615036, 0.8072567599225205504, 0.8683665061512230166, 0.9327582373790048731, 1.000000000000000000 ),
 .UNSPECIFIED. ) ;
#2476 = ORIENTED_EDGE ( 'NONE', *, *, #8603, .F. ) ;
#2477 = DIRECTION ( 'NONE',  ( 2.312964634635743450E-15, -0.000000000000000000, -1.000000000000000000 ) ) ;
#2478 = VECTOR ( 'NONE', #3452, 1000.000000000000000 ) ;
#2479 = CARTESIAN_POINT ( 'NONE',  ( 65.00000000000001421, -58.00000000000000000, 0.000000000000000000 ) ) ;
#2480 = ORIENTED_EDGE ( 'NONE', *, *, #3982, .F. ) ;
#2481 = DIRECTION ( 'NONE',  ( 1.000000000000000000, 0.000000000000000000, 0.000000000000000000 ) ) ;
#2482 = CARTESIAN_POINT ( 'NONE',  ( 60.00000000000000711, -30.00000000000000000, 1.999999999999998224 ) ) ;
#2483 = FACE_OUTER_BOUND ( 'NONE', #1667, .T. ) ;
#2484 = ORIENTED_EDGE ( 'NONE', *, *, #1235, .F. ) ;
#2485 = CARTESIAN_POINT ( 'NONE',  ( 30.27672845341658459, -84.00000000000001421, 6.629571646069893021 ) ) ;
#2486 = FACE_BOUND ( 'NONE', #8367, .T. ) ;
#2487 = AXIS2_PLACEMENT_3D ( 'NONE', #3901, #2870, #11404 ) ;
#2488 = ORIENTED_EDGE ( 'NONE', *, *, #3353, .T. ) ;
#2489 = VECTOR ( 'NONE', #4123, 1000.000000000000000 ) ;
#2490 = LINE ( 'NONE', #9807, #2625 ) ;
#2491 = EDGE_CURVE ( 'NONE', #5119, #8360, #6056, .T. ) ;
#2492 = ORIENTED_EDGE ( 'NONE', *, *, #10816, .F. ) ;
#2493 = DIRECTION ( 'NONE',  ( 0.000000000000000000, -0.000000000000000000, 1.000000000000000000 ) ) ;
#2494 = LINE ( 'NONE', #11752, #3679 ) ;
#2495 = ORIENTED_EDGE ( 'NONE', *, *, #11792, .F. ) ;
#2496 = DIRECTION ( 'NONE',  ( -0.000000000000000000, -0.000000000000000000, -1.000000000000000000 ) ) ;
#2497 = VECTOR ( 'NONE', #1468, 1000.000000000000000 ) ;
#2498 = DIRECTION ( 'NONE',  ( 0.000000000000000000, 0.000000000000000000, 1.000000000000000000 ) ) ;
#2499 = ORIENTED_EDGE ( 'NONE', *, *, #6027, .T. ) ;
#2500 = FACE_OUTER_BOUND ( 'NONE', #198, .T. ) ;
#2501 = ORIENTED_EDGE ( 'NONE', *, *, #7650, .F. ) ;
#2502 = ORIENTED_EDGE ( 'NONE', *, *, #5672, .F. ) ;
#2503 = AXIS2_PLACEMENT_3D ( 'NONE', #794, #10955, #5455 ) ;
#2504 = DIRECTION ( 'NONE',  ( 0.000000000000000000, 0.000000000000000000, 1.000000000000000000 ) ) ;
#2505 = EDGE_LOOP ( 'NONE', ( #6138, #3212 ) ) ;
#2506 = CARTESIAN_POINT ( 'NONE',  ( 57.00000000000000711, -46.00000000000000711, 1.999999999999998224 ) ) ;
#2507 = VECTOR ( 'NONE', #10175, 1000.000000000000000 ) ;
#2508 = CARTESIAN_POINT ( 'NONE',  ( 54.00000000000000711, -30.00000000000000000, 1.999999999999998224 ) ) ;
#2509 = FACE_OUTER_BOUND ( 'NONE', #10534, .T. ) ;
#2510 = ORIENTED_EDGE ( 'NONE', *, *, #759, .F. ) ;
#2511 = AXIS2_PLACEMENT_3D ( 'NONE', #9962, #11664, #3379 ) ;
#2512 = EDGE_CURVE ( 'NONE', #10396, #1710, #9104, .T. ) ;
#2513 = ORIENTED_EDGE ( 'NONE', *, *, #2262, .T. ) ;
#2514 = CARTESIAN_POINT ( 'NONE',  ( 62.00000000000001421, -46.00000000000000711, 0.000000000000000000 ) ) ;
#2515 =( BOUNDED_CURVE ( )  B_SPLINE_CURVE ( 3, ( #3876, #7565, #6656, #10539 ),
 .UNSPECIFIED., .F., .F. ) 
 B_SPLINE_CURVE_WITH_KNOTS ( ( 4, 4 ),
 ( 0.000000000000000000, 1.570796326794896336 ),
 .UNSPECIFIED. ) 
 CURVE ( )  GEOMETRIC_REPRESENTATION_ITEM ( )  RATIONAL_B_SPLINE_CURVE ( ( 1.000000000000000000, 0.8047378541243650485, 0.8047378541243650485, 1.000000000000000000 ) ) 
 REPRESENTATION_ITEM ( '' )  );
#2516 = CARTESIAN_POINT ( 'NONE',  ( 29.23604726037270751, -83.70000000000001705, 5.444025160316027900 ) ) ;
#2517 = ORIENTED_EDGE ( 'NONE', *, *, #3930, .F. ) ;
#2518 = CARTESIAN_POINT ( 'NONE',  ( 55.03555254897536031, -83.70000000000001705, 7.909827637963544156 ) ) ;
#2519 = DIRECTION ( 'NONE',  ( -0.000000000000000000, -0.000000000000000000, -1.000000000000000000 ) ) ;
#2520 = DIRECTION ( 'NONE',  ( 1.000000000000000000, 0.000000000000000000, 0.000000000000000000 ) ) ;
#2521 = VERTEX_POINT ( 'NONE', #5199 ) ;
#2522 = CIRCLE ( 'NONE', #8923, 1.000000000000000888 ) ;
#2523 = EDGE_CURVE ( 'NONE', #8499, #6774, #9607, .T. ) ;
#2524 = EDGE_CURVE ( 'NONE', #4589, #3142, #1335, .T. ) ;
#2525 = CARTESIAN_POINT ( 'NONE',  ( 53.52093266593442422, -84.00000000000000000, 7.520938749074655760 ) ) ;
#2526 = DIRECTION ( 'NONE',  ( -2.818925648462311528E-16, 1.000000000000000000, -0.000000000000000000 ) ) ;
#2527 = CARTESIAN_POINT ( 'NONE',  ( 49.00000000000001421, -62.00000000000000711, 27.00100000000000122 ) ) ;
#2528 = VERTEX_POINT ( 'NONE', #9790 ) ;
#2529 = CARTESIAN_POINT ( 'NONE',  ( 27.70351686378219469, -83.70000000000001705, 7.982917308934267986 ) ) ;
#2530 = LINE ( 'NONE', #3441, #8427 ) ;
#2531 = VECTOR ( 'NONE', #5024, 1000.000000000000000 ) ;
#2532 = CARTESIAN_POINT ( 'NONE',  ( 48.00000000000000000, -34.00000000000000000, 0.000000000000000000 ) ) ;
#2533 = VECTOR ( 'NONE', #9091, 1000.000000000000000 ) ;
#2534 = VERTEX_POINT ( 'NONE', #5997 ) ;
#2535 = DIRECTION ( 'NONE',  ( 1.000000000000000000, 0.000000000000000000, 0.000000000000000000 ) ) ;
#2536 = DIRECTION ( 'NONE',  ( 1.000000000000000000, 0.000000000000000000, 0.000000000000000000 ) ) ;
#2537 = ORIENTED_EDGE ( 'NONE', *, *, #5059, .F. ) ;
#2538 = CYLINDRICAL_SURFACE ( 'NONE', #5772, 2.000000000000000000 ) ;
#2539 = B_SPLINE_SURFACE_WITH_KNOTS ( 'NONE', 3, 1, ( 
 ( #3769, #2933 ),
 ( #4867, #3045 ),
 ( #6677, #5790 ),
 ( #6738, #7585 ),
 ( #1981, #1004 ),
 ( #1252, #4929 ),
 ( #7457, #333 ),
 ( #5671, #10370 ),
 ( #3899, #4739 ),
 ( #9463, #1919 ),
 ( #4014, #2868 ),
 ( #1188, #9339 ),
 ( #8431, #7640 ),
 ( #3838, #11115 ),
 ( #7522, #8556 ) ),
 .UNSPECIFIED., .F., .F., .F.,
 ( 4, 1, 1, 1, 1, 1, 1, 1, 1, 1, 1, 1, 4 ),
 ( 2, 2 ),
 ( 0.000000000000000000, 0.09295658952157113963, 0.1807019760103419914, 0.2640860494286545457, 0.3474413505830815097, 0.3931014325017179734, 0.4490846277372104178, 0.5142966959837583785, 0.5906934502464786796, 0.6769579285337230523, 0.7739837263565787495, 0.8811652680505512869, 1.000000000000000000 ),
 ( 0.000000000000000000, 1.000000000000000000 ),
 .UNSPECIFIED. ) ;
#2540 = CARTESIAN_POINT ( 'NONE',  ( 29.37050614089492839, -83.70000000000000284, 6.731584993775708625 ) ) ;
#2541 = CARTESIAN_POINT ( 'NONE',  ( 58.00000000000000711, -38.00000000000000000, 27.00100000000000122 ) ) ;
#2542 = CYLINDRICAL_SURFACE ( 'NONE', #11780, 1.000000000000000888 ) ;
#2543 = ORIENTED_EDGE ( 'NONE', *, *, #3339, .T. ) ;
#2544 = CIRCLE ( 'NONE', #6967, 1.000000000000000888 ) ;
#2545 = DIRECTION ( 'NONE',  ( -0.000000000000000000, -0.000000000000000000, -1.000000000000000000 ) ) ;
#2546 = FACE_BOUND ( 'NONE', #1733, .T. ) ;
#2547 = AXIS2_PLACEMENT_3D ( 'NONE', #596, #5135, #7906 ) ;
#2548 = VERTEX_POINT ( 'NONE', #1512 ) ;
#2549 = EDGE_CURVE ( 'NONE', #8994, #7552, #1590, .T. ) ;
#2550 = CARTESIAN_POINT ( 'NONE',  ( 53.52093266593442422, -83.70000000000001705, 6.436143427437228226 ) ) ;
#2551 = EDGE_LOOP ( 'NONE', ( #1006, #10918, #5846 ) ) ;
#2552 = AXIS2_PLACEMENT_3D ( 'NONE', #7410, #2635, #9161 ) ;
#2553 = DIRECTION ( 'NONE',  ( 1.000000000000000000, 0.000000000000000000, 0.000000000000000000 ) ) ;
#2554 = DIRECTION ( 'NONE',  ( -0.000000000000000000, -0.000000000000000000, -1.000000000000000000 ) ) ;
#2555 = CARTESIAN_POINT ( 'NONE',  ( 31.29148747504773809, -83.69999999999998863, 4.777420350234442559 ) ) ;
#2556 = EDGE_CURVE ( 'NONE', #1860, #5761, #5932, .T. ) ;
#2557 = EDGE_CURVE ( 'NONE', #5280, #10834, #4279, .T. ) ;
#2558 = CARTESIAN_POINT ( 'NONE',  ( 61.00000000000000000, -10.00000000000000000, 1.999999999999998224 ) ) ;
#2559 = EDGE_LOOP ( 'NONE', ( #4044, #41, #11602, #10540 ) ) ;
#2560 = DIRECTION ( 'NONE',  ( -0.000000000000000000, -0.000000000000000000, -1.000000000000000000 ) ) ;
#2561 = ORIENTED_EDGE ( 'NONE', *, *, #9265, .F. ) ;
#2562 = EDGE_CURVE ( 'NONE', #8760, #1840, #5018, .T. ) ;
#2563 = CARTESIAN_POINT ( 'NONE',  ( 49.01800868932623700, -84.00000000000000000, 7.950763310478163426 ) ) ;
#2564 = CIRCLE ( 'NONE', #249, 1.000000000000000888 ) ;
#2565 = ORIENTED_EDGE ( 'NONE', *, *, #4328, .F. ) ;
#2566 = LINE ( 'NONE', #5357, #10019 ) ;
#2567 = EDGE_CURVE ( 'NONE', #11738, #3500, #7968, .T. ) ;
#2568 = DIRECTION ( 'NONE',  ( -0.000000000000000000, -1.000000000000000000, -0.000000000000000000 ) ) ;
#2569 = DIRECTION ( 'NONE',  ( 0.000000000000000000, -0.000000000000000000, -1.000000000000000000 ) ) ;
#2570 = ORIENTED_EDGE ( 'NONE', *, *, #9529, .T. ) ;
#2571 = ORIENTED_EDGE ( 'NONE', *, *, #2557, .T. ) ;
#2572 = ORIENTED_EDGE ( 'NONE', *, *, #7231, .F. ) ;
#2573 = VECTOR ( 'NONE', #4842, 1000.000000000000000 ) ;
#2574 = PLANE ( 'NONE',  #781 ) ;
#2575 = CARTESIAN_POINT ( 'NONE',  ( 64.00000000000001421, -66.00000000000000000, 1.999999999999998224 ) ) ;
#2576 = ORIENTED_EDGE ( 'NONE', *, *, #1295, .F. ) ;
#2577 = CARTESIAN_POINT ( 'NONE',  ( 41.99999999999999289, -84.00100000000000477, 2.999999999999993339 ) ) ;
#2578 = VECTOR ( 'NONE', #10884, 1000.000000000000000 ) ;
#2579 = VECTOR ( 'NONE', #8160, 1000.000000000000000 ) ;
#2580 = DIRECTION ( 'NONE',  ( -0.000000000000000000, -0.000000000000000000, -1.000000000000000000 ) ) ;
#2581 = CARTESIAN_POINT ( 'NONE',  ( 50.83964611622682384, -83.70000000000001705, 5.719769158431380340 ) ) ;
#2582 = EDGE_LOOP ( 'NONE', ( #11179, #9438, #4854, #5750, #2159, #9312, #8097, #2699, #309, #705, #6487, #4968 ) ) ;
#2583 = CARTESIAN_POINT ( 'NONE',  ( 48.00000000000001421, -54.00000000000000000, 0.000000000000000000 ) ) ;
#2584 = DIRECTION ( 'NONE',  ( 1.000000000000000000, 0.000000000000000000, 0.000000000000000000 ) ) ;
#2585 = CARTESIAN_POINT ( 'NONE',  ( 30.91914594154955154, -84.00000000000001421, 5.318501878047519504 ) ) ;
#2586 = VERTEX_POINT ( 'NONE', #421 ) ;
#2587 = AXIS2_PLACEMENT_3D ( 'NONE', #5130, #8756, #3254 ) ;
#2588 = DIRECTION ( 'NONE',  ( 2.478176394252583113E-16, 0.000000000000000000, -1.000000000000000000 ) ) ;
#2589 = CARTESIAN_POINT ( 'NONE',  ( 65.00000000000001421, -46.00000000000000711, 1.999999999999998224 ) ) ;
#2590 = DIRECTION ( 'NONE',  ( -1.000000000000000000, 0.000000000000000000, 0.000000000000000000 ) ) ;
#2591 = EDGE_CURVE ( 'NONE', #8425, #8563, #4097, .T. ) ;
#2592 = EDGE_LOOP ( 'NONE', ( #6448, #973, #9554, #11908 ) ) ;
#2593 = CYLINDRICAL_SURFACE ( 'NONE', #5283, 1.000000000000000888 ) ;
#2594 = AXIS2_PLACEMENT_3D ( 'NONE', #7051, #3707, #11111 ) ;
#2595 = DIRECTION ( 'NONE',  ( -0.000000000000000000, -0.000000000000000000, -1.000000000000000000 ) ) ;
#2596 = VERTEX_POINT ( 'NONE', #6169 ) ;
#2597 = DIRECTION ( 'NONE',  ( 1.000000000000000000, 0.000000000000000000, 0.000000000000000000 ) ) ;
#2598 = CARTESIAN_POINT ( 'NONE',  ( 29.84421711895855722, -83.70000000000001705, 5.394539874569522553 ) ) ;
#2599 = LINE ( 'NONE', #6291, #9141 ) ;
#2600 = LINE ( 'NONE', #1703, #2314 ) ;
#2601 = CARTESIAN_POINT ( 'NONE',  ( 53.00000000000000711, -34.00000000000000000, 1.999999999999998224 ) ) ;
#2602 = FACE_BOUND ( 'NONE', #4039, .T. ) ;
#2603 = ORIENTED_EDGE ( 'NONE', *, *, #9338, .T. ) ;
#2604 = ORIENTED_EDGE ( 'NONE', *, *, #3138, .F. ) ;
#2605 = DIRECTION ( 'NONE',  ( -1.000000000000000000, 0.000000000000000000, 0.000000000000000000 ) ) ;
#2606 = EDGE_CURVE ( 'NONE', #11235, #3356, #8138, .T. ) ;
#2607 = VERTEX_POINT ( 'NONE', #11729 ) ;
#2608 = CARTESIAN_POINT ( 'NONE',  ( 46.70514319225021183, -83.70000000000001705, 5.678833485916761070 ) ) ;
#2609 = EDGE_CURVE ( 'NONE', #8300, #3027, #8328, .T. ) ;
#2610 = CYLINDRICAL_SURFACE ( 'NONE', #3878, 1.000000000000000888 ) ;
#2611 = FACE_OUTER_BOUND ( 'NONE', #7228, .T. ) ;
#2612 = DIRECTION ( 'NONE',  ( -0.000000000000000000, -0.000000000000000000, -1.000000000000000000 ) ) ;
#2613 = ORIENTED_EDGE ( 'NONE', *, *, #5296, .F. ) ;
#2614 = CARTESIAN_POINT ( 'NONE',  ( 28.84146095213937855, -84.00000000000000000, 6.853483094494357886 ) ) ;
#2615 = ORIENTED_EDGE ( 'NONE', *, *, #1689, .T. ) ;
#2616 = CARTESIAN_POINT ( 'NONE',  ( 30.94860980696513053, -83.99999999999997158, 7.895878767714980206 ) ) ;
#2617 = DIRECTION ( 'NONE',  ( -1.000000000000000000, 0.000000000000000000, 0.000000000000000000 ) ) ;
#2618 = EDGE_CURVE ( 'NONE', #5356, #6796, #2300, .T. ) ;
#2619 = EDGE_LOOP ( 'NONE', ( #958, #11962, #4555, #10410 ) ) ;
#2620 = FACE_OUTER_BOUND ( 'NONE', #2247, .T. ) ;
#2621 = EDGE_CURVE ( 'NONE', #10626, #6946, #9168, .T. ) ;
#2622 = LINE ( 'NONE', #9033, #10604 ) ;
#2623 = LINE ( 'NONE', #7335, #1790 ) ;
#2624 = VERTEX_POINT ( 'NONE', #9055 ) ;
#2625 = VECTOR ( 'NONE', #7074, 999.9999999999998863 ) ;
#2626 = ORIENTED_EDGE ( 'NONE', *, *, #2907, .F. ) ;
#2627 = CARTESIAN_POINT ( 'NONE',  ( 58.00000000000000000, -14.00000000000000000, 1.999999999999998224 ) ) ;
#2628 = DIRECTION ( 'NONE',  ( -0.000000000000000000, -0.000000000000000000, -1.000000000000000000 ) ) ;
#2629 = EDGE_CURVE ( 'NONE', #9716, #11305, #3492, .T. ) ;
#2630 = ORIENTED_EDGE ( 'NONE', *, *, #5042, .T. ) ;
#2631 = LINE ( 'NONE', #885, #5385 ) ;
#2632 = VECTOR ( 'NONE', #10962, 1000.000000000000000 ) ;
#2633 = CARTESIAN_POINT ( 'NONE',  ( 55.13789173026190582, -83.70000000000001705, 4.798716526852432551 ) ) ;
#2634 = AXIS2_PLACEMENT_3D ( 'NONE', #9449, #6725, #3029 ) ;
#2635 = DIRECTION ( 'NONE',  ( 0.000000000000000000, 0.000000000000000000, -1.000000000000000000 ) ) ;
#2636 = VERTEX_POINT ( 'NONE', #9966 ) ;
#2637 = DIRECTION ( 'NONE',  ( 0.000000000000000000, 0.000000000000000000, -1.000000000000000000 ) ) ;
#2638 = CARTESIAN_POINT ( 'NONE',  ( 55.13789173026190582, -83.70000000000001705, 4.798716526852432551 ) ) ;
#2639 = DIRECTION ( 'NONE',  ( -0.4377982392396463363, 0.000000000000000000, 0.8990732460254088343 ) ) ;
#2640 = AXIS2_PLACEMENT_3D ( 'NONE', #6691, #5685, #4029 ) ;
#2641 = ORIENTED_EDGE ( 'NONE', *, *, #1972, .F. ) ;
#2642 = CYLINDRICAL_SURFACE ( 'NONE', #10863, 1.000000000000000888 ) ;
#2643 = CARTESIAN_POINT ( 'NONE',  ( 2.200000000000012612, -49.00000000000000000, 25.00000000000000000 ) ) ;
#2644 = LINE ( 'NONE', #9114, #6152 ) ;
#2645 = LINE ( 'NONE', #6346, #10251 ) ;
#2646 = LINE ( 'NONE', #9232, #11692 ) ;
#2647 = VECTOR ( 'NONE', #326, 1000.000000000000000 ) ;
#2648 = DIRECTION ( 'NONE',  ( -1.000000000000000000, 0.000000000000000000, -0.000000000000000000 ) ) ;
#2649 = EDGE_LOOP ( 'NONE', ( #11320, #10081 ) ) ;
#2650 = LINE ( 'NONE', #11797, #8850 ) ;
#2651 = AXIS2_PLACEMENT_3D ( 'NONE', #2066, #11083, #4770 ) ;
#2652 = CARTESIAN_POINT ( 'NONE',  ( 29.32856268512906439, -83.99999999999997158, 6.876291518980663930 ) ) ;
#2653 = LINE ( 'NONE', #10840, #10117 ) ;
#2654 = FACE_OUTER_BOUND ( 'NONE', #812, .T. ) ;
#2655 = DIRECTION ( 'NONE',  ( -1.000000000000000000, 0.000000000000000000, 0.000000000000000000 ) ) ;
#2656 = FACE_BOUND ( 'NONE', #3075, .T. ) ;
#2657 = VERTEX_POINT ( 'NONE', #4455 ) ;
#2658 = EDGE_CURVE ( 'NONE', #2586, #9126, #839, .T. ) ;
#2659 = ORIENTED_EDGE ( 'NONE', *, *, #691, .T. ) ;
#2660 = VECTOR ( 'NONE', #3786, 1000.000000000000000 ) ;
#2661 = LINE ( 'NONE', #3803, #11339 ) ;
#2662 = EDGE_LOOP ( 'NONE', ( #7648, #8742 ) ) ;
#2663 = LINE ( 'NONE', #9132, #256 ) ;
#2664 = DIRECTION ( 'NONE',  ( -1.000000000000000000, -3.304235192336776005E-16, -0.000000000000000000 ) ) ;
#2665 = ORIENTED_EDGE ( 'NONE', *, *, #9997, .T. ) ;
#2666 = CARTESIAN_POINT ( 'NONE',  ( 31.35516225481946861, -83.70000000000003126, 4.859556023047427509 ) ) ;
#2667 = VECTOR ( 'NONE', #6914, 1000.000000000000000 ) ;
#2668 = CARTESIAN_POINT ( 'NONE',  ( 30.19237849184836264, -84.00000000000001421, 6.084350109147665719 ) ) ;
#2669 = ORIENTED_EDGE ( 'NONE', *, *, #1366, .T. ) ;
#2670 = VECTOR ( 'NONE', #8786, 1000.000000000000000 ) ;
#2671 = CARTESIAN_POINT ( 'NONE',  ( 28.17930045508789050, -83.70000000000003126, 6.019398779549296030 ) ) ;
#2673 = ADVANCED_FACE ( 'NONE', ( #1636 ), #2642, .F. ) ;
#2672 = ORIENTED_EDGE ( 'NONE', *, *, #5279, .F. ) ;
#2674 = EDGE_CURVE ( 'NONE', #10727, #9035, #5319, .T. ) ;
#2675 = DIRECTION ( 'NONE',  ( -1.000000000000000000, 0.000000000000000000, 0.000000000000000000 ) ) ;
#2676 = AXIS2_PLACEMENT_3D ( 'NONE', #11937, #10924, #5416 ) ;
#2677 = CARTESIAN_POINT ( 'NONE',  ( 57.00000000000001421, -62.00000000000000711, 0.000000000000000000 ) ) ;
#2678 = EDGE_LOOP ( 'NONE', ( #8419, #10736, #4573, #7765 ) ) ;
#2679 = DIRECTION ( 'NONE',  ( 1.000000000000000000, 0.000000000000000000, 0.000000000000000000 ) ) ;
#2680 = AXIS2_PLACEMENT_3D ( 'NONE', #730, #7250, #11800 ) ;
#2681 = ORIENTED_EDGE ( 'NONE', *, *, #1368, .F. ) ;
#2682 = FACE_BOUND ( 'NONE', #5881, .T. ) ;
#2683 = CARTESIAN_POINT ( 'NONE',  ( 29.46092601743925243, -84.00000000000004263, 4.780676657220314318 ) ) ;
#2684 = VERTEX_POINT ( 'NONE', #3603 ) ;
#2685 = DIRECTION ( 'NONE',  ( -1.000000000000000000, 0.000000000000000000, 0.000000000000000000 ) ) ;
#2686 = ORIENTED_EDGE ( 'NONE', *, *, #10062, .T. ) ;
#2687 = ORIENTED_EDGE ( 'NONE', *, *, #5589, .T. ) ;
#2688 = CARTESIAN_POINT ( 'NONE',  ( 54.00000000000000711, -38.00000000000000000, 0.000000000000000000 ) ) ;
#2689 = ADVANCED_FACE ( 'NONE', ( #11901 ), #8995, .F. ) ;
#2690 = VECTOR ( 'NONE', #9859, 1000.000000000000000 ) ;
#2691 = ADVANCED_FACE ( 'NONE', ( #4395 ), #54, .F. ) ;
#2692 = EDGE_CURVE ( 'NONE', #11833, #7026, #7120, .T. ) ;
#2693 = CARTESIAN_POINT ( 'NONE',  ( 61.00000000000000711, -30.00000000000000000, 1.999999999999998224 ) ) ;
#2694 = VERTEX_POINT ( 'NONE', #11787 ) ;
#2695 = DIRECTION ( 'NONE',  ( 2.478176394252582127E-16, -0.000000000000000000, 1.000000000000000000 ) ) ;
#2696 = DIRECTION ( 'NONE',  ( -1.000000000000000000, 0.000000000000000000, 0.000000000000000000 ) ) ;
#2697 = CIRCLE ( 'NONE', #1367, 1.000000000000000888 ) ;
#2698 = LINE ( 'NONE', #6391, #4280 ) ;
#2699 = ORIENTED_EDGE ( 'NONE', *, *, #4036, .F. ) ;
#2700 = ADVANCED_FACE ( 'NONE', ( #7356 ), #9682, .T. ) ;
#2701 = ADVANCED_FACE ( 'NONE', ( #8388 ), #2172, .F. ) ;
#2702 = DIRECTION ( 'NONE',  ( -1.000000000000000000, 0.000000000000000000, 0.000000000000000000 ) ) ;
#2703 = ADVANCED_FACE ( 'NONE', ( #228 ), #2880, .T. ) ;
#2704 = DIRECTION ( 'NONE',  ( -0.000000000000000000, -0.000000000000000000, -1.000000000000000000 ) ) ;
#2705 = CARTESIAN_POINT ( 'NONE',  ( 60.00000000000000711, -22.00000000000000000, 1.999999999999998224 ) ) ;
#2706 = ORIENTED_EDGE ( 'NONE', *, *, #10483, .F. ) ;
#2707 = EDGE_CURVE ( 'NONE', #1713, #5856, #5058, .T. ) ;
#2708 = CARTESIAN_POINT ( 'NONE',  ( 27.78739794155244525, -83.70000000000003126, 7.981669575419544138 ) ) ;
#2709 = CARTESIAN_POINT ( 'NONE',  ( 30.34889109836274557, -83.70000000000001705, 7.524921846475871590 ) ) ;
#2710 = CARTESIAN_POINT ( 'NONE',  ( 28.17930045508789050, -83.70000000000003126, 6.019398779549296030 ) ) ;
#2711 = ORIENTED_EDGE ( 'NONE', *, *, #5774, .T. ) ;
#2712 = DIRECTION ( 'NONE',  ( -0.000000000000000000, -0.000000000000000000, -1.000000000000000000 ) ) ;
#2713 = AXIS2_PLACEMENT_3D ( 'NONE', #9958, #3482, #6102 ) ;
#2714 = CARTESIAN_POINT ( 'NONE',  ( 49.26362272441394907, -83.70000000000001705, 5.494622959600970802 ) ) ;
#2715 = EDGE_LOOP ( 'NONE', ( #1097, #4608, #7385, #4076 ) ) ;
#2716 = DIRECTION ( 'NONE',  ( 0.8794724504092199524, -0.000000000000000000, 0.4759497966920483991 ) ) ;
#2717 = DIRECTION ( 'NONE',  ( -1.000000000000000000, -3.304235192336776005E-16, 0.000000000000000000 ) ) ;
#2718 = CARTESIAN_POINT ( 'NONE',  ( 31.41701628642293898, -84.00000000000000000, 7.144049432218567475 ) ) ;
#2719 = DIRECTION ( 'NONE',  ( 1.000000000000000000, 0.000000000000000000, 0.000000000000000000 ) ) ;
#2720 = DIRECTION ( 'NONE',  ( 0.000000000000000000, 0.000000000000000000, 1.000000000000000000 ) ) ;
#2721 = FACE_BOUND ( 'NONE', #5799, .T. ) ;
#2722 = ORIENTED_EDGE ( 'NONE', *, *, #5152, .F. ) ;
#2723 = AXIS2_PLACEMENT_3D ( 'NONE', #7146, #4481, #1538 ) ;
#2724 = VECTOR ( 'NONE', #5879, 1000.000000000000114 ) ;
#2725 = FACE_OUTER_BOUND ( 'NONE', #4071, .T. ) ;
#2726 = VERTEX_POINT ( 'NONE', #7470 ) ;
#2727 = DIRECTION ( 'NONE',  ( -0.000000000000000000, -0.000000000000000000, -1.000000000000000000 ) ) ;
#2728 = EDGE_CURVE ( 'NONE', #6946, #6484, #1400, .T. ) ;
#2729 = DIRECTION ( 'NONE',  ( 1.000000000000000000, 0.000000000000000000, 0.000000000000000000 ) ) ;
#2730 = CARTESIAN_POINT ( 'NONE',  ( 30.72965053079946429, -83.70000000000000284, 4.450300915725983408 ) ) ;
#2731 = AXIS2_PLACEMENT_3D ( 'NONE', #11851, #3555, #2648 ) ;
#2732 = CIRCLE ( 'NONE', #4271, 1.000000000000000888 ) ;
#2733 = LINE ( 'NONE', #6426, #5982 ) ;
#2734 = ORIENTED_EDGE ( 'NONE', *, *, #5857, .T. ) ;
#2735 = CARTESIAN_POINT ( 'NONE',  ( 28.67957180904414827, -83.99999999999998579, 6.367733550351792005 ) ) ;
#2736 = ORIENTED_EDGE ( 'NONE', *, *, #10062, .F. ) ;
#2737 = CARTESIAN_POINT ( 'NONE',  ( 75.00100000000003320, -32.99999999999997158, 13.50000000000000178 ) ) ;
#2738 = CIRCLE ( 'NONE', #9103, 1.000000000000000888 ) ;
#2739 = VECTOR ( 'NONE', #540, 1000.000000000000000 ) ;
#2740 = DIRECTION ( 'NONE',  ( 0.000000000000000000, 0.000000000000000000, -1.000000000000000000 ) ) ;
#2741 = ORIENTED_EDGE ( 'NONE', *, *, #4546, .F. ) ;
#2742 = CARTESIAN_POINT ( 'NONE',  ( 57.00000000000000711, -30.00000000000000000, 1.999999999999998224 ) ) ;
#2743 = ADVANCED_FACE ( 'NONE', ( #3969 ), #4882, .F. ) ;
#2744 = DIRECTION ( 'NONE',  ( -1.000000000000000000, -0.000000000000000000, 1.734723475976807341E-16 ) ) ;
#2745 = ORIENTED_EDGE ( 'NONE', *, *, #11920, .T. ) ;
#2746 = FACE_BOUND ( 'NONE', #1757, .T. ) ;
#2747 = CARTESIAN_POINT ( 'NONE',  ( 30.10314720337485639, -84.00000000000002842, 4.427594824958979380 ) ) ;
#2748 = ORIENTED_EDGE ( 'NONE', *, *, #3929, .F. ) ;
#2749 = AXIS2_PLACEMENT_3D ( 'NONE', #8069, #11588, #10868 ) ;
#2750 = DIRECTION ( 'NONE',  ( -1.000000000000000000, 0.000000000000000000, 0.000000000000000000 ) ) ;
#2751 = ORIENTED_EDGE ( 'NONE', *, *, #1230, .F. ) ;
#2752 = VECTOR ( 'NONE', #11725, 1000.000000000000000 ) ;
#2753 = PLANE ( 'NONE',  #4185 ) ;
#2754 = ORIENTED_EDGE ( 'NONE', *, *, #5366, .F. ) ;
#2755 = CARTESIAN_POINT ( 'NONE',  ( 54.91274553143149717, -83.70000000000001705, 6.047254538548339831 ) ) ;
#2756 = ADVANCED_FACE ( 'NONE', ( #6751 ), #4941, .F. ) ;
#2757 = ADVANCED_FACE ( 'NONE', ( #7654 ), #2114, .F. ) ;
#2758 = AXIS2_PLACEMENT_3D ( 'NONE', #9915, #3498, #1641 ) ;
#2759 = DIRECTION ( 'NONE',  ( -0.000000000000000000, -0.000000000000000000, -1.000000000000000000 ) ) ;
#2760 = ORIENTED_EDGE ( 'NONE', *, *, #10679, .T. ) ;
#2761 = ORIENTED_EDGE ( 'NONE', *, *, #5282, .F. ) ;
#2762 = CARTESIAN_POINT ( 'NONE',  ( 10.49999999999999822, -0.06350832689629246075, 1.499999999999999334 ) ) ;
#2763 = LINE ( 'NONE', #8318, #5669 ) ;
#2764 = CARTESIAN_POINT ( 'NONE',  ( 48.00000000000000000, -34.00000000000000000, 1.999999999999998224 ) ) ;
#2765 = ORIENTED_EDGE ( 'NONE', *, *, #11861, .T. ) ;
#2766 = CARTESIAN_POINT ( 'NONE',  ( 28.51492147217717132, -84.00000000000001421, 7.733665082092485932 ) ) ;
#2767 = DIRECTION ( 'NONE',  ( 0.000000000000000000, 0.000000000000000000, -1.000000000000000000 ) ) ;
#2768 = CIRCLE ( 'NONE', #9530, 1.000000000000000888 ) ;
#2769 = VECTOR ( 'NONE', #436, 1000.000000000000000 ) ;
#2770 = CARTESIAN_POINT ( 'NONE',  ( 29.88169992186303858, -83.99999999999990052, 5.208618058946289153 ) ) ;
#2771 = ADVANCED_FACE ( 'NONE', ( #11359 ), #1284, .T. ) ;
#2772 = VERTEX_POINT ( 'NONE', #4143 ) ;
#2773 = FACE_OUTER_BOUND ( 'NONE', #5039, .T. ) ;
#2774 = EDGE_CURVE ( 'NONE', #8425, #4660, #2732, .T. ) ;
#2775 = CARTESIAN_POINT ( 'NONE',  ( 44.00000000000000000, 0.000000000000000000, 1.999999999999998224 ) ) ;
#2776 = VERTEX_POINT ( 'NONE', #8746 ) ;
#2777 = CARTESIAN_POINT ( 'NONE',  ( 26.60782547133220532, -83.70000000000001705, 7.983552992241519597 ) ) ;
#2778 = DIRECTION ( 'NONE',  ( 0.000000000000000000, -0.000000000000000000, -1.000000000000000000 ) ) ;
#2779 = CIRCLE ( 'NONE', #1251, 1.000000000000000888 ) ;
#2780 = DIRECTION ( 'NONE',  ( -0.000000000000000000, -0.000000000000000000, -1.000000000000000000 ) ) ;
#2781 = CARTESIAN_POINT ( 'NONE',  ( 52.55894436184085805, -83.70000000000001705, 7.909827637963544156 ) ) ;
#2782 = CYLINDRICAL_SURFACE ( 'NONE', #5487, 1.000000000000000888 ) ;
#2783 = CARTESIAN_POINT ( 'NONE',  ( 28.07913203933869184, -83.70000000000001705, 7.359523754741718271 ) ) ;
#2784 = VERTEX_POINT ( 'NONE', #5005 ) ;
#2785 = DIRECTION ( 'NONE',  ( -0.000000000000000000, -0.000000000000000000, -1.000000000000000000 ) ) ;
#2786 = VECTOR ( 'NONE', #8290, 1000.000000000000000 ) ;
#2787 = EDGE_CURVE ( 'NONE', #213, #1764, #1721, .T. ) ;
#2788 = ORIENTED_EDGE ( 'NONE', *, *, #6793, .T. ) ;
#2789 = CARTESIAN_POINT ( 'NONE',  ( 65.00000000000001421, -46.00000000000000711, 0.000000000000000000 ) ) ;
#2790 = LINE ( 'NONE', #6479, #598 ) ;
#2791 = CARTESIAN_POINT ( 'NONE',  ( 3.000000000000016431, -35.99999999999999289, 10.50000000000000533 ) ) ;
#2792 = CARTESIAN_POINT ( 'NONE',  ( 3.000000000000021760, -82.00000000000000000, 1.999999999999998224 ) ) ;
#2793 = ORIENTED_EDGE ( 'NONE', *, *, #50, .F. ) ;
#2794 = CARTESIAN_POINT ( 'NONE',  ( 28.67957180904414827, -83.70000000000001705, 6.367733550351792005 ) ) ;
#2795 = VERTEX_POINT ( 'NONE', #8805 ) ;
#2796 = LINE ( 'NONE', #1052, #2507 ) ;
#2797 = CARTESIAN_POINT ( 'NONE',  ( 30.03890211766120188, -83.70000000000001705, 7.417894147361797863 ) ) ;
#2798 = ORIENTED_EDGE ( 'NONE', *, *, #1558, .T. ) ;
#2799 = CARTESIAN_POINT ( 'NONE',  ( 28.61250616993066842, -83.70000000000003126, 6.287729846460835326 ) ) ;
#2800 = CYLINDRICAL_SURFACE ( 'NONE', #11543, 1.000000000000000888 ) ;
#2801 = EDGE_LOOP ( 'NONE', ( #6266, #11756 ) ) ;
#2802 = FACE_BOUND ( 'NONE', #10384, .T. ) ;
#2803 = CARTESIAN_POINT ( 'NONE',  ( 58.00000000000000711, -50.00000000000000000, 0.000000000000000000 ) ) ;
#2804 = ORIENTED_EDGE ( 'NONE', *, *, #11190, .F. ) ;
#2805 = CARTESIAN_POINT ( 'NONE',  ( 62.00000000000001421, -58.00000000000000000, 1.999999999999998224 ) ) ;
#2806 = ORIENTED_EDGE ( 'NONE', *, *, #10621, .F. ) ;
#2807 = ADVANCED_FACE ( 'NONE', ( #4083 ), #11533, .F. ) ;
#2808 = EDGE_CURVE ( 'NONE', #1802, #2835, #3117, .T. ) ;
#2809 = FACE_OUTER_BOUND ( 'NONE', #6791, .T. ) ;
#2810 = VERTEX_POINT ( 'NONE', #4429 ) ;
#2811 = CARTESIAN_POINT ( 'NONE',  ( 73.00000000000002842, -80.00000000000000000, 27.00000000000000000 ) ) ;
#2812 = DIRECTION ( 'NONE',  ( -2.787948443534154893E-16, 1.000000000000000000, -0.000000000000000000 ) ) ;
#2813 = ORIENTED_EDGE ( 'NONE', *, *, #5347, .F. ) ;
#2814 = ORIENTED_EDGE ( 'NONE', *, *, #7435, .F. ) ;
#2815 = FACE_OUTER_BOUND ( 'NONE', #3269, .T. ) ;
#2816 = CARTESIAN_POINT ( 'NONE',  ( 48.00000000000000711, -42.00000000000000000, 0.000000000000000000 ) ) ;
#2817 = ORIENTED_EDGE ( 'NONE', *, *, #8092, .F. ) ;
#2818 = ADVANCED_FACE ( 'NONE', ( #2227 ), #10658, .T. ) ;
#2819 = CARTESIAN_POINT ( 'NONE',  ( 30.54523071283101388, -83.70000000000001705, 6.513659121762854554 ) ) ;
#2820 = EDGE_CURVE ( 'NONE', #7515, #7017, #9503, .T. ) ;
#2821 = CARTESIAN_POINT ( 'NONE',  ( 71.00000000000000000, -4.000000000000000000, 3.999999999999998224 ) ) ;
#2822 = ORIENTED_EDGE ( 'NONE', *, *, #2335, .T. ) ;
#2823 = LINE ( 'NONE', #6344, #4388 ) ;
#2824 = DIRECTION ( 'NONE',  ( 0.000000000000000000, 0.000000000000000000, -1.000000000000000000 ) ) ;
#2825 = FACE_OUTER_BOUND ( 'NONE', #11521, .T. ) ;
#2826 = CARTESIAN_POINT ( 'NONE',  ( 46.97122506359524152, -83.70000000000001705, 4.368891965448924886 ) ) ;
#2827 = ORIENTED_EDGE ( 'NONE', *, *, #826, .F. ) ;
#2828 = DIRECTION ( 'NONE',  ( 0.000000000000000000, 0.000000000000000000, 1.000000000000000000 ) ) ;
#2829 = CIRCLE ( 'NONE', #3995, 1.000000000000000888 ) ;
#2830 = LINE ( 'NONE', #8398, #10071 ) ;
#2831 = CARTESIAN_POINT ( 'NONE',  ( 58.00000000000000711, -30.00000000000000000, 27.00100000000000122 ) ) ;
#2832 = CARTESIAN_POINT ( 'NONE',  ( 50.00000000000000711, -38.00000000000000000, 0.000000000000000000 ) ) ;
#2833 = LINE ( 'NONE', #5755, #3698 ) ;
#2834 = CARTESIAN_POINT ( 'NONE',  ( 53.00000000000001421, -54.00000000000000000, 27.00100000000000122 ) ) ;
#2835 = VERTEX_POINT ( 'NONE', #4547 ) ;
#2836 = EDGE_CURVE ( 'NONE', #9643, #6177, #4866, .T. ) ;
#2837 = EDGE_CURVE ( 'NONE', #9295, #6035, #11932, .T. ) ;
#2838 = ADVANCED_FACE ( 'NONE', ( #6430 ), #8293, .F. ) ;
#2839 = CARTESIAN_POINT ( 'NONE',  ( 5.000000000000000000, -4.000000000000000000, 1.999999999999998224 ) ) ;
#2840 = CIRCLE ( 'NONE', #6516, 1.000000000000000888 ) ;
#2841 = VERTEX_POINT ( 'NONE', #11035 ) ;
#2842 = CARTESIAN_POINT ( 'NONE',  ( 31.51252736750579686, -83.99999999999998579, 5.242268749936533467 ) ) ;
#2843 = VECTOR ( 'NONE', #5816, 1000.000000000000000 ) ;
#2844 = LINE ( 'NONE', #1835, #11420 ) ;
#2845 = CARTESIAN_POINT ( 'NONE',  ( 30.94783543880574683, -83.99999999999998579, 4.522846427015654314 ) ) ;
#2846 = LINE ( 'NONE', #8288, #5201 ) ;
#2847 = EDGE_LOOP ( 'NONE', ( #9704, #10172, #3281, #3497 ) ) ;
#2848 = CARTESIAN_POINT ( 'NONE',  ( 30.92350664958648210, -83.70000000000001705, 5.424315392068247199 ) ) ;
#2849 = AXIS2_PLACEMENT_3D ( 'NONE', #82, #3139, #927 ) ;
#2850 = ORIENTED_EDGE ( 'NONE', *, *, #8322, .F. ) ;
#2851 = EDGE_CURVE ( 'NONE', #4697, #8502, #1360, .T. ) ;
#2852 = VECTOR ( 'NONE', #16, 1000.000000000000000 ) ;
#2853 = CARTESIAN_POINT ( 'NONE',  ( 46.97122506359524152, -84.00000000000000000, 4.368891965448924886 ) ) ;
#2854 = CARTESIAN_POINT ( 'NONE',  ( 30.07781184300030830, -83.99999999999998579, 4.967143285827989807 ) ) ;
#2855 = ORIENTED_EDGE ( 'NONE', *, *, #2085, .F. ) ;
#2856 = LINE ( 'NONE', #1906, #11358 ) ;
#2857 = AXIS2_PLACEMENT_3D ( 'NONE', #8748, #11535, #7829 ) ;
#2858 = CARTESIAN_POINT ( 'NONE',  ( 28.14764879125311836, -83.70000000000001705, 7.278217416211550272 ) ) ;
#2859 = ORIENTED_EDGE ( 'NONE', *, *, #10771, .F. ) ;
#2860 = VECTOR ( 'NONE', #8608, 1000.000000000000000 ) ;
#2861 = DIRECTION ( 'NONE',  ( 0.000000000000000000, 0.000000000000000000, -1.000000000000000000 ) ) ;
#2862 = CARTESIAN_POINT ( 'NONE',  ( 29.60697422837513670, -84.00000000000002842, 4.636031733426433377 ) ) ;
#2863 = VERTEX_POINT ( 'NONE', #4489 ) ;
#2864 = CARTESIAN_POINT ( 'NONE',  ( 26.60782547133220532, -83.70000000000001705, 4.451714135841259967 ) ) ;
#2865 = VERTEX_POINT ( 'NONE', #11877 ) ;
#2866 = AXIS2_PLACEMENT_3D ( 'NONE', #4932, #10372, #337 ) ;
#2867 = AXIS2_PLACEMENT_3D ( 'NONE', #11443, #7678, #10477 ) ;
#2868 = CARTESIAN_POINT ( 'NONE',  ( 30.27672845341658459, -84.00000000000004263, 6.629571646069893021 ) ) ;
#2869 = EDGE_LOOP ( 'NONE', ( #10107, #962, #3343, #8817, #10442, #1974, #1581, #9735, #1624, #2822, #11822, #8680 ) ) ;
#2870 = DIRECTION ( 'NONE',  ( 0.000000000000000000, 0.000000000000000000, -1.000000000000000000 ) ) ;
#2871 = EDGE_CURVE ( 'NONE', #9878, #6383, #2028, .T. ) ;
#2872 = CARTESIAN_POINT ( 'NONE',  ( 53.00000000000000711, -22.00000000000000000, 27.00100000000000122 ) ) ;
#2873 = VERTEX_POINT ( 'NONE', #1779 ) ;
#2874 = AXIS2_PLACEMENT_3D ( 'NONE', #6292, #1585, #9123 ) ;
#2875 = ORIENTED_EDGE ( 'NONE', *, *, #1812, .F. ) ;
#2876 = DIRECTION ( 'NONE',  ( 3.304235192336778963E-16, -1.000000000000000000, 0.000000000000000000 ) ) ;
#2877 = VERTEX_POINT ( 'NONE', #6485 ) ;
#2878 = CARTESIAN_POINT ( 'NONE',  ( 34.15894091426051205, -84.00000000000000000, 7.983552992241519597 ) ) ;
#2879 = EDGE_LOOP ( 'NONE', ( #4632, #11162, #5334, #1924 ) ) ;
#2880 = CYLINDRICAL_SURFACE ( 'NONE', #10269, 2.000000000000001776 ) ;
#2881 = DIRECTION ( 'NONE',  ( -1.000000000000000000, 0.000000000000000000, 0.000000000000000000 ) ) ;
#2882 = ORIENTED_EDGE ( 'NONE', *, *, #101, .F. ) ;
#2883 = AXIS2_PLACEMENT_3D ( 'NONE', #8383, #3777, #1075 ) ;
#2884 = CARTESIAN_POINT ( 'NONE',  ( 53.00000000000001421, -58.00000000000000000, 27.00100000000000122 ) ) ;
#2885 = EDGE_LOOP ( 'NONE', ( #3469, #4957 ) ) ;
#2886 = CARTESIAN_POINT ( 'NONE',  ( 29.31866496430144764, -84.00000000000002842, 7.138257876350911246 ) ) ;
#2887 = B_SPLINE_CURVE_WITH_KNOTS ( 'NONE', 3,
 ( #7948, #8860, #4891, #8008, #1551, #3976, #11587, #6641, #9426, #1211, #9770, #10338, #240, #7662, #2338, #5236, #11311, #2955, #6033 ),
 .UNSPECIFIED., .F., .F.,
 ( 4, 1, 1, 1, 1, 1, 1, 1, 1, 1, 1, 1, 1, 1, 1, 1, 4 ),
 ( 0.000000000000000000, 0.08141717969972633862, 0.1572116076462120315, 0.2279055754489791585, 0.2947159386965617633, 0.3577161525031226641, 0.4187432866014492716, 0.4782448780058930482, 0.5377882576269492620, 0.5972399862306214668, 0.6554575585886702749, 0.7125903291362304381, 0.7696225432481785811, 0.8261018844480086942, 0.8832346549955675252, 0.9413453170007024529, 1.000000000000000000 ),
 .UNSPECIFIED. ) ;
#2888 = ADVANCED_FACE ( 'NONE', ( #1842 ), #5533, .T. ) ;
#2889 = EDGE_CURVE ( 'NONE', #671, #616, #11099, .T. ) ;
#2890 = DIRECTION ( 'NONE',  ( -0.000000000000000000, -0.000000000000000000, 1.000000000000000000 ) ) ;
#2891 = ORIENTED_EDGE ( 'NONE', *, *, #2523, .F. ) ;
#2892 = CARTESIAN_POINT ( 'NONE',  ( 73.80000000000001137, -48.99999999999999289, 21.99999999999999645 ) ) ;
#2893 = DIRECTION ( 'NONE',  ( 1.000000000000000000, 0.000000000000000000, 0.000000000000000000 ) ) ;
#2894 = CYLINDRICAL_SURFACE ( 'NONE', #1820, 1.000000000000000888 ) ;
#2895 = DIRECTION ( 'NONE',  ( -3.304235192336776005E-16, 1.000000000000000000, 0.000000000000000000 ) ) ;
#2896 = CIRCLE ( 'NONE', #5422, 1.000000000000000888 ) ;
#2897 = DIRECTION ( 'NONE',  ( -0.000000000000000000, 1.000000000000000000, -0.000000000000000000 ) ) ;
#2898 = CARTESIAN_POINT ( 'NONE',  ( 0.000000000000000000, 0.000000000000000000, 0.000000000000000000 ) ) ;
#2899 = ORIENTED_EDGE ( 'NONE', *, *, #4761, .F. ) ;
#2900 = DIRECTION ( 'NONE',  ( 1.000000000000000000, 0.000000000000000000, 0.000000000000000000 ) ) ;
#2901 = CARTESIAN_POINT ( 'NONE',  ( 65.00000000000000000, -30.00000000000000000, 1.999999999999998224 ) ) ;
#2902 = VERTEX_POINT ( 'NONE', #9196 ) ;
#2903 = DIRECTION ( 'NONE',  ( 1.000000000000000000, 0.000000000000000000, 0.000000000000000000 ) ) ;
#2904 = EDGE_CURVE ( 'NONE', #11644, #874, #24, .T. ) ;
#2905 = DIRECTION ( 'NONE',  ( -1.000000000000000000, 0.000000000000000000, 0.000000000000000000 ) ) ;
#2906 = CARTESIAN_POINT ( 'NONE',  ( 30.39390656354727938, -83.99999999999998579, 4.412360169606723836 ) ) ;
#2907 = EDGE_CURVE ( 'NONE', #5775, #6905, #2796, .T. ) ;
#2908 = CYLINDRICAL_SURFACE ( 'NONE', #9049, 1.000000000000000888 ) ;
#2909 = ORIENTED_EDGE ( 'NONE', *, *, #1900, .F. ) ;
#2910 = AXIS2_PLACEMENT_3D ( 'NONE', #5720, #9388, #1113 ) ;
#2911 = CARTESIAN_POINT ( 'NONE',  ( 3.000000000000012434, -49.00000000000000000, 22.00000000000000355 ) ) ;
#2912 = LINE ( 'NONE', #1962, #1890 ) ;
#2913 = ORIENTED_EDGE ( 'NONE', *, *, #10897, .T. ) ;
#2914 = DIRECTION ( 'NONE',  ( 1.000000000000000000, 0.000000000000000000, 0.000000000000000000 ) ) ;
#2915 = DIRECTION ( 'NONE',  ( -0.1392548313990991660, 0.000000000000000000, -0.9902565788380345291 ) ) ;
#2916 = ORIENTED_EDGE ( 'NONE', *, *, #3806, .F. ) ;
#2917 = DIRECTION ( 'NONE',  ( -1.000000000000000000, -3.304235192336776005E-16, -0.000000000000000000 ) ) ;
#2918 = VECTOR ( 'NONE', #2193, 1000.000000000000000 ) ;
#2919 = VECTOR ( 'NONE', #5665, 1000.000000000000000 ) ;
#2920 = EDGE_CURVE ( 'NONE', #1248, #2133, #8354, .T. ) ;
#2922 = ORIENTED_EDGE ( 'NONE', *, *, #8886, .F. ) ;
#2921 = CARTESIAN_POINT ( 'NONE',  ( 30.36813171834264224, -83.70000000000003126, 7.524642927809497728 ) ) ;
#2923 = CARTESIAN_POINT ( 'NONE',  ( 30.39104312704400357, -83.69999999999998863, 6.000857629522105441 ) ) ;
#2924 = ORIENTED_EDGE ( 'NONE', *, *, #6505, .T. ) ;
#2925 = EDGE_CURVE ( 'NONE', #218, #3778, #7154, .T. ) ;
#2926 = CARTESIAN_POINT ( 'NONE',  ( 0.000000000000000000, 0.000000000000000000, 1.999999999999998224 ) ) ;
#2927 = CYLINDRICAL_SURFACE ( 'NONE', #10455, 1.000000000000000888 ) ;
#2928 = ORIENTED_EDGE ( 'NONE', *, *, #7043, .F. ) ;
#2929 = CARTESIAN_POINT ( 'NONE',  ( 49.01800868932623700, -83.70000000000001705, 7.950763310478163426 ) ) ;
#2930 = ORIENTED_EDGE ( 'NONE', *, *, #8697, .F. ) ;
#2931 = CIRCLE ( 'NONE', #814, 1.000000000000000888 ) ;
#2932 = AXIS2_PLACEMENT_3D ( 'NONE', #9353, #4694, #10447 ) ;
#2933 = CARTESIAN_POINT ( 'NONE',  ( 29.92361494501641417, -84.00000000000002842, 7.091306945024713038 ) ) ;
#2934 = ORIENTED_EDGE ( 'NONE', *, *, #7127, .T. ) ;
#2935 = DIRECTION ( 'NONE',  ( 0.000000000000000000, -0.000000000000000000, -1.000000000000000000 ) ) ;
#2936 = EDGE_CURVE ( 'NONE', #9147, #1618, #9086, .T. ) ;
#2937 = ORIENTED_EDGE ( 'NONE', *, *, #4404, .F. ) ;
#2938 = CIRCLE ( 'NONE', #6977, 1.000000000000000888 ) ;
#2939 = DIRECTION ( 'NONE',  ( -0.2537126883649359343, 0.000000000000000000, 0.9672796243913324155 ) ) ;
#2940 = ORIENTED_EDGE ( 'NONE', *, *, #7273, .T. ) ;
#2941 = ORIENTED_EDGE ( 'NONE', *, *, #7943, .F. ) ;
#2942 = VECTOR ( 'NONE', #9733, 1000.000000000000000 ) ;
#2943 = DIRECTION ( 'NONE',  ( -0.000000000000000000, -0.000000000000000000, -1.000000000000000000 ) ) ;
#2944 = CARTESIAN_POINT ( 'NONE',  ( 73.00000000000001421, -34.99999999999999289, 21.99999999999999645 ) ) ;
#2945 = VERTEX_POINT ( 'NONE', #10299 ) ;
#2946 = CARTESIAN_POINT ( 'NONE',  ( 30.58429742814211139, -83.70000000000001705, 6.497327383436046766 ) ) ;
#2947 = CARTESIAN_POINT ( 'NONE',  ( 30.03890211766120188, -83.70000000000001705, 7.417894147361797863 ) ) ;
#2948 = VERTEX_POINT ( 'NONE', #4914 ) ;
#2949 = PLANE ( 'NONE',  #2097 ) ;
#2950 = AXIS2_PLACEMENT_3D ( 'NONE', #4402, #1873, #2535 ) ;
#2951 = CARTESIAN_POINT ( 'NONE',  ( 30.20560434046323195, -83.70000000000000284, 6.664632703847670925 ) ) ;
#2952 = CARTESIAN_POINT ( 'NONE',  ( 30.22373239490927332, -83.99999999999995737, 4.414029036619405488 ) ) ;
#2953 = CARTESIAN_POINT ( 'NONE',  ( 53.20000000000002416, 0.001000000000001000089, 9.999999999999998224 ) ) ;
#2954 = ORIENTED_EDGE ( 'NONE', *, *, #3836, .T. ) ;
#2955 = CARTESIAN_POINT ( 'NONE',  ( 31.42991096104142557, -83.70000000000003126, 6.976614216662863299 ) ) ;
#2956 = CARTESIAN_POINT ( 'NONE',  ( 60.00000000000001421, -62.00000000000000711, 1.999999999999998224 ) ) ;
#2957 = CARTESIAN_POINT ( 'NONE',  ( 27.21503794696573308, -83.70000000000001705, 7.505212078228091777 ) ) ;
#2958 = CARTESIAN_POINT ( 'NONE',  ( 1.784287003861859131E-14, -54.00000000000000000, 13.50000000000000178 ) ) ;
#2959 = FACE_OUTER_BOUND ( 'NONE', #7362, .T. ) ;
#2960 = DIRECTION ( 'NONE',  ( -1.000000000000000000, 0.000000000000000000, 0.000000000000000000 ) ) ;
#2961 = ORIENTED_EDGE ( 'NONE', *, *, #3620, .F. ) ;
#2962 = CIRCLE ( 'NONE', #9133, 1.000000000000000888 ) ;
#2963 = DIRECTION ( 'NONE',  ( -0.000000000000000000, -0.000000000000000000, -1.000000000000000000 ) ) ;
#2964 = EDGE_CURVE ( 'NONE', #4926, #9432, #5895, .T. ) ;
#2965 = FACE_BOUND ( 'NONE', #9394, .T. ) ;
#2966 = EDGE_LOOP ( 'NONE', ( #9306, #1347, #2044, #7888 ) ) ;
#2967 = FACE_OUTER_BOUND ( 'NONE', #2551, .T. ) ;
#2968 = VECTOR ( 'NONE', #9428, 1000.000000000000000 ) ;
#2969 = DIRECTION ( 'NONE',  ( 0.000000000000000000, 0.000000000000000000, -1.000000000000000000 ) ) ;
#2970 = LINE ( 'NONE', #10349, #2852 ) ;
#2971 = CARTESIAN_POINT ( 'NONE',  ( 44.00000000000000000, 0.000000000000000000, 14.99999999999999645 ) ) ;
#2972 = VERTEX_POINT ( 'NONE', #7743 ) ;
#2973 = CARTESIAN_POINT ( 'NONE',  ( 30.65945400893807715, -83.70000000000003126, 4.949445491366629035 ) ) ;
#2974 = CARTESIAN_POINT ( 'NONE',  ( 28.79880400841952692, -83.70000000000003126, 7.308241454442346630 ) ) ;
#2975 = ORIENTED_EDGE ( 'NONE', *, *, #10146, .F. ) ;
#2976 = EDGE_CURVE ( 'NONE', #9994, #7415, #798, .T. ) ;
#2977 = AXIS2_PLACEMENT_3D ( 'NONE', #11399, #3833, #5727 ) ;
#2978 = DIRECTION ( 'NONE',  ( -1.000000000000000000, 0.000000000000000000, 0.000000000000000000 ) ) ;
#2979 = EDGE_CURVE ( 'NONE', #866, #192, #1172, .T. ) ;
#2980 = VERTEX_POINT ( 'NONE', #11449 ) ;
#2981 = FACE_OUTER_BOUND ( 'NONE', #1143, .T. ) ;
#2982 = CYLINDRICAL_SURFACE ( 'NONE', #1379, 1.000000000000000888 ) ;
#2983 = CARTESIAN_POINT ( 'NONE',  ( 27.93169439241203378, -83.70000000000004547, 7.448979690485282745 ) ) ;
#2984 = CARTESIAN_POINT ( 'NONE',  ( 54.00000000000000711, -42.00000000000000000, 27.00100000000000122 ) ) ;
#2985 = DIRECTION ( 'NONE',  ( -1.000000000000000000, 0.000000000000000000, 0.000000000000000000 ) ) ;
#2986 = ORIENTED_EDGE ( 'NONE', *, *, #2728, .F. ) ;
#2987 = DIRECTION ( 'NONE',  ( 0.000000000000000000, 1.000000000000000000, 0.000000000000000000 ) ) ;
#2988 = EDGE_LOOP ( 'NONE', ( #7201, #8645, #5906, #8863 ) ) ;
#2989 = EDGE_CURVE ( 'NONE', #929, #4117, #7078, .T. ) ;
#2990 = DIRECTION ( 'NONE',  ( 0.000000000000000000, -0.000000000000000000, -1.000000000000000000 ) ) ;
#2991 = EDGE_CURVE ( 'NONE', #3145, #1150, #9399, .T. ) ;
#2992 = EDGE_LOOP ( 'NONE', ( #6023, #2070, #3524, #4570 ) ) ;
#2993 = DIRECTION ( 'NONE',  ( 2.818925648462311528E-16, -1.000000000000000000, 0.000000000000000000 ) ) ;
#2994 = ORIENTED_EDGE ( 'NONE', *, *, #10010, .F. ) ;
#2995 = CARTESIAN_POINT ( 'NONE',  ( 65.00000000000000000, -26.00000000000000355, 1.999999999999998224 ) ) ;
#2996 = VERTEX_POINT ( 'NONE', #9627 ) ;
#2997 = VERTEX_POINT ( 'NONE', #4114 ) ;
#2998 = DIRECTION ( 'NONE',  ( -1.000000000000000000, 0.000000000000000000, 0.000000000000000000 ) ) ;
#2999 = CYLINDRICAL_SURFACE ( 'NONE', #10698, 1.000000000000000888 ) ;
#3000 = EDGE_LOOP ( 'NONE', ( #6427, #3580 ) ) ;
#3001 = EDGE_CURVE ( 'NONE', #860, #11252, #1353, .T. ) ;
#3002 = CARTESIAN_POINT ( 'NONE',  ( 28.84157633639788543, -83.70000000000003126, 6.993811775779360751 ) ) ;
#3003 = DIRECTION ( 'NONE',  ( -0.1392548313990991660, 0.000000000000000000, -0.9902565788380345291 ) ) ;
#3004 = DIRECTION ( 'NONE',  ( 3.469446951953614189E-16, -1.000000000000000000, 0.000000000000000000 ) ) ;
#3005 = CARTESIAN_POINT ( 'NONE',  ( 30.14538667371182612, -83.70000000000003126, 6.699502257068314925 ) ) ;
#3006 = FACE_OUTER_BOUND ( 'NONE', #2272, .T. ) ;
#3007 = CARTESIAN_POINT ( 'NONE',  ( 46.15251161330284901, -84.00000000000000000, 6.988775006384597255 ) ) ;
#3008 = ORIENTED_EDGE ( 'NONE', *, *, #9475, .F. ) ;
#3009 = DIRECTION ( 'NONE',  ( -0.000000000000000000, 0.000000000000000000, -1.000000000000000000 ) ) ;
#3010 = CARTESIAN_POINT ( 'NONE',  ( 50.36888588230869601, -83.70000000000001705, 7.909827637963544156 ) ) ;
#3011 = DIRECTION ( 'NONE',  ( 0.000000000000000000, -0.000000000000000000, -1.000000000000000000 ) ) ;
#3012 = LINE ( 'NONE', #5700, #9311 ) ;
#3013 = LINE ( 'NONE', #5578, #10790 ) ;
#3014 = ORIENTED_EDGE ( 'NONE', *, *, #2132, .F. ) ;
#3015 = DIRECTION ( 'NONE',  ( 0.000000000000000000, -0.000000000000000000, 1.000000000000000000 ) ) ;
#3016 = DIRECTION ( 'NONE',  ( 0.000000000000000000, -0.000000000000000000, 1.000000000000000000 ) ) ;
#3017 = ORIENTED_EDGE ( 'NONE', *, *, #2851, .F. ) ;
#3018 = CARTESIAN_POINT ( 'NONE',  ( 61.00000000000001421, -62.00000000000000711, 0.000000000000000000 ) ) ;
#3019 = VECTOR ( 'NONE', #661, 1000.000000000000000 ) ;
#3020 = DIRECTION ( 'NONE',  ( 1.000000000000000000, 0.000000000000000000, 0.000000000000000000 ) ) ;
#3021 = DIRECTION ( 'NONE',  ( 0.000000000000000000, 0.000000000000000000, -1.000000000000000000 ) ) ;
#3022 = ADVANCED_FACE ( 'NONE', ( #5715 ), #10484, .F. ) ;
#3023 = CARTESIAN_POINT ( 'NONE',  ( 29.40198086427448487, -84.00000000000001421, 6.663650993257203226 ) ) ;
#3024 = ORIENTED_EDGE ( 'NONE', *, *, #6572, .F. ) ;
#3025 = DIRECTION ( 'NONE',  ( -1.000000000000000000, 0.000000000000000000, -0.000000000000000000 ) ) ;
#3026 = DIRECTION ( 'NONE',  ( -1.000000000000000000, 0.000000000000000000, -0.000000000000000000 ) ) ;
#3027 = VERTEX_POINT ( 'NONE', #8542 ) ;
#3028 = CIRCLE ( 'NONE', #4370, 1.000000000000000888 ) ;
#3029 = DIRECTION ( 'NONE',  ( 1.000000000000000000, 0.000000000000000000, 0.000000000000000000 ) ) ;
#3030 = EDGE_LOOP ( 'NONE', ( #9856, #2754, #97, #9247 ) ) ;
#3031 = DIRECTION ( 'NONE',  ( -1.000000000000000000, 0.000000000000000000, 0.000000000000000000 ) ) ;
#3032 = DIRECTION ( 'NONE',  ( -0.000000000000000000, -1.000000000000000000, -0.000000000000000000 ) ) ;
#3033 = EDGE_LOOP ( 'NONE', ( #7265, #6144, #3316, #677 ) ) ;
#3034 = CARTESIAN_POINT ( 'NONE',  ( 27.00000000000003197, -84.00000000000000000, 9.999999999999998224 ) ) ;
#3035 = AXIS2_PLACEMENT_3D ( 'NONE', #10805, #2740, #8179 ) ;
#3036 = EDGE_CURVE ( 'NONE', #7737, #1210, #8600, .T. ) ;
#3037 = EDGE_CURVE ( 'NONE', #1018, #1012, #1102, .T. ) ;
#3038 = FACE_BOUND ( 'NONE', #1988, .T. ) ;
#3039 = CARTESIAN_POINT ( 'NONE',  ( 30.19237849184836264, -83.70000000000003126, 6.084350109147665719 ) ) ;
#3040 = VERTEX_POINT ( 'NONE', #10420 ) ;
#3041 = VECTOR ( 'NONE', #4967, 1000.000000000000000 ) ;
#3042 = PLANE ( 'NONE',  #1832 ) ;
#3043 = ORIENTED_EDGE ( 'NONE', *, *, #7874, .F. ) ;
#3044 = CIRCLE ( 'NONE', #11166, 1.000000000000000888 ) ;
#3045 = CARTESIAN_POINT ( 'NONE',  ( 29.92464840326346476, -84.00000000000004263, 7.062898005347181929 ) ) ;
#3046 = ORIENTED_EDGE ( 'NONE', *, *, #2557, .F. ) ;
#3047 = CARTESIAN_POINT ( 'NONE',  ( 43.50000000000000000, -0.06350832689629268279, 1.499999999999993117 ) ) ;
#3048 = VECTOR ( 'NONE', #678, 1000.000000000000000 ) ;
#3049 = VECTOR ( 'NONE', #4780, 1000.000000000000000 ) ;
#3050 = ORIENTED_EDGE ( 'NONE', *, *, #9264, .T. ) ;
#3051 = EDGE_LOOP ( 'NONE', ( #1493, #7931 ) ) ;
#3052 = DIRECTION ( 'NONE',  ( 0.2776535470382515136, 0.000000000000000000, 0.9606812727523512674 ) ) ;
#3053 = EDGE_LOOP ( 'NONE', ( #2243, #1111, #7866, #1066 ) ) ;
#3054 = EDGE_CURVE ( 'NONE', #4870, #4401, #10956, .T. ) ;
#3055 = CIRCLE ( 'NONE', #9039, 1.000000000000000888 ) ;
#3056 = EDGE_CURVE ( 'NONE', #9006, #4678, #6893, .T. ) ;
#3057 = ORIENTED_EDGE ( 'NONE', *, *, #648, .T. ) ;
#3058 = CARTESIAN_POINT ( 'NONE',  ( 45.59988003435547199, -83.70000000000001705, 5.678833485916761070 ) ) ;
#3059 = CIRCLE ( 'NONE', #2111, 1.000000000000000888 ) ;
#3060 = DIRECTION ( 'NONE',  ( 0.6060432152628499880, 0.000000000000000000, 0.7954317200325035087 ) ) ;
#3061 = ORIENTED_EDGE ( 'NONE', *, *, #565, .F. ) ;
#3062 = CARTESIAN_POINT ( 'NONE',  ( 28.79880400841952692, -83.70000000000003126, 7.308241454442346630 ) ) ;
#3063 = CARTESIAN_POINT ( 'NONE',  ( 30.10363364157992905, -83.70000000000000284, 7.466026205616688394 ) ) ;
#3064 = CARTESIAN_POINT ( 'NONE',  ( 27.21503794696573308, -83.70000000000001705, 7.505212078228091777 ) ) ;
#3065 = DIRECTION ( 'NONE',  ( 0.000000000000000000, 0.000000000000000000, -1.000000000000000000 ) ) ;
#3066 = CARTESIAN_POINT ( 'NONE',  ( 30.24643596539407753, -84.00000000000000000, 8.021037934781052314 ) ) ;
#3067 = ADVANCED_FACE ( 'NONE', ( #7803 ), #2204, .T. ) ;
#3068 = DIRECTION ( 'NONE',  ( -0.000000000000000000, -0.000000000000000000, -1.000000000000000000 ) ) ;
#3069 = ORIENTED_EDGE ( 'NONE', *, *, #7103, .T. ) ;
#3070 = EDGE_CURVE ( 'NONE', #11738, #9158, #10356, .T. ) ;
#3071 = DIRECTION ( 'NONE',  ( -1.000000000000000000, -2.818925648462311528E-16, 0.000000000000000000 ) ) ;
#3072 = PLANE ( 'NONE',  #6746 ) ;
#3073 = DIRECTION ( 'NONE',  ( -1.000000000000000000, -4.336808689942017736E-16, -8.673617379884035472E-16 ) ) ;
#3074 = CARTESIAN_POINT ( 'NONE',  ( 64.00000000000000000, -38.00000000000000000, 1.999999999999998224 ) ) ;
#3075 = EDGE_LOOP ( 'NONE', ( #2517, #7324 ) ) ;
#3076 = LINE ( 'NONE', #3134, #7361 ) ;
#3077 = CIRCLE ( 'NONE', #5406, 1.000000000000000888 ) ;
#3078 = CARTESIAN_POINT ( 'NONE',  ( 30.72610402576696842, -84.00000000000000000, 7.347595911025810445 ) ) ;
#3079 = VECTOR ( 'NONE', #6545, 1000.000000000000000 ) ;
#3080 = ORIENTED_EDGE ( 'NONE', *, *, #2259, .F. ) ;
#3081 = CARTESIAN_POINT ( 'NONE',  ( 61.00000000000001421, -54.00000000000000000, 0.000000000000000000 ) ) ;
#3082 = FACE_OUTER_BOUND ( 'NONE', #1872, .T. ) ;
#3083 = LINE ( 'NONE', #5826, #9818 ) ;
#3084 = AXIS2_PLACEMENT_3D ( 'NONE', #4081, #7825, #9410 ) ;
#3085 = LINE ( 'NONE', #6772, #263 ) ;
#3086 = DIRECTION ( 'NONE',  ( 0.000000000000000000, 0.000000000000000000, -1.000000000000000000 ) ) ;
#3087 = EDGE_LOOP ( 'NONE', ( #4998, #6496 ) ) ;
#3088 = CARTESIAN_POINT ( 'NONE',  ( 2.709472857716156354E-14, -82.00000000000000000, 27.00000000000000000 ) ) ;
#3089 = PRESENTATION_STYLE_ASSIGNMENT (( #1350 ) ) ;
#3090 = ORIENTED_EDGE ( 'NONE', *, *, #1955, .T. ) ;
#3091 = DIRECTION ( 'NONE',  ( -0.000000000000000000, -0.000000000000000000, -1.000000000000000000 ) ) ;
#3092 = EDGE_LOOP ( 'NONE', ( #9712, #322 ) ) ;
#3093 = DIRECTION ( 'NONE',  ( 0.000000000000000000, 0.000000000000000000, 1.000000000000000000 ) ) ;
#3094 = CARTESIAN_POINT ( 'NONE',  ( 56.00000000000000000, -22.00000000000000000, 1.999999999999998224 ) ) ;
#3095 = ORIENTED_EDGE ( 'NONE', *, *, #2025, .T. ) ;
#3096 = CARTESIAN_POINT ( 'NONE',  ( 28.05797587940753601, -83.70000000000003126, 6.523591852921722278 ) ) ;
#3097 = VECTOR ( 'NONE', #9634, 1000.000000000000000 ) ;
#3098 = CARTESIAN_POINT ( 'NONE',  ( 62.00000000000000711, -30.00000000000000000, 27.00100000000000122 ) ) ;
#3099 = CARTESIAN_POINT ( 'NONE',  ( 53.52093266593442422, -83.70000000000001705, 6.047254538548339831 ) ) ;
#3100 = ORIENTED_EDGE ( 'NONE', *, *, #295, .T. ) ;
#3101 = DIRECTION ( 'NONE',  ( -0.1392548313990991660, 0.000000000000000000, 0.9902565788380345291 ) ) ;
#3102 = ORIENTED_EDGE ( 'NONE', *, *, #961, .F. ) ;
#3103 = CIRCLE ( 'NONE', #7738, 1.000000000000000888 ) ;
#3104 = CIRCLE ( 'NONE', #2157, 1.000000000000000888 ) ;
#3105 = EDGE_CURVE ( 'NONE', #8539, #8303, #8785, .T. ) ;
#3106 = FACE_OUTER_BOUND ( 'NONE', #10068, .T. ) ;
#3107 = ORIENTED_EDGE ( 'NONE', *, *, #4036, .T. ) ;
#3108 = CARTESIAN_POINT ( 'NONE',  ( 48.00000000000001421, -66.00000000000000000, 0.000000000000000000 ) ) ;
#3109 = ORIENTED_EDGE ( 'NONE', *, *, #2989, .F. ) ;
#3110 = DIRECTION ( 'NONE',  ( 0.7922258368068408885, 0.000000000000000000, -0.6102280094322946047 ) ) ;
#3111 = ORIENTED_EDGE ( 'NONE', *, *, #5522, .F. ) ;
#3112 = CIRCLE ( 'NONE', #9884, 1.000000000000000888 ) ;
#3113 = VECTOR ( 'NONE', #8880, 1000.000000000000000 ) ;
#3114 = ORIENTED_EDGE ( 'NONE', *, *, #7005, .F. ) ;
#3115 = DIRECTION ( 'NONE',  ( 1.000000000000000000, 0.000000000000000000, 0.000000000000000000 ) ) ;
#3116 = DIRECTION ( 'NONE',  ( 0.000000000000000000, 0.000000000000000000, 1.000000000000000000 ) ) ;
#3117 = LINE ( 'NONE', #3243, #8533 ) ;
#3118 = EDGE_CURVE ( 'NONE', #6628, #10565, #10335, .T. ) ;
#3119 = PLANE ( 'NONE',  #2640 ) ;
#3120 = AXIS2_PLACEMENT_3D ( 'NONE', #1564, #4448, #5250 ) ;
#3121 = DIRECTION ( 'NONE',  ( 0.000000000000000000, 0.000000000000000000, 1.000000000000000000 ) ) ;
#3122 = CIRCLE ( 'NONE', #7373, 1.000000000000000888 ) ;
#3123 = EDGE_CURVE ( 'NONE', #8966, #4801, #5121, .T. ) ;
#3124 = CARTESIAN_POINT ( 'NONE',  ( 28.22503441208460373, -84.00000000000001421, 6.815178284949041654 ) ) ;
#3125 = DIRECTION ( 'NONE',  ( 0.000000000000000000, 0.000000000000000000, 1.000000000000000000 ) ) ;
#3126 = VECTOR ( 'NONE', #6871, 1000.000000000000000 ) ;
#3127 = CARTESIAN_POINT ( 'NONE',  ( 54.91274553143149717, -83.70000000000001705, 6.436143427437228226 ) ) ;
#3128 = ORIENTED_EDGE ( 'NONE', *, *, #10009, .F. ) ;
#3129 = CARTESIAN_POINT ( 'NONE',  ( 57.00000000000000711, -38.00000000000000000, 27.00100000000000122 ) ) ;
#3130 = DIRECTION ( 'NONE',  ( -0.000000000000000000, -0.000000000000000000, -1.000000000000000000 ) ) ;
#3131 = CARTESIAN_POINT ( 'NONE',  ( 52.00000000000000711, -18.00000000000000355, 0.000000000000000000 ) ) ;
#3132 = DIRECTION ( 'NONE',  ( -1.000000000000000000, 0.000000000000000000, 0.000000000000000000 ) ) ;
#3133 = ORIENTED_EDGE ( 'NONE', *, *, #7578, .T. ) ;
#3134 = CARTESIAN_POINT ( 'NONE',  ( 45.59988003435547199, -84.00000000000000000, 5.678833485916761070 ) ) ;
#3135 = EDGE_CURVE ( 'NONE', #1914, #9082, #1236, .T. ) ;
#3136 = CARTESIAN_POINT ( 'NONE',  ( 30.72610402576696842, -83.70000000000003126, 7.347595911025810445 ) ) ;
#3137 = AXIS2_PLACEMENT_3D ( 'NONE', #4336, #8085, #2584 ) ;
#3138 = EDGE_CURVE ( 'NONE', #11470, #7900, #7683, .T. ) ;
#3139 = DIRECTION ( 'NONE',  ( 0.000000000000000000, 0.000000000000000000, -1.000000000000000000 ) ) ;
#3140 = EDGE_CURVE ( 'NONE', #11649, #7349, #7141, .T. ) ;
#3141 = EDGE_CURVE ( 'NONE', #11403, #5401, #1535, .T. ) ;
#3142 = VERTEX_POINT ( 'NONE', #11805 ) ;
#3143 = PLANE ( 'NONE',  #1800 ) ;
#3144 = DIRECTION ( 'NONE',  ( -0.000000000000000000, -0.000000000000000000, -1.000000000000000000 ) ) ;
#3145 = VERTEX_POINT ( 'NONE', #7988 ) ;
#3146 = DIRECTION ( 'NONE',  ( -1.000000000000000000, 0.000000000000000000, 0.000000000000000000 ) ) ;
#3147 = DIRECTION ( 'NONE',  ( 1.000000000000000000, 0.000000000000000000, 0.000000000000000000 ) ) ;
#3148 = LINE ( 'NONE', #6950, #10815 ) ;
#3149 = ORIENTED_EDGE ( 'NONE', *, *, #8753, .T. ) ;
#3150 = CARTESIAN_POINT ( 'NONE',  ( 4.999999999999999112, -4.000000000000000000, 3.999999999999998224 ) ) ;
#3151 = CARTESIAN_POINT ( 'NONE',  ( 44.00000000000000000, 0.000000000000000000, 0.000000000000000000 ) ) ;
#3152 = EDGE_LOOP ( 'NONE', ( #569, #2099, #9464, #10257 ) ) ;
#3153 = DIRECTION ( 'NONE',  ( 0.000000000000000000, 0.000000000000000000, -1.000000000000000000 ) ) ;
#3154 = EDGE_CURVE ( 'NONE', #1080, #5071, #9755, .T. ) ;
#3155 = AXIS2_PLACEMENT_3D ( 'NONE', #8625, #6686, #5062 ) ;
#3156 = VECTOR ( 'NONE', #5928, 1000.000000000000000 ) ;
#3157 = ORIENTED_EDGE ( 'NONE', *, *, #8015, .T. ) ;
#3158 = FACE_OUTER_BOUND ( 'NONE', #11272, .T. ) ;
#3159 = CARTESIAN_POINT ( 'NONE',  ( 50.00000000000000000, -10.00000000000000000, 1.999999999999998224 ) ) ;
#3160 = ORIENTED_EDGE ( 'NONE', *, *, #5366, .T. ) ;
#3161 = CARTESIAN_POINT ( 'NONE',  ( 27.72653424395525334, -83.70000000000003126, 7.497159959353554726 ) ) ;
#3162 = CYLINDRICAL_SURFACE ( 'NONE', #10409, 2.999999999999999112 ) ;
#3163 = DIRECTION ( 'NONE',  ( -0.000000000000000000, -1.000000000000000000, -0.000000000000000000 ) ) ;
#3164 = EDGE_LOOP ( 'NONE', ( #10741, #10478 ) ) ;
#3165 = CARTESIAN_POINT ( 'NONE',  ( 73.00000000000002842, -80.00000000000000000, 3.999999999999998224 ) ) ;
#3166 = ORIENTED_EDGE ( 'NONE', *, *, #553, .T. ) ;
#3167 = AXIS2_PLACEMENT_3D ( 'NONE', #1451, #356, #7837 ) ;
#3168 = DIRECTION ( 'NONE',  ( -3.469446951953614189E-16, 1.000000000000000000, -0.000000000000000000 ) ) ;
#3169 = EDGE_LOOP ( 'NONE', ( #4816, #9652, #6680, #4808, #9425, #1786, #3566, #5594, #8661, #1426, #7638, #8924 ) ) ;
#3170 = DIRECTION ( 'NONE',  ( -0.000000000000000000, -0.000000000000000000, -1.000000000000000000 ) ) ;
#3171 = AXIS2_PLACEMENT_3D ( 'NONE', #6600, #11385, #3025 ) ;
#3172 = EDGE_LOOP ( 'NONE', ( #11325, #8291 ) ) ;
#3173 = DIRECTION ( 'NONE',  ( 0.000000000000000000, 0.000000000000000000, -1.000000000000000000 ) ) ;
#3174 = ORIENTED_EDGE ( 'NONE', *, *, #2102, .F. ) ;
#3175 = EDGE_LOOP ( 'NONE', ( #1556, #1485 ) ) ;
#3176 = EDGE_CURVE ( 'NONE', #9579, #4330, #11520, .T. ) ;
#3177 = ORIENTED_EDGE ( 'NONE', *, *, #11342, .T. ) ;
#3178 = DIRECTION ( 'NONE',  ( 0.000000000000000000, 1.000000000000000000, 0.000000000000000000 ) ) ;
#3179 = DIRECTION ( 'NONE',  ( -0.000000000000000000, -1.000000000000000000, -0.000000000000000000 ) ) ;
#3180 = CARTESIAN_POINT ( 'NONE',  ( 30.48679661900616011, -83.99999999999994316, 8.021027373907914537 ) ) ;
#3181 = B_SPLINE_CURVE_WITH_KNOTS ( 'NONE', 3,
 ( #4043, #7729, #10300, #5021, #9383, #2797, #8355, #11101, #11433, #11494, #6877 ),
 .UNSPECIFIED., .F., .F.,
 ( 4, 1, 1, 1, 1, 1, 1, 1, 4 ),
 ( 0.000000000000000000, 0.1313525938890020561, 0.2528147951525957504, 0.3695107055919886752, 0.4850800000108014265, 0.6014848718308284381, 0.7215930489453722396, 0.8531990282886043886, 1.000000000000000000 ),
 .UNSPECIFIED. ) ;
#3182 = CARTESIAN_POINT ( 'NONE',  ( 27.89099198468674601, -83.70000000000001705, 6.443081034972546028 ) ) ;
#3183 = CARTESIAN_POINT ( 'NONE',  ( 50.00000000000000000, -18.00000000000000355, 1.999999999999998224 ) ) ;
#3184 = CIRCLE ( 'NONE', #2230, 2.000000000000000000 ) ;
#3185 = DIRECTION ( 'NONE',  ( 1.000000000000000000, 0.000000000000000000, 0.000000000000000000 ) ) ;
#3186 = CARTESIAN_POINT ( 'NONE',  ( 29.40113519042408186, -83.69999999999997442, 4.861968292421465776 ) ) ;
#3187 = CARTESIAN_POINT ( 'NONE',  ( 61.00000000000002132, -66.00000000000000000, 27.00100000000000122 ) ) ;
#3188 = VERTEX_POINT ( 'NONE', #3342 ) ;
#3189 = ADVANCED_FACE ( 'NONE', ( #11689 ), #3399, .F. ) ;
#3190 = EDGE_CURVE ( 'NONE', #246, #855, #2490, .T. ) ;
#3191 = CARTESIAN_POINT ( 'NONE',  ( 29.78400455617700260, -83.70000000000000284, 4.524870499494690002 ) ) ;
#3192 = DIRECTION ( 'NONE',  ( 1.000000000000000000, 0.000000000000000000, 0.000000000000000000 ) ) ;
#3193 = DIRECTION ( 'NONE',  ( -1.000000000000000000, 0.000000000000000000, 0.000000000000000000 ) ) ;
#3194 = CARTESIAN_POINT ( 'NONE',  ( 31.21088878707540104, -83.70000000000003126, 6.120278690291537593 ) ) ;
#3195 = ORIENTED_EDGE ( 'NONE', *, *, #4012, .T. ) ;
#3196 = ADVANCED_FACE ( 'NONE', ( #737 ), #5095, .F. ) ;
#3197 = DIRECTION ( 'NONE',  ( 0.000000000000000000, -0.000000000000000000, -1.000000000000000000 ) ) ;
#3198 = CARTESIAN_POINT ( 'NONE',  ( 54.91274553143149717, -83.70000000000001705, 6.436143427437228226 ) ) ;
#3199 = CARTESIAN_POINT ( 'NONE',  ( 10.49999999999999822, -0.06350832689629246075, 1.499999999999999334 ) ) ;
#3200 = VERTEX_POINT ( 'NONE', #10668 ) ;
#3201 = CARTESIAN_POINT ( 'NONE',  ( 57.00000000000000711, -30.00000000000000000, 27.00100000000000122 ) ) ;
#3202 = CARTESIAN_POINT ( 'NONE',  ( 27.21503794696573308, -84.00000000000000000, 5.938285502529586424 ) ) ;
#3203 = ORIENTED_EDGE ( 'NONE', *, *, #5670, .T. ) ;
#3204 = CARTESIAN_POINT ( 'NONE',  ( 28.84221974763723040, -84.00000000000001421, 6.917924782958285057 ) ) ;
#3205 = B_SPLINE_SURFACE_WITH_KNOTS ( 'NONE', 3, 1, ( 
 ( #2187, #1095 ),
 ( #8405, #6586 ),
 ( #1037, #306 ),
 ( #126, #9492 ),
 ( #5818, #9552 ),
 ( #7492, #4772 ),
 ( #247, #3927 ),
 ( #1220, #10284 ),
 ( #8464, #186 ),
 ( #4899, #4953 ),
 ( #8640, #361 ),
 ( #2012, #4040 ),
 ( #7726, #11430 ),
 ( #6822, #1949 ),
 ( #11197, #8762 ),
 ( #7057, #3259 ),
 ( #6996, #5078 ),
 ( #11606, #6875 ),
 ( #8940, #2420 ) ),
 .UNSPECIFIED., .F., .F., .F.,
 ( 4, 1, 1, 1, 1, 1, 1, 1, 1, 1, 1, 1, 1, 1, 1, 1, 4 ),
 ( 2, 2 ),
 ( 0.000000000000000000, 0.06782023126237929356, 0.1324204886883981191, 0.1953998284012642972, 0.2568544116604291050, 0.3170390131052315819, 0.3780241345681025211, 0.4396702366188464661, 0.5026620533119818823, 0.5659419357082913216, 0.6279783504838333252, 0.6890536091183362410, 0.7499668934226952910, 0.8108045651498396733, 0.8724288094636788449, 0.9354936560413514846, 1.000000000000000000 ),
 ( 0.000000000000000000, 1.000000000000000000 ),
 .UNSPECIFIED. ) ;
#3206 = CARTESIAN_POINT ( 'NONE',  ( 30.26056406396405407, -84.00000000000000000, 7.521468294471389981 ) ) ;
#3207 = CARTESIAN_POINT ( 'NONE',  ( 52.00000000000000711, -30.00000000000000000, 1.999999999999998224 ) ) ;
#3208 = EDGE_LOOP ( 'NONE', ( #6888, #4648, #4909, #11173 ) ) ;
#3209 = EDGE_CURVE ( 'NONE', #282, #2274, #7015, .T. ) ;
#3210 = CARTESIAN_POINT ( 'NONE',  ( 62.00000000000001421, -62.00000000000000711, 27.00100000000000122 ) ) ;
#3211 = LINE ( 'NONE', #6890, #537 ) ;
#3212 = ORIENTED_EDGE ( 'NONE', *, *, #1558, .F. ) ;
#3213 = EDGE_CURVE ( 'NONE', #860, #448, #4787, .T. ) ;
#3214 = CARTESIAN_POINT ( 'NONE',  ( 48.00000000000000000, -34.00000000000000000, 27.00100000000000122 ) ) ;
#3215 = VECTOR ( 'NONE', #9674, 1000.000000000000000 ) ;
#3216 = ORIENTED_EDGE ( 'NONE', *, *, #1727, .T. ) ;
#3217 = DIRECTION ( 'NONE',  ( 1.000000000000000000, 0.000000000000000000, 0.000000000000000000 ) ) ;
#3218 = CARTESIAN_POINT ( 'NONE',  ( 28.51492147217717132, -84.00000000000002842, 7.733665082092485932 ) ) ;
#3219 = CARTESIAN_POINT ( 'NONE',  ( 48.07648822148998136, -84.00000000000000000, 4.409827637963545044 ) ) ;
#3220 = CARTESIAN_POINT ( 'NONE',  ( 27.60999137993086094, -83.70000000000001705, 5.938285502529586424 ) ) ;
#3221 = EDGE_CURVE ( 'NONE', #8255, #8502, #6131, .T. ) ;
#3222 = CARTESIAN_POINT ( 'NONE',  ( 27.00000000000003197, -82.00000000000000000, 9.999999999999998224 ) ) ;
#3223 = CARTESIAN_POINT ( 'NONE',  ( 31.43065414796204848, -84.00000000000000000, 6.942725615156834174 ) ) ;
#3224 = ORIENTED_EDGE ( 'NONE', *, *, #2907, .T. ) ;
#3225 = FACE_OUTER_BOUND ( 'NONE', #7035, .T. ) ;
#3226 = AXIS2_PLACEMENT_3D ( 'NONE', #170, #1996, #9354 ) ;
#3227 = ORIENTED_EDGE ( 'NONE', *, *, #9947, .T. ) ;
#3228 = ORIENTED_EDGE ( 'NONE', *, *, #871, .T. ) ;
#3229 = CYLINDRICAL_SURFACE ( 'NONE', #7862, 2.000000000000001776 ) ;
#3230 = ORIENTED_EDGE ( 'NONE', *, *, #38, .T. ) ;
#3231 = FACE_OUTER_BOUND ( 'NONE', #6737, .T. ) ;
#3232 = AXIS2_PLACEMENT_3D ( 'NONE', #9943, #5295, #11036 ) ;
#3233 = VECTOR ( 'NONE', #8780, 1000.000000000000000 ) ;
#3234 = CIRCLE ( 'NONE', #5763, 1.000000000000000888 ) ;
#3235 = ORIENTED_EDGE ( 'NONE', *, *, #4594, .T. ) ;
#3236 = FACE_OUTER_BOUND ( 'NONE', #9474, .T. ) ;
#3237 = DIRECTION ( 'NONE',  ( 0.000000000000000000, 0.000000000000000000, -1.000000000000000000 ) ) ;
#3238 = VERTEX_POINT ( 'NONE', #7863 ) ;
#3239 = ORIENTED_EDGE ( 'NONE', *, *, #2618, .F. ) ;
#3240 = EDGE_LOOP ( 'NONE', ( #5143, #11175, #2234, #5668 ) ) ;
#3241 = CARTESIAN_POINT ( 'NONE',  ( 0.000000000000000000, -83.70000000000001705, 0.000000000000000000 ) ) ;
#3242 = VECTOR ( 'NONE', #8391, 1000.000000000000000 ) ;
#3243 = CARTESIAN_POINT ( 'NONE',  ( 54.00000000000000000, -10.00000000000000000, 27.00100000000000122 ) ) ;
#3244 = CIRCLE ( 'NONE', #5583, 2.999999999999995559 ) ;
#3245 = CARTESIAN_POINT ( 'NONE',  ( 56.00000000000000711, -30.00000000000000000, 0.000000000000000000 ) ) ;
#3246 = CARTESIAN_POINT ( 'NONE',  ( 53.00000000000000711, -30.00000000000000000, 1.999999999999998224 ) ) ;
#3247 = EDGE_CURVE ( 'NONE', #9972, #3563, #9453, .T. ) ;
#3248 = CARTESIAN_POINT ( 'NONE',  ( 62.00000000000001421, -50.00000000000000000, 1.999999999999998224 ) ) ;
#3249 = CARTESIAN_POINT ( 'NONE',  ( 29.30788842992751242, -83.99999999999998579, 5.037751047725838482 ) ) ;
#3250 = VECTOR ( 'NONE', #4072, 1000.000000000000000 ) ;
#3251 = DIRECTION ( 'NONE',  ( -0.000000000000000000, -0.000000000000000000, 1.000000000000000000 ) ) ;
#3252 = VERTEX_POINT ( 'NONE', #4354 ) ;
#3253 = VECTOR ( 'NONE', #2568, 1000.000000000000000 ) ;
#3254 = DIRECTION ( 'NONE',  ( -1.000000000000000000, 0.000000000000000000, 0.000000000000000000 ) ) ;
#3255 = DIRECTION ( 'NONE',  ( 0.000000000000000000, -1.000000000000000000, 2.891205793294679312E-16 ) ) ;
#3256 = DIRECTION ( 'NONE',  ( -1.000000000000000000, 0.000000000000000000, 0.000000000000000000 ) ) ;
#3257 = FACE_OUTER_BOUND ( 'NONE', #56, .T. ) ;
#3258 = ORIENTED_EDGE ( 'NONE', *, *, #10245, .F. ) ;
#3259 = CARTESIAN_POINT ( 'NONE',  ( 30.14625356758229202, -84.00000000000000000, 8.007738808273760611 ) ) ;
#3260 = CIRCLE ( 'NONE', #1722, 1.000000000000000888 ) ;
#3261 = CARTESIAN_POINT ( 'NONE',  ( 30.36813171834264224, -83.70000000000003126, 7.524642927809497728 ) ) ;
#3262 = AXIS2_PLACEMENT_3D ( 'NONE', #5147, #3086, #11616 ) ;
#3263 = DIRECTION ( 'NONE',  ( -1.000000000000000000, 0.000000000000000000, 0.000000000000000000 ) ) ;
#3264 = EDGE_CURVE ( 'NONE', #4449, #4678, #11011, .T. ) ;
#3265 = ADVANCED_FACE ( 'NONE', ( #11747 ), #6956, .F. ) ;
#3266 = VERTEX_POINT ( 'NONE', #3279 ) ;
#3267 = LINE ( 'NONE', #545, #5865 ) ;
#3268 = LINE ( 'NONE', #6945, #1765 ) ;
#3269 = EDGE_LOOP ( 'NONE', ( #7985, #9408, #2986 ) ) ;
#3270 = DIRECTION ( 'NONE',  ( 1.000000000000000000, 0.000000000000000000, 0.000000000000000000 ) ) ;
#3271 = DIRECTION ( 'NONE',  ( -1.000000000000000000, 0.000000000000000000, 0.000000000000000000 ) ) ;
#3272 = CARTESIAN_POINT ( 'NONE',  ( 53.00000000000001421, -54.00000000000000000, 27.00100000000000122 ) ) ;
#3273 = ORIENTED_EDGE ( 'NONE', *, *, #386, .T. ) ;
#3274 = VECTOR ( 'NONE', #4831, 1000.000000000000000 ) ;
#3275 = DIRECTION ( 'NONE',  ( -0.000000000000000000, -0.000000000000000000, -1.000000000000000000 ) ) ;
#3276 =( NAMED_UNIT ( * ) PLANE_ANGLE_UNIT ( ) SI_UNIT ( $, .RADIAN. ) );
#3277 = VERTEX_POINT ( 'NONE', #6014 ) ;
#3278 = ORIENTED_EDGE ( 'NONE', *, *, #236, .F. ) ;
#3279 = CARTESIAN_POINT ( 'NONE',  ( 28.94267494068459712, -84.00000000000000000, 4.451714135841259967 ) ) ;
#3280 = EDGE_CURVE ( 'NONE', #6577, #605, #3460, .T. ) ;
#3281 = ORIENTED_EDGE ( 'NONE', *, *, #3209, .T. ) ;
#3282 = DIRECTION ( 'NONE',  ( -0.000000000000000000, -0.000000000000000000, -1.000000000000000000 ) ) ;
#3283 = DIRECTION ( 'NONE',  ( -1.000000000000000000, 0.000000000000000000, 0.000000000000000000 ) ) ;
#3284 = EDGE_CURVE ( 'NONE', #4306, #3646, #1415, .T. ) ;
#3285 = DIRECTION ( 'NONE',  ( -0.000000000000000000, -0.000000000000000000, -1.000000000000000000 ) ) ;
#3286 = VERTEX_POINT ( 'NONE', #8778 ) ;
#3287 = CARTESIAN_POINT ( 'NONE',  ( 27.55995889130188559, -84.00000000000000000, 7.505212078228092665 ) ) ;
#3288 = DIRECTION ( 'NONE',  ( -0.000000000000000000, -0.000000000000000000, -1.000000000000000000 ) ) ;
#3289 = CARTESIAN_POINT ( 'NONE',  ( 66.00000000000000000, -38.00000000000000000, 0.000000000000000000 ) ) ;
#3290 = VERTEX_POINT ( 'NONE', #11567 ) ;
#3291 = CYLINDRICAL_SURFACE ( 'NONE', #10327, 1.000000000000000888 ) ;
#3292 = EDGE_LOOP ( 'NONE', ( #4539, #10470, #3851, #1280 ) ) ;
#3293 = AXIS2_PLACEMENT_3D ( 'NONE', #4263, #7954, #4440 ) ;
#3294 = ADVANCED_FACE ( 'NONE', ( #9928 ), #1655, .T. ) ;
#3295 = CARTESIAN_POINT ( 'NONE',  ( 53.00000000000001421, -46.00000000000000711, 27.00100000000000122 ) ) ;
#3296 = ADVANCED_FACE ( 'NONE', ( #10105 ), #1708, .F. ) ;
#3297 = ORIENTED_EDGE ( 'NONE', *, *, #8603, .T. ) ;
#3298 = CARTESIAN_POINT ( 'NONE',  ( 1.189524669241239263E-14, -36.00000000000000000, 10.50000000000000533 ) ) ;
#3299 = EDGE_CURVE ( 'NONE', #643, #1258, #2661, .T. ) ;
#3300 = DIRECTION ( 'NONE',  ( -0.000000000000000000, -0.000000000000000000, -1.000000000000000000 ) ) ;
#3301 = CARTESIAN_POINT ( 'NONE',  ( 30.34889109836274557, -83.70000000000001705, 8.023730596746609933 ) ) ;
#3302 = ORIENTED_EDGE ( 'NONE', *, *, #702, .T. ) ;
#3303 = VERTEX_POINT ( 'NONE', #11086 ) ;
#3304 = VERTEX_POINT ( 'NONE', #7255 ) ;
#3305 = DIRECTION ( 'NONE',  ( 1.000000000000000000, 0.000000000000000000, 0.000000000000000000 ) ) ;
#3306 = VECTOR ( 'NONE', #8903, 1000.000000000000000 ) ;
#3307 = CARTESIAN_POINT ( 'NONE',  ( 31.29221532329694355, -83.70000000000001705, 7.518616256435525891 ) ) ;
#3308 = LINE ( 'NONE', #524, #9593 ) ;
#3309 = ADVANCED_FACE ( 'NONE', ( #8341 ), #975, .F. ) ;
#3310 = CARTESIAN_POINT ( 'NONE',  ( 29.43987659383210342, -83.70000000000003126, 6.598307001508606717 ) ) ;
#3311 = CARTESIAN_POINT ( 'NONE',  ( 61.00000000000001421, -58.00000000000000000, 27.00100000000000122 ) ) ;
#3312 = CARTESIAN_POINT ( 'NONE',  ( 29.23860434839799538, -83.70000000000001705, 5.336753760098870814 ) ) ;
#3313 = VECTOR ( 'NONE', #11309, 1000.000000000000000 ) ;
#3314 = VECTOR ( 'NONE', #1088, 1000.000000000000000 ) ;
#3315 = CARTESIAN_POINT ( 'NONE',  ( 27.00000000000003197, -84.00000000000000000, 16.19999999999999929 ) ) ;
#3316 = ORIENTED_EDGE ( 'NONE', *, *, #3070, .F. ) ;
#3317 = CARTESIAN_POINT ( 'NONE',  ( 65.00000000000000000, -26.00000000000000355, 27.00100000000000122 ) ) ;
#3318 = CARTESIAN_POINT ( 'NONE',  ( 50.36888588230869601, -83.70000000000001705, 7.909827637963544156 ) ) ;
#3319 = LINE ( 'NONE', #1507, #6795 ) ;
#3320 = FACE_OUTER_BOUND ( 'NONE', #7938, .T. ) ;
#3321 = VERTEX_POINT ( 'NONE', #5582 ) ;
#3322 = CARTESIAN_POINT ( 'NONE',  ( 73.00000000000000000, -2.000000000000000000, 1.999999999999998224 ) ) ;
#3323 = CIRCLE ( 'NONE', #9892, 1.000000000000000888 ) ;
#3324 = AXIS2_PLACEMENT_3D ( 'NONE', #522, #9721, #10511 ) ;
#3325 = DIRECTION ( 'NONE',  ( -1.000000000000000000, 0.000000000000000000, 0.000000000000000000 ) ) ;
#3326 = LINE ( 'NONE', #720, #7478 ) ;
#3327 = ORIENTED_EDGE ( 'NONE', *, *, #467, .F. ) ;
#3328 = CARTESIAN_POINT ( 'NONE',  ( 30.34889109836274557, -83.70000000000001705, 8.023730596746609933 ) ) ;
#3329 = DIRECTION ( 'NONE',  ( -1.000000000000000000, 0.000000000000000000, 0.000000000000000000 ) ) ;
#3330 = EDGE_LOOP ( 'NONE', ( #2313, #2615, #1644, #3476 ) ) ;
#3331 = CARTESIAN_POINT ( 'NONE',  ( 0.000000000000000000, 0.000000000000000000, 1.999999999999998224 ) ) ;
#3332 = AXIS2_PLACEMENT_3D ( 'NONE', #10810, #8798, #11647 ) ;
#3333 = CARTESIAN_POINT ( 'NONE',  ( 49.00000000000001421, -58.00000000000000000, 0.000000000000000000 ) ) ;
#3334 = DIRECTION ( 'NONE',  ( -0.000000000000000000, -0.000000000000000000, -1.000000000000000000 ) ) ;
#3335 = ORIENTED_EDGE ( 'NONE', *, *, #11642, .F. ) ;
#3336 = CARTESIAN_POINT ( 'NONE',  ( 50.00000000000000711, -42.00000000000000000, 27.00100000000000122 ) ) ;
#3337 = FACE_BOUND ( 'NONE', #9895, .T. ) ;
#3338 = ORIENTED_EDGE ( 'NONE', *, *, #690, .T. ) ;
#3339 = EDGE_CURVE ( 'NONE', #3286, #10369, #4714, .T. ) ;
#3340 = AXIS2_PLACEMENT_3D ( 'NONE', #4240, #9812, #11629 ) ;
#3341 = B_SPLINE_CURVE_WITH_KNOTS ( 'NONE', 3,
 ( #6653, #1100, #8473, #4779, #194, #5142, #10655, #1282, #8707, #6882, #10472, #10594, #3987, #3934, #9500, #4960, #7732, #2367, #8592 ),
 .UNSPECIFIED., .F., .F.,
 ( 4, 1, 1, 1, 1, 1, 1, 1, 1, 1, 1, 1, 1, 1, 1, 1, 4 ),
 ( 0.000000000000000000, 0.08308166384969623008, 0.1622612176051349275, 0.2381294452492994651, 0.3101605418572249140, 0.3794761100389464903, 0.4457245189982473876, 0.5087079151549809275, 0.5697221887858852085, 0.6280328804947660215, 0.6843638871447594862, 0.7387132236194431378, 0.7917157550438260749, 0.8434861832067579446, 0.8952019623493535638, 0.9473792556590049374, 1.000000000000000000 ),
 .UNSPECIFIED. ) ;
#3342 = CARTESIAN_POINT ( 'NONE',  ( 45.78409056067126670, -84.00000000000000000, 4.368891965448924886 ) ) ;
#3343 = ORIENTED_EDGE ( 'NONE', *, *, #4229, .T. ) ;
#3344 = FACE_OUTER_BOUND ( 'NONE', #5706, .T. ) ;
#3345 = AXIS2_PLACEMENT_3D ( 'NONE', #1404, #664, #6175 ) ;
#3346 = DIRECTION ( 'NONE',  ( -1.000000000000000000, 0.000000000000000000, 0.000000000000000000 ) ) ;
#3347 = CARTESIAN_POINT ( 'NONE',  ( 31.40962685786739783, -83.70000000000001705, 4.946884018761910085 ) ) ;
#3348 = DIRECTION ( 'NONE',  ( -1.000000000000000000, 0.000000000000000000, 0.000000000000000000 ) ) ;
#3349 = ORIENTED_EDGE ( 'NONE', *, *, #3708, .T. ) ;
#3350 = CARTESIAN_POINT ( 'NONE',  ( 48.60865196418003364, -83.70000000000001705, 7.950763310478163426 ) ) ;
#3351 = ORIENTED_EDGE ( 'NONE', *, *, #1306, .T. ) ;
#3352 = ADVANCED_FACE ( 'NONE', ( #3565 ), #4591, .F. ) ;
#3353 = EDGE_CURVE ( 'NONE', #7706, #619, #8816, .T. ) ;
#3354 = AXIS2_PLACEMENT_3D ( 'NONE', #10382, #10510, #11354 ) ;
#3355 = AXIS2_PLACEMENT_3D ( 'NONE', #5636, #11314, #10341 ) ;
#3356 = VERTEX_POINT ( 'NONE', #11918 ) ;
#3357 = DIRECTION ( 'NONE',  ( -0.000000000000000000, -0.000000000000000000, -1.000000000000000000 ) ) ;
#3358 = ORIENTED_EDGE ( 'NONE', *, *, #8673, .T. ) ;
#3359 = CARTESIAN_POINT ( 'NONE',  ( 64.00000000000001421, -46.00000000000000711, 0.000000000000000000 ) ) ;
#3360 = AXIS2_PLACEMENT_3D ( 'NONE', #8459, #9363, #6469 ) ;
#3361 = CARTESIAN_POINT ( 'NONE',  ( 49.00000000000000000, -30.00000000000000000, 0.000000000000000000 ) ) ;
#3362 = CARTESIAN_POINT ( 'NONE',  ( 47.00000000000002842, -82.00000000000000000, 16.19999999999999929 ) ) ;
#3363 = VERTEX_POINT ( 'NONE', #858 ) ;
#3364 = ORIENTED_EDGE ( 'NONE', *, *, #7559, .F. ) ;
#3365 = CARTESIAN_POINT ( 'NONE',  ( 5.000000000000000000, -4.000000000000000000, 1.999999999999998224 ) ) ;
#3366 = ADVANCED_FACE ( 'NONE', ( #70 ), #10044, .F. ) ;
#3367 = ADVANCED_FACE ( 'NONE', ( #6417 ), #6298, .F. ) ;
#3368 = EDGE_CURVE ( 'NONE', #317, #1896, #2072, .T. ) ;
#3369 = EDGE_CURVE ( 'NONE', #7013, #6558, #10224, .T. ) ;
#3370 = CARTESIAN_POINT ( 'NONE',  ( 50.00000000000001421, -50.00000000000000000, 27.00100000000000122 ) ) ;
#3371 = CIRCLE ( 'NONE', #10124, 1.000000000000000888 ) ;
#3372 = CARTESIAN_POINT ( 'NONE',  ( 29.59664326378157639, -83.70000000000003126, 6.419413030017758537 ) ) ;
#3373 = LINE ( 'NONE', #2349, #10475 ) ;
#3374 =( NAMED_UNIT ( * ) PLANE_ANGLE_UNIT ( ) SI_UNIT ( $, .RADIAN. ) );
#3375 = DIRECTION ( 'NONE',  ( 0.000000000000000000, 0.000000000000000000, -1.000000000000000000 ) ) ;
#3376 = ORIENTED_EDGE ( 'NONE', *, *, #3054, .T. ) ;
#3377 = AXIS2_PLACEMENT_3D ( 'NONE', #6658, #10353, #2077 ) ;
#3378 = CYLINDRICAL_SURFACE ( 'NONE', #2594, 1.000000000000000888 ) ;
#3379 = DIRECTION ( 'NONE',  ( -1.000000000000000000, 0.000000000000000000, 0.000000000000000000 ) ) ;
#3380 = EDGE_CURVE ( 'NONE', #7222, #10446, #12, .T. ) ;
#3381 = CARTESIAN_POINT ( 'NONE',  ( 52.00000000000001421, -46.00000000000000711, 0.000000000000000000 ) ) ;
#3382 = CARTESIAN_POINT ( 'NONE',  ( 30.70702562380078149, -83.70000000000001705, 4.975623262019563953 ) ) ;
#3383 = VERTEX_POINT ( 'NONE', #3681 ) ;
#3384 = DIRECTION ( 'NONE',  ( 0.000000000000000000, 0.000000000000000000, -1.000000000000000000 ) ) ;
#3385 = DIRECTION ( 'NONE',  ( 0.000000000000000000, 0.000000000000000000, -1.000000000000000000 ) ) ;
#3386 = LINE ( 'NONE', #4160, #4990 ) ;
#3387 = ORIENTED_EDGE ( 'NONE', *, *, #8394, .T. ) ;
#3388 = LINE ( 'NONE', #4224, #4685 ) ;
#3389 = CARTESIAN_POINT ( 'NONE',  ( 60.00000000000000000, -10.00000000000000000, 27.00100000000000122 ) ) ;
#3390 = ORIENTED_EDGE ( 'NONE', *, *, #4888, .F. ) ;
#3391 = FACE_BOUND ( 'NONE', #9346, .T. ) ;
#3392 = CARTESIAN_POINT ( 'NONE',  ( 30.48679661900616011, -83.99999999999997158, 8.021027373907914537 ) ) ;
#3393 = FACE_OUTER_BOUND ( 'NONE', #5408, .T. ) ;
#3394 = ORIENTED_EDGE ( 'NONE', *, *, #101, .T. ) ;
#3395 = LINE ( 'NONE', #4294, #6464 ) ;
#3396 = FACE_BOUND ( 'NONE', #9690, .T. ) ;
#3397 = EDGE_LOOP ( 'NONE', ( #4137, #3586, #11351, #6954 ) ) ;
#3398 = EDGE_LOOP ( 'NONE', ( #299, #4019, #4763, #9208 ) ) ;
#3399 = CYLINDRICAL_SURFACE ( 'NONE', #9384, 2.999999999999995559 ) ;
#3400 = VERTEX_POINT ( 'NONE', #3622 ) ;
#3401 = DIRECTION ( 'NONE',  ( 1.000000000000000000, 0.000000000000000000, -0.000000000000000000 ) ) ;
#3402 = EDGE_CURVE ( 'NONE', #2191, #10577, #8036, .T. ) ;
#3403 = CARTESIAN_POINT ( 'NONE',  ( 27.87026455727826146, -83.99999999999997158, 7.470562854726765956 ) ) ;
#3404 = EDGE_LOOP ( 'NONE', ( #11143, #4150 ) ) ;
#3405 = CARTESIAN_POINT ( 'NONE',  ( 28.22503441208460373, -84.00000000000000000, 6.815178284949041654 ) ) ;
#3406 = DIRECTION ( 'NONE',  ( -0.000000000000000000, -0.000000000000000000, -1.000000000000000000 ) ) ;
#3407 = EDGE_LOOP ( 'NONE', ( #8711, #3842, #7572, #2687 ) ) ;
#3408 = CARTESIAN_POINT ( 'NONE',  ( 26.60782547133220532, -83.70000000000001705, 4.451714135841259967 ) ) ;
#3409 = ORIENTED_EDGE ( 'NONE', *, *, #11874, .F. ) ;
#3410 = B_SPLINE_SURFACE_WITH_KNOTS ( 'NONE', 3, 1, ( 
 ( #2709, #10147 ),
 ( #1869, #3727 ),
 ( #5562, #109 ),
 ( #9539, #349 ),
 ( #3063, #1079 ),
 ( #2947, #10266 ),
 ( #7473, #3784 ),
 ( #1021, #9417 ),
 ( #2173, #1142 ),
 ( #8447, #6752 ),
 ( #11360, #1203 ) ),
 .UNSPECIFIED., .F., .F., .F.,
 ( 4, 1, 1, 1, 1, 1, 1, 1, 4 ),
 ( 2, 2 ),
 ( 0.000000000000000000, 0.1313525938890020561, 0.2528147951525957504, 0.3695107055919886752, 0.4850800000108014265, 0.6014848718308284381, 0.7215930489453722396, 0.8531990282886043886, 1.000000000000000000 ),
 ( 0.000000000000000000, 1.000000000000000000 ),
 .UNSPECIFIED. ) ;
#3411 = CIRCLE ( 'NONE', #3986, 1.000000000000000888 ) ;
#3412 = ORIENTED_EDGE ( 'NONE', *, *, #6013, .F. ) ;
#3413 = LINE ( 'NONE', #5475, #8441 ) ;
#3414 = VERTEX_POINT ( 'NONE', #10163 ) ;
#3415 = CARTESIAN_POINT ( 'NONE',  ( 53.20000000000002416, -81.99999999999997158, 16.19999999999999929 ) ) ;
#3416 = EDGE_CURVE ( 'NONE', #3455, #5251, #9072, .T. ) ;
#3417 = ADVANCED_FACE ( 'NONE', ( #2725 ), #9184, .F. ) ;
#3418 = VECTOR ( 'NONE', #6997, 1000.000000000000000 ) ;
#3419 = CARTESIAN_POINT ( 'NONE',  ( 31.43065414796204848, -83.70000000000001705, 6.942725615156834174 ) ) ;
#3420 = DIRECTION ( 'NONE',  ( -1.000000000000000000, 0.000000000000000000, 0.000000000000000000 ) ) ;
#3421 = EDGE_LOOP ( 'NONE', ( #4806, #11701, #6857, #10803, #6500, #11110, #10326, #8705 ) ) ;
#3422 = ORIENTED_EDGE ( 'NONE', *, *, #7407, .T. ) ;
#3423 = ORIENTED_EDGE ( 'NONE', *, *, #7543, .T. ) ;
#3424 = FACE_OUTER_BOUND ( 'NONE', #7600, .T. ) ;
#3425 = VECTOR ( 'NONE', #3003, 1000.000000000000000 ) ;
#3426 = CARTESIAN_POINT ( 'NONE',  ( 28.05797587940753601, -83.70000000000003126, 6.523591852921722278 ) ) ;
#3427 = VERTEX_POINT ( 'NONE', #2190 ) ;
#3428 = CARTESIAN_POINT ( 'NONE',  ( 29.82211491178202678, -83.69999999999997442, 6.258707315035533014 ) ) ;
#3429 = AXIS2_PLACEMENT_3D ( 'NONE', #8833, #2255, #1289 ) ;
#3430 = DIRECTION ( 'NONE',  ( 2.818925648462311528E-16, -1.000000000000000000, 0.000000000000000000 ) ) ;
#3431 = EDGE_CURVE ( 'NONE', #3474, #3813, #5704, .T. ) ;
#3432 = DIRECTION ( 'NONE',  ( 0.000000000000000000, 0.000000000000000000, -1.000000000000000000 ) ) ;
#3433 = ORIENTED_EDGE ( 'NONE', *, *, #5893, .F. ) ;
#3434 = CIRCLE ( 'NONE', #9412, 1.000000000000000888 ) ;
#3435 = DIRECTION ( 'NONE',  ( -1.000000000000000000, 0.000000000000000000, 0.000000000000000000 ) ) ;
#3436 = CIRCLE ( 'NONE', #1506, 1.000000000000000888 ) ;
#3437 = CYLINDRICAL_SURFACE ( 'NONE', #3519, 1.000000000000000888 ) ;
#3438 = CARTESIAN_POINT ( 'NONE',  ( 30.79831341905913433, -83.70000000000000284, 5.056413266584272037 ) ) ;
#3439 = ORIENTED_EDGE ( 'NONE', *, *, #1969, .T. ) ;
#3440 = CARTESIAN_POINT ( 'NONE',  ( 55.03555254897536031, -83.70000000000001705, 7.909827637963544156 ) ) ;
#3441 = CARTESIAN_POINT ( 'NONE',  ( 30.34889109836274557, -83.70000000000001705, 7.524921846475871590 ) ) ;
#3442 = EDGE_CURVE ( 'NONE', #332, #6404, #6132, .T. ) ;
#3443 = FACE_BOUND ( 'NONE', #779, .T. ) ;
#3444 = VECTOR ( 'NONE', #9541, 1000.000000000000000 ) ;
#3445 = ADVANCED_FACE ( 'NONE', ( #11377 ), #11262, .F. ) ;
#3446 = ORIENTED_EDGE ( 'NONE', *, *, #7857, .T. ) ;
#3447 = DIRECTION ( 'NONE',  ( -0.000000000000000000, -0.000000000000000000, -1.000000000000000000 ) ) ;
#3448 = CIRCLE ( 'NONE', #8468, 2.000000000000001776 ) ;
#3449 = ADVANCED_FACE ( 'NONE', ( #2965, #7727, #6824, #1277, #4956, #1160, #9609, #4773, #9553, #11199 ), #4900, .F. ) ;
#3450 = CARTESIAN_POINT ( 'NONE',  ( 53.00000000000000000, -10.00000000000000000, 27.00100000000000122 ) ) ;
#3451 = ORIENTED_EDGE ( 'NONE', *, *, #9246, .F. ) ;
#3452 = DIRECTION ( 'NONE',  ( -0.000000000000000000, -1.000000000000000000, -0.000000000000000000 ) ) ;
#3453 = CARTESIAN_POINT ( 'NONE',  ( 31.33485021469418896, -84.00000000000000000, 7.428464109337636678 ) ) ;
#3454 = LINE ( 'NONE', #852, #11772 ) ;
#3455 = VERTEX_POINT ( 'NONE', #2241 ) ;
#3456 = DIRECTION ( 'NONE',  ( -1.000000000000000000, 0.000000000000000000, 0.000000000000000000 ) ) ;
#3457 = FACE_BOUND ( 'NONE', #5771, .T. ) ;
#3458 = VECTOR ( 'NONE', #6329, 1000.000000000000000 ) ;
#3459 = ORIENTED_EDGE ( 'NONE', *, *, #4389, .T. ) ;
#3460 = LINE ( 'NONE', #10851, #6719 ) ;
#3461 = ORIENTED_EDGE ( 'NONE', *, *, #8064, .T. ) ;
#3462 = CARTESIAN_POINT ( 'NONE',  ( 28.33842183556960137, -84.00000000000002842, 7.843714332574958981 ) ) ;
#3463 = CARTESIAN_POINT ( 'NONE',  ( 57.00000000000000711, -38.00000000000000000, 27.00100000000000122 ) ) ;
#3464 = CARTESIAN_POINT ( 'NONE',  ( 28.10967756063976353, -83.99999999999998579, 6.566512002868666542 ) ) ;
#3465 = CIRCLE ( 'NONE', #6541, 1.000000000000000888 ) ;
#3466 = DIRECTION ( 'NONE',  ( 3.304235192336776005E-16, -1.000000000000000000, 0.000000000000000000 ) ) ;
#3467 = ORIENTED_EDGE ( 'NONE', *, *, #5903, .F. ) ;
#3468 = CARTESIAN_POINT ( 'NONE',  ( 46.19344728581746296, -83.70000000000001705, 6.988775006384597255 ) ) ;
#3469 = ORIENTED_EDGE ( 'NONE', *, *, #11317, .F. ) ;
#3470 = LINE ( 'NONE', #6432, #3805 ) ;
#3471 = ORIENTED_EDGE ( 'NONE', *, *, #4989, .F. ) ;
#3472 = FACE_BOUND ( 'NONE', #5980, .T. ) ;
#3473 = LINE ( 'NONE', #11768, #6419 ) ;
#3474 = VERTEX_POINT ( 'NONE', #11432 ) ;
#3475 = CIRCLE ( 'NONE', #4241, 1.000000000000000888 ) ;
#3476 = ORIENTED_EDGE ( 'NONE', *, *, #4400, .F. ) ;
#3477 = CARTESIAN_POINT ( 'NONE',  ( 45.00000000000002132, -82.79999999999999716, 25.00000000000000000 ) ) ;
#3478 = EDGE_CURVE ( 'NONE', #7271, #8373, #190, .T. ) ;
#3479 = DIRECTION ( 'NONE',  ( 0.000000000000000000, -1.000000000000000000, 0.000000000000000000 ) ) ;
#3480 = VERTEX_POINT ( 'NONE', #2069 ) ;
#3481 = DIRECTION ( 'NONE',  ( 0.2537126883649359343, 0.000000000000000000, -0.9672796243913323044 ) ) ;
#3482 = DIRECTION ( 'NONE',  ( -0.000000000000000000, 0.000000000000000000, 1.000000000000000000 ) ) ;
#3483 = AXIS2_PLACEMENT_3D ( 'NONE', #5595, #986, #81 ) ;
#3484 = DIRECTION ( 'NONE',  ( -0.000000000000000000, -0.000000000000000000, -1.000000000000000000 ) ) ;
#3485 = ORIENTED_EDGE ( 'NONE', *, *, #7174, .T. ) ;
#3486 = VECTOR ( 'NONE', #7243, 1000.000000000000000 ) ;
#3487 = LINE ( 'NONE', #4275, #11020 ) ;
#3488 = CARTESIAN_POINT ( 'NONE',  ( 61.00000000000000711, -22.00000000000000000, 1.999999999999998224 ) ) ;
#3489 = CARTESIAN_POINT ( 'NONE',  ( 30.89274563391452944, -83.70000000000000284, 5.217724844925303529 ) ) ;
#3490 = ORIENTED_EDGE ( 'NONE', *, *, #10023, .T. ) ;
#3491 = EDGE_CURVE ( 'NONE', #671, #10834, #1099, .T. ) ;
#3492 = LINE ( 'NONE', #6225, #9294 ) ;
#3493 = EDGE_CURVE ( 'NONE', #1139, #8170, #8641, .T. ) ;
#3494 = CARTESIAN_POINT ( 'NONE',  ( 50.00000000000000711, -42.00000000000000000, 0.000000000000000000 ) ) ;
#3495 = CARTESIAN_POINT ( 'NONE',  ( 29.86361570324096704, -83.70000000000003126, 5.265537446075247097 ) ) ;
#3496 = AXIS2_PLACEMENT_3D ( 'NONE', #11079, #2778, #1819 ) ;
#3497 = ORIENTED_EDGE ( 'NONE', *, *, #7472, .T. ) ;
#3498 = DIRECTION ( 'NONE',  ( 0.000000000000000000, 0.000000000000000000, -1.000000000000000000 ) ) ;
#3499 = CARTESIAN_POINT ( 'NONE',  ( 61.00000000000001421, -50.00000000000000000, 0.000000000000000000 ) ) ;
#3500 = VERTEX_POINT ( 'NONE', #7496 ) ;
#3501 = DIRECTION ( 'NONE',  ( -0.000000000000000000, -0.000000000000000000, -1.000000000000000000 ) ) ;
#3502 = CARTESIAN_POINT ( 'NONE',  ( 29.66368797434885352, -83.69999999999998863, 6.363840052850044948 ) ) ;
#3503 = LINE ( 'NONE', #2541, #7599 ) ;
#3504 = FACE_OUTER_BOUND ( 'NONE', #1163, .T. ) ;
#3505 = VECTOR ( 'NONE', #7660, 1000.000000000000000 ) ;
#3506 = CARTESIAN_POINT ( 'NONE',  ( 30.54523071283101743, -84.00000000000001421, 6.513659121762855442 ) ) ;
#3507 = FACE_BOUND ( 'NONE', #5931, .T. ) ;
#3508 = EDGE_LOOP ( 'NONE', ( #7489, #9865, #10016, #10196 ) ) ;
#3509 = ADVANCED_FACE ( 'NONE', ( #6589 ), #1385, .T. ) ;
#3510 = EDGE_CURVE ( 'NONE', #1210, #2810, #11549, .T. ) ;
#3511 = DIRECTION ( 'NONE',  ( 0.000000000000000000, -0.000000000000000000, -1.000000000000000000 ) ) ;
#3512 = ORIENTED_EDGE ( 'NONE', *, *, #3105, .T. ) ;
#3513 = AXIS2_PLACEMENT_3D ( 'NONE', #8679, #3110, #7763 ) ;
#3514 = DIRECTION ( 'NONE',  ( 2.787948443534154893E-16, -1.000000000000000000, 0.000000000000000000 ) ) ;
#3515 = B_SPLINE_CURVE_WITH_KNOTS ( 'NONE', 3,
 ( #8598, #10931, #5426, #260, #6659, #10296, #11327, #2023, #8480, #10354, #5713, #825, #9380, #7568, #2974, #6721, #1170, #4501, #4849 ),
 .UNSPECIFIED., .F., .F.,
 ( 4, 1, 1, 1, 1, 1, 1, 1, 1, 1, 1, 1, 1, 1, 1, 1, 4 ),
 ( 0.000000000000000000, 0.07179748673693052419, 0.1409257242605322369, 0.2068288286564006762, 0.2702726554977399331, 0.3313767291922461444, 0.3912661259946253467, 0.4496290484683984068, 0.5075873516065321223, 0.5644732051349433677, 0.6210395753798210183, 0.6782793690818547105, 0.7365820096433719488, 0.7968840018956409033, 0.8605420635469782642, 0.9281723800132535285, 1.000000000000000000 ),
 .UNSPECIFIED. ) ;
#3516 = DIRECTION ( 'NONE',  ( -1.000000000000000000, 0.000000000000000000, 0.000000000000000000 ) ) ;
#3517 = ORIENTED_EDGE ( 'NONE', *, *, #10979, .T. ) ;
#3518 = CARTESIAN_POINT ( 'NONE',  ( 29.84325973600623527, -84.00000000000000000, 5.633542162698526923 ) ) ;
#3519 = AXIS2_PLACEMENT_3D ( 'NONE', #11842, #6337, #4512 ) ;
#3520 = CARTESIAN_POINT ( 'NONE',  ( 50.83964611622682384, -83.70000000000001705, 6.395207754922608956 ) ) ;
#3521 = EDGE_LOOP ( 'NONE', ( #7188, #10566 ) ) ;
#3522 = EDGE_CURVE ( 'NONE', #10164, #8682, #480, .T. ) ;
#3523 = CARTESIAN_POINT ( 'NONE',  ( 28.83002007727973393, -83.99999999999997158, 6.759559191758645724 ) ) ;
#3524 = ORIENTED_EDGE ( 'NONE', *, *, #2041, .T. ) ;
#3525 = EDGE_CURVE ( 'NONE', #6946, #2014, #1877, .T. ) ;
#3526 = CARTESIAN_POINT ( 'NONE',  ( 31.52875743004674547, -84.00000000000004263, 5.544767611654713768 ) ) ;
#3527 = DIRECTION ( 'NONE',  ( 1.000000000000000000, 0.000000000000000000, 2.312964634635743844E-15 ) ) ;
#3528 = VECTOR ( 'NONE', #11074, 1000.000000000000000 ) ;
#3529 = ORIENTED_EDGE ( 'NONE', *, *, #1219, .F. ) ;
#3530 = DIRECTION ( 'NONE',  ( -1.000000000000000000, 0.000000000000000000, 0.000000000000000000 ) ) ;
#3531 = LINE ( 'NONE', #9204, #9436 ) ;
#3532 = DIRECTION ( 'NONE',  ( 0.000000000000000000, -0.000000000000000000, 1.000000000000000000 ) ) ;
#3533 = ORIENTED_EDGE ( 'NONE', *, *, #9864, .F. ) ;
#3534 = VERTEX_POINT ( 'NONE', #1401 ) ;
#3535 = LINE ( 'NONE', #8538, #11163 ) ;
#3536 = DIRECTION ( 'NONE',  ( -0.000000000000000000, -0.000000000000000000, -1.000000000000000000 ) ) ;
#3537 = ORIENTED_EDGE ( 'NONE', *, *, #900, .T. ) ;
#3538 = CARTESIAN_POINT ( 'NONE',  ( 60.00000000000000711, -34.00000000000000000, 0.000000000000000000 ) ) ;
#3539 = CIRCLE ( 'NONE', #1626, 1.000000000000000888 ) ;
#3540 = CYLINDRICAL_SURFACE ( 'NONE', #11413, 1.000000000000000888 ) ;
#3541 = EDGE_CURVE ( 'NONE', #3629, #9409, #5079, .T. ) ;
#3542 = LINE ( 'NONE', #8933, #7952 ) ;
#3543 = ORIENTED_EDGE ( 'NONE', *, *, #1853, .F. ) ;
#3544 = PLANE ( 'NONE',  #10830 ) ;
#3545 = FACE_OUTER_BOUND ( 'NONE', #4496, .T. ) ;
#3546 = CYLINDRICAL_SURFACE ( 'NONE', #7865, 1.000000000000000888 ) ;
#3547 = ORIENTED_EDGE ( 'NONE', *, *, #10679, .F. ) ;
#3548 = AXIS2_PLACEMENT_3D ( 'NONE', #4497, #2464, #1915 ) ;
#3549 = CARTESIAN_POINT ( 'NONE',  ( 27.90998934821781674, -83.99999999999994316, 7.969189560658760385 ) ) ;
#3550 = DIRECTION ( 'NONE',  ( 0.000000000000000000, 0.000000000000000000, 1.000000000000000000 ) ) ;
#3551 = CARTESIAN_POINT ( 'NONE',  ( 29.93008992868893614, -83.99999999999990052, 5.108619507828207063 ) ) ;
#3552 = CARTESIAN_POINT ( 'NONE',  ( 46.39812564839056108, -83.70000000000001705, 7.909827637963544156 ) ) ;
#3553 = LINE ( 'NONE', #8094, #2381 ) ;
#3554 = ADVANCED_FACE ( 'NONE', ( #8942 ), #8821, .F. ) ;
#3555 = DIRECTION ( 'NONE',  ( 0.000000000000000000, 0.000000000000000000, -1.000000000000000000 ) ) ;
#3556 = EDGE_LOOP ( 'NONE', ( #7545, #3881, #499, #6107 ) ) ;
#3557 = CYLINDRICAL_SURFACE ( 'NONE', #1519, 2.000000000000000000 ) ;
#3558 = DIRECTION ( 'NONE',  ( -1.000000000000000000, -0.000000000000000000, -0.000000000000000000 ) ) ;
#3559 = CARTESIAN_POINT ( 'NONE',  ( 29.98612331719632351, -84.00000000000000000, 7.355535631575552458 ) ) ;
#3560 = LINE ( 'NONE', #7980, #4417 ) ;
#3561 = CARTESIAN_POINT ( 'NONE',  ( 50.00000000000000000, -30.00000000000000000, 27.00100000000000122 ) ) ;
#3562 = FACE_BOUND ( 'NONE', #7569, .T. ) ;
#3563 = VERTEX_POINT ( 'NONE', #10650 ) ;
#3564 = ORIENTED_EDGE ( 'NONE', *, *, #9628, .F. ) ;
#3565 = FACE_OUTER_BOUND ( 'NONE', #1000, .T. ) ;
#3566 = ORIENTED_EDGE ( 'NONE', *, *, #4404, .T. ) ;
#3567 = LINE ( 'NONE', #9186, #3907 ) ;
#3568 = EDGE_CURVE ( 'NONE', #11025, #1290, #2530, .T. ) ;
#3569 = PLANE ( 'NONE',  #6962 ) ;
#3570 = ORIENTED_EDGE ( 'NONE', *, *, #2629, .F. ) ;
#3571 = CARTESIAN_POINT ( 'NONE',  ( 31.45462915946934501, -83.70000000000001705, 5.039445020905520600 ) ) ;
#3572 = EDGE_CURVE ( 'NONE', #11052, #6735, #11910, .T. ) ;
#3573 = EDGE_CURVE ( 'NONE', #9706, #3383, #6690, .T. ) ;
#3574 = LINE ( 'NONE', #7082, #9834 ) ;
#3575 = EDGE_LOOP ( 'NONE', ( #11450, #4102 ) ) ;
#3576 = LINE ( 'NONE', #6368, #7416 ) ;
#3577 = EDGE_LOOP ( 'NONE', ( #11638, #1175, #10567, #9765 ) ) ;
#3578 = DIRECTION ( 'NONE',  ( -1.000000000000000000, 0.000000000000000000, 0.000000000000000000 ) ) ;
#3579 = DIRECTION ( 'NONE',  ( -0.000000000000000000, -1.000000000000000000, -0.000000000000000000 ) ) ;
#3580 = ORIENTED_EDGE ( 'NONE', *, *, #9995, .T. ) ;
#3581 = CARTESIAN_POINT ( 'NONE',  ( 28.81394161980616886, -83.70000000000003126, 6.670684278783396870 ) ) ;
#3582 = EDGE_CURVE ( 'NONE', #8197, #5811, #8231, .T. ) ;
#3583 = VERTEX_POINT ( 'NONE', #5321 ) ;
#3584 = FACE_BOUND ( 'NONE', #6369, .T. ) ;
#3585 = CARTESIAN_POINT ( 'NONE',  ( 29.69177096023525309, -84.00000000000000000, 4.575547396790400789 ) ) ;
#3586 = ORIENTED_EDGE ( 'NONE', *, *, #2820, .F. ) ;
#3587 = CARTESIAN_POINT ( 'NONE',  ( 29.23604726037270751, -83.70000000000001705, 5.444025160316027900 ) ) ;
#3588 = VERTEX_POINT ( 'NONE', #7969 ) ;
#3589 = EDGE_LOOP ( 'NONE', ( #9405, #6848, #6874, #10772 ) ) ;
#3590 = DIRECTION ( 'NONE',  ( 0.000000000000000000, 0.000000000000000000, 1.000000000000000000 ) ) ;
#3591 = CARTESIAN_POINT ( 'NONE',  ( 46.39812564839056108, -83.70000000000001705, 7.909827637963544156 ) ) ;
#3592 = ORIENTED_EDGE ( 'NONE', *, *, #8370, .F. ) ;
#3593 = ORIENTED_EDGE ( 'NONE', *, *, #713, .T. ) ;
#3594 = CARTESIAN_POINT ( 'NONE',  ( 2.999999999999999556, -4.000000000000000888, 3.999999999999998224 ) ) ;
#3595 = DIRECTION ( 'NONE',  ( 0.000000000000000000, 0.000000000000000000, -1.000000000000000000 ) ) ;
#3596 = DIRECTION ( 'NONE',  ( -1.000000000000000000, 0.000000000000000000, 0.000000000000000000 ) ) ;
#3597 = EDGE_LOOP ( 'NONE', ( #4349, #8481, #2, #2105 ) ) ;
#3598 = CARTESIAN_POINT ( 'NONE',  ( 57.00000000000000000, -14.00000000000000000, 0.000000000000000000 ) ) ;
#3599 = DIRECTION ( 'NONE',  ( 0.000000000000000000, -0.000000000000000000, -1.000000000000000000 ) ) ;
#3600 = CARTESIAN_POINT ( 'NONE',  ( 30.65945400893807715, -84.00000000000000000, 4.949445491366629035 ) ) ;
#3601 = AXIS2_PLACEMENT_3D ( 'NONE', #11789, #6399, #9967 ) ;
#3602 = EDGE_LOOP ( 'NONE', ( #503, #6743 ) ) ;
#3603 = CARTESIAN_POINT ( 'NONE',  ( 48.83379816301044229, -83.70000000000001705, 7.132049860185765588 ) ) ;
#3604 = EDGE_CURVE ( 'NONE', #6774, #8915, #331, .T. ) ;
#3605 = CARTESIAN_POINT ( 'NONE',  ( 49.00000000000000000, -18.00000000000000355, 0.000000000000000000 ) ) ;
#3606 = CARTESIAN_POINT ( 'NONE',  ( 30.31737639182834698, -83.70000000000001705, 4.891681744747787164 ) ) ;
#3607 = EDGE_LOOP ( 'NONE', ( #9498, #211, #5500, #8364 ) ) ;
#3608 = CARTESIAN_POINT ( 'NONE',  ( 66.00000000000001421, -54.00000000000000000, 27.00100000000000122 ) ) ;
#3609 = AXIS2_PLACEMENT_3D ( 'NONE', #6895, #6016, #6782 ) ;
#3610 = DIRECTION ( 'NONE',  ( 0.000000000000000000, 0.000000000000000000, -1.000000000000000000 ) ) ;
#3611 = VERTEX_POINT ( 'NONE', #11730 ) ;
#3612 = FACE_OUTER_BOUND ( 'NONE', #5375, .T. ) ;
#3613 = CARTESIAN_POINT ( 'NONE',  ( 29.31895147674704205, -83.70000000000000284, 6.953085919385602942 ) ) ;
#3614 = CARTESIAN_POINT ( 'NONE',  ( 43.64688657439413078, -82.35311342560586922, -1.279420645662396319E-15 ) ) ;
#3615 = DIRECTION ( 'NONE',  ( -1.000000000000000000, 0.000000000000000000, 0.000000000000000000 ) ) ;
#3616 = FACE_OUTER_BOUND ( 'NONE', #3652, .T. ) ;
#3617 = FACE_BOUND ( 'NONE', #7136, .T. ) ;
#3618 = ORIENTED_EDGE ( 'NONE', *, *, #371, .F. ) ;
#3619 = AXIS2_PLACEMENT_3D ( 'NONE', #5564, #9228, #8150 ) ;
#3620 = EDGE_CURVE ( 'NONE', #8682, #2424, #4365, .T. ) ;
#3621 = EDGE_CURVE ( 'NONE', #9927, #3611, #8996, .T. ) ;
#3622 = CARTESIAN_POINT ( 'NONE',  ( 46.15251161330284901, -83.70000000000001705, 6.988775006384597255 ) ) ;
#3623 = ORIENTED_EDGE ( 'NONE', *, *, #6475, .F. ) ;
#3624 = DIRECTION ( 'NONE',  ( 1.000000000000000000, 2.818925648462311528E-16, 0.000000000000000000 ) ) ;
#3625 = CARTESIAN_POINT ( 'NONE',  ( 31.94462425842338504, -84.00000000000000000, 7.983552992241519597 ) ) ;
#3626 = CARTESIAN_POINT ( 'NONE',  ( 30.72965053079946429, -83.99999999999995737, 4.450300915725983408 ) ) ;
#3627 = CIRCLE ( 'NONE', #4021, 1.000000000000000888 ) ;
#3628 = FACE_OUTER_BOUND ( 'NONE', #3208, .T. ) ;
#3629 = VERTEX_POINT ( 'NONE', #4098 ) ;
#3630 = VECTOR ( 'NONE', #7096, 1000.000000000000000 ) ;
#3631 = DIRECTION ( 'NONE',  ( 0.000000000000000000, 0.000000000000000000, -1.000000000000000000 ) ) ;
#3632 = ORIENTED_EDGE ( 'NONE', *, *, #6648, .F. ) ;
#3633 = B_SPLINE_CURVE_WITH_KNOTS ( 'NONE', 3,
 ( #10158, #3742, #10403, #11137, #972, #5518, #10282, #8522, #11194, #2783, #2009, #1883, #8339, #1947, #9181, #910, #9, #245, #8462 ),
 .UNSPECIFIED., .F., .F.,
 ( 4, 1, 1, 1, 1, 1, 1, 1, 1, 1, 1, 1, 1, 1, 1, 1, 4 ),
 ( 0.000000000000000000, 0.06295144345314515610, 0.1233077942933871879, 0.1806926360816505928, 0.2363082356285184649, 0.2902564022880934624, 0.3432916745052979612, 0.3957442136167765301, 0.4488282091076621905, 0.5032798569707896963, 0.5604842113030472639, 0.6205160632821402622, 0.6854751630780794303, 0.7555236015984889697, 0.8314176898367430235, 0.9128053853054074462, 1.000000000000000000 ),
 .UNSPECIFIED. ) ;
#3634 = EDGE_CURVE ( 'NONE', #8373, #4311, #6114, .T. ) ;
#3635 = DIRECTION ( 'NONE',  ( -1.000000000000000000, 0.000000000000000000, 0.000000000000000000 ) ) ;
#3636 = DIRECTION ( 'NONE',  ( 0.2776535470382515136, 0.000000000000000000, -0.9606812727523512674 ) ) ;
#3637 = ADVANCED_FACE ( 'NONE', ( #1573 ), #5259, .T. ) ;
#3638 = ORIENTED_EDGE ( 'NONE', *, *, #11861, .F. ) ;
#3639 = DIRECTION ( 'NONE',  ( -1.000000000000000000, -3.304235192336773047E-16, 0.000000000000000000 ) ) ;
#3640 = CIRCLE ( 'NONE', #7697, 1.000000000000000888 ) ;
#3641 = VERTEX_POINT ( 'NONE', #11493 ) ;
#3642 = FACE_BOUND ( 'NONE', #6798, .T. ) ;
#3643 = LINE ( 'NONE', #938, #5446 ) ;
#3644 = ORIENTED_EDGE ( 'NONE', *, *, #408, .T. ) ;
#3645 = CARTESIAN_POINT ( 'NONE',  ( 33.35538882415871598, -83.70000000000001705, 7.505212078228091777 ) ) ;
#3646 = VERTEX_POINT ( 'NONE', #3198 ) ;
#3647 = EDGE_CURVE ( 'NONE', #3238, #11738, #10586, .T. ) ;
#3648 = VECTOR ( 'NONE', #1881, 1000.000000000000000 ) ;
#3649 = EDGE_CURVE ( 'NONE', #11292, #2877, #8263, .T. ) ;
#3650 = CARTESIAN_POINT ( 'NONE',  ( 50.00000000000001421, -66.00000000000000000, 0.000000000000000000 ) ) ;
#3651 = EDGE_CURVE ( 'NONE', #7981, #9138, #8089, .T. ) ;
#3652 = EDGE_LOOP ( 'NONE', ( #10357, #8105, #1671, #4835 ) ) ;
#3653 = ORIENTED_EDGE ( 'NONE', *, *, #6529, .T. ) ;
#3654 = CARTESIAN_POINT ( 'NONE',  ( 49.01800868932623700, -84.00000000000000000, 7.950763310478163426 ) ) ;
#3655 = AXIS2_PLACEMENT_3D ( 'NONE', #7116, #8813, #8084 ) ;
#3656 = LINE ( 'NONE', #6503, #620 ) ;
#3657 = ORIENTED_EDGE ( 'NONE', *, *, #3718, .F. ) ;
#3658 = VERTEX_POINT ( 'NONE', #3494 ) ;
#3659 = CARTESIAN_POINT ( 'NONE',  ( 53.00000000000000711, -26.00000000000000355, 1.999999999999998224 ) ) ;
#3660 = DIRECTION ( 'NONE',  ( 0.000000000000000000, 0.000000000000000000, -1.000000000000000000 ) ) ;
#3661 = DIRECTION ( 'NONE',  ( -0.000000000000000000, -1.000000000000000000, -0.000000000000000000 ) ) ;
#3662 = ORIENTED_EDGE ( 'NONE', *, *, #10094, .T. ) ;
#3663 = EDGE_CURVE ( 'NONE', #8175, #2596, #1751, .T. ) ;
#3664 = CARTESIAN_POINT ( 'NONE',  ( 28.13678254942243839, -83.99999999999998579, 7.922753137747394092 ) ) ;
#3665 = CARTESIAN_POINT ( 'NONE',  ( 47.58526015131454301, -83.70000000000001705, 4.409827637963545044 ) ) ;
#3666 = DIRECTION ( 'NONE',  ( 0.000000000000000000, -0.000000000000000000, -1.000000000000000000 ) ) ;
#3667 = ORIENTED_EDGE ( 'NONE', *, *, #5821, .T. ) ;
#3668 = DIRECTION ( 'NONE',  ( -1.000000000000000000, 0.000000000000000000, 0.000000000000000000 ) ) ;
#3669 = DIRECTION ( 'NONE',  ( -0.000000000000000000, -0.000000000000000000, -1.000000000000000000 ) ) ;
#3670 = EDGE_LOOP ( 'NONE', ( #2665, #10371 ) ) ;
#3671 = DIRECTION ( 'NONE',  ( -0.000000000000000000, -1.000000000000000000, -0.000000000000000000 ) ) ;
#3672 = CARTESIAN_POINT ( 'NONE',  ( 75.00100000000003320, -35.99999999999997158, 10.50000000000000533 ) ) ;
#3673 = FACE_OUTER_BOUND ( 'NONE', #740, .T. ) ;
#3674 = DIRECTION ( 'NONE',  ( 0.000000000000000000, -0.000000000000000000, -1.000000000000000000 ) ) ;
#3675 = PLANE ( 'NONE',  #8369 ) ;
#3676 = DIRECTION ( 'NONE',  ( -1.000000000000000000, 0.000000000000000000, 0.000000000000000000 ) ) ;
#3677 = ORIENTED_EDGE ( 'NONE', *, *, #10140, .F. ) ;
#3678 = EDGE_CURVE ( 'NONE', #7222, #9106, #3411, .T. ) ;
#3679 = VECTOR ( 'NONE', #11809, 1000.000000000000000 ) ;
#3680 = AXIS2_PLACEMENT_3D ( 'NONE', #10217, #2717, #8458 ) ;
#3681 = CARTESIAN_POINT ( 'NONE',  ( 2.000000000000027089, -84.00000000000000000, 27.00000000000000000 ) ) ;
#3682 = EDGE_LOOP ( 'NONE', ( #5726, #3412, #7374, #9752 ) ) ;
#3683 = CARTESIAN_POINT ( 'NONE',  ( 45.64081570687010014, -84.00000000000000000, 5.678833485916761070 ) ) ;
#3684 = FACE_OUTER_BOUND ( 'NONE', #7742, .T. ) ;
#3685 = CARTESIAN_POINT ( 'NONE',  ( 56.00000000000001421, -62.00000000000000711, 0.000000000000000000 ) ) ;
#3686 = VECTOR ( 'NONE', #4219, 1000.000000000000000 ) ;
#3687 = ADVANCED_FACE ( 'NONE', ( #10088 ), #6458, .T. ) ;
#3688 = DIRECTION ( 'NONE',  ( -1.000000000000000000, 0.000000000000000000, 0.000000000000000000 ) ) ;
#3689 = EDGE_LOOP ( 'NONE', ( #4881, #396, #11677, #5411 ) ) ;
#3690 = LINE ( 'NONE', #8118, #2786 ) ;
#3691 = ORIENTED_EDGE ( 'NONE', *, *, #6793, .F. ) ;
#3692 = CARTESIAN_POINT ( 'NONE',  ( 32.74817634852518466, -83.70000000000001705, 7.505212078228091777 ) ) ;
#3693 = AXIS2_PLACEMENT_3D ( 'NONE', #2872, #2759, #10135 ) ;
#3694 = AXIS2_PLACEMENT_3D ( 'NONE', #9901, #8931, #6157 ) ;
#3695 = CYLINDRICAL_SURFACE ( 'NONE', #1124, 1.000000000000000888 ) ;
#3696 = ORIENTED_EDGE ( 'NONE', *, *, #11723, .T. ) ;
#3697 = CARTESIAN_POINT ( 'NONE',  ( 28.72237443793679645, -83.70000000000000284, 6.436096349305517883 ) ) ;
#3698 = VECTOR ( 'NONE', #11258, 1000.000000000000000 ) ;
#3699 = CARTESIAN_POINT ( 'NONE',  ( 28.03581267677783728, -83.70000000000004547, 7.393558758944710263 ) ) ;
#3700 = VERTEX_POINT ( 'NONE', #5442 ) ;
#3701 = ADVANCED_FACE ( 'NONE', ( #5625 ), #11902, .F. ) ;
#3702 = EDGE_CURVE ( 'NONE', #5828, #11952, #4951, .T. ) ;
#3703 = CARTESIAN_POINT ( 'NONE',  ( 31.94462425842338504, -83.70000000000001705, 7.505212078228091777 ) ) ;
#3704 = DIRECTION ( 'NONE',  ( 0.000000000000000000, 0.000000000000000000, -1.000000000000000000 ) ) ;
#3705 = VERTEX_POINT ( 'NONE', #957 ) ;
#3706 = AXIS2_PLACEMENT_3D ( 'NONE', #7159, #1490, #2451 ) ;
#3707 = DIRECTION ( 'NONE',  ( -0.000000000000000000, -0.000000000000000000, -1.000000000000000000 ) ) ;
#3708 = EDGE_CURVE ( 'NONE', #5791, #3500, #782, .T. ) ;
#3709 = ORIENTED_EDGE ( 'NONE', *, *, #4839, .F. ) ;
#3710 = CIRCLE ( 'NONE', #7574, 1.000000000000000888 ) ;
#3711 = LINE ( 'NONE', #767, #6316 ) ;
#3712 = ORIENTED_EDGE ( 'NONE', *, *, #10094, .F. ) ;
#3713 = DIRECTION ( 'NONE',  ( -1.000000000000000000, 0.000000000000000000, 0.000000000000000000 ) ) ;
#3714 = CIRCLE ( 'NONE', #11836, 1.000000000000000888 ) ;
#3715 = EDGE_CURVE ( 'NONE', #1365, #6030, #10205, .T. ) ;
#3716 = DIRECTION ( 'NONE',  ( 1.000000000000000000, 0.000000000000000000, 0.000000000000000000 ) ) ;
#3717 = ORIENTED_EDGE ( 'NONE', *, *, #10362, .F. ) ;
#3718 = EDGE_CURVE ( 'NONE', #4870, #9972, #11964, .T. ) ;
#3719 = ADVANCED_FACE ( 'NONE', ( #4397 ), #5505, .F. ) ;
#3720 = ORIENTED_EDGE ( 'NONE', *, *, #496, .T. ) ;
#3721 = EDGE_CURVE ( 'NONE', #8360, #4605, #7357, .T. ) ;
#3722 = DIRECTION ( 'NONE',  ( 0.000000000000000000, -0.000000000000000000, -1.000000000000000000 ) ) ;
#3723 = ORIENTED_EDGE ( 'NONE', *, *, #4509, .T. ) ;
#3724 = CARTESIAN_POINT ( 'NONE',  ( 50.83964611622682384, -84.00000000000000000, 4.409827637963545044 ) ) ;
#3725 = ORIENTED_EDGE ( 'NONE', *, *, #3702, .F. ) ;
#3726 = CARTESIAN_POINT ( 'NONE',  ( 30.87212956031355304, -84.00000000000001421, 6.358356057392994032 ) ) ;
#3727 = CARTESIAN_POINT ( 'NONE',  ( 30.31869076015148678, -83.99999999999998579, 7.523741025232686397 ) ) ;
#3728 = AXIS2_PLACEMENT_3D ( 'NONE', #4291, #1345, #2251 ) ;
#3729 = ORIENTED_EDGE ( 'NONE', *, *, #11792, .T. ) ;
#3730 = CARTESIAN_POINT ( 'NONE',  ( 46.19344728581746296, -83.70000000000001705, 6.988775006384597255 ) ) ;
#3731 = ORIENTED_EDGE ( 'NONE', *, *, #2512, .T. ) ;
#3732 = CARTESIAN_POINT ( 'NONE',  ( 29.69177096023525309, -83.99999999999997158, 4.575547396790400789 ) ) ;
#3733 = EDGE_CURVE ( 'NONE', #1571, #250, #5939, .T. ) ;
#3734 = FACE_OUTER_BOUND ( 'NONE', #2264, .T. ) ;
#3735 = ORIENTED_EDGE ( 'NONE', *, *, #4988, .T. ) ;
#3736 = CARTESIAN_POINT ( 'NONE',  ( 31.00000000000000000, -1.200000000000000178, 25.00000000000000355 ) ) ;
#3737 = CARTESIAN_POINT ( 'NONE',  ( 46.97122506359524152, -83.70000000000001705, 4.368891965448924886 ) ) ;
#3738 = AXIS2_PLACEMENT_3D ( 'NONE', #11600, #7663, #9547 ) ;
#3739 = DIRECTION ( 'NONE',  ( 0.000000000000000000, 0.000000000000000000, -1.000000000000000000 ) ) ;
#3740 = CARTESIAN_POINT ( 'NONE',  ( 49.00000000000000000, -30.00000000000000000, 1.999999999999998224 ) ) ;
#3741 = DIRECTION ( 'NONE',  ( -1.000000000000000000, 0.000000000000000000, 0.000000000000000000 ) ) ;
#3742 = CARTESIAN_POINT ( 'NONE',  ( 28.23428805434972588, -83.70000000000000284, 6.972062786343224516 ) ) ;
#3743 = ORIENTED_EDGE ( 'NONE', *, *, #295, .F. ) ;
#3744 = DIRECTION ( 'NONE',  ( -1.000000000000000000, 0.000000000000000000, 0.000000000000000000 ) ) ;
#3745 = VECTOR ( 'NONE', #590, 1000.000000000000000 ) ;
#3746 = ORIENTED_EDGE ( 'NONE', *, *, #1279, .F. ) ;
#3747 = LINE ( 'NONE', #72, #827 ) ;
#3748 = CARTESIAN_POINT ( 'NONE',  ( 31.00000000000002132, -82.79999999999999716, 22.00000000000000711 ) ) ;
#3749 = LINE ( 'NONE', #9441, #7878 ) ;
#3750 = DIRECTION ( 'NONE',  ( -1.000000000000000000, 0.000000000000000000, 0.000000000000000000 ) ) ;
#3751 = VERTEX_POINT ( 'NONE', #841 ) ;
#3752 = CARTESIAN_POINT ( 'NONE',  ( 30.84834689229120031, -83.70000000000003126, 5.125722092857299295 ) ) ;
#3753 = ORIENTED_EDGE ( 'NONE', *, *, #7062, .T. ) ;
#3754 = CARTESIAN_POINT ( 'NONE',  ( 31.36957301966628009, -83.70000000000003126, 7.336103275224611586 ) ) ;
#3755 = AXIS2_PLACEMENT_3D ( 'NONE', #2178, #8393, #4887 ) ;
#3756 = ADVANCED_FACE ( 'NONE', ( #1932 ), #11069, .F. ) ;
#3757 = CARTESIAN_POINT ( 'NONE',  ( 54.00000000000001421, -50.00000000000000000, 1.999999999999998224 ) ) ;
#3758 = ORIENTED_EDGE ( 'NONE', *, *, #2787, .F. ) ;
#3759 = CARTESIAN_POINT ( 'NONE',  ( 50.00000000000001421, -54.00000000000000000, 27.00100000000000122 ) ) ;
#3760 = CARTESIAN_POINT ( 'NONE',  ( 30.75205944857311025, -84.00000000000000000, 5.769307077219306912 ) ) ;
#3761 = EDGE_LOOP ( 'NONE', ( #3900, #6473, #227, #6328 ) ) ;
#3762 = DIRECTION ( 'NONE',  ( -0.000000000000000000, -0.000000000000000000, -1.000000000000000000 ) ) ;
#3763 = DIRECTION ( 'NONE',  ( 1.000000000000000000, 0.000000000000000000, -0.000000000000000000 ) ) ;
#3764 = EDGE_LOOP ( 'NONE', ( #10262, #5227, #7557, #9551 ) ) ;
#3765 = DIRECTION ( 'NONE',  ( 3.304235192336776005E-16, -1.000000000000000000, 0.000000000000000000 ) ) ;
#3766 = VERTEX_POINT ( 'NONE', #8324 ) ;
#3767 = EDGE_CURVE ( 'NONE', #2528, #4946, #5358, .T. ) ;
#3768 = ADVANCED_FACE ( 'NONE', ( #11008 ), #3410, .T. ) ;
#3769 = CARTESIAN_POINT ( 'NONE',  ( 29.92361494501641417, -83.70000000000001705, 7.091306945024713038 ) ) ;
#3770 = ORIENTED_EDGE ( 'NONE', *, *, #3649, .T. ) ;
#3771 = DIRECTION ( 'NONE',  ( 0.9902565788380345291, -0.000000000000000000, 0.1392548313990991937 ) ) ;
#3772 = ORIENTED_EDGE ( 'NONE', *, *, #5296, .T. ) ;
#3773 = VECTOR ( 'NONE', #6073, 1000.000000000000000 ) ;
#3774 = CARTESIAN_POINT ( 'NONE',  ( 30.53385184869781810, -83.70000000000003126, 5.925185334711404295 ) ) ;
#3775 = ORIENTED_EDGE ( 'NONE', *, *, #11075, .T. ) ;
#3776 = ORIENTED_EDGE ( 'NONE', *, *, #7274, .F. ) ;
#3777 = DIRECTION ( 'NONE',  ( 0.000000000000000000, -0.000000000000000000, -1.000000000000000000 ) ) ;
#3778 = VERTEX_POINT ( 'NONE', #10388 ) ;
#3779 = DIRECTION ( 'NONE',  ( -1.000000000000000000, -0.000000000000000000, -0.000000000000000000 ) ) ;
#3780 = ORIENTED_EDGE ( 'NONE', *, *, #5601, .T. ) ;
#3781 = CARTESIAN_POINT ( 'NONE',  ( 28.83956948314953195, -83.99999999999997158, 7.076808622111232516 ) ) ;
#3782 = VECTOR ( 'NONE', #248, 1000.000000000000000 ) ;
#3783 = ADVANCED_FACE ( 'NONE', ( #4695 ), #3119, .F. ) ;
#3784 = CARTESIAN_POINT ( 'NONE',  ( 29.98612331719632351, -84.00000000000000000, 7.355535631575552458 ) ) ;
#3785 = ORIENTED_EDGE ( 'NONE', *, *, #5807, .F. ) ;
#3786 = DIRECTION ( 'NONE',  ( -1.000000000000000000, 0.000000000000000000, 0.000000000000000000 ) ) ;
#3787 = ADVANCED_FACE ( 'NONE', ( #1264 ), #3970, .F. ) ;
#3788 = ORIENTED_EDGE ( 'NONE', *, *, #10497, .F. ) ;
#3789 = DIRECTION ( 'NONE',  ( -0.000000000000000000, -0.000000000000000000, -1.000000000000000000 ) ) ;
#3790 = CARTESIAN_POINT ( 'NONE',  ( 53.00000000000000000, -10.00000000000000000, 27.00100000000000122 ) ) ;
#3791 = ORIENTED_EDGE ( 'NONE', *, *, #3929, .T. ) ;
#3792 = DIRECTION ( 'NONE',  ( 0.4759497966920483436, 0.000000000000000000, -0.8794724504092198414 ) ) ;
#3793 = VECTOR ( 'NONE', #4634, 1000.000000000000000 ) ;
#3794 = CYLINDRICAL_SURFACE ( 'NONE', #1196, 1.000000000000000888 ) ;
#3795 = LINE ( 'NONE', #2831, #5696 ) ;
#3796 = CARTESIAN_POINT ( 'NONE',  ( 75.00000000000000000, 0.000000000000000000, 1.999999999999998224 ) ) ;
#3797 = DIRECTION ( 'NONE',  ( 2.312964634635743450E-15, -0.000000000000000000, -1.000000000000000000 ) ) ;
#3798 = FACE_BOUND ( 'NONE', #2662, .T. ) ;
#3799 = ORIENTED_EDGE ( 'NONE', *, *, #3891, .T. ) ;
#3800 = CARTESIAN_POINT ( 'NONE',  ( 49.00000000000001421, -62.00000000000000711, 1.999999999999998224 ) ) ;
#3801 = ADVANCED_FACE ( 'NONE', ( #11181 ), #11243, .F. ) ;
#3802 = ADVANCED_FACE ( 'NONE', ( #6570 ), #8510, .F. ) ;
#3803 = CARTESIAN_POINT ( 'NONE',  ( 58.00000000000000000, -26.00000000000000355, 27.00100000000000122 ) ) ;
#3804 = EDGE_CURVE ( 'NONE', #8305, #11644, #6809, .T. ) ;
#3805 = VECTOR ( 'NONE', #4367, 1000.000000000000000 ) ;
#3806 = EDGE_CURVE ( 'NONE', #2694, #10396, #139, .T. ) ;
#3807 = EDGE_LOOP ( 'NONE', ( #7281, #11849, #8898, #5687, #10313, #5483, #8990, #11539 ) ) ;
#3808 = LINE ( 'NONE', #10226, #9524 ) ;
#3809 = VECTOR ( 'NONE', #1217, 1000.000000000000000 ) ;
#3810 = CARTESIAN_POINT ( 'NONE',  ( 71.00000000000000000, -4.000000000000000000, 3.999999999999998224 ) ) ;
#3811 = DIRECTION ( 'NONE',  ( 0.000000000000000000, 0.000000000000000000, -1.000000000000000000 ) ) ;
#3812 = CARTESIAN_POINT ( 'NONE',  ( 29.53694222365527011, -83.99999999999997158, 6.476313655444466022 ) ) ;
#3813 = VERTEX_POINT ( 'NONE', #4754 ) ;
#3814 = CARTESIAN_POINT ( 'NONE',  ( 48.79286249049582125, -83.70000000000001705, 7.132049860185766477 ) ) ;
#3815 = CARTESIAN_POINT ( 'NONE',  ( 27.21503794696573308, -84.00000000000000000, 4.451714135841259967 ) ) ;
#3816 = VECTOR ( 'NONE', #2915, 1000.000000000000000 ) ;
#3817 = ORIENTED_EDGE ( 'NONE', *, *, #3804, .F. ) ;
#3818 = AXIS2_PLACEMENT_3D ( 'NONE', #2084, #5719, #1112 ) ;
#3819 = CIRCLE ( 'NONE', #4984, 1.000000000000000888 ) ;
#3820 = DIRECTION ( 'NONE',  ( -1.000000000000000000, -3.304235192336776005E-16, -0.000000000000000000 ) ) ;
#3821 = EDGE_CURVE ( 'NONE', #3400, #1365, #2115, .T. ) ;
#3822 = DIRECTION ( 'NONE',  ( -1.000000000000000000, 0.000000000000000000, 0.000000000000000000 ) ) ;
#3823 = EDGE_LOOP ( 'NONE', ( #1775, #710, #8888, #3459 ) ) ;
#3824 = CARTESIAN_POINT ( 'NONE',  ( 75.00100000000003320, -29.99999999999997513, 13.50000000000000178 ) ) ;
#3825 = VECTOR ( 'NONE', #1486, 1000.000000000000000 ) ;
#3826 = FACE_OUTER_BOUND ( 'NONE', #6561, .T. ) ;
#3827 = FACE_OUTER_BOUND ( 'NONE', #5679, .T. ) ;
#3828 = VERTEX_POINT ( 'NONE', #5804 ) ;
#3829 = AXIS2_PLACEMENT_3D ( 'NONE', #9120, #7546, #11909 ) ;
#3830 = FACE_BOUND ( 'NONE', #7314, .T. ) ;
#3831 = DIRECTION ( 'NONE',  ( -0.000000000000000000, -0.000000000000000000, -1.000000000000000000 ) ) ;
#3832 = VERTEX_POINT ( 'NONE', #10512 ) ;
#3833 = DIRECTION ( 'NONE',  ( 0.000000000000000000, 0.000000000000000000, -1.000000000000000000 ) ) ;
#3834 = ORIENTED_EDGE ( 'NONE', *, *, #8684, .F. ) ;
#3835 = CIRCLE ( 'NONE', #8475, 1.000000000000000888 ) ;
#3836 = EDGE_CURVE ( 'NONE', #2607, #10415, #2829, .T. ) ;
#3837 = AXIS2_PLACEMENT_3D ( 'NONE', #566, #4247, #2211 ) ;
#3838 = CARTESIAN_POINT ( 'NONE',  ( 30.51158474662117825, -83.70000000000001705, 6.527206195761162455 ) ) ;
#3839 = VERTEX_POINT ( 'NONE', #8570 ) ;
#3840 = CARTESIAN_POINT ( 'NONE',  ( 30.48701502151793363, -84.00000000000002842, 4.898674919890882329 ) ) ;
#3841 = DIRECTION ( 'NONE',  ( 0.000000000000000000, -0.000000000000000000, -1.000000000000000000 ) ) ;
#3842 = ORIENTED_EDGE ( 'NONE', *, *, #6620, .F. ) ;
#3843 = ADVANCED_FACE ( 'NONE', ( #292 ), #10449, .F. ) ;
#3844 = ORIENTED_EDGE ( 'NONE', *, *, #9944, .T. ) ;
#3845 = CARTESIAN_POINT ( 'NONE',  ( 27.55995889130188559, -83.70000000000003126, 7.505212078228092665 ) ) ;
#3846 = EDGE_LOOP ( 'NONE', ( #4994, #11195 ) ) ;
#3847 = DIRECTION ( 'NONE',  ( -0.000000000000000000, -0.000000000000000000, -1.000000000000000000 ) ) ;
#3848 = EDGE_LOOP ( 'NONE', ( #11466, #9914 ) ) ;
#3849 = DIRECTION ( 'NONE',  ( 1.000000000000000000, 0.000000000000000000, 0.000000000000000000 ) ) ;
#3850 = DIRECTION ( 'NONE',  ( 0.000000000000000000, 0.000000000000000000, 1.000000000000000000 ) ) ;
#3851 = ORIENTED_EDGE ( 'NONE', *, *, #6168, .T. ) ;
#3852 = CIRCLE ( 'NONE', #9258, 1.000000000000000888 ) ;
#3853 = CYLINDRICAL_SURFACE ( 'NONE', #9218, 1.000000000000000888 ) ;
#3854 = DIRECTION ( 'NONE',  ( 0.000000000000000000, 0.000000000000000000, -1.000000000000000000 ) ) ;
#3855 = CARTESIAN_POINT ( 'NONE',  ( 29.78400455617700260, -83.99999999999995737, 4.524870499494690002 ) ) ;
#3856 = DIRECTION ( 'NONE',  ( 1.000000000000000000, -0.000000000000000000, 0.000000000000000000 ) ) ;
#3857 = EDGE_LOOP ( 'NONE', ( #10656, #6081, #3461, #5048 ) ) ;
#3858 = DIRECTION ( 'NONE',  ( -0.000000000000000000, -0.000000000000000000, -1.000000000000000000 ) ) ;
#3859 = DIRECTION ( 'NONE',  ( 1.000000000000000000, 0.000000000000000000, 0.000000000000000000 ) ) ;
#3860 = EDGE_CURVE ( 'NONE', #8484, #6558, #8389, .T. ) ;
#3861 = CARTESIAN_POINT ( 'NONE',  ( 41.99999999999999289, -82.00000000000000000, 1.999999999999998224 ) ) ;
#3862 = DIRECTION ( 'NONE',  ( -0.000000000000000000, -0.000000000000000000, -1.000000000000000000 ) ) ;
#3863 = AXIS2_PLACEMENT_3D ( 'NONE', #521, #5306, #1494 ) ;
#3864 = CYLINDRICAL_SURFACE ( 'NONE', #8342, 1.000000000000000888 ) ;
#3865 = DIRECTION ( 'NONE',  ( 0.000000000000000000, 0.000000000000000000, 1.000000000000000000 ) ) ;
#3866 = EDGE_LOOP ( 'NONE', ( #8442, #5678, #507, #6957 ) ) ;
#3867 = ADVANCED_FACE ( 'NONE', ( #10330 ), #5744, .F. ) ;
#3868 = CARTESIAN_POINT ( 'NONE',  ( 61.00000000000002132, -66.00000000000000000, 1.999999999999998224 ) ) ;
#3869 = CARTESIAN_POINT ( 'NONE',  ( 30.82432881051535745, -83.70000000000001705, 6.983204482974941563 ) ) ;
#3870 = ORIENTED_EDGE ( 'NONE', *, *, #7602, .T. ) ;
#3871 = FACE_OUTER_BOUND ( 'NONE', #7446, .T. ) ;
#3872 = DIRECTION ( 'NONE',  ( 1.000000000000000000, 0.000000000000000000, 0.000000000000000000 ) ) ;
#3873 = DIRECTION ( 'NONE',  ( 0.2776535470382515136, 0.000000000000000000, -0.9606812727523512674 ) ) ;
#3874 = AXIS2_PLACEMENT_3D ( 'NONE', #7570, #1291, #379 ) ;
#3875 = EDGE_CURVE ( 'NONE', #5097, #2948, #4327, .T. ) ;
#3876 = CARTESIAN_POINT ( 'NONE',  ( 71.00000000000002842, -82.00000000000000000, 1.999999999999998224 ) ) ;
#3877 = ORIENTED_EDGE ( 'NONE', *, *, #4459, .T. ) ;
#3878 = AXIS2_PLACEMENT_3D ( 'NONE', #743, #2554, #8050 ) ;
#3879 = DIRECTION ( 'NONE',  ( 0.2537126883649359343, 0.000000000000000000, 0.9672796243913323044 ) ) ;
#3880 = LINE ( 'NONE', #3815, #10779 ) ;
#3881 = ORIENTED_EDGE ( 'NONE', *, *, #5900, .F. ) ;
#3882 = EDGE_CURVE ( 'NONE', #8316, #6199, #8825, .T. ) ;
#3883 = EDGE_CURVE ( 'NONE', #9256, #5892, #1887, .T. ) ;
#3884 = DIRECTION ( 'NONE',  ( -0.000000000000000000, -0.000000000000000000, -1.000000000000000000 ) ) ;
#3885 = ORIENTED_EDGE ( 'NONE', *, *, #1419, .T. ) ;
#3886 = PLANE ( 'NONE',  #3818 ) ;
#3887 = CIRCLE ( 'NONE', #4470, 1.000000000000000888 ) ;
#3888 = AXIS2_PLACEMENT_3D ( 'NONE', #6410, #7483, #4 ) ;
#3889 = CARTESIAN_POINT ( 'NONE',  ( 30.46033927170178401, -83.70000000000003126, 7.515231389400771178 ) ) ;
#3890 = CARTESIAN_POINT ( 'NONE',  ( 27.98736302558678091, -83.99999999999994316, 7.424308682026691919 ) ) ;
#3891 = EDGE_CURVE ( 'NONE', #3383, #2014, #10572, .T. ) ;
#3892 = FACE_BOUND ( 'NONE', #3172, .T. ) ;
#3893 = DIRECTION ( 'NONE',  ( -1.000000000000000000, 0.000000000000000000, 0.000000000000000000 ) ) ;
#3894 = ORIENTED_EDGE ( 'NONE', *, *, #4129, .F. ) ;
#3895 = DIRECTION ( 'NONE',  ( 1.000000000000000000, 0.000000000000000000, 0.000000000000000000 ) ) ;
#3896 = VERTEX_POINT ( 'NONE', #3245 ) ;
#3897 = VECTOR ( 'NONE', #7961, 1000.000000000000000 ) ;
#3898 = VECTOR ( 'NONE', #4633, 1000.000000000000000 ) ;
#3899 = CARTESIAN_POINT ( 'NONE',  ( 30.14538667371182612, -83.70000000000003126, 6.699502257068314925 ) ) ;
#3900 = ORIENTED_EDGE ( 'NONE', *, *, #7409, .F. ) ;
#3901 = CARTESIAN_POINT ( 'NONE',  ( 61.00000000000000711, -34.00000000000000000, 0.000000000000000000 ) ) ;
#3902 = ORIENTED_EDGE ( 'NONE', *, *, #11642, .T. ) ;
#3903 = AXIS2_PLACEMENT_3D ( 'NONE', #6275, #3432, #1682 ) ;
#3904 = CARTESIAN_POINT ( 'NONE',  ( 50.00000000000000000, -14.00000000000000000, 1.999999999999998224 ) ) ;
#3905 = ORIENTED_EDGE ( 'NONE', *, *, #4592, .T. ) ;
#3906 = EDGE_LOOP ( 'NONE', ( #10508, #4965, #5151, #11852 ) ) ;
#3907 = VECTOR ( 'NONE', #1711, 1000.000000000000000 ) ;
#3908 = LINE ( 'NONE', #7594, #6563 ) ;
#3909 = CARTESIAN_POINT ( 'NONE',  ( 0.000000000000000000, 0.000000000000000000, 1.999999999999998224 ) ) ;
#3910 = ORIENTED_EDGE ( 'NONE', *, *, #3416, .T. ) ;
#3911 = CARTESIAN_POINT ( 'NONE',  ( 30.58429742814211139, -84.00000000000001421, 6.497327383436046766 ) ) ;
#3912 = CARTESIAN_POINT ( 'NONE',  ( 32.74817634852518466, -83.70000000000001705, 4.451714135841259967 ) ) ;
#3913 = DIRECTION ( 'NONE',  ( -1.000000000000000000, 0.000000000000000000, 0.000000000000000000 ) ) ;
#3914 = EDGE_CURVE ( 'NONE', #2521, #5463, #4970, .T. ) ;
#3915 = AXIS2_PLACEMENT_3D ( 'NONE', #10835, #6286, #11013 ) ;
#3916 = CARTESIAN_POINT ( 'NONE',  ( 3.000000000000012434, -49.00000000000000000, 25.00000000000000000 ) ) ;
#3917 = CARTESIAN_POINT ( 'NONE',  ( 29.98995287600827453, -83.99999999999995737, 4.451470728112676412 ) ) ;
#3918 = DIRECTION ( 'NONE',  ( -0.000000000000000000, -1.000000000000000000, -0.000000000000000000 ) ) ;
#3919 = ORIENTED_EDGE ( 'NONE', *, *, #10849, .T. ) ;
#3920 = CARTESIAN_POINT ( 'NONE',  ( 30.46033927170178401, -84.00000000000001421, 7.515231389400771178 ) ) ;
#3921 = DIRECTION ( 'NONE',  ( 0.000000000000000000, -0.000000000000000000, -1.000000000000000000 ) ) ;
#3922 = CARTESIAN_POINT ( 'NONE',  ( 65.00000000000001421, -58.00000000000000000, 1.999999999999998224 ) ) ;
#3923 = DIRECTION ( 'NONE',  ( -1.000000000000000000, 0.000000000000000000, 0.000000000000000000 ) ) ;
#3924 = DIRECTION ( 'NONE',  ( 0.000000000000000000, 0.000000000000000000, -1.000000000000000000 ) ) ;
#3925 = VERTEX_POINT ( 'NONE', #2288 ) ;
#3926 = VECTOR ( 'NONE', #3661, 1000.000000000000000 ) ;
#3927 = CARTESIAN_POINT ( 'NONE',  ( 29.43387137370705631, -83.99999999999995737, 7.520230170214722953 ) ) ;
#3928 = CARTESIAN_POINT ( 'NONE',  ( 30.82268360431898913, -83.70000000000001705, 6.942725615156834174 ) ) ;
#3929 = EDGE_CURVE ( 'NONE', #9941, #9706, #3308, .T. ) ;
#3930 = EDGE_CURVE ( 'NONE', #6735, #11052, #3028, .T. ) ;
#3931 = ORIENTED_EDGE ( 'NONE', *, *, #9061, .F. ) ;
#3932 = CARTESIAN_POINT ( 'NONE',  ( 61.00000000000001421, -58.00000000000000000, 0.000000000000000000 ) ) ;
#3933 = VECTOR ( 'NONE', #1943, 1000.000000000000000 ) ;
#3934 = CARTESIAN_POINT ( 'NONE',  ( 31.46881275801256095, -84.00000000000000000, 5.775656167481522552 ) ) ;
#3935 = FACE_OUTER_BOUND ( 'NONE', #5591, .T. ) ;
#3936 = CARTESIAN_POINT ( 'NONE',  ( 49.00000000000000000, -18.00000000000000355, 27.00100000000000122 ) ) ;
#3937 = ORIENTED_EDGE ( 'NONE', *, *, #9036, .F. ) ;
#3938 = DIRECTION ( 'NONE',  ( 1.000000000000000000, 0.000000000000000000, 0.000000000000000000 ) ) ;
#3939 = CARTESIAN_POINT ( 'NONE',  ( 46.39812564839056108, -84.00000000000000000, 7.909827637963544156 ) ) ;
#3940 = ORIENTED_EDGE ( 'NONE', *, *, #7691, .T. ) ;
#3941 = VECTOR ( 'NONE', #3101, 1000.000000000000000 ) ;
#3942 = DIRECTION ( 'NONE',  ( 0.000000000000000000, 0.000000000000000000, 1.000000000000000000 ) ) ;
#3943 = EDGE_CURVE ( 'NONE', #1397, #1532, #523, .T. ) ;
#3944 = VERTEX_POINT ( 'NONE', #5985 ) ;
#3945 = CARTESIAN_POINT ( 'NONE',  ( 62.00000000000001421, -54.00000000000000000, 27.00100000000000122 ) ) ;
#3946 = ADVANCED_FACE ( 'NONE', ( #6926 ), #10637, .T. ) ;
#3947 = EDGE_CURVE ( 'NONE', #9841, #1253, #1559, .T. ) ;
#3949 = VERTEX_POINT ( 'NONE', #8867 ) ;
#3948 = CARTESIAN_POINT ( 'NONE',  ( 27.21503794696573308, -83.70000000000001705, 5.938285502529586424 ) ) ;
#3950 = CARTESIAN_POINT ( 'NONE',  ( 28.22573136667521254, -83.70000000000001705, 7.073041621055264017 ) ) ;
#3951 = AXIS2_PLACEMENT_3D ( 'NONE', #3814, #7624, #3879 ) ;
#3952 = DIRECTION ( 'NONE',  ( -1.000000000000000000, 0.000000000000000000, 0.000000000000000000 ) ) ;
#3953 = DIRECTION ( 'NONE',  ( 0.000000000000000000, 0.000000000000000000, -1.000000000000000000 ) ) ;
#3954 = ORIENTED_EDGE ( 'NONE', *, *, #8588, .F. ) ;
#3955 = CARTESIAN_POINT ( 'NONE',  ( 56.00000000000000000, -14.00000000000000000, 1.999999999999998224 ) ) ;
#3956 = ORIENTED_EDGE ( 'NONE', *, *, #9559, .T. ) ;
#3957 = DIRECTION ( 'NONE',  ( -1.000000000000000000, 0.000000000000000000, 0.000000000000000000 ) ) ;
#3958 = EDGE_CURVE ( 'NONE', #1438, #10439, #6043, .T. ) ;
#3959 = ORIENTED_EDGE ( 'NONE', *, *, #10992, .T. ) ;
#3960 = CARTESIAN_POINT ( 'NONE',  ( 30.79831341905913433, -83.99999999999998579, 5.056413266584272037 ) ) ;
#3961 = EDGE_CURVE ( 'NONE', #146, #9565, #10696, .T. ) ;
#3962 = ORIENTED_EDGE ( 'NONE', *, *, #5986, .T. ) ;
#3963 = CARTESIAN_POINT ( 'NONE',  ( 66.00000000000000000, -38.00000000000000000, 27.00100000000000122 ) ) ;
#3964 = ORIENTED_EDGE ( 'NONE', *, *, #8985, .T. ) ;
#3965 = ORIENTED_EDGE ( 'NONE', *, *, #758, .F. ) ;
#3966 = CARTESIAN_POINT ( 'NONE',  ( 53.52093266593442422, -83.70000000000001705, 6.047254538548339831 ) ) ;
#3967 = DIRECTION ( 'NONE',  ( -0.000000000000000000, -0.000000000000000000, -1.000000000000000000 ) ) ;
#3968 = ORIENTED_EDGE ( 'NONE', *, *, #11607, .F. ) ;
#3969 = FACE_OUTER_BOUND ( 'NONE', #10842, .T. ) ;
#3970 = CYLINDRICAL_SURFACE ( 'NONE', #8434, 1.000000000000000888 ) ;
#3971 = DIRECTION ( 'NONE',  ( 1.000000000000000000, 0.000000000000000000, 0.000000000000000000 ) ) ;
#3972 = CARTESIAN_POINT ( 'NONE',  ( 60.00000000000001421, -62.00000000000000711, 27.00100000000000122 ) ) ;
#3973 = CARTESIAN_POINT ( 'NONE',  ( 30.30640618599600700, -83.70000000000000284, 4.412382608082013213 ) ) ;
#3974 = LINE ( 'NONE', #2060, #3313 ) ;
#3975 = ORIENTED_EDGE ( 'NONE', *, *, #6505, .F. ) ;
#3976 = CARTESIAN_POINT ( 'NONE',  ( 30.84883463402049131, -83.70000000000001705, 7.943424345131065323 ) ) ;
#3977 = LINE ( 'NONE', #10579, #6263 ) ;
#3978 = FACE_OUTER_BOUND ( 'NONE', #6308, .T. ) ;
#3979 = DIRECTION ( 'NONE',  ( 0.000000000000000000, 0.000000000000000000, 1.000000000000000000 ) ) ;
#3980 = PLANE ( 'NONE',  #8059 ) ;
#3981 = ORIENTED_EDGE ( 'NONE', *, *, #3247, .F. ) ;
#3982 = EDGE_CURVE ( 'NONE', #3474, #5114, #10279, .T. ) ;
#3983 = CARTESIAN_POINT ( 'NONE',  ( 66.00000000000001421, -50.00000000000000000, 0.000000000000000000 ) ) ;
#3984 = CARTESIAN_POINT ( 'NONE',  ( 30.60317714534475186, -83.70000000000003126, 7.461167184113430828 ) ) ;
#3985 = ORIENTED_EDGE ( 'NONE', *, *, #9585, .F. ) ;
#3986 = AXIS2_PLACEMENT_3D ( 'NONE', #10028, #7240, #55 ) ;
#3987 = CARTESIAN_POINT ( 'NONE',  ( 31.43313308446841958, -84.00000000000000000, 5.848649548079405847 ) ) ;
#3988 = CARTESIAN_POINT ( 'NONE',  ( 28.67957180904414827, -84.00000000000000000, 6.367733550351792005 ) ) ;
#3989 = CARTESIAN_POINT ( 'NONE',  ( 52.00000000000000711, -38.00000000000000000, 27.00100000000000122 ) ) ;
#3990 = ORIENTED_EDGE ( 'NONE', *, *, #1145, .F. ) ;
#3991 = DIRECTION ( 'NONE',  ( -0.000000000000000000, -0.000000000000000000, -1.000000000000000000 ) ) ;
#3992 = FACE_BOUND ( 'NONE', #5714, .T. ) ;
#3993 = ORIENTED_EDGE ( 'NONE', *, *, #11554, .F. ) ;
#3994 = EDGE_CURVE ( 'NONE', #1259, #11052, #2403, .T. ) ;
#3995 = AXIS2_PLACEMENT_3D ( 'NONE', #4883, #7656, #9478 ) ;
#3996 = DIRECTION ( 'NONE',  ( -0.000000000000000000, -0.000000000000000000, -1.000000000000000000 ) ) ;
#3997 = VERTEX_POINT ( 'NONE', #5184 ) ;
#3998 = CARTESIAN_POINT ( 'NONE',  ( 65.00000000000001421, -54.00000000000000000, 27.00100000000000122 ) ) ;
#3999 = DIRECTION ( 'NONE',  ( -0.000000000000000000, -0.000000000000000000, -1.000000000000000000 ) ) ;
#4000 = ORIENTED_EDGE ( 'NONE', *, *, #4375, .F. ) ;
#4001 = CARTESIAN_POINT ( 'NONE',  ( 1.189524669241239263E-14, -36.00000000000000000, 16.49999999999999645 ) ) ;
#4002 = AXIS2_PLACEMENT_3D ( 'NONE', #8371, #95, #2043 ) ;
#4004 = AXIS2_PLACEMENT_3D ( 'NONE', #8485, #206, #11278 ) ;
#4003 = LINE ( 'NONE', #1424, #9625 ) ;
#4005 = DIRECTION ( 'NONE',  ( 0.000000000000000000, -0.000000000000000000, -1.000000000000000000 ) ) ;
#4006 = ORIENTED_EDGE ( 'NONE', *, *, #22, .T. ) ;
#4007 = AXIS2_PLACEMENT_3D ( 'NONE', #9804, #9622, #10543 ) ;
#4008 = LINE ( 'NONE', #11338, #10919 ) ;
#4009 = ORIENTED_EDGE ( 'NONE', *, *, #335, .F. ) ;
#4010 = ADVANCED_FACE ( 'NONE', ( #4502 ), #1856, .F. ) ;
#4011 = APPLICATION_CONTEXT ( 'automotive_design' ) ;
#4012 = EDGE_CURVE ( 'NONE', #4190, #3925, #11775, .T. ) ;
#4013 = VECTOR ( 'NONE', #3263, 1000.000000000000000 ) ;
#4014 = CARTESIAN_POINT ( 'NONE',  ( 30.27672845341658459, -83.70000000000003126, 6.629571646069893021 ) ) ;
#4015 = EDGE_LOOP ( 'NONE', ( #2502, #9381 ) ) ;
#4016 = LINE ( 'NONE', #2448, #3825 ) ;
#4017 = VECTOR ( 'NONE', #10229, 1000.000000000000000 ) ;
#4018 = DIRECTION ( 'NONE',  ( 0.000000000000000000, 0.000000000000000000, 1.000000000000000000 ) ) ;
#4019 = ORIENTED_EDGE ( 'NONE', *, *, #6252, .T. ) ;
#4020 = EDGE_CURVE ( 'NONE', #9350, #8031, #6212, .T. ) ;
#4021 = AXIS2_PLACEMENT_3D ( 'NONE', #10808, #11465, #574 ) ;
#4022 = ORIENTED_EDGE ( 'NONE', *, *, #1951, .T. ) ;
#4023 = CARTESIAN_POINT ( 'NONE',  ( 31.00000000000000000, -2.000000000000000000, 25.00000000000000355 ) ) ;
#4024 = EDGE_CURVE ( 'NONE', #9330, #6796, #11346, .T. ) ;
#4025 = VECTOR ( 'NONE', #1029, 1000.000000000000000 ) ;
#4026 = DIRECTION ( 'NONE',  ( -1.000000000000000000, 0.000000000000000000, 0.000000000000000000 ) ) ;
#4027 = EDGE_CURVE ( 'NONE', #9467, #577, #9041, .T. ) ;
#4028 = CARTESIAN_POINT ( 'NONE',  ( 31.53071912522000630, -84.00000000000001421, 5.464492996573337535 ) ) ;
#4029 = DIRECTION ( 'NONE',  ( 0.000000000000000000, -0.000000000000000000, 1.000000000000000000 ) ) ;
#4030 = SPHERICAL_SURFACE ( 'NONE', #1907, 2.000000000000000000 ) ;
#4031 = CARTESIAN_POINT ( 'NONE',  ( 28.23438163650670063, -84.00000000000002842, 6.927280759600694005 ) ) ;
#4032 = LINE ( 'NONE', #10576, #10662 ) ;
#4033 = ORIENTED_EDGE ( 'NONE', *, *, #11418, .T. ) ;
#4034 = CARTESIAN_POINT ( 'NONE',  ( 47.58526015131454301, -84.00000000000000000, 4.409827637963545044 ) ) ;
#4035 = CARTESIAN_POINT ( 'NONE',  ( 27.00000000000003197, 0.001000000000001000089, 9.999999999999998224 ) ) ;
#4036 = EDGE_CURVE ( 'NONE', #8360, #11298, #3711, .T. ) ;
#4037 = CARTESIAN_POINT ( 'NONE',  ( 12.00000000000000000, -63.89813106228984907, 1.999999999999998224 ) ) ;
#4038 = CARTESIAN_POINT ( 'NONE',  ( 0.000000000000000000, 0.000000000000000000, 27.00000000000000000 ) ) ;
#4039 = EDGE_LOOP ( 'NONE', ( #7596, #2899 ) ) ;
#4040 = CARTESIAN_POINT ( 'NONE',  ( 29.78051666406289755, -83.99999999999998579, 7.870271875707739007 ) ) ;
#4041 = AXIS2_PLACEMENT_3D ( 'NONE', #8101, #11857, #4292 ) ;
#4042 = CARTESIAN_POINT ( 'NONE',  ( 30.77366059440503676, -84.00000000000000000, 7.274299741200700886 ) ) ;
#4043 = CARTESIAN_POINT ( 'NONE',  ( 30.34889109836274557, -83.70000000000001705, 7.524921846475871590 ) ) ;
#4044 = ORIENTED_EDGE ( 'NONE', *, *, #5788, .F. ) ;
#4045 = CARTESIAN_POINT ( 'NONE',  ( 31.21784492273404865, -83.99999999999998579, 4.701894686864033446 ) ) ;
#4046 = DIRECTION ( 'NONE',  ( -0.000000000000000000, -0.000000000000000000, -1.000000000000000000 ) ) ;
#4047 = ORIENTED_EDGE ( 'NONE', *, *, #2989, .T. ) ;
#4048 = CARTESIAN_POINT ( 'NONE',  ( 28.76030191709122263, -84.00000000000001421, 6.508511262990002599 ) ) ;
#4049 = AXIS2_PLACEMENT_3D ( 'NONE', #952, #4628, #6394 ) ;
#4050 = DIRECTION ( 'NONE',  ( 0.000000000000000000, 0.000000000000000000, -1.000000000000000000 ) ) ;
#4051 = CARTESIAN_POINT ( 'NONE',  ( 49.16128354312740356, -83.70000000000001705, 5.883511848489860085 ) ) ;
#4052 = ORIENTED_EDGE ( 'NONE', *, *, #9277, .F. ) ;
#4053 = LINE ( 'NONE', #6834, #2769 ) ;
#4054 = LINE ( 'NONE', #5948, #3041 ) ;
#4055 = ORIENTED_EDGE ( 'NONE', *, *, #11392, .F. ) ;
#4056 = CARTESIAN_POINT ( 'NONE',  ( 61.00000000000002132, -66.00000000000000000, 0.000000000000000000 ) ) ;
#4057 = EDGE_LOOP ( 'NONE', ( #7647, #8011 ) ) ;
#4058 = DIRECTION ( 'NONE',  ( 0.000000000000000000, -0.000000000000000000, -1.000000000000000000 ) ) ;
#4059 = EDGE_CURVE ( 'NONE', #10923, #9458, #8046, .T. ) ;
#4060 = DIRECTION ( 'NONE',  ( -0.000000000000000000, -0.000000000000000000, -1.000000000000000000 ) ) ;
#4061 = LINE ( 'NONE', #1297, #2647 ) ;
#4062 = AXIS2_PLACEMENT_3D ( 'NONE', #3311, #2519, #7896 ) ;
#4063 = LINE ( 'NONE', #7750, #9040 ) ;
#4064 = LINE ( 'NONE', #328, #2919 ) ;
#4065 = VERTEX_POINT ( 'NONE', #3591 ) ;
#4066 = DIRECTION ( 'NONE',  ( 0.000000000000000000, -0.000000000000000000, -1.000000000000000000 ) ) ;
#4067 = VERTEX_POINT ( 'NONE', #5307 ) ;
#4068 = VECTOR ( 'NONE', #2325, 1000.000000000000114 ) ;
#4069 = AXIS2_PLACEMENT_3D ( 'NONE', #2037, #2092, #5783 ) ;
#4070 = LINE ( 'NONE', #11463, #4378 ) ;
#4071 = EDGE_LOOP ( 'NONE', ( #11241, #7036, #7282, #6623 ) ) ;
#4072 = DIRECTION ( 'NONE',  ( -0.000000000000000000, -1.000000000000000000, -0.000000000000000000 ) ) ;
#4073 = EDGE_CURVE ( 'NONE', #1673, #8297, #7165, .T. ) ;
#4074 = EDGE_CURVE ( 'NONE', #8790, #3200, #9156, .T. ) ;
#4075 = ADVANCED_FACE ( 'NONE', ( #1623 ), #2753, .T. ) ;
#4076 = ORIENTED_EDGE ( 'NONE', *, *, #1311, .T. ) ;
#4077 = CARTESIAN_POINT ( 'NONE',  ( 49.16128354312740356, -84.00000000000000000, 5.883511848489860085 ) ) ;
#4078 = VERTEX_POINT ( 'NONE', #2575 ) ;
#4079 = VECTOR ( 'NONE', #8154, 1000.000000000000000 ) ;
#4080 = ORIENTED_EDGE ( 'NONE', *, *, #321, .T. ) ;
#4081 = CARTESIAN_POINT ( 'NONE',  ( 57.00000000000000000, -14.00000000000000000, 1.999999999999998224 ) ) ;
#4082 = CARTESIAN_POINT ( 'NONE',  ( 57.00000000000000711, -54.00000000000000000, 0.000000000000000000 ) ) ;
#4083 = FACE_OUTER_BOUND ( 'NONE', #10865, .T. ) ;
#4084 = CARTESIAN_POINT ( 'NONE',  ( 27.71698481977799489, -83.70000000000000284, 6.418080069432558155 ) ) ;
#4085 = CARTESIAN_POINT ( 'NONE',  ( 48.00000000000001421, -50.00000000000000000, 27.00100000000000122 ) ) ;
#4086 = CARTESIAN_POINT ( 'NONE',  ( 29.92361494501641417, -83.70000000000001705, 7.091306945024713038 ) ) ;
#4087 = EDGE_CURVE ( 'NONE', #8297, #10782, #8308, .T. ) ;
#4088 = EDGE_CURVE ( 'NONE', #4401, #3563, #10131, .T. ) ;
#4089 = AXIS2_PLACEMENT_3D ( 'NONE', #376, #5092, #8775 ) ;
#4090 = LINE ( 'NONE', #2122, #8137 ) ;
#4091 = ORIENTED_EDGE ( 'NONE', *, *, #113, .F. ) ;
#4092 = FACE_OUTER_BOUND ( 'NONE', #10595, .T. ) ;
#4093 = DIRECTION ( 'NONE',  ( 0.000000000000000000, -0.000000000000000000, -1.000000000000000000 ) ) ;
#4094 = CARTESIAN_POINT ( 'NONE',  ( 54.00000000000001421, -58.00000000000000000, 27.00100000000000122 ) ) ;
#4095 = CARTESIAN_POINT ( 'NONE',  ( 30.96768895929945131, -83.70000000000000284, 6.302374381796002289 ) ) ;
#4096 = ORIENTED_EDGE ( 'NONE', *, *, #4187, .F. ) ;
#4097 = LINE ( 'NONE', #2470, #5249 ) ;
#4098 = CARTESIAN_POINT ( 'NONE',  ( 30.82268360431898913, -83.70000000000001705, 6.942725615156834174 ) ) ;
#4099 = VECTOR ( 'NONE', #9221, 1000.000000000000000 ) ;
#4100 = LINE ( 'NONE', #1110, #10393 ) ;
#4101 = EDGE_CURVE ( 'NONE', #1018, #10505, #10874, .T. ) ;
#4102 = ORIENTED_EDGE ( 'NONE', *, *, #9717, .F. ) ;
#4103 = DIRECTION ( 'NONE',  ( 0.000000000000000000, -0.000000000000000000, -1.000000000000000000 ) ) ;
#4104 = DIRECTION ( 'NONE',  ( -1.000000000000000000, 0.000000000000000000, 0.000000000000000000 ) ) ;
#4105 = ORIENTED_EDGE ( 'NONE', *, *, #4375, .T. ) ;
#4106 = DIRECTION ( 'NONE',  ( -0.000000000000000000, -0.000000000000000000, -1.000000000000000000 ) ) ;
#4107 = AXIS2_PLACEMENT_3D ( 'NONE', #10532, #4103, #7731 ) ;
#4108 = CARTESIAN_POINT ( 'NONE',  ( 10.00000000000000000, -82.00000000000000000, 1.999999999999998224 ) ) ;
#4109 = CARTESIAN_POINT ( 'NONE',  ( 29.84325973600623527, -83.70000000000001705, 5.464492996573337535 ) ) ;
#4110 = ORIENTED_EDGE ( 'NONE', *, *, #7142, .F. ) ;
#4111 = DIRECTION ( 'NONE',  ( 0.000000000000000000, 0.000000000000000000, -1.000000000000000000 ) ) ;
#4112 = FILL_AREA_STYLE_COLOUR ( '', #9810 ) ;
#4113 = VERTEX_POINT ( 'NONE', #8984 ) ;
#4114 = CARTESIAN_POINT ( 'NONE',  ( 50.83964611622682384, -84.00000000000000000, 7.909827637963544156 ) ) ;
#4115 = AXIS2_PLACEMENT_3D ( 'NONE', #10940, #4453, #2468 ) ;
#4116 = VECTOR ( 'NONE', #6526, 1000.000000000000000 ) ;
#4117 = VERTEX_POINT ( 'NONE', #5489 ) ;
#4118 = CARTESIAN_POINT ( 'NONE',  ( 60.00000000000000711, -38.00000000000000000, 27.00100000000000122 ) ) ;
#4119 = FACE_OUTER_BOUND ( 'NONE', #285, .T. ) ;
#4120 = FACE_OUTER_BOUND ( 'NONE', #3589, .T. ) ;
#4121 = VERTEX_POINT ( 'NONE', #11950 ) ;
#4122 = CARTESIAN_POINT ( 'NONE',  ( 52.00000000000000000, -10.00000000000000000, 0.000000000000000000 ) ) ;
#4123 = DIRECTION ( 'NONE',  ( 1.000000000000000000, 0.000000000000000000, 0.000000000000000000 ) ) ;
#4124 = CARTESIAN_POINT ( 'NONE',  ( 50.00000000000000711, -38.00000000000000000, 27.00100000000000122 ) ) ;
#4125 = VERTEX_POINT ( 'NONE', #5545 ) ;
#4126 = DIRECTION ( 'NONE',  ( 0.000000000000000000, -0.000000000000000000, -1.000000000000000000 ) ) ;
#4127 = EDGE_LOOP ( 'NONE', ( #8799, #9217, #2321, #7506 ) ) ;
#4128 = CIRCLE ( 'NONE', #850, 1.000000000000000888 ) ;
#4129 = EDGE_CURVE ( 'NONE', #9784, #9832, #6270, .T. ) ;
#4130 = DIRECTION ( 'NONE',  ( -0.000000000000000000, -1.000000000000000000, -0.000000000000000000 ) ) ;
#4131 = ORIENTED_EDGE ( 'NONE', *, *, #5550, .T. ) ;
#4132 = DIRECTION ( 'NONE',  ( 0.000000000000000000, 0.000000000000000000, -1.000000000000000000 ) ) ;
#4133 = AXIS2_PLACEMENT_3D ( 'NONE', #6908, #4126, #4184 ) ;
#4134 = ORIENTED_EDGE ( 'NONE', *, *, #1278, .F. ) ;
#4135 = DIRECTION ( 'NONE',  ( -0.000000000000000000, -0.000000000000000000, -1.000000000000000000 ) ) ;
#4136 = ORIENTED_EDGE ( 'NONE', *, *, #2629, .T. ) ;
#4137 = ORIENTED_EDGE ( 'NONE', *, *, #8015, .F. ) ;
#4138 = VERTEX_POINT ( 'NONE', #3650 ) ;
#4139 = CARTESIAN_POINT ( 'NONE',  ( 53.00000000000002132, -66.00000000000000000, 0.000000000000000000 ) ) ;
#4140 = CYLINDRICAL_SURFACE ( 'NONE', #9724, 1.000000000000000888 ) ;
#4141 = ADVANCED_FACE ( 'NONE', ( #7226 ), #10932, .F. ) ;
#4142 = ADVANCED_FACE ( 'NONE', ( #882 ), #9099, .F. ) ;
#4143 = CARTESIAN_POINT ( 'NONE',  ( 27.21503794696573308, -83.70000000000001705, 7.505212078228091777 ) ) ;
#4144 = CARTESIAN_POINT ( 'NONE',  ( 28.23438163650670063, -83.70000000000003126, 6.927280759600694005 ) ) ;
#4145 = CARTESIAN_POINT ( 'NONE',  ( 57.00000000000000711, -42.00000000000000000, 1.999999999999998224 ) ) ;
#4146 = AXIS2_PLACEMENT_3D ( 'NONE', #4463, #899, #787 ) ;
#4147 = CARTESIAN_POINT ( 'NONE',  ( 73.80000000000001137, -34.99999999999999289, 21.99999999999999645 ) ) ;
#4148 =( LENGTH_UNIT ( ) NAMED_UNIT ( * ) SI_UNIT ( .MILLI., .METRE. ) );
#4149 = DIRECTION ( 'NONE',  ( -1.000000000000000000, 0.000000000000000000, 0.000000000000000000 ) ) ;
#4150 = ORIENTED_EDGE ( 'NONE', *, *, #801, .T. ) ;
#4151 = DIRECTION ( 'NONE',  ( -0.000000000000000000, -0.000000000000000000, -1.000000000000000000 ) ) ;
#4152 = PLANE ( 'NONE',  #8681 ) ;
#4153 = CARTESIAN_POINT ( 'NONE',  ( 54.00000000000002132, -66.00000000000000000, 27.00100000000000122 ) ) ;
#4154 = CARTESIAN_POINT ( 'NONE',  ( 31.53006338478749626, -83.69999999999998863, 5.491326579858799128 ) ) ;
#4155 = VERTEX_POINT ( 'NONE', #6560 ) ;
#4156 = EDGE_CURVE ( 'NONE', #9466, #192, #8613, .T. ) ;
#4157 = FACE_OUTER_BOUND ( 'NONE', #659, .T. ) ;
#4158 = EDGE_CURVE ( 'NONE', #7987, #7586, #2840, .T. ) ;
#4159 = CARTESIAN_POINT ( 'NONE',  ( 2.000000000000027089, -82.00000000000000000, 2.000000000000000000 ) ) ;
#4160 = CARTESIAN_POINT ( 'NONE',  ( 44.92444143786424604, -84.00000000000000000, 7.909827637963544156 ) ) ;
#4161 = ORIENTED_EDGE ( 'NONE', *, *, #5309, .F. ) ;
#4162 = DIRECTION ( 'NONE',  ( 0.000000000000000000, 0.000000000000000000, -1.000000000000000000 ) ) ;
#4163 = DIRECTION ( 'NONE',  ( -0.000000000000000000, -0.000000000000000000, -1.000000000000000000 ) ) ;
#4164 = VERTEX_POINT ( 'NONE', #2158 ) ;
#4165 = CARTESIAN_POINT ( 'NONE',  ( 61.00000000000001421, -50.00000000000000000, 27.00100000000000122 ) ) ;
#4166 = DIRECTION ( 'NONE',  ( -1.000000000000000000, 0.000000000000000000, 0.000000000000000000 ) ) ;
#4167 = CARTESIAN_POINT ( 'NONE',  ( 47.42151746125605882, -84.00000000000000000, 7.909827637963544156 ) ) ;
#4168 = ORIENTED_EDGE ( 'NONE', *, *, #8348, .F. ) ;
#4169 = DIRECTION ( 'NONE',  ( 0.000000000000000000, 0.000000000000000000, -1.000000000000000000 ) ) ;
#4170 = ORIENTED_EDGE ( 'NONE', *, *, #1604, .T. ) ;
#4171 = EDGE_CURVE ( 'NONE', #4946, #2528, #9993, .T. ) ;
#4172 = ADVANCED_FACE ( 'NONE', ( #2809 ), #11290, .F. ) ;
#4173 = DIRECTION ( 'NONE',  ( 0.000000000000000000, -1.000000000000000000, 0.000000000000000000 ) ) ;
#4174 = ORIENTED_EDGE ( 'NONE', *, *, #2318, .F. ) ;
#4175 = DIRECTION ( 'NONE',  ( 0.000000000000000000, -0.000000000000000000, -1.000000000000000000 ) ) ;
#4176 = CARTESIAN_POINT ( 'NONE',  ( 28.76325438941809054, -84.00000000000001421, 7.410961148397344544 ) ) ;
#4177 = AXIS2_PLACEMENT_3D ( 'NONE', #5773, #9382, #8716 ) ;
#4178 = CARTESIAN_POINT ( 'NONE',  ( 26.60782547133220532, -84.00000000000000000, 7.983552992241519597 ) ) ;
#4179 = VERTEX_POINT ( 'NONE', #154 ) ;
#4180 = CARTESIAN_POINT ( 'NONE',  ( 28.05797587940753601, -84.00000000000000000, 6.523591852921722278 ) ) ;
#4181 = CARTESIAN_POINT ( 'NONE',  ( 54.00000000000001421, -46.00000000000000711, 1.999999999999998224 ) ) ;
#4182 = CARTESIAN_POINT ( 'NONE',  ( 29.40198086427448487, -83.99999999999997158, 6.663650993257203226 ) ) ;
#4183 = ORIENTED_EDGE ( 'NONE', *, *, #10693, .F. ) ;
#4184 = DIRECTION ( 'NONE',  ( 1.000000000000000000, 0.000000000000000000, 0.000000000000000000 ) ) ;
#4185 = AXIS2_PLACEMENT_3D ( 'NONE', #7285, #3479, #6385 ) ;
#4186 = ORIENTED_EDGE ( 'NONE', *, *, #4664, .F. ) ;
#4187 = EDGE_CURVE ( 'NONE', #11644, #11649, #6621, .T. ) ;
#4188 = ORIENTED_EDGE ( 'NONE', *, *, #10379, .T. ) ;
#4189 = CARTESIAN_POINT ( 'NONE',  ( 10.00000000000000000, 0.000000000000000000, 15.00000000000000178 ) ) ;
#4190 = VERTEX_POINT ( 'NONE', #6498 ) ;
#4191 = CARTESIAN_POINT ( 'NONE',  ( 12.00000000000000000, -2.000000000000001776, 15.00000000000000178 ) ) ;
#4192 = CIRCLE ( 'NONE', #1310, 2.000000000000000000 ) ;
#4193 = AXIS2_PLACEMENT_3D ( 'NONE', #9514, #11332, #5836 ) ;
#4194 = VECTOR ( 'NONE', #3590, 1000.000000000000000 ) ;
#4195 = FACE_OUTER_BOUND ( 'NONE', #6302, .T. ) ;
#4196 = CARTESIAN_POINT ( 'NONE',  ( 12.00000000000000000, -82.00000000000000000, 1.999999999999998224 ) ) ;
#4197 = EDGE_LOOP ( 'NONE', ( #6357, #11745, #10827, #7905 ) ) ;
#4198 = EDGE_LOOP ( 'NONE', ( #2706, #5699, #10240, #11547 ) ) ;
#4199 = DIRECTION ( 'NONE',  ( -0.9668378221687656815, 0.000000000000000000, 0.2553911228370287501 ) ) ;
#4200 = ADVANCED_FACE ( 'NONE', ( #2098 ), #2539, .T. ) ;
#4201 = CIRCLE ( 'NONE', #5770, 1.000000000000000888 ) ;
#4202 = CARTESIAN_POINT ( 'NONE',  ( 31.53071912522000630, -83.70000000000001705, 5.464492996573337535 ) ) ;
#4203 = VECTOR ( 'NONE', #5278, 1000.000000000000114 ) ;
#4204 = AXIS2_PLACEMENT_3D ( 'NONE', #10291, #5527, #9188 ) ;
#4205 = DIRECTION ( 'NONE',  ( -0.000000000000000000, -1.000000000000000000, -0.000000000000000000 ) ) ;
#4206 = CARTESIAN_POINT ( 'NONE',  ( 29.34625358414896823, -83.70000000000001705, 6.802477558687402670 ) ) ;
#4207 = CARTESIAN_POINT ( 'NONE',  ( 48.36303792909231447, -83.70000000000001705, 5.494622959600970802 ) ) ;
#4208 = DIRECTION ( 'NONE',  ( 1.000000000000000000, 0.000000000000000000, 0.000000000000000000 ) ) ;
#4209 = CIRCLE ( 'NONE', #1917, 1.000000000000000888 ) ;
#4210 = EDGE_CURVE ( 'NONE', #4443, #3252, #6709, .T. ) ;
#4211 = CARTESIAN_POINT ( 'NONE',  ( 31.29148747504773809, -83.69999999999998863, 4.777420350234442559 ) ) ;
#4212 = ORIENTED_EDGE ( 'NONE', *, *, #5935, .F. ) ;
#4213 = AXIS2_PLACEMENT_3D ( 'NONE', #9299, #2716, #3792 ) ;
#4214 = CARTESIAN_POINT ( 'NONE',  ( 58.00000000000001421, -62.00000000000000711, 0.000000000000000000 ) ) ;
#4215 = CARTESIAN_POINT ( 'NONE',  ( 28.94267494068459712, -83.70000000000001705, 4.451714135841259967 ) ) ;
#4216 = CARTESIAN_POINT ( 'NONE',  ( 62.00000000000000711, -30.00000000000000000, 1.999999999999998224 ) ) ;
#4217 = LINE ( 'NONE', #11373, #2094 ) ;
#4218 = EDGE_LOOP ( 'NONE', ( #3638, #4174, #9620, #3409 ) ) ;
#4219 = DIRECTION ( 'NONE',  ( -0.000000000000000000, -1.000000000000000000, -0.000000000000000000 ) ) ;
#4220 = CIRCLE ( 'NONE', #6921, 1.000000000000000888 ) ;
#4221 = CARTESIAN_POINT ( 'NONE',  ( 30.34889109836274557, -83.99999999999997158, 7.524921846475871590 ) ) ;
#4222 = DIRECTION ( 'NONE',  ( 1.000000000000000000, 0.000000000000000000, 0.000000000000000000 ) ) ;
#4223 = ORIENTED_EDGE ( 'NONE', *, *, #5335, .T. ) ;
#4224 = CARTESIAN_POINT ( 'NONE',  ( 55.13789173026190582, -83.70000000000001705, 4.409827637963545044 ) ) ;
#4225 = ADVANCED_FACE ( 'NONE', ( #5612 ), #4681, .T. ) ;
#4226 = CARTESIAN_POINT ( 'NONE',  ( 52.00000000000001421, -50.00000000000000000, 27.00100000000000122 ) ) ;
#4227 = ORIENTED_EDGE ( 'NONE', *, *, #6052, .F. ) ;
#4228 = DIRECTION ( 'NONE',  ( 0.000000000000000000, 0.000000000000000000, 1.000000000000000000 ) ) ;
#4229 = EDGE_CURVE ( 'NONE', #5421, #11489, #5730, .T. ) ;
#4230 = CARTESIAN_POINT ( 'NONE',  ( 53.00000000000002132, -62.00000000000000711, 0.000000000000000000 ) ) ;
#4231 = PLANE ( 'NONE',  #6924 ) ;
#4232 = ORIENTED_EDGE ( 'NONE', *, *, #1612, .F. ) ;
#4233 = CIRCLE ( 'NONE', #4811, 2.999999999999995559 ) ;
#4234 = CARTESIAN_POINT ( 'NONE',  ( 54.00000000000001421, -46.00000000000000711, 0.000000000000000000 ) ) ;
#4235 = LINE ( 'NONE', #5093, #1508 ) ;
#4236 = EDGE_LOOP ( 'NONE', ( #7951, #610, #1025, #10703 ) ) ;
#4237 = VERTEX_POINT ( 'NONE', #8496 ) ;
#4238 = CARTESIAN_POINT ( 'NONE',  ( 31.94462425842338504, -83.70000000000001705, 7.505212078228091777 ) ) ;
#4239 = ORIENTED_EDGE ( 'NONE', *, *, #788, .T. ) ;
#4240 = CARTESIAN_POINT ( 'NONE',  ( 65.00000000000000000, -22.00000000000000000, 27.00100000000000122 ) ) ;
#4241 = AXIS2_PLACEMENT_3D ( 'NONE', #9905, #776, #10824 ) ;
#4242 = EDGE_CURVE ( 'NONE', #8058, #2392, #3434, .T. ) ;
#4243 = CARTESIAN_POINT ( 'NONE',  ( 28.22573136667521254, -84.00000000000000000, 7.073041621055264017 ) ) ;
#4244 = DIRECTION ( 'NONE',  ( 1.000000000000000000, 0.000000000000000000, 0.000000000000000000 ) ) ;
#4245 = ADVANCED_FACE ( 'NONE', ( #3106 ), #4252, .F. ) ;
#4246 = ADVANCED_FACE ( 'NONE', ( #8733 ), #3229, .F. ) ;
#4247 = DIRECTION ( 'NONE',  ( 0.9668378221687641272, -0.000000000000000000, 0.2553911228370345232 ) ) ;
#4248 = EDGE_LOOP ( 'NONE', ( #9094, #3157, #380, #544 ) ) ;
#4249 = FACE_OUTER_BOUND ( 'NONE', #10987, .T. ) ;
#4250 = ORIENTED_EDGE ( 'NONE', *, *, #7491, .T. ) ;
#4251 = ORIENTED_EDGE ( 'NONE', *, *, #8014, .T. ) ;
#4252 = CYLINDRICAL_SURFACE ( 'NONE', #8245, 1.000000000000000888 ) ;
#4253 = EDGE_CURVE ( 'NONE', #5892, #4747, #6912, .T. ) ;
#4254 = ORIENTED_EDGE ( 'NONE', *, *, #6823, .T. ) ;
#4255 = CARTESIAN_POINT ( 'NONE',  ( 10.00000000000000000, 0.000000000000000000, 27.00000000000000000 ) ) ;
#4256 = CIRCLE ( 'NONE', #7157, 1.000000000000000888 ) ;
#4257 = EDGE_CURVE ( 'NONE', #5114, #5850, #8856, .T. ) ;
#4258 = CARTESIAN_POINT ( 'NONE',  ( 30.82432881051535745, -84.00000000000000000, 6.983204482974941563 ) ) ;
#4259 = CARTESIAN_POINT ( 'NONE',  ( 50.00000000000000000, -30.00000000000000000, 0.000000000000000000 ) ) ;
#4260 = ORIENTED_EDGE ( 'NONE', *, *, #9163, .F. ) ;
#4261 = VERTEX_POINT ( 'NONE', #633 ) ;
#4262 = VERTEX_POINT ( 'NONE', #4189 ) ;
#4263 = CARTESIAN_POINT ( 'NONE',  ( 61.00000000000000000, -18.00000000000000355, 27.00100000000000122 ) ) ;
#4264 = VECTOR ( 'NONE', #10425, 1000.000000000000000 ) ;
#4265 = CIRCLE ( 'NONE', #37, 1.000000000000000888 ) ;
#4266 = CARTESIAN_POINT ( 'NONE',  ( 27.68049170481715038, -83.70000000000001705, 6.416626416543015132 ) ) ;
#4267 = DIRECTION ( 'NONE',  ( 0.000000000000000000, 0.000000000000000000, -1.000000000000000000 ) ) ;
#4268 = CYLINDRICAL_SURFACE ( 'NONE', #3694, 1.000000000000000888 ) ;
#4269 = CARTESIAN_POINT ( 'NONE',  ( 65.00000000000000000, -26.00000000000000355, 0.000000000000000000 ) ) ;
#4270 = AXIS2_PLACEMENT_3D ( 'NONE', #4580, #8270, #11907 ) ;
#4271 = AXIS2_PLACEMENT_3D ( 'NONE', #6042, #347, #7827 ) ;
#4272 = CARTESIAN_POINT ( 'NONE',  ( 31.48890751336434235, -83.70000000000003126, 5.138242760658766173 ) ) ;
#4273 = ORIENTED_EDGE ( 'NONE', *, *, #871, .F. ) ;
#4274 = DIRECTION ( 'NONE',  ( -0.000000000000000000, -0.000000000000000000, -1.000000000000000000 ) ) ;
#4275 = CARTESIAN_POINT ( 'NONE',  ( 54.00000000000002132, -62.00000000000000711, 27.00100000000000122 ) ) ;
#4276 = DIRECTION ( 'NONE',  ( 0.000000000000000000, 0.000000000000000000, -1.000000000000000000 ) ) ;
#4277 = CARTESIAN_POINT ( 'NONE',  ( 30.60736545036718326, -83.70000000000003126, 4.926833505019033943 ) ) ;
#4278 = ORIENTED_EDGE ( 'NONE', *, *, #4257, .F. ) ;
#4279 = LINE ( 'NONE', #4339, #2739 ) ;
#4280 = VECTOR ( 'NONE', #2812, 1000.000000000000000 ) ;
#4281 = AXIS2_PLACEMENT_3D ( 'NONE', #11631, #11453, #4977 ) ;
#4282 = EDGE_CURVE ( 'NONE', #734, #616, #4192, .T. ) ;
#4283 = CARTESIAN_POINT ( 'NONE',  ( 65.00000000000001421, -58.00000000000000000, 0.000000000000000000 ) ) ;
#4284 = DIRECTION ( 'NONE',  ( -1.000000000000000000, 0.000000000000000000, 0.000000000000000000 ) ) ;
#4285 = ORIENTED_EDGE ( 'NONE', *, *, #3961, .F. ) ;
#4286 = CARTESIAN_POINT ( 'NONE',  ( 45.00000000000002842, -82.00000000000000000, 22.00000000000000355 ) ) ;
#4287 = DIRECTION ( 'NONE',  ( 0.000000000000000000, 0.000000000000000000, -1.000000000000000000 ) ) ;
#4288 = ORIENTED_EDGE ( 'NONE', *, *, #10850, .T. ) ;
#4289 = CARTESIAN_POINT ( 'NONE',  ( 57.00000000000000711, -50.00000000000000000, 1.999999999999998224 ) ) ;
#4290 = CIRCLE ( 'NONE', #2183, 1.000000000000000888 ) ;
#4291 = CARTESIAN_POINT ( 'NONE',  ( 61.00000000000001421, -42.00000000000000000, 0.000000000000000000 ) ) ;
#4292 = DIRECTION ( 'NONE',  ( -1.000000000000000000, 0.000000000000000000, 0.000000000000000000 ) ) ;
#4293 = ORIENTED_EDGE ( 'NONE', *, *, #5084, .T. ) ;
#4294 = CARTESIAN_POINT ( 'NONE',  ( 71.00000000000000000, -2.000000000000000000, 27.00000000000000000 ) ) ;
#4295 = FACE_BOUND ( 'NONE', #6267, .T. ) ;
#4296 = VERTEX_POINT ( 'NONE', #1484 ) ;
#4297 = AXIS2_PLACEMENT_3D ( 'NONE', #9870, #1596, #2438 ) ;
#4298 = EDGE_LOOP ( 'NONE', ( #3433, #9545 ) ) ;
#4299 = EDGE_CURVE ( 'NONE', #11331, #6177, #5910, .T. ) ;
#4300 = EDGE_CURVE ( 'NONE', #6558, #7399, #10624, .T. ) ;
#4301 = DIRECTION ( 'NONE',  ( 2.312964634635743450E-15, -0.000000000000000000, 1.000000000000000000 ) ) ;
#4302 = ORIENTED_EDGE ( 'NONE', *, *, #11707, .T. ) ;
#4303 = CARTESIAN_POINT ( 'NONE',  ( 53.52093266593442422, -83.70000000000001705, 7.520938749074655760 ) ) ;
#4304 = VECTOR ( 'NONE', #3514, 1000.000000000000000 ) ;
#4305 = CARTESIAN_POINT ( 'NONE',  ( 71.00000000000000000, -2.000000000000000000, 27.00000000000000000 ) ) ;
#4306 = VERTEX_POINT ( 'NONE', #7698 ) ;
#4307 = CARTESIAN_POINT ( 'NONE',  ( 64.00000000000001421, -54.00000000000000000, 0.000000000000000000 ) ) ;
#4308 = DIRECTION ( 'NONE',  ( -1.000000000000000000, 0.000000000000000000, 0.000000000000000000 ) ) ;
#4309 = ORIENTED_EDGE ( 'NONE', *, *, #6117, .T. ) ;
#4310 = FACE_OUTER_BOUND ( 'NONE', #10303, .T. ) ;
#4311 = VERTEX_POINT ( 'NONE', #7028 ) ;
#4312 = AXIS2_PLACEMENT_3D ( 'NONE', #9007, #3456, #2720 ) ;
#4313 = ORIENTED_EDGE ( 'NONE', *, *, #2591, .F. ) ;
#4314 = ADVANCED_FACE ( 'NONE', ( #6029 ), #2391, .F. ) ;
#4315 = LINE ( 'NONE', #1783, #10578 ) ;
#4316 = EDGE_CURVE ( 'NONE', #282, #7333, #6970, .T. ) ;
#4317 = ORIENTED_EDGE ( 'NONE', *, *, #9559, .F. ) ;
#4318 = CARTESIAN_POINT ( 'NONE',  ( 27.00000000000003197, 0.001000000000001000089, 16.19999999999999929 ) ) ;
#4319 = ORIENTED_EDGE ( 'NONE', *, *, #9831, .T. ) ;
#4320 = CIRCLE ( 'NONE', #3738, 1.000000000000000888 ) ;
#4321 = FACE_OUTER_BOUND ( 'NONE', #8260, .T. ) ;
#4322 = DIRECTION ( 'NONE',  ( -1.000000000000000000, 0.000000000000000000, 0.000000000000000000 ) ) ;
#4323 = ORIENTED_EDGE ( 'NONE', *, *, #2155, .T. ) ;
#4324 = EDGE_LOOP ( 'NONE', ( #8448, #2180 ) ) ;
#4325 = DIRECTION ( 'NONE',  ( 0.000000000000000000, 0.000000000000000000, -1.000000000000000000 ) ) ;
#4326 = EDGE_CURVE ( 'NONE', #9941, #10253, #11402, .T. ) ;
#4327 = LINE ( 'NONE', #3370, #7460 ) ;
#4328 = EDGE_CURVE ( 'NONE', #2873, #4155, #8057, .T. ) ;
#4329 = VECTOR ( 'NONE', #6673, 1000.000000000000000 ) ;
#4330 = VERTEX_POINT ( 'NONE', #9646 ) ;
#4331 = LINE ( 'NONE', #1625, #5777 ) ;
#4332 = FACE_OUTER_BOUND ( 'NONE', #11832, .T. ) ;
#4333 = LINE ( 'NONE', #3315, #3897 ) ;
#4334 = EDGE_LOOP ( 'NONE', ( #1469, #3902 ) ) ;
#4335 = LINE ( 'NONE', #8023, #9068 ) ;
#4336 = CARTESIAN_POINT ( 'NONE',  ( 65.00000000000000000, -10.00000000000000000, 1.999999999999998224 ) ) ;
#4337 = CARTESIAN_POINT ( 'NONE',  ( 28.84260996342663930, -84.00000000000000000, 6.951064363261663992 ) ) ;
#4338 = ORIENTED_EDGE ( 'NONE', *, *, #9336, .F. ) ;
#4339 = CARTESIAN_POINT ( 'NONE',  ( 73.00000000000000000, -2.000000000000000000, 27.00000000000000000 ) ) ;
#4340 = DIRECTION ( 'NONE',  ( 0.000000000000000000, 0.000000000000000000, -1.000000000000000000 ) ) ;
#4341 = DIRECTION ( 'NONE',  ( -1.000000000000000000, 0.000000000000000000, 0.000000000000000000 ) ) ;
#4342 = VERTEX_POINT ( 'NONE', #572 ) ;
#4343 = LINE ( 'NONE', #11734, #2421 ) ;
#4344 = DIRECTION ( 'NONE',  ( 1.000000000000000000, 0.000000000000000000, 0.000000000000000000 ) ) ;
#4345 = EDGE_LOOP ( 'NONE', ( #10419, #2142 ) ) ;
#4346 = DIRECTION ( 'NONE',  ( -1.000000000000000000, 0.000000000000000000, 0.000000000000000000 ) ) ;
#4347 = DIRECTION ( 'NONE',  ( 1.000000000000000000, 0.000000000000000000, 0.000000000000000000 ) ) ;
#4348 = FACE_OUTER_BOUND ( 'NONE', #1661, .T. ) ;
#4349 = ORIENTED_EDGE ( 'NONE', *, *, #1019, .F. ) ;
#4350 = FACE_OUTER_BOUND ( 'NONE', #8811, .T. ) ;
#4351 = FACE_BOUND ( 'NONE', #2885, .T. ) ;
#4352 = ORIENTED_EDGE ( 'NONE', *, *, #9203, .T. ) ;
#4353 = ORIENTED_EDGE ( 'NONE', *, *, #10913, .F. ) ;
#4354 = CARTESIAN_POINT ( 'NONE',  ( 54.00000000000000711, -26.00000000000000355, 0.000000000000000000 ) ) ;
#4355 = VERTEX_POINT ( 'NONE', #4991 ) ;
#4356 = CYLINDRICAL_SURFACE ( 'NONE', #11072, 1.000000000000000888 ) ;
#4357 = CARTESIAN_POINT ( 'NONE',  ( 28.07913203933869184, -84.00000000000000000, 7.359523754741718271 ) ) ;
#4358 = VERTEX_POINT ( 'NONE', #393 ) ;
#4359 = CARTESIAN_POINT ( 'NONE',  ( 31.51252736750579686, -83.70000000000000284, 5.242268749936533467 ) ) ;
#4360 = ADVANCED_FACE ( 'NONE', ( #10743 ), #10560, .F. ) ;
#4361 = DIRECTION ( 'NONE',  ( 0.000000000000000000, -0.000000000000000000, -1.000000000000000000 ) ) ;
#4362 = ORIENTED_EDGE ( 'NONE', *, *, #1381, .F. ) ;
#4363 = CARTESIAN_POINT ( 'NONE',  ( 75.00000000000002842, -81.99999999999997158, 27.00000000000000000 ) ) ;
#4364 = EDGE_LOOP ( 'NONE', ( #7331, #8936, #6506, #11891 ) ) ;
#4365 = CIRCLE ( 'NONE', #10563, 1.000000000000000888 ) ;
#4366 = ORIENTED_EDGE ( 'NONE', *, *, #8658, .T. ) ;
#4367 = DIRECTION ( 'NONE',  ( -0.000000000000000000, -0.000000000000000000, -1.000000000000000000 ) ) ;
#4368 = ORIENTED_EDGE ( 'NONE', *, *, #11653, .T. ) ;
#4369 = CARTESIAN_POINT ( 'NONE',  ( 28.41247828703944123, -83.70000000000001705, 6.115903668082109945 ) ) ;
#4370 = AXIS2_PLACEMENT_3D ( 'NONE', #8688, #1322, #7106 ) ;
#4371 = EDGE_CURVE ( 'NONE', #520, #2432, #4070, .T. ) ;
#4372 = LINE ( 'NONE', #7158, #3253 ) ;
#4373 = CARTESIAN_POINT ( 'NONE',  ( 53.00000000000002132, -66.00000000000000000, 1.999999999999998224 ) ) ;
#4374 = ORIENTED_EDGE ( 'NONE', *, *, #4073, .F. ) ;
#4375 = EDGE_CURVE ( 'NONE', #5233, #7860, #5971, .T. ) ;
#4376 = ORIENTED_EDGE ( 'NONE', *, *, #4817, .F. ) ;
#4377 = CARTESIAN_POINT ( 'NONE',  ( 50.00000000000001421, -62.00000000000000711, 1.999999999999998224 ) ) ;
#4378 = VECTOR ( 'NONE', #2273, 1000.000000000000000 ) ;
#4379 = DIRECTION ( 'NONE',  ( -1.000000000000000000, 0.000000000000000000, 0.000000000000000000 ) ) ;
#4380 = ORIENTED_EDGE ( 'NONE', *, *, #1141, .T. ) ;
#4381 = CARTESIAN_POINT ( 'NONE',  ( 62.00000000000001421, -46.00000000000000711, 1.999999999999998224 ) ) ;
#4382 = CIRCLE ( 'NONE', #2467, 1.000000000000000888 ) ;
#4383 = ADVANCED_FACE ( 'NONE', ( #7817 ), #9708, .F. ) ;
#4384 = DIRECTION ( 'NONE',  ( -1.000000000000000000, 0.000000000000000000, -0.000000000000000000 ) ) ;
#4385 = ADVANCED_FACE ( 'NONE', ( #9143 ), #5355, .T. ) ;
#4386 = DIRECTION ( 'NONE',  ( -1.000000000000000000, 0.000000000000000000, 0.000000000000000000 ) ) ;
#4387 = ORIENTED_EDGE ( 'NONE', *, *, #4922, .T. ) ;
#4388 = VECTOR ( 'NONE', #11126, 1000.000000000000000 ) ;
#4389 = EDGE_CURVE ( 'NONE', #11128, #1275, #529, .T. ) ;
#4390 = DIRECTION ( 'NONE',  ( 0.000000000000000000, 0.000000000000000000, -1.000000000000000000 ) ) ;
#4391 = AXIS2_PLACEMENT_3D ( 'NONE', #11695, #11633, #7147 ) ;
#4392 = DIRECTION ( 'NONE',  ( 1.000000000000000000, -0.000000000000000000, -0.000000000000000000 ) ) ;
#4393 = CARTESIAN_POINT ( 'NONE',  ( 30.37291836272448009, -84.00000000000000000, 4.890220698379900810 ) ) ;
#4394 = EDGE_LOOP ( 'NONE', ( #6909, #9391, #2788, #7160 ) ) ;
#4395 = FACE_OUTER_BOUND ( 'NONE', #261, .T. ) ;
#4396 = APPLICATION_CONTEXT ( 'automotive_design' ) ;
#4397 = FACE_OUTER_BOUND ( 'NONE', #3240, .T. ) ;
#4398 = CARTESIAN_POINT ( 'NONE',  ( 30.54523071283101743, -83.70000000000003126, 6.513659121762855442 ) ) ;
#4399 = CIRCLE ( 'NONE', #2487, 1.000000000000000888 ) ;
#4400 = EDGE_CURVE ( 'NONE', #8766, #10577, #3470, .T. ) ;
#4401 = VERTEX_POINT ( 'NONE', #10057 ) ;
#4402 = CARTESIAN_POINT ( 'NONE',  ( 65.00000000000001421, -50.00000000000000000, 1.999999999999998224 ) ) ;
#4403 = CIRCLE ( 'NONE', #5975, 1.000000000000000888 ) ;
#4404 = EDGE_CURVE ( 'NONE', #1656, #5604, #873, .T. ) ;
#4405 = DIRECTION ( 'NONE',  ( 0.000000000000000000, -0.000000000000000000, -1.000000000000000000 ) ) ;
#4406 = ORIENTED_EDGE ( 'NONE', *, *, #2054, .T. ) ;
#4407 = FACE_OUTER_BOUND ( 'NONE', #6060, .T. ) ;
#4408 = CARTESIAN_POINT ( 'NONE',  ( 29.90324093646248471, -83.70000000000001705, 5.156302142142066280 ) ) ;
#4409 = CARTESIAN_POINT ( 'NONE',  ( 30.34889109836274557, -84.00000000000000000, 4.889877445349599228 ) ) ;
#4410 = CARTESIAN_POINT ( 'NONE',  ( 57.00000000000000000, -18.00000000000000355, 27.00100000000000122 ) ) ;
#4411 = ORIENTED_EDGE ( 'NONE', *, *, #3582, .T. ) ;
#4412 = DIRECTION ( 'NONE',  ( -1.000000000000000000, 0.000000000000000000, -0.000000000000000000 ) ) ;
#4413 = FACE_BOUND ( 'NONE', #11287, .T. ) ;
#4414 = AXIS2_PLACEMENT_3D ( 'NONE', #2742, #9028, #2679 ) ;
#4415 = ORIENTED_EDGE ( 'NONE', *, *, #6742, .T. ) ;
#4416 = ORIENTED_EDGE ( 'NONE', *, *, #1228, .F. ) ;
#4417 = VECTOR ( 'NONE', #8159, 1000.000000000000000 ) ;
#4418 = CARTESIAN_POINT ( 'NONE',  ( 61.00000000000000711, -22.00000000000000000, 27.00100000000000122 ) ) ;
#4419 = VERTEX_POINT ( 'NONE', #1723 ) ;
#4420 = CARTESIAN_POINT ( 'NONE',  ( 3.000000000000008882, -35.00000000000000000, 25.00000000000000000 ) ) ;
#4421 = CARTESIAN_POINT ( 'NONE',  ( 27.55995889130188559, -84.00000000000000000, 7.505212078228092665 ) ) ;
#4422 = CARTESIAN_POINT ( 'NONE',  ( 28.10967756063976353, -83.70000000000001705, 6.566512002868666542 ) ) ;
#4423 = AXIS2_PLACEMENT_3D ( 'NONE', #4469, #9922, #1648 ) ;
#4424 = ORIENTED_EDGE ( 'NONE', *, *, #5409, .F. ) ;
#4425 = CARTESIAN_POINT ( 'NONE',  ( 29.86678410520425331, -83.69999999999998863, 7.917416998833356701 ) ) ;
#4426 = ORIENTED_EDGE ( 'NONE', *, *, #1243, .F. ) ;
#4427 = CARTESIAN_POINT ( 'NONE',  ( 28.84221974763723040, -83.70000000000003126, 6.917924782958285057 ) ) ;
#4428 = ORIENTED_EDGE ( 'NONE', *, *, #10298, .T. ) ;
#4429 = CARTESIAN_POINT ( 'NONE',  ( 53.20000000000002416, -84.00000000000000000, 9.999999999999998224 ) ) ;
#4430 = VECTOR ( 'NONE', #10443, 1000.000000000000000 ) ;
#4431 = EDGE_CURVE ( 'NONE', #6177, #9643, #5368, .T. ) ;
#4432 = DIRECTION ( 'NONE',  ( 1.000000000000000000, 0.000000000000000000, 0.000000000000000000 ) ) ;
#4433 = ORIENTED_EDGE ( 'NONE', *, *, #9376, .F. ) ;
#4434 = DIRECTION ( 'NONE',  ( -1.000000000000000000, -3.469446951953614189E-16, -0.000000000000000000 ) ) ;
#4435 = FACE_BOUND ( 'NONE', #7365, .T. ) ;
#4436 = CARTESIAN_POINT ( 'NONE',  ( 29.78400455617700260, -83.99999999999998579, 4.524870499494690002 ) ) ;
#4437 = ORIENTED_EDGE ( 'NONE', *, *, #7059, .T. ) ;
#4438 = VECTOR ( 'NONE', #5241, 1000.000000000000114 ) ;
#4439 = ORIENTED_EDGE ( 'NONE', *, *, #7270, .F. ) ;
#4440 = DIRECTION ( 'NONE',  ( -1.000000000000000000, 0.000000000000000000, 0.000000000000000000 ) ) ;
#4441 = ADVANCED_FACE ( 'NONE', ( #8233 ), #9999, .T. ) ;
#4442 = CARTESIAN_POINT ( 'NONE',  ( 61.00000000000000711, -38.00000000000000000, 27.00100000000000122 ) ) ;
#4443 = VERTEX_POINT ( 'NONE', #9085 ) ;
#4444 = LINE ( 'NONE', #1007, #7303 ) ;
#4445 = EDGE_CURVE ( 'NONE', #9917, #11235, #8973, .T. ) ;
#4446 = CARTESIAN_POINT ( 'NONE',  ( 30.64456324342409843, -83.70000000000000284, 7.433308004233171395 ) ) ;
#4447 = AXIS2_PLACEMENT_3D ( 'NONE', #4726, #140, #2914 ) ;
#4448 = DIRECTION ( 'NONE',  ( 0.000000000000000000, -0.000000000000000000, -1.000000000000000000 ) ) ;
#4449 = VERTEX_POINT ( 'NONE', #11763 ) ;
#4450 = VECTOR ( 'NONE', #6785, 1000.000000000000000 ) ;
#4451 = CARTESIAN_POINT ( 'NONE',  ( 57.00000000000000711, -46.00000000000000711, 27.00100000000000122 ) ) ;
#4452 = FACE_OUTER_BOUND ( 'NONE', #3597, .T. ) ;
#4453 = DIRECTION ( 'NONE',  ( 0.000000000000000000, 0.000000000000000000, -1.000000000000000000 ) ) ;
#4454 = ORIENTED_EDGE ( 'NONE', *, *, #7424, .F. ) ;
#4455 = CARTESIAN_POINT ( 'NONE',  ( 66.00000000000001421, -46.00000000000000711, 0.000000000000000000 ) ) ;
#4456 = CARTESIAN_POINT ( 'NONE',  ( 55.03555254897536031, -83.70000000000001705, 7.520938749074655760 ) ) ;
#4457 = AXIS2_PLACEMENT_3D ( 'NONE', #1891, #6535, #2729 ) ;
#4458 = CARTESIAN_POINT ( 'NONE',  ( 30.25503991994079200, -83.99999999999992895, 4.895250670848655616 ) ) ;
#4459 = EDGE_CURVE ( 'NONE', #3142, #9583, #5950, .T. ) ;
#4460 = VECTOR ( 'NONE', #5633, 1000.000000000000000 ) ;
#4461 = EDGE_CURVE ( 'NONE', #2657, #5452, #10787, .T. ) ;
#4462 = ORIENTED_EDGE ( 'NONE', *, *, #1615, .F. ) ;
#4463 = CARTESIAN_POINT ( 'NONE',  ( 61.00000000000001421, -62.00000000000000711, 1.999999999999998224 ) ) ;
#4464 = CARTESIAN_POINT ( 'NONE',  ( 58.00000000000000711, -42.00000000000000000, 27.00100000000000122 ) ) ;
#4465 = ORIENTED_EDGE ( 'NONE', *, *, #481, .T. ) ;
#4466 = CARTESIAN_POINT ( 'NONE',  ( 41.99999999999999289, -2.267949192431159666, 2.999999999999993339 ) ) ;
#4467 = CARTESIAN_POINT ( 'NONE',  ( 30.31737639182834698, -83.70000000000001705, 4.891681744747787164 ) ) ;
#4468 = CARTESIAN_POINT ( 'NONE',  ( 30.82268360431898913, -84.00000000000000000, 6.942725615156834174 ) ) ;
#4469 = CARTESIAN_POINT ( 'NONE',  ( 53.00000000000000711, -38.00000000000000000, 0.000000000000000000 ) ) ;
#4470 = AXIS2_PLACEMENT_3D ( 'NONE', #8693, #5924, #238 ) ;
#4471 = CARTESIAN_POINT ( 'NONE',  ( 47.00000000000002842, -84.00000000000000000, 16.19999999999999929 ) ) ;
#4472 = FACE_BOUND ( 'NONE', #2505, .T. ) ;
#4473 = AXIS2_PLACEMENT_3D ( 'NONE', #9538, #8509, #108 ) ;
#4474 = ORIENTED_EDGE ( 'NONE', *, *, #2399, .T. ) ;
#4475 = ADVANCED_FACE ( 'NONE', ( #10119 ), #1665, .F. ) ;
#4476 = DIRECTION ( 'NONE',  ( 0.000000000000000000, -0.000000000000000000, -1.000000000000000000 ) ) ;
#4477 = EDGE_CURVE ( 'NONE', #5604, #2997, #4315, .T. ) ;
#4478 = EDGE_LOOP ( 'NONE', ( #5623, #4687 ) ) ;
#4479 = CIRCLE ( 'NONE', #11257, 1.000000000000000888 ) ;
#4480 = CYLINDRICAL_SURFACE ( 'NONE', #10090, 1.000000000000000888 ) ;
#4481 = DIRECTION ( 'NONE',  ( 0.000000000000000000, 0.000000000000000000, -1.000000000000000000 ) ) ;
#4482 = CARTESIAN_POINT ( 'NONE',  ( 50.00000000000000711, -38.00000000000000000, 1.999999999999998224 ) ) ;
#4483 = AXIS2_PLACEMENT_3D ( 'NONE', #11003, #11960, #7296 ) ;
#4484 = ORIENTED_EDGE ( 'NONE', *, *, #11418, .F. ) ;
#4485 = CARTESIAN_POINT ( 'NONE',  ( 29.31866496430144764, -83.70000000000003126, 7.138257876350911246 ) ) ;
#4486 = ORIENTED_EDGE ( 'NONE', *, *, #10421, .F. ) ;
#4487 = DIRECTION ( 'NONE',  ( -0.000000000000000000, 1.000000000000000000, 0.000000000000000000 ) ) ;
#4488 = ORIENTED_EDGE ( 'NONE', *, *, #3883, .T. ) ;
#4489 = CARTESIAN_POINT ( 'NONE',  ( 26.60782547133220532, -83.70000000000001705, 4.451714135841259967 ) ) ;
#4490 = DIRECTION ( 'NONE',  ( 2.312964634635743844E-15, 0.000000000000000000, -1.000000000000000000 ) ) ;
#4491 = CIRCLE ( 'NONE', #4107, 1.000000000000000888 ) ;
#4492 = ORIENTED_EDGE ( 'NONE', *, *, #9338, .F. ) ;
#4493 = LINE ( 'NONE', #6261, #753 ) ;
#4494 = DIRECTION ( 'NONE',  ( -0.000000000000000000, 0.000000000000000000, 1.000000000000000000 ) ) ;
#4495 = CARTESIAN_POINT ( 'NONE',  ( 29.30788842992751242, -84.00000000000001421, 5.037751047725838482 ) ) ;
#4496 = EDGE_LOOP ( 'NONE', ( #6086, #9345, #9773, #5925 ) ) ;
#4497 = CARTESIAN_POINT ( 'NONE',  ( 53.00000000000000711, -34.00000000000000000, 1.999999999999998224 ) ) ;
#4498 = EDGE_CURVE ( 'NONE', #5173, #866, #7091, .T. ) ;
#4499 = ORIENTED_EDGE ( 'NONE', *, *, #932, .F. ) ;
#4500 = VECTOR ( 'NONE', #9411, 1000.000000000000000 ) ;
#4501 = CARTESIAN_POINT ( 'NONE',  ( 28.84157633639788543, -83.70000000000003126, 6.993811775779360751 ) ) ;
#4502 = FACE_OUTER_BOUND ( 'NONE', #3761, .T. ) ;
#4503 = ORIENTED_EDGE ( 'NONE', *, *, #5477, .T. ) ;
#4504 = LINE ( 'NONE', #6273, #10406 ) ;
#4505 = CIRCLE ( 'NONE', #10711, 1.000000000000000888 ) ;
#4506 = CYLINDRICAL_SURFACE ( 'NONE', #6205, 1.000000000000000888 ) ;
#4507 = DIRECTION ( 'NONE',  ( 0.000000000000000000, -0.000000000000000000, -1.000000000000000000 ) ) ;
#4508 = ORIENTED_EDGE ( 'NONE', *, *, #9194, .F. ) ;
#4509 = EDGE_CURVE ( 'NONE', #2865, #6759, #3413, .T. ) ;
#4510 = EDGE_CURVE ( 'NONE', #7349, #7912, #6259, .T. ) ;
#4511 = CARTESIAN_POINT ( 'NONE',  ( 48.60865196418003364, -83.70000000000001705, 7.950763310478163426 ) ) ;
#4512 = DIRECTION ( 'NONE',  ( -1.000000000000000000, 0.000000000000000000, 0.000000000000000000 ) ) ;
#4513 = CARTESIAN_POINT ( 'NONE',  ( 30.65945400893807715, -83.70000000000003126, 4.949445491366629035 ) ) ;
#4514 = VERTEX_POINT ( 'NONE', #754 ) ;
#4515 = AXIS2_PLACEMENT_3D ( 'NONE', #6494, #4677, #11945 ) ;
#4516 = DIRECTION ( 'NONE',  ( -1.000000000000000000, 0.000000000000000000, 0.000000000000000000 ) ) ;
#4517 = B_SPLINE_CURVE_WITH_KNOTS ( 'NONE', 3,
 ( #5809, #6696, #2886, #5867, #11363, #5691, #4826, #4701, #9358, #5629, #297, #6574, #9481, #10392, #1083, #963, #3066, #4760, #8513 ),
 .UNSPECIFIED., .F., .F.,
 ( 4, 1, 1, 1, 1, 1, 1, 1, 1, 1, 1, 1, 1, 1, 1, 1, 4 ),
 ( 0.000000000000000000, 0.06782023126237929356, 0.1324204886883981191, 0.1953998284012642972, 0.2568544116604291050, 0.3170390131052315819, 0.3780241345681025211, 0.4396702366188464661, 0.5026620533119818823, 0.5659419357082913216, 0.6279783504838333252, 0.6890536091183362410, 0.7499668934226952910, 0.8108045651498396733, 0.8724288094636788449, 0.9354936560413514846, 1.000000000000000000 ),
 .UNSPECIFIED. ) ;
#4518 = CARTESIAN_POINT ( 'NONE',  ( 65.00000000000000000, -30.00000000000000000, 27.00100000000000122 ) ) ;
#4519 = CARTESIAN_POINT ( 'NONE',  ( 29.90324093646248471, -83.70000000000001705, 5.156302142142066280 ) ) ;
#4520 =( BOUNDED_CURVE ( )  B_SPLINE_CURVE ( 3, ( #4522, #8207, #11906, #10150 ),
 .UNSPECIFIED., .F., .F. ) 
 B_SPLINE_CURVE_WITH_KNOTS ( ( 4, 4 ),
 ( 3.141592653589793116, 4.188790204786389637 ),
 .UNSPECIFIED. ) 
 CURVE ( )  GEOMETRIC_REPRESENTATION_ITEM ( )  RATIONAL_B_SPLINE_CURVE ( ( 1.000000000000000000, 0.9106836025229592124, 0.9106836025229592124, 1.000000000000000000 ) ) 
 REPRESENTATION_ITEM ( '' )  );
#4521 = ORIENTED_EDGE ( 'NONE', *, *, #169, .T. ) ;
#4522 = CARTESIAN_POINT ( 'NONE',  ( 12.00000000000000000, -82.00000000000000000, 1.999999999999998224 ) ) ;
#4523 = VECTOR ( 'NONE', #4111, 1000.000000000000000 ) ;
#4524 = CARTESIAN_POINT ( 'NONE',  ( 61.00000000000001421, -50.00000000000000000, 0.000000000000000000 ) ) ;
#4525 = ORIENTED_EDGE ( 'NONE', *, *, #6237, .T. ) ;
#4526 = DIRECTION ( 'NONE',  ( -0.000000000000000000, -1.000000000000000000, -0.000000000000000000 ) ) ;
#4527 = CARTESIAN_POINT ( 'NONE',  ( 29.84358518652746639, -83.70000000000001705, 5.440713295918732761 ) ) ;
#4528 = EDGE_CURVE ( 'NONE', #7532, #1123, #11540, .T. ) ;
#4529 = CARTESIAN_POINT ( 'NONE',  ( 30.61767106742791000, -84.00000000000004263, 8.004718943620941829 ) ) ;
#4530 = LINE ( 'NONE', #10723, #11001 ) ;
#4531 = CARTESIAN_POINT ( 'NONE',  ( 41.99999999999999289, -2.000000000000029310, 2.999999999999993339 ) ) ;
#4532 = FACE_BOUND ( 'NONE', #5556, .T. ) ;
#4533 = ORIENTED_EDGE ( 'NONE', *, *, #7379, .F. ) ;
#4534 = EDGE_CURVE ( 'NONE', #5424, #4935, #6530, .T. ) ;
#4535 = CARTESIAN_POINT ( 'NONE',  ( 57.00000000000001421, -58.00000000000000000, 27.00100000000000122 ) ) ;
#4536 = VERTEX_POINT ( 'NONE', #7269 ) ;
#4537 = DIRECTION ( 'NONE',  ( -0.000000000000000000, -1.000000000000000000, -0.000000000000000000 ) ) ;
#4538 = CARTESIAN_POINT ( 'NONE',  ( 28.11531658691566449, -84.00000000000000000, 7.320120654760146728 ) ) ;
#4539 = ORIENTED_EDGE ( 'NONE', *, *, #4059, .F. ) ;
#4540 = CARTESIAN_POINT ( 'NONE',  ( 45.00000000000002132, -82.00000000000000000, 25.00000000000000000 ) ) ;
#4541 = EDGE_CURVE ( 'NONE', #821, #9444, #168, .T. ) ;
#4542 = CARTESIAN_POINT ( 'NONE',  ( 30.01146288812770635, -83.99999999999997158, 6.159531851068830832 ) ) ;
#4543 = ORIENTED_EDGE ( 'NONE', *, *, #5059, .T. ) ;
#4544 = DIRECTION ( 'NONE',  ( -1.000000000000000000, 0.000000000000000000, 0.000000000000000000 ) ) ;
#4545 = ORIENTED_EDGE ( 'NONE', *, *, #267, .T. ) ;
#4546 = EDGE_CURVE ( 'NONE', #5101, #8316, #4100, .T. ) ;
#4547 = CARTESIAN_POINT ( 'NONE',  ( 54.00000000000000000, -10.00000000000000000, 0.000000000000000000 ) ) ;
#4548 = CARTESIAN_POINT ( 'NONE',  ( 50.36888588230869601, -84.00000000000000000, 4.409827637963545044 ) ) ;
#4549 = ORIENTED_EDGE ( 'NONE', *, *, #9249, .T. ) ;
#4550 = DIRECTION ( 'NONE',  ( -0.000000000000000000, -0.000000000000000000, -1.000000000000000000 ) ) ;
#4551 = ORIENTED_EDGE ( 'NONE', *, *, #10242, .T. ) ;
#4552 = EDGE_CURVE ( 'NONE', #11025, #8755, #3181, .T. ) ;
#4553 = FACE_BOUND ( 'NONE', #10861, .T. ) ;
#4554 = CARTESIAN_POINT ( 'NONE',  ( 48.00000000000000711, -46.00000000000000711, 0.000000000000000000 ) ) ;
#4555 = ORIENTED_EDGE ( 'NONE', *, *, #7197, .T. ) ;
#4556 = CARTESIAN_POINT ( 'NONE',  ( 62.00000000000001421, -58.00000000000000000, 0.000000000000000000 ) ) ;
#4557 = EDGE_LOOP ( 'NONE', ( #4503, #4635 ) ) ;
#4558 = CARTESIAN_POINT ( 'NONE',  ( 45.37473383552506334, -83.70000000000001705, 7.909827637963544156 ) ) ;
#4559 = EDGE_LOOP ( 'NONE', ( #6122, #976, #7233, #3043 ) ) ;
#4560 = CARTESIAN_POINT ( 'NONE',  ( 54.00000000000000711, -26.00000000000000355, 27.00100000000000122 ) ) ;
#4561 = AXIS2_PLACEMENT_3D ( 'NONE', #4283, #3385, #3325 ) ;
#4562 = CARTESIAN_POINT ( 'NONE',  ( 30.82268360431898913, -83.70000000000001705, 6.942725615156834174 ) ) ;
#4563 = CARTESIAN_POINT ( 'NONE',  ( 3.000000000000016431, -35.99999999999999289, 10.50000000000000533 ) ) ;
#4564 = ORIENTED_EDGE ( 'NONE', *, *, #1311, .F. ) ;
#4565 = EDGE_CURVE ( 'NONE', #10116, #7636, #6722, .T. ) ;
#4566 = DIRECTION ( 'NONE',  ( 0.000000000000000000, 0.000000000000000000, -1.000000000000000000 ) ) ;
#4567 = LINE ( 'NONE', #6395, #5468 ) ;
#4568 = CYLINDRICAL_SURFACE ( 'NONE', #5088, 1.000000000000000888 ) ;
#4569 = AXIS2_PLACEMENT_3D ( 'NONE', #2458, #6155, #2347 ) ;
#4570 = ORIENTED_EDGE ( 'NONE', *, *, #11, .T. ) ;
#4571 = CARTESIAN_POINT ( 'NONE',  ( 31.00000000000000000, -1.200000000000000178, 22.00000000000000000 ) ) ;
#4572 = DIRECTION ( 'NONE',  ( -1.000000000000000000, 0.000000000000000000, 0.000000000000000000 ) ) ;
#4573 = ORIENTED_EDGE ( 'NONE', *, *, #4299, .T. ) ;
#4574 = DIRECTION ( 'NONE',  ( 0.000000000000000000, -0.000000000000000000, -1.000000000000000000 ) ) ;
#4575 = EDGE_CURVE ( 'NONE', #2548, #7520, #10530, .T. ) ;
#4576 = VERTEX_POINT ( 'NONE', #9610 ) ;
#4577 = CARTESIAN_POINT ( 'NONE',  ( 54.00000000000000711, -18.00000000000000355, 0.000000000000000000 ) ) ;
#4578 = AXIS2_PLACEMENT_3D ( 'NONE', #3295, #2217, #1548 ) ;
#4579 = AXIS2_PLACEMENT_3D ( 'NONE', #1423, #10490, #7809 ) ;
#4580 = CARTESIAN_POINT ( 'NONE',  ( 49.00000000000000711, -42.00000000000000000, 1.999999999999998224 ) ) ;
#4581 = ORIENTED_EDGE ( 'NONE', *, *, #9759, .T. ) ;
#4582 = CARTESIAN_POINT ( 'NONE',  ( 58.00000000000000711, -30.00000000000000000, 1.999999999999998224 ) ) ;
#4583 = MECHANICAL_DESIGN_GEOMETRIC_PRESENTATION_REPRESENTATION (  '', ( #7471 ), #925 ) ;
#4584 = LINE ( 'NONE', #180, #2352 ) ;
#4585 = DIRECTION ( 'NONE',  ( -1.000000000000000000, 0.000000000000000000, 0.000000000000000000 ) ) ;
#4586 = FACE_OUTER_BOUND ( 'NONE', #9863, .T. ) ;
#4587 = CARTESIAN_POINT ( 'NONE',  ( 73.00000000000002842, -84.00000000000000000, 1.999999999999998224 ) ) ;
#4588 = CARTESIAN_POINT ( 'NONE',  ( 60.00000000000000000, -10.00000000000000000, 0.000000000000000000 ) ) ;
#4589 = VERTEX_POINT ( 'NONE', #3757 ) ;
#4590 = CIRCLE ( 'NONE', #9029, 1.000000000000000888 ) ;
#4591 = CYLINDRICAL_SURFACE ( 'NONE', #5548, 1.000000000000000888 ) ;
#4592 = EDGE_CURVE ( 'NONE', #10127, #6577, #2143, .T. ) ;
#4593 = VECTOR ( 'NONE', #7004, 1000.000000000000000 ) ;
#4594 = EDGE_CURVE ( 'NONE', #9521, #8175, #987, .T. ) ;
#4595 = EDGE_LOOP ( 'NONE', ( #305, #1640, #5239, #5362 ) ) ;
#4596 = CARTESIAN_POINT ( 'NONE',  ( 56.00000000000001421, -62.00000000000000711, 1.999999999999998224 ) ) ;
#4597 = ADVANCED_FACE ( 'NONE', ( #8418 ), #8295, .F. ) ;
#4598 = CARTESIAN_POINT ( 'NONE',  ( 45.59988003435547199, -83.70000000000001705, 5.678833485916761070 ) ) ;
#4599 = DIRECTION ( 'NONE',  ( 1.000000000000000000, 0.000000000000000000, 0.000000000000000000 ) ) ;
#4600 = CIRCLE ( 'NONE', #11947, 1.000000000000000888 ) ;
#4601 = FACE_OUTER_BOUND ( 'NONE', #360, .T. ) ;
#4602 = ORIENTED_EDGE ( 'NONE', *, *, #6445, .T. ) ;
#4603 = AXIS2_PLACEMENT_3D ( 'NONE', #9637, #446, #3348 ) ;
#4604 = CARTESIAN_POINT ( 'NONE',  ( 50.00000000000001421, -66.00000000000000000, 27.00100000000000122 ) ) ;
#4605 = VERTEX_POINT ( 'NONE', #6486 ) ;
#4606 = DIRECTION ( 'NONE',  ( 0.000000000000000000, -0.000000000000000000, -1.000000000000000000 ) ) ;
#4607 = FACE_OUTER_BOUND ( 'NONE', #2847, .T. ) ;
#4608 = ORIENTED_EDGE ( 'NONE', *, *, #10914, .F. ) ;
#4609 = CARTESIAN_POINT ( 'NONE',  ( 28.79031171663141109, -83.70000000000000284, 6.586946591849436317 ) ) ;
#4610 = ADVANCED_FACE ( 'NONE', ( #4607 ), #1904, .T. ) ;
#4611 = CARTESIAN_POINT ( 'NONE',  ( 28.23463941978357994, -83.99999999999998579, 6.951064363261663992 ) ) ;
#4612 = ORIENTED_EDGE ( 'NONE', *, *, #5807, .T. ) ;
#4613 = FACE_BOUND ( 'NONE', #4975, .T. ) ;
#4614 = CARTESIAN_POINT ( 'NONE',  ( 48.00000000000000711, -42.00000000000000000, 1.999999999999998224 ) ) ;
#4615 = ORIENTED_EDGE ( 'NONE', *, *, #8573, .F. ) ;
#4616 = CYLINDRICAL_SURFACE ( 'NONE', #465, 1.000000000000000888 ) ;
#4617 = ORIENTED_EDGE ( 'NONE', *, *, #5450, .F. ) ;
#4618 = AXIS2_PLACEMENT_3D ( 'NONE', #7722, #6702, #3255 ) ;
#4619 = ADVANCED_FACE ( 'NONE', ( #25 ), #3695, .F. ) ;
#4620 = DIRECTION ( 'NONE',  ( -0.000000000000000000, -0.000000000000000000, -1.000000000000000000 ) ) ;
#4621 = EDGE_CURVE ( 'NONE', #1253, #3188, #4728, .T. ) ;
#4622 = VERTEX_POINT ( 'NONE', #6605 ) ;
#4623 = FACE_OUTER_BOUND ( 'NONE', #4127, .T. ) ;
#4624 = AXIS2_PLACEMENT_3D ( 'NONE', #3241, #3178, #2167 ) ;
#4625 = LINE ( 'NONE', #45, #11827 ) ;
#4626 = EDGE_LOOP ( 'NONE', ( #11509, #552, #4828, #4254 ) ) ;
#4627 = ORIENTED_EDGE ( 'NONE', *, *, #623, .T. ) ;
#4628 = DIRECTION ( 'NONE',  ( 1.000000000000000000, 0.000000000000000000, 0.000000000000000000 ) ) ;
#4629 = LINE ( 'NONE', #11063, #4099 ) ;
#4630 = ORIENTED_EDGE ( 'NONE', *, *, #10922, .F. ) ;
#4631 = DIRECTION ( 'NONE',  ( -1.000000000000000000, 0.000000000000000000, 0.000000000000000000 ) ) ;
#4632 = ORIENTED_EDGE ( 'NONE', *, *, #9273, .F. ) ;
#4633 = DIRECTION ( 'NONE',  ( -0.000000000000000000, -0.000000000000000000, -1.000000000000000000 ) ) ;
#4634 = DIRECTION ( 'NONE',  ( -1.000000000000000000, -0.000000000000000000, 2.478176394252580648E-16 ) ) ;
#4635 = ORIENTED_EDGE ( 'NONE', *, *, #2245, .T. ) ;
#4636 = CARTESIAN_POINT ( 'NONE',  ( 29.90324093646248471, -83.99999999999991473, 5.156302142142066280 ) ) ;
#4637 = CARTESIAN_POINT ( 'NONE',  ( 61.00000000000000711, -26.00000000000000355, 0.000000000000000000 ) ) ;
#4638 = CARTESIAN_POINT ( 'NONE',  ( 29.23604726037270751, -84.00000000000000000, 5.444025160316027900 ) ) ;
#4639 = CIRCLE ( 'NONE', #11229, 1.000000000000000888 ) ;
#4640 = DIRECTION ( 'NONE',  ( 0.000000000000000000, 0.000000000000000000, -1.000000000000000000 ) ) ;
#4641 = ORIENTED_EDGE ( 'NONE', *, *, #8737, .T. ) ;
#4642 = DIRECTION ( 'NONE',  ( 0.000000000000000000, 0.000000000000000000, -1.000000000000000000 ) ) ;
#4643 = DIRECTION ( 'NONE',  ( -1.000000000000000000, 0.000000000000000000, 0.000000000000000000 ) ) ;
#4644 = CARTESIAN_POINT ( 'NONE',  ( 42.00000000000000000, -82.00000000000000000, 1.267949192431122363 ) ) ;
#4645 = PLANE ( 'NONE',  #5010 ) ;
#4646 = CARTESIAN_POINT ( 'NONE',  ( 60.00000000000001421, -54.00000000000000000, 1.999999999999998224 ) ) ;
#4647 = CARTESIAN_POINT ( 'NONE',  ( 47.00000000000002842, 0.001000000000001000089, 16.19999999999999929 ) ) ;
#4648 = ORIENTED_EDGE ( 'NONE', *, *, #7857, .F. ) ;
#4649 = EDGE_CURVE ( 'NONE', #8492, #10015, #11364, .T. ) ;
#4650 = AXIS2_PLACEMENT_3D ( 'NONE', #3463, #624, #3516 ) ;
#4651 = VECTOR ( 'NONE', #11397, 1000.000000000000000 ) ;
#4652 = DIRECTION ( 'NONE',  ( 1.000000000000000000, 0.000000000000000000, -0.000000000000000000 ) ) ;
#4653 = ORIENTED_EDGE ( 'NONE', *, *, #1531, .F. ) ;
#4654 = DIRECTION ( 'NONE',  ( 0.000000000000000000, -0.000000000000000000, -1.000000000000000000 ) ) ;
#4655 = LINE ( 'NONE', #10348, #1968 ) ;
#4656 = DIRECTION ( 'NONE',  ( 0.000000000000000000, -0.000000000000000000, -1.000000000000000000 ) ) ;
#4657 = CIRCLE ( 'NONE', #5648, 1.000000000000000888 ) ;
#4658 = VECTOR ( 'NONE', #7614, 1000.000000000000000 ) ;
#4659 = CARTESIAN_POINT ( 'NONE',  ( 65.00000000000001421, -66.00000000000000000, 1.999999999999998224 ) ) ;
#4660 = VERTEX_POINT ( 'NONE', #2423 ) ;
#4661 = CARTESIAN_POINT ( 'NONE',  ( 28.84146095213937855, -83.70000000000003126, 6.853483094494357886 ) ) ;
#4663 = EDGE_CURVE ( 'NONE', #7520, #10782, #3386, .T. ) ;
#4662 = ORIENTED_EDGE ( 'NONE', *, *, #10859, .T. ) ;
#4664 = EDGE_CURVE ( 'NONE', #4605, #11715, #1460, .T. ) ;
#4665 = DIRECTION ( 'NONE',  ( 0.000000000000000000, 0.000000000000000000, -1.000000000000000000 ) ) ;
#4666 = AXIS2_PLACEMENT_3D ( 'NONE', #5734, #10503, #1373 ) ;
#4667 = VECTOR ( 'NONE', #2580, 1000.000000000000000 ) ;
#4668 = CARTESIAN_POINT ( 'NONE',  ( 29.90324093646248471, -84.00000000000000000, 5.156302142142066280 ) ) ;
#4669 = ORIENTED_EDGE ( 'NONE', *, *, #6188, .T. ) ;
#4670 = CARTESIAN_POINT ( 'NONE',  ( 62.00000000000000711, -38.00000000000000000, 0.000000000000000000 ) ) ;
#4671 = VECTOR ( 'NONE', #1882, 1000.000000000000000 ) ;
#4672 = CARTESIAN_POINT ( 'NONE',  ( 61.00000000000001421, -46.00000000000000711, 27.00100000000000122 ) ) ;
#4673 = EDGE_LOOP ( 'NONE', ( #567, #7967, #6373, #9931 ) ) ;
#4674 = FACE_BOUND ( 'NONE', #5693, .T. ) ;
#4675 = FACE_OUTER_BOUND ( 'NONE', #2966, .T. ) ;
#4676 = EDGE_LOOP ( 'NONE', ( #6456, #3024, #5735, #9820 ) ) ;
#4677 = DIRECTION ( 'NONE',  ( 1.000000000000000000, -0.000000000000000000, 0.000000000000000000 ) ) ;
#4678 = VERTEX_POINT ( 'NONE', #2532 ) ;
#4679 = EDGE_CURVE ( 'NONE', #4622, #1620, #931, .T. ) ;
#4680 = VECTOR ( 'NONE', #2526, 1000.000000000000000 ) ;
#4681 = PLANE ( 'NONE',  #4002 ) ;
#4682 = VERTEX_POINT ( 'NONE', #6999 ) ;
#4683 = DIRECTION ( 'NONE',  ( 0.000000000000000000, 0.000000000000000000, -1.000000000000000000 ) ) ;
#4684 = EDGE_LOOP ( 'NONE', ( #10129, #10885 ) ) ;
#4685 = VECTOR ( 'NONE', #7974, 1000.000000000000000 ) ;
#4686 = FACE_OUTER_BOUND ( 'NONE', #4875, .T. ) ;
#4687 = ORIENTED_EDGE ( 'NONE', *, *, #10173, .F. ) ;
#4688 = ORIENTED_EDGE ( 'NONE', *, *, #11421, .T. ) ;
#4689 = DIRECTION ( 'NONE',  ( -1.000000000000000000, -3.304235192336776005E-16, 0.000000000000000000 ) ) ;
#4690 = EDGE_CURVE ( 'NONE', #10669, #605, #4918, .T. ) ;
#4691 = FACE_OUTER_BOUND ( 'NONE', #3857, .T. ) ;
#4692 = ORIENTED_EDGE ( 'NONE', *, *, #4679, .T. ) ;
#4693 = EDGE_CURVE ( 'NONE', #10551, #6951, #7873, .T. ) ;
#4694 = DIRECTION ( 'NONE',  ( 0.000000000000000000, 1.000000000000000000, 0.000000000000000000 ) ) ;
#4695 = FACE_OUTER_BOUND ( 'NONE', #8717, .T. ) ;
#4696 = AXIS2_PLACEMENT_3D ( 'NONE', #550, #4166, #2371 ) ;
#4697 = VERTEX_POINT ( 'NONE', #8030 ) ;
#4698 = VECTOR ( 'NONE', #358, 1000.000000000000000 ) ;
#4699 = CARTESIAN_POINT ( 'NONE',  ( 29.96186005496573301, -83.99999999999992895, 5.065701839048957211 ) ) ;
#4700 = ORIENTED_EDGE ( 'NONE', *, *, #4565, .F. ) ;
#4701 = CARTESIAN_POINT ( 'NONE',  ( 29.48733814288273436, -84.00000000000000000, 7.602012663651934510 ) ) ;
#4702 = DIRECTION ( 'NONE',  ( -1.000000000000000000, 0.000000000000000000, 0.000000000000000000 ) ) ;
#4703 = ORIENTED_EDGE ( 'NONE', *, *, #6940, .F. ) ;
#4704 = CARTESIAN_POINT ( 'NONE',  ( 58.00000000000000711, -46.00000000000000711, 1.999999999999998224 ) ) ;
#4705 = LINE ( 'NONE', #7367, #3314 ) ;
#4706 = VECTOR ( 'NONE', #9601, 1000.000000000000114 ) ;
#4707 = CYLINDRICAL_SURFACE ( 'NONE', #11669, 1.000000000000000888 ) ;
#4708 = DIRECTION ( 'NONE',  ( 1.000000000000000000, 0.000000000000000000, 0.000000000000000000 ) ) ;
#4709 = EDGE_CURVE ( 'NONE', #1673, #7520, #3326, .T. ) ;
#4710 = DIRECTION ( 'NONE',  ( -1.000000000000000000, -3.469446951953614189E-16, 0.000000000000000000 ) ) ;
#4711 = DIRECTION ( 'NONE',  ( -1.000000000000000000, 0.000000000000000000, 0.000000000000000000 ) ) ;
#4712 = ORIENTED_EDGE ( 'NONE', *, *, #6170, .F. ) ;
#4713 = CARTESIAN_POINT ( 'NONE',  ( 27.21503794696573308, -83.70000000000001705, 4.451714135841259967 ) ) ;
#4714 = LINE ( 'NONE', #1829, #2632 ) ;
#4715 = VECTOR ( 'NONE', #10234, 1000.000000000000000 ) ;
#4716 = ORIENTED_EDGE ( 'NONE', *, *, #7971, .F. ) ;
#4717 = CARTESIAN_POINT ( 'NONE',  ( 31.53071912522000630, -84.00000000000000000, 5.464492996573337535 ) ) ;
#4718 = CARTESIAN_POINT ( 'NONE',  ( 50.04140050219173474, -83.70000000000001705, 4.409827637963545044 ) ) ;
#4719 = CARTESIAN_POINT ( 'NONE',  ( 30.84233801453563117, -83.99999999999997158, 4.482182675849115228 ) ) ;
#4720 = ADVANCED_FACE ( 'NONE', ( #10714 ), #7125, .T. ) ;
#4721 = CARTESIAN_POINT ( 'NONE',  ( 53.00000000000000711, -18.00000000000000355, 0.000000000000000000 ) ) ;
#4722 = ORIENTED_EDGE ( 'NONE', *, *, #2991, .F. ) ;
#4723 = LINE ( 'NONE', #3088, #11688 ) ;
#4724 = CARTESIAN_POINT ( 'NONE',  ( 48.46537711037886709, -83.70000000000001705, 5.883511848489860085 ) ) ;
#4725 = VERTEX_POINT ( 'NONE', #4398 ) ;
#4726 = CARTESIAN_POINT ( 'NONE',  ( 57.00000000000000000, -18.00000000000000355, 1.999999999999998224 ) ) ;
#4727 = VECTOR ( 'NONE', #2712, 1000.000000000000000 ) ;
#4728 = LINE ( 'NONE', #7509, #3816 ) ;
#4729 = VERTEX_POINT ( 'NONE', #6229 ) ;
#4730 = DIRECTION ( 'NONE',  ( -1.000000000000000000, 0.000000000000000000, 0.000000000000000000 ) ) ;
#4731 = ADVANCED_FACE ( 'NONE', ( #3443, #6116 ), #9739, .F. ) ;
#4732 = CARTESIAN_POINT ( 'NONE',  ( 28.03581267677783728, -84.00000000000002842, 7.393558758944710263 ) ) ;
#4733 = ORIENTED_EDGE ( 'NONE', *, *, #11718, .F. ) ;
#4734 = FACE_BOUND ( 'NONE', #8796, .T. ) ;
#4735 = FACE_OUTER_BOUND ( 'NONE', #6711, .T. ) ;
#4736 = ORIENTED_EDGE ( 'NONE', *, *, #2245, .F. ) ;
#4737 = CARTESIAN_POINT ( 'NONE',  ( 64.00000000000000000, -34.00000000000000000, 0.000000000000000000 ) ) ;
#4738 = EDGE_LOOP ( 'NONE', ( #11526, #5231, #5946, #9298 ) ) ;
#4739 = CARTESIAN_POINT ( 'NONE',  ( 30.14538667371182612, -84.00000000000004263, 6.699502257068314925 ) ) ;
#4740 = ORIENTED_EDGE ( 'NONE', *, *, #9582, .F. ) ;
#4741 = FACE_OUTER_BOUND ( 'NONE', #275, .T. ) ;
#4742 = EDGE_CURVE ( 'NONE', #6030, #2548, #8822, .T. ) ;
#4743 = EDGE_LOOP ( 'NONE', ( #1789, #8957 ) ) ;
#4744 = EDGE_CURVE ( 'NONE', #2224, #9409, #10652, .T. ) ;
#4745 = DIRECTION ( 'NONE',  ( -1.000000000000000000, 0.000000000000000000, 0.000000000000000000 ) ) ;
#4746 = ORIENTED_EDGE ( 'NONE', *, *, #3882, .T. ) ;
#4747 = VERTEX_POINT ( 'NONE', #7909 ) ;
#4748 = CARTESIAN_POINT ( 'NONE',  ( 30.92350664958648210, -83.70000000000001705, 5.424315392068247199 ) ) ;
#4749 = ORIENTED_EDGE ( 'NONE', *, *, #1911, .T. ) ;
#4750 = LINE ( 'NONE', #7466, #6625 ) ;
#4751 = ORIENTED_EDGE ( 'NONE', *, *, #345, .T. ) ;
#4752 = CARTESIAN_POINT ( 'NONE',  ( 44.00000000000000000, -2.000000000000001776, 2.999999999999993339 ) ) ;
#4753 = VECTOR ( 'NONE', #6531, 1000.000000000000000 ) ;
#4754 = CARTESIAN_POINT ( 'NONE',  ( 27.68049170481715038, -84.00000000000000000, 6.416626416543015132 ) ) ;
#4755 = EDGE_LOOP ( 'NONE', ( #632, #9774, #4465, #10215 ) ) ;
#4756 = LINE ( 'NONE', #10332, #5182 ) ;
#4757 = VECTOR ( 'NONE', #3091, 1000.000000000000000 ) ;
#4758 = EDGE_CURVE ( 'NONE', #5675, #4125, #1318, .T. ) ;
#4759 = VERTEX_POINT ( 'NONE', #10770 ) ;
#4760 = CARTESIAN_POINT ( 'NONE',  ( 30.31448308669711977, -83.99999999999998579, 8.022826306823420239 ) ) ;
#4761 = EDGE_CURVE ( 'NONE', #1591, #8619, #4590, .T. ) ;
#4762 = DIRECTION ( 'NONE',  ( 0.000000000000000000, -0.000000000000000000, -1.000000000000000000 ) ) ;
#4763 = ORIENTED_EDGE ( 'NONE', *, *, #2837, .T. ) ;
#4764 = DIRECTION ( 'NONE',  ( -1.000000000000000000, 0.000000000000000000, 0.000000000000000000 ) ) ;
#4765 = VECTOR ( 'NONE', #8927, 1000.000000000000000 ) ;
#4766 = DIRECTION ( 'NONE',  ( -1.000000000000000000, 0.000000000000000000, 0.000000000000000000 ) ) ;
#4767 = DIRECTION ( 'NONE',  ( -0.000000000000000000, -0.000000000000000000, -1.000000000000000000 ) ) ;
#4768 = CARTESIAN_POINT ( 'NONE',  ( 60.00000000000001421, -54.00000000000000000, 27.00100000000000122 ) ) ;
#4769 = CARTESIAN_POINT ( 'NONE',  ( 73.00000000000000000, -3.999999999999999112, 27.00000000000000000 ) ) ;
#4770 = DIRECTION ( 'NONE',  ( 1.000000000000000000, 0.000000000000000000, 0.000000000000000000 ) ) ;
#4771 = EDGE_LOOP ( 'NONE', ( #1351, #2954 ) ) ;
#4772 = CARTESIAN_POINT ( 'NONE',  ( 29.39106259890010620, -83.99999999999995737, 7.432495722501656132 ) ) ;
#4773 = FACE_BOUND ( 'NONE', #3807, .T. ) ;
#4774 = VECTOR ( 'NONE', #7330, 1000.000000000000000 ) ;
#4775 = ADVANCED_FACE ( 'NONE', ( #11672 ), #9580, .T. ) ;
#4776 = ORIENTED_EDGE ( 'NONE', *, *, #11934, .F. ) ;
#4777 = CARTESIAN_POINT ( 'NONE',  ( 5.000000000000000000, -4.000000000000000000, 3.999999999999998224 ) ) ;
#4778 = AXIS2_PLACEMENT_3D ( 'NONE', #2527, #8086, #9788 ) ;
#4779 = CARTESIAN_POINT ( 'NONE',  ( 30.77000743289246998, -84.00000000000000000, 6.412814328894986815 ) ) ;
#4780 = DIRECTION ( 'NONE',  ( 3.304235192336776005E-16, -1.000000000000000000, 0.000000000000000000 ) ) ;
#4781 = LINE ( 'NONE', #2792, #6172 ) ;
#4782 = EDGE_LOOP ( 'NONE', ( #4313, #10073, #7131, #10177 ) ) ;
#4783 = CARTESIAN_POINT ( 'NONE',  ( 65.00000000000001421, -66.00000000000000000, 27.00100000000000122 ) ) ;
#4784 = LINE ( 'NONE', #7625, #4194 ) ;
#4785 = VECTOR ( 'NONE', #10148, 1000.000000000000000 ) ;
#4786 = EDGE_LOOP ( 'NONE', ( #8606, #3885 ) ) ;
#4787 = CIRCLE ( 'NONE', #8849, 1.000000000000000888 ) ;
#4788 = AXIS2_PLACEMENT_3D ( 'NONE', #2194, #8650, #11557 ) ;
#4789 = CARTESIAN_POINT ( 'NONE',  ( 44.00000000000000000, -82.00000000000000000, 1.999999999999998224 ) ) ;
#4790 = DIRECTION ( 'NONE',  ( 2.787948443534154893E-16, -1.000000000000000000, 0.000000000000000000 ) ) ;
#4791 = ORIENTED_EDGE ( 'NONE', *, *, #1827, .F. ) ;
#4792 = CYLINDRICAL_SURFACE ( 'NONE', #320, 2.999999999999999112 ) ;
#4793 = VECTOR ( 'NONE', #8868, 1000.000000000000000 ) ;
#4794 = FACE_OUTER_BOUND ( 'NONE', #2076, .T. ) ;
#4795 = CARTESIAN_POINT ( 'NONE',  ( 28.23463941978357994, -83.70000000000001705, 6.951064363261663992 ) ) ;
#4796 = AXIS2_PLACEMENT_3D ( 'NONE', #3736, #10275, #2828 ) ;
#4797 = FACE_BOUND ( 'NONE', #454, .T. ) ;
#4798 = CYLINDRICAL_SURFACE ( 'NONE', #5641, 1.000000000000000888 ) ;
#4799 = ORIENTED_EDGE ( 'NONE', *, *, #9406, .T. ) ;
#4800 = CYLINDRICAL_SURFACE ( 'NONE', #1444, 1.000000000000000888 ) ;
#4801 = VERTEX_POINT ( 'NONE', #5445 ) ;
#4802 = AXIS2_PLACEMENT_3D ( 'NONE', #4191, #10745, #8736 ) ;
#4803 = EDGE_CURVE ( 'NONE', #5659, #5304, #2644, .T. ) ;
#4804 = VECTOR ( 'NONE', #5090, 1000.000000000000000 ) ;
#4805 = CARTESIAN_POINT ( 'NONE',  ( 61.00000000000000711, -30.00000000000000000, 27.00100000000000122 ) ) ;
#4806 = ORIENTED_EDGE ( 'NONE', *, *, #2889, .T. ) ;
#4807 = DIRECTION ( 'NONE',  ( 0.1392548313990991937, 0.000000000000000000, -0.9902565788380345291 ) ) ;
#4808 = ORIENTED_EDGE ( 'NONE', *, *, #3493, .T. ) ;
#4809 = LINE ( 'NONE', #8620, #5257 ) ;
#4810 = ORIENTED_EDGE ( 'NONE', *, *, #2320, .F. ) ;
#4811 = AXIS2_PLACEMENT_3D ( 'NONE', #2958, #6525, #6644 ) ;
#4812 = VERTEX_POINT ( 'NONE', #6459 ) ;
#4813 = CYLINDRICAL_SURFACE ( 'NONE', #7521, 1.000000000000000888 ) ;
#4814 = ORIENTED_EDGE ( 'NONE', *, *, #9913, .T. ) ;
#4815 = DIRECTION ( 'NONE',  ( 0.000000000000000000, 0.000000000000000000, -1.000000000000000000 ) ) ;
#4816 = ORIENTED_EDGE ( 'NONE', *, *, #9387, .T. ) ;
#4817 = EDGE_CURVE ( 'NONE', #8921, #6230, #1516, .T. ) ;
#4818 = EDGE_CURVE ( 'NONE', #8760, #1343, #11848, .T. ) ;
#4819 = CARTESIAN_POINT ( 'NONE',  ( 28.82453695535300042, -83.99999999999997158, 7.196984002360554911 ) ) ;
#4820 = DIRECTION ( 'NONE',  ( -1.000000000000000000, 0.000000000000000000, 0.000000000000000000 ) ) ;
#4821 = EDGE_LOOP ( 'NONE', ( #114, #7455, #717, #10558 ) ) ;
#4822 = CIRCLE ( 'NONE', #6753, 1.000000000000000888 ) ;
#4823 = DIRECTION ( 'NONE',  ( -0.000000000000000000, -0.000000000000000000, -1.000000000000000000 ) ) ;
#4824 = EDGE_CURVE ( 'NONE', #1248, #7816, #11903, .T. ) ;
#4825 = CARTESIAN_POINT ( 'NONE',  ( 49.00000000000000000, -22.00000000000000000, 1.999999999999998224 ) ) ;
#4826 = CARTESIAN_POINT ( 'NONE',  ( 29.43387137370705631, -84.00000000000000000, 7.520230170214722953 ) ) ;
#4827 = DIRECTION ( 'NONE',  ( -0.000000000000000000, -1.000000000000000000, -0.000000000000000000 ) ) ;
#4828 = ORIENTED_EDGE ( 'NONE', *, *, #8872, .T. ) ;
#4829 = CARTESIAN_POINT ( 'NONE',  ( 30.82268360431898913, -84.00000000000000000, 6.942725615156834174 ) ) ;
#4830 = CARTESIAN_POINT ( 'NONE',  ( 52.10865196418003364, -84.00000000000000000, 4.409827637963545044 ) ) ;
#4831 = DIRECTION ( 'NONE',  ( 0.000000000000000000, 0.000000000000000000, -1.000000000000000000 ) ) ;
#4832 = AXIS2_PLACEMENT_3D ( 'NONE', #8012, #7163, #10872 ) ;
#4833 = CARTESIAN_POINT ( 'NONE',  ( 61.00000000000000711, -34.00000000000000000, 1.999999999999998224 ) ) ;
#4834 = DIRECTION ( 'NONE',  ( -0.000000000000000000, -0.000000000000000000, -1.000000000000000000 ) ) ;
#4835 = ORIENTED_EDGE ( 'NONE', *, *, #4253, .F. ) ;
#4836 = EDGE_CURVE ( 'NONE', #4358, #1764, #897, .T. ) ;
#4837 = FACE_OUTER_BOUND ( 'NONE', #3508, .T. ) ;
#4838 = EDGE_CURVE ( 'NONE', #8255, #3839, #3044, .T. ) ;
#4839 = EDGE_CURVE ( 'NONE', #9980, #4928, #2823, .T. ) ;
#4840 = DIRECTION ( 'NONE',  ( -1.000000000000000000, 0.000000000000000000, 0.000000000000000000 ) ) ;
#4841 = ORIENTED_EDGE ( 'NONE', *, *, #5279, .T. ) ;
#4842 = DIRECTION ( 'NONE',  ( 0.000000000000000000, -1.000000000000000000, 0.000000000000000000 ) ) ;
#4843 = DIRECTION ( 'NONE',  ( 1.000000000000000000, 0.000000000000000000, -0.000000000000000000 ) ) ;
#4844 = LINE ( 'NONE', #8593, #6154 ) ;
#4845 = CARTESIAN_POINT ( 'NONE',  ( 58.00000000000000711, -34.00000000000000000, 1.999999999999998224 ) ) ;
#4846 = ORIENTED_EDGE ( 'NONE', *, *, #5778, .F. ) ;
#4847 = VECTOR ( 'NONE', #8530, 1000.000000000000000 ) ;
#4848 = CARTESIAN_POINT ( 'NONE',  ( 48.00000000000000000, -26.00000000000000355, 1.999999999999998224 ) ) ;
#4849 = CARTESIAN_POINT ( 'NONE',  ( 28.84260996342663930, -83.70000000000001705, 6.951064363261663992 ) ) ;
#4850 = ORIENTED_EDGE ( 'NONE', *, *, #10625, .F. ) ;
#4851 = EDGE_CURVE ( 'NONE', #2902, #10053, #11551, .T. ) ;
#4852 = EDGE_CURVE ( 'NONE', #8297, #755, #57, .T. ) ;
#4853 = CARTESIAN_POINT ( 'NONE',  ( 53.00000000000000711, -22.00000000000000000, 0.000000000000000000 ) ) ;
#4854 = ORIENTED_EDGE ( 'NONE', *, *, #10350, .F. ) ;
#4855 = LINE ( 'NONE', #7447, #1696 ) ;
#4856 = AXIS2_PLACEMENT_3D ( 'NONE', #7002, #8947, #4344 ) ;
#4857 = CIRCLE ( 'NONE', #3680, 2.999999999999995559 ) ;
#4858 = CARTESIAN_POINT ( 'NONE',  ( 53.00000000000000711, -34.00000000000000000, 27.00100000000000122 ) ) ;
#4859 = CARTESIAN_POINT ( 'NONE',  ( 27.87026455727826146, -83.69999999999998863, 7.470562854726765956 ) ) ;
#4860 = FACE_BOUND ( 'NONE', #2649, .T. ) ;
#4861 = CARTESIAN_POINT ( 'NONE',  ( 28.94267494068459712, -83.70000000000001705, 4.451714135841259967 ) ) ;
#4862 = EDGE_LOOP ( 'NONE', ( #5381, #6276 ) ) ;
#4863 = CARTESIAN_POINT ( 'NONE',  ( 75.00000000000000000, -1.999999999999999112, 27.00000000000000000 ) ) ;
#4864 = ORIENTED_EDGE ( 'NONE', *, *, #783, .T. ) ;
#4865 = AXIS2_PLACEMENT_3D ( 'NONE', #948, #10256, #1070 ) ;
#4866 = CIRCLE ( 'NONE', #5837, 1.000000000000000888 ) ;
#4867 = CARTESIAN_POINT ( 'NONE',  ( 29.92464840326346476, -83.70000000000003126, 7.062898005347181929 ) ) ;
#4868 = VERTEX_POINT ( 'NONE', #10030 ) ;
#4869 = CARTESIAN_POINT ( 'NONE',  ( 49.00000000000000711, -38.00000000000000000, 1.999999999999998224 ) ) ;
#4870 = VERTEX_POINT ( 'NONE', #1023 ) ;
#4871 = AXIS2_PLACEMENT_3D ( 'NONE', #5176, #10749, #4322 ) ;
#4872 = EDGE_CURVE ( 'NONE', #1530, #7748, #6335, .T. ) ;
#4873 = ORIENTED_EDGE ( 'NONE', *, *, #9130, .F. ) ;
#4874 = DIRECTION ( 'NONE',  ( -0.000000000000000000, 1.000000000000000000, -0.000000000000000000 ) ) ;
#4875 = EDGE_LOOP ( 'NONE', ( #3061, #11958, #6209, #3387 ) ) ;
#4876 = EDGE_LOOP ( 'NONE', ( #1130, #11589, #3195, #10355 ) ) ;
#4877 = AXIS2_PLACEMENT_3D ( 'NONE', #10046, #2727, #8222 ) ;
#4878 = DIRECTION ( 'NONE',  ( 0.000000000000000000, 0.000000000000000000, 1.000000000000000000 ) ) ;
#4879 = VERTEX_POINT ( 'NONE', #112 ) ;
#4880 = CARTESIAN_POINT ( 'NONE',  ( 58.00000000000000711, -50.00000000000000000, 27.00100000000000122 ) ) ;
#4881 = ORIENTED_EDGE ( 'NONE', *, *, #1782, .T. ) ;
#4882 = PLANE ( 'NONE',  #11247 ) ;
#4883 = CARTESIAN_POINT ( 'NONE',  ( 49.00000000000000000, -26.00000000000000355, 1.999999999999998224 ) ) ;
#4884 = LINE ( 'NONE', #8572, #10796 ) ;
#4885 = AXIS2_PLACEMENT_3D ( 'NONE', #3201, #6879, #603 ) ;
#4886 = LINE ( 'NONE', #2231, #5848 ) ;
#4887 = DIRECTION ( 'NONE',  ( 0.000000000000000000, -0.000000000000000000, 1.000000000000000000 ) ) ;
#4888 = EDGE_CURVE ( 'NONE', #10271, #3400, #960, .T. ) ;
#4889 = LINE ( 'NONE', #6813, #1980 ) ;
#4890 = EDGE_LOOP ( 'NONE', ( #4474, #9154 ) ) ;
#4891 = CARTESIAN_POINT ( 'NONE',  ( 30.48679661900616011, -83.69999999999998863, 8.021027373907914537 ) ) ;
#4892 = CYLINDRICAL_SURFACE ( 'NONE', #2587, 1.000000000000000888 ) ;
#4893 = DIRECTION ( 'NONE',  ( 0.000000000000000000, 0.000000000000000000, -1.000000000000000000 ) ) ;
#4894 = CARTESIAN_POINT ( 'NONE',  ( 50.83964611622682384, -84.00000000000000000, 4.409827637963545044 ) ) ;
#4895 = FACE_OUTER_BOUND ( 'NONE', #2619, .T. ) ;
#4896 = ORIENTED_EDGE ( 'NONE', *, *, #901, .F. ) ;
#4897 = VECTOR ( 'NONE', #3116, 1000.000000000000000 ) ;
#4898 = VECTOR ( 'NONE', #10902, 1000.000000000000000 ) ;
#4899 = CARTESIAN_POINT ( 'NONE',  ( 29.62094671125595369, -83.70000000000001705, 7.749853661734486643 ) ) ;
#4900 = PLANE ( 'NONE',  #9397 ) ;
#4901 = ORIENTED_EDGE ( 'NONE', *, *, #9496, .T. ) ;
#4902 = SPHERICAL_SURFACE ( 'NONE', #11085, 2.000000000000000000 ) ;
#4903 = ADVANCED_FACE ( 'NONE', ( #7475 ), #1692, .F. ) ;
#4904 = CIRCLE ( 'NONE', #11479, 1.000000000000000888 ) ;
#4905 = DIRECTION ( 'NONE',  ( 0.000000000000000000, -0.000000000000000000, -1.000000000000000000 ) ) ;
#4906 = CYLINDRICAL_SURFACE ( 'NONE', #10193, 1.000000000000000888 ) ;
#4907 = EDGE_CURVE ( 'NONE', #11252, #7288, #4201, .T. ) ;
#4908 = CARTESIAN_POINT ( 'NONE',  ( 75.00000000000000000, 0.000000000000000000, 27.00000000000000000 ) ) ;
#4909 = ORIENTED_EDGE ( 'NONE', *, *, #5109, .T. ) ;
#4910 = CARTESIAN_POINT ( 'NONE',  ( 75.00000000000000000, -1.999999999999999112, 1.999999999999998224 ) ) ;
#4911 = DIRECTION ( 'NONE',  ( 2.818925648462311528E-16, -1.000000000000000000, 0.000000000000000000 ) ) ;
#4912 = EDGE_LOOP ( 'NONE', ( #1963, #7209, #2571, #1948 ) ) ;
#4913 = AXIS2_PLACEMENT_3D ( 'NONE', #3408, #11580, #2388 ) ;
#4914 = CARTESIAN_POINT ( 'NONE',  ( 50.00000000000001421, -50.00000000000000000, 0.000000000000000000 ) ) ;
#4915 = EDGE_CURVE ( 'NONE', #11298, #4306, #4756, .T. ) ;
#4916 = ORIENTED_EDGE ( 'NONE', *, *, #8430, .T. ) ;
#4917 = FACE_OUTER_BOUND ( 'NONE', #1521, .T. ) ;
#4918 =( BOUNDED_CURVE ( )  B_SPLINE_CURVE ( 3, ( #11550, #5138, #7847, #5260 ),
 .UNSPECIFIED., .F., .F. ) 
 B_SPLINE_CURVE_WITH_KNOTS ( ( 4, 4 ),
 ( 3.141592653589779349, 4.459708725242610861 ),
 .UNSPECIFIED. ) 
 CURVE ( )  GEOMETRIC_REPRESENTATION_ITEM ( )  RATIONAL_B_SPLINE_CURVE ( ( 1.000000000000000000, 0.8603796100280602932, 0.8603796100280602932, 1.000000000000000000 ) ) 
 REPRESENTATION_ITEM ( '' )  );
#4919 = EDGE_CURVE ( 'NONE', #5233, #8242, #10389, .T. ) ;
#4920 = DIRECTION ( 'NONE',  ( -1.000000000000000000, 0.000000000000000000, 0.000000000000000000 ) ) ;
#4921 = DIRECTION ( 'NONE',  ( 0.000000000000000000, -0.000000000000000000, -1.000000000000000000 ) ) ;
#4922 = EDGE_CURVE ( 'NONE', #9927, #2972, #890, .T. ) ;
#4923 = AXIS2_PLACEMENT_3D ( 'NONE', #9319, #8479, #7567 ) ;
#4924 = DIRECTION ( 'NONE',  ( -0.000000000000000000, -0.000000000000000000, 1.000000000000000000 ) ) ;
#4925 = CARTESIAN_POINT ( 'NONE',  ( 30.11817107419174988, -83.99999999999997158, 6.113290579393593660 ) ) ;
#4926 = VERTEX_POINT ( 'NONE', #5806 ) ;
#4927 = CARTESIAN_POINT ( 'NONE',  ( 61.00000000000002132, -66.00000000000000000, 1.999999999999998224 ) ) ;
#4928 = VERTEX_POINT ( 'NONE', #9595 ) ;
#4929 = CARTESIAN_POINT ( 'NONE',  ( 30.01391687349325466, -84.00000000000001421, 6.803074947385266746 ) ) ;
#4930 = EDGE_CURVE ( 'NONE', #8492, #4868, #8511, .T. ) ;
#4931 = ORIENTED_EDGE ( 'NONE', *, *, #6838, .T. ) ;
#4932 = CARTESIAN_POINT ( 'NONE',  ( 53.00000000000001421, -46.00000000000000711, 0.000000000000000000 ) ) ;
#4933 = ADVANCED_FACE ( 'NONE', ( #10450 ), #3853, .F. ) ;
#4934 = EDGE_LOOP ( 'NONE', ( #5167, #2630 ) ) ;
#4935 = VERTEX_POINT ( 'NONE', #8449 ) ;
#4936 = CARTESIAN_POINT ( 'NONE',  ( 47.00000000000002842, -82.00000000000000000, 9.999999999999998224 ) ) ;
#4937 = ORIENTED_EDGE ( 'NONE', *, *, #8960, .F. ) ;
#4938 = ORIENTED_EDGE ( 'NONE', *, *, #9404, .F. ) ;
#4939 = CARTESIAN_POINT ( 'NONE',  ( 58.00000000000000000, -18.00000000000000355, 0.000000000000000000 ) ) ;
#4940 = LINE ( 'NONE', #7709, #4897 ) ;
#4941 = PLANE ( 'NONE',  #2362 ) ;
#4942 = CARTESIAN_POINT ( 'NONE',  ( 61.00000000000001421, -46.00000000000000711, 27.00100000000000122 ) ) ;
#4943 = CARTESIAN_POINT ( 'NONE',  ( 50.00000000000000000, -26.00000000000000355, 27.00100000000000122 ) ) ;
#4944 = DIRECTION ( 'NONE',  ( -0.000000000000000000, -0.000000000000000000, -1.000000000000000000 ) ) ;
#4945 = CARTESIAN_POINT ( 'NONE',  ( 49.00000000000001421, -58.00000000000000000, 1.999999999999998224 ) ) ;
#4946 = VERTEX_POINT ( 'NONE', #172 ) ;
#4947 = DIRECTION ( 'NONE',  ( -2.818925648462311528E-16, 1.000000000000000000, 0.000000000000000000 ) ) ;
#4948 = DIRECTION ( 'NONE',  ( 1.000000000000000000, 0.000000000000000000, 0.000000000000000000 ) ) ;
#4949 = FACE_OUTER_BOUND ( 'NONE', #1035, .T. ) ;
#4950 = CARTESIAN_POINT ( 'NONE',  ( 73.00000000000000000, -2.000000000000000000, 1.999999999999998224 ) ) ;
#4951 = CIRCLE ( 'NONE', #1687, 1.000000000000000888 ) ;
#4952 = EDGE_LOOP ( 'NONE', ( #3717, #1028 ) ) ;
#4953 = CARTESIAN_POINT ( 'NONE',  ( 29.62094671125595369, -83.99999999999995737, 7.749853661734486643 ) ) ;
#4954 = EDGE_CURVE ( 'NONE', #3832, #9280, #11246, .T. ) ;
#4955 = EDGE_CURVE ( 'NONE', #9080, #9692, #6693, .T. ) ;
#4956 = FACE_BOUND ( 'NONE', #1905, .T. ) ;
#4957 = ORIENTED_EDGE ( 'NONE', *, *, #4461, .F. ) ;
#4958 = CARTESIAN_POINT ( 'NONE',  ( 31.35516225481946861, -84.00000000000001421, 4.859556023047427509 ) ) ;
#4959 = VECTOR ( 'NONE', #8149, 1000.000000000000000 ) ;
#4960 = CARTESIAN_POINT ( 'NONE',  ( 31.51600743344776134, -84.00000000000001421, 5.623718608081254011 ) ) ;
#4961 = EDGE_LOOP ( 'NONE', ( #4508, #7694, #903, #8218 ) ) ;
#4962 = CYLINDRICAL_SURFACE ( 'NONE', #7297, 1.000000000000000888 ) ;
#4963 = DIRECTION ( 'NONE',  ( -0.4374657188493064619, 0.000000000000000000, 0.8992350887457960518 ) ) ;
#4964 = CARTESIAN_POINT ( 'NONE',  ( 33.20000000000003126, -82.00000000000000000, 9.999999999999998224 ) ) ;
#4965 = ORIENTED_EDGE ( 'NONE', *, *, #5550, .F. ) ;
#4966 = FACE_OUTER_BOUND ( 'NONE', #7725, .T. ) ;
#4967 = DIRECTION ( 'NONE',  ( -1.000000000000000000, -3.469446951953614189E-16, -0.000000000000000000 ) ) ;
#4968 = ORIENTED_EDGE ( 'NONE', *, *, #11640, .F. ) ;
#4969 = ADVANCED_FACE ( 'NONE', ( #1081 ), #2949, .F. ) ;
#4970 = CIRCLE ( 'NONE', #11727, 1.000000000000000888 ) ;
#4971 = EDGE_CURVE ( 'NONE', #10415, #2607, #8846, .T. ) ;
#4972 = DIRECTION ( 'NONE',  ( -1.000000000000000000, 0.000000000000000000, 0.000000000000000000 ) ) ;
#4973 = AXIS2_PLACEMENT_3D ( 'NONE', #5929, #9605, #2298 ) ;
#4974 = EDGE_CURVE ( 'NONE', #7271, #10669, #4884, .T. ) ;
#4975 = EDGE_LOOP ( 'NONE', ( #1039, #6779 ) ) ;
#4976 = CARTESIAN_POINT ( 'NONE',  ( 30.91718783160533945, -83.70000000000004547, 5.514774974453765743 ) ) ;
#4977 = DIRECTION ( 'NONE',  ( 0.000000000000000000, 0.000000000000000000, 1.000000000000000000 ) ) ;
#4978 = CARTESIAN_POINT ( 'NONE',  ( 45.64081570687010014, -83.70000000000001705, 5.678833485916761070 ) ) ;
#4979 = VECTOR ( 'NONE', #1065, 1000.000000000000000 ) ;
#4981 = AXIS2_PLACEMENT_3D ( 'NONE', #2031, #7573, #10241 ) ;
#4980 = DIRECTION ( 'NONE',  ( 0.000000000000000000, -1.000000000000000000, 0.000000000000000000 ) ) ;
#4982 = CARTESIAN_POINT ( 'NONE',  ( 31.00000000000002132, -82.00000000000000000, 22.00000000000000711 ) ) ;
#4983 = ORIENTED_EDGE ( 'NONE', *, *, #7328, .T. ) ;
#4984 = AXIS2_PLACEMENT_3D ( 'NONE', #5026, #8531, #3270 ) ;
#4985 = CARTESIAN_POINT ( 'NONE',  ( 57.00000000000000711, -50.00000000000000000, 27.00100000000000122 ) ) ;
#4986 = ORIENTED_EDGE ( 'NONE', *, *, #5834, .T. ) ;
#4987 = EDGE_CURVE ( 'NONE', #2607, #1591, #293, .T. ) ;
#4988 = EDGE_CURVE ( 'NONE', #8087, #9937, #406, .T. ) ;
#4989 = EDGE_CURVE ( 'NONE', #2772, #692, #11361, .T. ) ;
#4990 = VECTOR ( 'NONE', #1515, 1000.000000000000000 ) ;
#4991 = CARTESIAN_POINT ( 'NONE',  ( 62.00000000000001421, -42.00000000000000000, 1.999999999999998224 ) ) ;
#4992 = ADVANCED_FACE ( 'NONE', ( #5689 ), #4030, .F. ) ;
#4993 =( BOUNDED_CURVE ( )  B_SPLINE_CURVE ( 3, ( #3861, #4644, #11312, #7548 ),
 .UNSPECIFIED., .F., .F. ) 
 B_SPLINE_CURVE_WITH_KNOTS ( ( 4, 4 ),
 ( 3.141592653589793116, 4.188790204786389637 ),
 .UNSPECIFIED. ) 
 CURVE ( )  GEOMETRIC_REPRESENTATION_ITEM ( )  RATIONAL_B_SPLINE_CURVE ( ( 1.000000000000000000, 0.9106836025229592124, 0.9106836025229592124, 1.000000000000000000 ) ) 
 REPRESENTATION_ITEM ( '' )  );
#4994 = ORIENTED_EDGE ( 'NONE', *, *, #11653, .F. ) ;
#4995 = DIRECTION ( 'NONE',  ( -0.000000000000000000, -0.000000000000000000, -1.000000000000000000 ) ) ;
#4996 = AXIS2_PLACEMENT_3D ( 'NONE', #3419, #8978, #760 ) ;
#4997 = CARTESIAN_POINT ( 'NONE',  ( 53.00000000000001421, -50.00000000000000000, 0.000000000000000000 ) ) ;
#4998 = ORIENTED_EDGE ( 'NONE', *, *, #3442, .T. ) ;
#4999 = VECTOR ( 'NONE', #10819, 1000.000000000000114 ) ;
#5000 = ORIENTED_EDGE ( 'NONE', *, *, #2266, .T. ) ;
#5001 = DIRECTION ( 'NONE',  ( 1.000000000000000000, 0.000000000000000000, 0.000000000000000000 ) ) ;
#5002 = AXIS2_PLACEMENT_3D ( 'NONE', #685, #6305, #4308 ) ;
#5003 = CARTESIAN_POINT ( 'NONE',  ( 50.83964611622682384, -83.70000000000001705, 5.719769158431380340 ) ) ;
#5004 = EDGE_CURVE ( 'NONE', #1618, #8303, #350, .T. ) ;
#5005 = CARTESIAN_POINT ( 'NONE',  ( 31.00000000000000000, -2.000000000000000000, 22.00000000000000000 ) ) ;
#5006 = CARTESIAN_POINT ( 'NONE',  ( 57.00000000000000711, -34.00000000000000000, 0.000000000000000000 ) ) ;
#5007 = LINE ( 'NONE', #8690, #4999 ) ;
#5008 = CARTESIAN_POINT ( 'NONE',  ( 28.14364364627960668, -84.00000000000000000, 6.604991921735927640 ) ) ;
#5009 = CARTESIAN_POINT ( 'NONE',  ( 29.23860434839799538, -83.99999999999997158, 5.336753760098870814 ) ) ;
#5010 = AXIS2_PLACEMENT_3D ( 'NONE', #9239, #66, #9429 ) ;
#5011 = DIRECTION ( 'NONE',  ( 1.000000000000000000, 0.000000000000000000, 0.000000000000000000 ) ) ;
#5012 = ORIENTED_EDGE ( 'NONE', *, *, #2787, .T. ) ;
#5013 = FACE_OUTER_BOUND ( 'NONE', #8044, .T. ) ;
#5014 = LINE ( 'NONE', #4035, #382 ) ;
#5015 = DIRECTION ( 'NONE',  ( 0.000000000000000000, 0.000000000000000000, -1.000000000000000000 ) ) ;
#5016 = PLANE ( 'NONE',  #6330 ) ;
#5017 = ORIENTED_EDGE ( 'NONE', *, *, #5774, .F. ) ;
#5018 = LINE ( 'NONE', #8701, #3686 ) ;
#5019 = AXIS2_PLACEMENT_3D ( 'NONE', #3740, #7430, #122 ) ;
#5020 = CARTESIAN_POINT ( 'NONE',  ( 2.775557561562891351E-14, -84.00000000000000000, 27.00000000000000000 ) ) ;
#5021 = CARTESIAN_POINT ( 'NONE',  ( 30.17772348077848932, -83.70000000000003126, 7.500386390115946433 ) ) ;
#5022 = EDGE_LOOP ( 'NONE', ( #1218, #5129, #10908, #8741, #4426, #10799, #8506, #7583, #5052, #8945, #1554, #2806, #8547, #9651, #10250, #10643 ) ) ;
#5023 = CARTESIAN_POINT ( 'NONE',  ( 57.00000000000000711, -30.00000000000000000, 0.000000000000000000 ) ) ;
#5024 = DIRECTION ( 'NONE',  ( 1.000000000000000000, 2.818925648462311528E-16, -0.000000000000000000 ) ) ;
#5025 = VERTEX_POINT ( 'NONE', #5920 ) ;
#5026 = CARTESIAN_POINT ( 'NONE',  ( 65.00000000000001421, -54.00000000000000000, 1.999999999999998224 ) ) ;
#5027 = CIRCLE ( 'NONE', #2511, 1.000000000000000888 ) ;
#5028 = EDGE_CURVE ( 'NONE', #7333, #9878, #5007, .T. ) ;
#5029 = CARTESIAN_POINT ( 'NONE',  ( 27.00000000000003197, -84.00000000000000000, 9.999999999999998224 ) ) ;
#5030 = LINE ( 'NONE', #8710, #757 ) ;
#5031 = VERTEX_POINT ( 'NONE', #3183 ) ;
#5032 = CARTESIAN_POINT ( 'NONE',  ( 50.83964611622682384, -83.70000000000001705, 7.909827637963544156 ) ) ;
#5033 = ORIENTED_EDGE ( 'NONE', *, *, #9496, .F. ) ;
#5034 = CARTESIAN_POINT ( 'NONE',  ( 60.00000000000001421, -58.00000000000000000, 27.00100000000000122 ) ) ;
#5035 = VERTEX_POINT ( 'NONE', #11716 ) ;
#5036 = CARTESIAN_POINT ( 'NONE',  ( 30.92350664958648210, -84.00000000000000000, 5.424315392068247199 ) ) ;
#5037 = CARTESIAN_POINT ( 'NONE',  ( 28.82453695535300042, -83.99999999999998579, 7.196984002360554911 ) ) ;
#5038 = LINE ( 'NONE', #444, #4068 ) ;
#5039 = EDGE_LOOP ( 'NONE', ( #9745, #11411, #5949, #6133 ) ) ;
#5040 = CARTESIAN_POINT ( 'NONE',  ( 27.64524147717915881, -83.70000000000000284, 7.504020353344336591 ) ) ;
#5041 = VECTOR ( 'NONE', #708, 1000.000000000000000 ) ;
#5042 = EDGE_CURVE ( 'NONE', #3949, #2534, #746, .T. ) ;
#5043 = EDGE_CURVE ( 'NONE', #2636, #8267, #10546, .T. ) ;
#5044 = DIRECTION ( 'NONE',  ( 1.000000000000000000, 0.000000000000000000, 0.000000000000000000 ) ) ;
#5045 = CARTESIAN_POINT ( 'NONE',  ( 29.43987659383210342, -83.99999999999997158, 6.598307001508606717 ) ) ;
#5046 = ORIENTED_EDGE ( 'NONE', *, *, #6718, .T. ) ;
#5047 = CYLINDRICAL_SURFACE ( 'NONE', #2035, 1.000000000000000888 ) ;
#5048 = ORIENTED_EDGE ( 'NONE', *, *, #4445, .F. ) ;
#5049 = VECTOR ( 'NONE', #2664, 1000.000000000000000 ) ;
#5050 = AXIS2_PLACEMENT_3D ( 'NONE', #3672, #2005, #6579 ) ;
#5051 = CARTESIAN_POINT ( 'NONE',  ( 46.70514319225021183, -84.00000000000000000, 5.678833485916761070 ) ) ;
#5052 = ORIENTED_EDGE ( 'NONE', *, *, #1513, .F. ) ;
#5053 = CARTESIAN_POINT ( 'NONE',  ( 29.84325973600623527, -84.00000000000000000, 5.633542162698526923 ) ) ;
#5054 = EDGE_CURVE ( 'NONE', #9832, #9432, #10011, .T. ) ;
#5055 = DIRECTION ( 'NONE',  ( -0.000000000000000000, -0.000000000000000000, -1.000000000000000000 ) ) ;
#5056 = VERTEX_POINT ( 'NONE', #9723 ) ;
#5057 = VECTOR ( 'NONE', #1580, 1000.000000000000000 ) ;
#5058 = CIRCLE ( 'NONE', #11820, 1.000000000000000888 ) ;
#5059 = EDGE_CURVE ( 'NONE', #7304, #11665, #7958, .T. ) ;
#5060 = ORIENTED_EDGE ( 'NONE', *, *, #4158, .F. ) ;
#5061 = CARTESIAN_POINT ( 'NONE',  ( 57.00000000000000711, -30.00000000000000000, 1.999999999999998224 ) ) ;
#5062 = DIRECTION ( 'NONE',  ( -1.000000000000000000, 0.000000000000000000, 0.000000000000000000 ) ) ;
#5063 = CARTESIAN_POINT ( 'NONE',  ( 31.11623163273323911, -83.99999999999997158, 7.769110153257123841 ) ) ;
#5064 = CARTESIAN_POINT ( 'NONE',  ( 28.10967756063976353, -83.70000000000001705, 6.566512002868666542 ) ) ;
#5065 = DIRECTION ( 'NONE',  ( 1.000000000000000000, 0.000000000000000000, -0.000000000000000000 ) ) ;
#5066 = PLANE ( 'NONE',  #1960 ) ;
#5067 = SURFACE_SIDE_STYLE ('',( #5187 ) ) ;
#5068 = AXIS2_PLACEMENT_3D ( 'NONE', #2789, #6420, #915 ) ;
#5069 = EDGE_CURVE ( 'NONE', #5118, #9980, #4600, .T. ) ;
#5070 = LINE ( 'NONE', #1149, #43 ) ;
#5071 = VERTEX_POINT ( 'NONE', #11480 ) ;
#5072 = EDGE_CURVE ( 'NONE', #4812, #11489, #4331, .T. ) ;
#5073 = DIRECTION ( 'NONE',  ( -1.000000000000000000, 0.000000000000000000, 0.000000000000000000 ) ) ;
#5074 = CARTESIAN_POINT ( 'NONE',  ( 12.00000000000000000, -65.89813106228984907, 1.999999999999998224 ) ) ;
#5075 = CARTESIAN_POINT ( 'NONE',  ( 49.00000000000000000, -34.00000000000000000, 1.999999999999998224 ) ) ;
#5076 = CARTESIAN_POINT ( 'NONE',  ( 31.38851966838697294, -83.70000000000003126, 5.919266527963109148 ) ) ;
#5077 = ORIENTED_EDGE ( 'NONE', *, *, #635, .F. ) ;
#5078 = CARTESIAN_POINT ( 'NONE',  ( 30.24643596539407753, -83.99999999999995737, 8.021037934781052314 ) ) ;
#5079 = LINE ( 'NONE', #597, #3019 ) ;
#5080 = VECTOR ( 'NONE', #5824, 1000.000000000000000 ) ;
#5081 = CARTESIAN_POINT ( 'NONE',  ( 0.000000000000000000, -83.70000000000001705, 0.000000000000000000 ) ) ;
#5082 = EDGE_LOOP ( 'NONE', ( #5552, #46, #7267, #6894 ) ) ;
#5083 = LINE ( 'NONE', #8824, #7203 ) ;
#5084 = EDGE_CURVE ( 'NONE', #2452, #866, #6862, .T. ) ;
#5085 = LINE ( 'NONE', #3202, #8712 ) ;
#5086 = EDGE_LOOP ( 'NONE', ( #7140, #7510, #7053, #630 ) ) ;
#5087 = CARTESIAN_POINT ( 'NONE',  ( 73.00000000000000000, -2.000000000000000000, 2.000000000000000000 ) ) ;
#5088 = AXIS2_PLACEMENT_3D ( 'NONE', #9223, #3967, #7651 ) ;
#5089 = CARTESIAN_POINT ( 'NONE',  ( 30.17772348077848932, -84.00000000000002842, 7.500386390115946433 ) ) ;
#5090 = DIRECTION ( 'NONE',  ( 1.000000000000000000, 0.000000000000000000, 0.000000000000000000 ) ) ;
#5091 = ORIENTED_EDGE ( 'NONE', *, *, #371, .T. ) ;
#5092 = DIRECTION ( 'NONE',  ( -1.000000000000000000, 0.000000000000000000, 0.000000000000000000 ) ) ;
#5093 = CARTESIAN_POINT ( 'NONE',  ( 0.000000000000000000, -4.000000000000000000, 1.999999999999998224 ) ) ;
#5094 = ORIENTED_EDGE ( 'NONE', *, *, #5054, .F. ) ;
#5095 = CYLINDRICAL_SURFACE ( 'NONE', #6906, 1.000000000000000888 ) ;
#5096 = AXIS2_PLACEMENT_3D ( 'NONE', #3129, #11541, #8580 ) ;
#5097 = VERTEX_POINT ( 'NONE', #10756 ) ;
#5098 = CARTESIAN_POINT ( 'NONE',  ( 34.15894091426051205, -83.70000000000001705, 7.983552992241519597 ) ) ;
#5099 = CARTESIAN_POINT ( 'NONE',  ( 27.78739794155244525, -84.00000000000001421, 7.981669575419544138 ) ) ;
#5100 = LINE ( 'NONE', #9758, #4264 ) ;
#5101 = VERTEX_POINT ( 'NONE', #4381 ) ;
#5102 = CARTESIAN_POINT ( 'NONE',  ( 53.00000000000000711, -42.00000000000000000, 0.000000000000000000 ) ) ;
#5103 = CARTESIAN_POINT ( 'NONE',  ( 50.83964611622682384, -83.70000000000001705, 5.719769158431380340 ) ) ;
#5104 = CARTESIAN_POINT ( 'NONE',  ( 29.59664326378157639, -83.70000000000003126, 6.419413030017758537 ) ) ;
#5105 = ORIENTED_EDGE ( 'NONE', *, *, #3708, .F. ) ;
#5106 = CARTESIAN_POINT ( 'NONE',  ( 49.26362272441394907, -83.70000000000001705, 5.494622959600970802 ) ) ;
#5107 = ORIENTED_EDGE ( 'NONE', *, *, #8049, .T. ) ;
#5108 = VECTOR ( 'NONE', #3765, 1000.000000000000000 ) ;
#5109 = EDGE_CURVE ( 'NONE', #1770, #2980, #7894, .T. ) ;
#5110 = DIRECTION ( 'NONE',  ( -1.000000000000000000, -3.469446951953614189E-16, 0.000000000000000000 ) ) ;
#5111 = ORIENTED_EDGE ( 'NONE', *, *, #1447, .F. ) ;
#5112 = LINE ( 'NONE', #2337, #173 ) ;
#5113 = VECTOR ( 'NONE', #6082, 1000.000000000000000 ) ;
#5114 = VERTEX_POINT ( 'NONE', #10697 ) ;
#5115 = ORIENTED_EDGE ( 'NONE', *, *, #11476, .F. ) ;
#5116 = CARTESIAN_POINT ( 'NONE',  ( 30.34889109836274557, -84.00000000000000000, 7.524921846475871590 ) ) ;
#5117 = CARTESIAN_POINT ( 'NONE',  ( 33.20000000000003126, 0.001000000000001000089, 16.19999999999999929 ) ) ;
#5118 = VERTEX_POINT ( 'NONE', #2405 ) ;
#5119 = VERTEX_POINT ( 'NONE', #2518 ) ;
#5120 = DIRECTION ( 'NONE',  ( 0.4377982392396463363, 0.000000000000000000, -0.8990732460254089453 ) ) ;
#5121 = CIRCLE ( 'NONE', #6660, 1.000000000000000888 ) ;
#5122 = CARTESIAN_POINT ( 'NONE',  ( 31.24086518040318339, -83.99999999999995737, 7.605661725581913224 ) ) ;
#5123 = ADVANCED_FACE ( 'NONE', ( #6101 ), #2289, .F. ) ;
#5124 = DIRECTION ( 'NONE',  ( 0.000000000000000000, 0.000000000000000000, -1.000000000000000000 ) ) ;
#5125 = CARTESIAN_POINT ( 'NONE',  ( 56.00000000000000000, -26.00000000000000355, 27.00100000000000122 ) ) ;
#5126 = ADVANCED_FACE ( 'NONE', ( #6156 ), #9779, .T. ) ;
#5127 = DIRECTION ( 'NONE',  ( 1.000000000000000000, 2.818925648462311528E-16, 0.000000000000000000 ) ) ;
#5128 = DIRECTION ( 'NONE',  ( -0.000000000000000000, -0.000000000000000000, -1.000000000000000000 ) ) ;
#5129 = ORIENTED_EDGE ( 'NONE', *, *, #116, .F. ) ;
#5130 = CARTESIAN_POINT ( 'NONE',  ( 49.00000000000000711, -38.00000000000000000, 27.00100000000000122 ) ) ;
#5131 = CARTESIAN_POINT ( 'NONE',  ( 31.94462425842338504, -84.00000000000000000, 7.983552992241519597 ) ) ;
#5132 = CARTESIAN_POINT ( 'NONE',  ( 53.00000000000000000, -10.00000000000000000, 0.000000000000000000 ) ) ;
#5133 = LINE ( 'NONE', #9490, #3809 ) ;
#5134 = ORIENTED_EDGE ( 'NONE', *, *, #8818, .T. ) ;
#5135 = DIRECTION ( 'NONE',  ( 0.000000000000000000, -0.000000000000000000, -1.000000000000000000 ) ) ;
#5136 = CARTESIAN_POINT ( 'NONE',  ( 30.46033927170178401, -83.99999999999998579, 7.515231389400771178 ) ) ;
#5137 = EDGE_CURVE ( 'NONE', #11265, #2586, #8266, .T. ) ;
#5138 = CARTESIAN_POINT ( 'NONE',  ( 41.99999999999997868, -1.051004264383858855, 3.000000000000006661 ) ) ;
#5139 = EDGE_CURVE ( 'NONE', #6833, #7304, #4209, .T. ) ;
#5140 = EDGE_LOOP ( 'NONE', ( #3592, #1064, #11704, #1862 ) ) ;
#5141 = CARTESIAN_POINT ( 'NONE',  ( 0.000000000000000000, -83.70000000000001705, 0.000000000000000000 ) ) ;
#5142 = CARTESIAN_POINT ( 'NONE',  ( 30.96768895929945131, -83.99999999999998579, 6.302374381796002289 ) ) ;
#5143 = ORIENTED_EDGE ( 'NONE', *, *, #6390, .T. ) ;
#5144 = DIRECTION ( 'NONE',  ( -1.000000000000000000, 0.000000000000000000, 0.000000000000000000 ) ) ;
#5145 = B_SPLINE_SURFACE_WITH_KNOTS ( 'NONE', 3, 1, ( 
 ( #7263, #6303 ),
 ( #6194, #684 ),
 ( #9988, #5405 ),
 ( #4359, #8052 ),
 ( #626, #10968 ),
 ( #3571, #9077 ),
 ( #3347, #10051 ),
 ( #2666, #7021 ),
 ( #2555, #2440 ),
 ( #8905, #6251 ),
 ( #6136, #9936 ),
 ( #9814, #1540 ),
 ( #9017, #2845 ),
 ( #76, #4719 ),
 ( #2730, #3626 ),
 ( #5587, #2074 ),
 ( #8474, #5765 ),
 ( #8410, #2906 ),
 ( #8346, #6595 ) ),
 .UNSPECIFIED., .F., .F., .F.,
 ( 4, 1, 1, 1, 1, 1, 1, 1, 1, 1, 1, 1, 1, 1, 1, 1, 4 ),
 ( 2, 2 ),
 ( 0.000000000000000000, 0.06414111917131525009, 0.1254268856742992155, 0.1851404258974211903, 0.2431290278248883774, 0.3006481797213724216, 0.3576513697118872681, 0.4157237904283609953, 0.4748552484352632219, 0.5345250275449818789, 0.5949165388594344073, 0.6562375692923571036, 0.7191350391143049858, 0.7844327246161045819, 0.8526924997614412360, 0.9244066491533401431, 0.9999999999999998890 ),
 ( 0.000000000000000000, 1.000000000000000000 ),
 .UNSPECIFIED. ) ;
#5146 = DIRECTION ( 'NONE',  ( -0.000000000000000000, -0.000000000000000000, -1.000000000000000000 ) ) ;
#5147 = CARTESIAN_POINT ( 'NONE',  ( 49.00000000000001421, -54.00000000000000000, 0.000000000000000000 ) ) ;
#5148 = ORIENTED_EDGE ( 'NONE', *, *, #3368, .F. ) ;
#5149 = LINE ( 'NONE', #5032, #4523 ) ;
#5150 = CARTESIAN_POINT ( 'NONE',  ( 62.00000000000000000, -18.00000000000000355, 0.000000000000000000 ) ) ;
#5151 = ORIENTED_EDGE ( 'NONE', *, *, #9933, .T. ) ;
#5152 = EDGE_CURVE ( 'NONE', #10096, #8071, #10134, .T. ) ;
#5153 = EDGE_LOOP ( 'NONE', ( #2748, #1077, #4669, #4188 ) ) ;
#5154 = EDGE_LOOP ( 'NONE', ( #3954, #1093, #3090, #3940 ) ) ;
#5155 = DIRECTION ( 'NONE',  ( -0.000000000000000000, -0.000000000000000000, -1.000000000000000000 ) ) ;
#5156 = ADVANCED_FACE ( 'NONE', ( #5430 ), #10934, .F. ) ;
#5157 = AXIS2_PLACEMENT_3D ( 'NONE', #2901, #10467, #5880 ) ;
#5158 = VERTEX_POINT ( 'NONE', #5492 ) ;
#5159 = DIRECTION ( 'NONE',  ( -0.000000000000000000, -1.000000000000000000, -0.000000000000000000 ) ) ;
#5160 = CARTESIAN_POINT ( 'NONE',  ( 28.23428805434972588, -83.99999999999998579, 6.972062786343224516 ) ) ;
#5161 = ORIENTED_EDGE ( 'NONE', *, *, #3634, .T. ) ;
#5162 = CARTESIAN_POINT ( 'NONE',  ( 27.89099198468674601, -83.70000000000001705, 6.443081034972546028 ) ) ;
#5163 = PLANE ( 'NONE',  #3837 ) ;
#5164 = VERTEX_POINT ( 'NONE', #3538 ) ;
#5165 = CARTESIAN_POINT ( 'NONE',  ( 64.00000000000001421, -50.00000000000000000, 1.999999999999998224 ) ) ;
#5166 = AXIS2_PLACEMENT_3D ( 'NONE', #7182, #11125, #896 ) ;
#5167 = ORIENTED_EDGE ( 'NONE', *, *, #10421, .T. ) ;
#5168 = DIRECTION ( 'NONE',  ( -0.000000000000000000, -0.000000000000000000, -1.000000000000000000 ) ) ;
#5169 = EDGE_LOOP ( 'NONE', ( #1473, #914, #5978, #4006 ) ) ;
#5170 = CARTESIAN_POINT ( 'NONE',  ( 61.00000000000001421, -58.00000000000000000, 27.00100000000000122 ) ) ;
#5171 = VECTOR ( 'NONE', #6794, 1000.000000000000000 ) ;
#5172 = VECTOR ( 'NONE', #4244, 1000.000000000000000 ) ;
#5173 = VERTEX_POINT ( 'NONE', #3654 ) ;
#5174 = AXIS2_PLACEMENT_3D ( 'NONE', #2898, #8277, #11315 ) ;
#5175 = CARTESIAN_POINT ( 'NONE',  ( 30.72610402576696842, -84.00000000000002842, 7.347595911025810445 ) ) ;
#5176 = CARTESIAN_POINT ( 'NONE',  ( 49.00000000000001421, -54.00000000000000000, 27.00100000000000122 ) ) ;
#5177 = ORIENTED_EDGE ( 'NONE', *, *, #1900, .T. ) ;
#5178 = ORIENTED_EDGE ( 'NONE', *, *, #11519, .T. ) ;
#5179 = EDGE_CURVE ( 'NONE', #2776, #10, #2631, .T. ) ;
#5180 = VERTEX_POINT ( 'NONE', #11892 ) ;
#5181 = DIRECTION ( 'NONE',  ( 0.000000000000000000, 0.000000000000000000, -1.000000000000000000 ) ) ;
#5182 = VECTOR ( 'NONE', #6810, 1000.000000000000000 ) ;
#5183 = CIRCLE ( 'NONE', #8457, 1.000000000000000888 ) ;
#5184 = CARTESIAN_POINT ( 'NONE',  ( 47.00000000000002842, -81.99999999999997158, 16.19999999999999929 ) ) ;
#5185 = CARTESIAN_POINT ( 'NONE',  ( 29.31895147674704205, -83.70000000000000284, 6.953085919385602942 ) ) ;
#5186 = CARTESIAN_POINT ( 'NONE',  ( 29.23604726037270751, -83.70000000000001705, 5.633542162698526923 ) ) ;
#5187 = SURFACE_STYLE_FILL_AREA ( #6986 ) ;
#5188 = AXIS2_PLACEMENT_3D ( 'NONE', #4145, #11596, #1384 ) ;
#5189 = CARTESIAN_POINT ( 'NONE',  ( 65.00000000000001421, -46.00000000000000711, 1.999999999999998224 ) ) ;
#5190 = ORIENTED_EDGE ( 'NONE', *, *, #7339, .T. ) ;
#5191 = VECTOR ( 'NONE', #3288, 1000.000000000000000 ) ;
#5192 = EDGE_CURVE ( 'NONE', #8267, #8206, #4444, .T. ) ;
#5193 = EDGE_CURVE ( 'NONE', #218, #3252, #42, .T. ) ;
#5194 = LINE ( 'NONE', #3645, #5705 ) ;
#5195 = DIRECTION ( 'NONE',  ( 1.000000000000000000, 0.000000000000000000, 0.000000000000000000 ) ) ;
#5196 = LINE ( 'NONE', #4094, #3126 ) ;
#5197 = CARTESIAN_POINT ( 'NONE',  ( 30.37291836272448009, -83.70000000000003126, 4.890220698379900810 ) ) ;
#5198 = VERTEX_POINT ( 'NONE', #1858 ) ;
#5199 = CARTESIAN_POINT ( 'NONE',  ( 56.00000000000001421, -66.00000000000000000, 0.000000000000000000 ) ) ;
#5200 = DIRECTION ( 'NONE',  ( 0.000000000000000000, 0.000000000000000000, 1.000000000000000000 ) ) ;
#5201 = VECTOR ( 'NONE', #1837, 1000.000000000000000 ) ;
#5202 = CARTESIAN_POINT ( 'NONE',  ( 53.00000000000000711, -18.00000000000000355, 1.999999999999998224 ) ) ;
#5203 = ORIENTED_EDGE ( 'NONE', *, *, #558, .T. ) ;
#5204 = LINE ( 'NONE', #7849, #11270 ) ;
#5205 = CYLINDRICAL_SURFACE ( 'NONE', #11618, 1.000000000000000888 ) ;
#5206 = ORIENTED_EDGE ( 'NONE', *, *, #7986, .F. ) ;
#5207 = FACE_OUTER_BOUND ( 'NONE', #11227, .T. ) ;
#5208 = DIRECTION ( 'NONE',  ( -1.000000000000000000, 0.000000000000000000, 0.000000000000000000 ) ) ;
#5209 = CARTESIAN_POINT ( 'NONE',  ( 33.35538882415871598, -83.70000000000001705, 4.451714135841259967 ) ) ;
#5210 = EDGE_LOOP ( 'NONE', ( #951, #11613 ) ) ;
#5211 = VECTOR ( 'NONE', #9801, 1000.000000000000000 ) ;
#5212 = EDGE_CURVE ( 'NONE', #9001, #3427, #7167, .T. ) ;
#5213 = LINE ( 'NONE', #6889, #870 ) ;
#5214 =( NAMED_UNIT ( * ) SI_UNIT ( $, .STERADIAN. ) SOLID_ANGLE_UNIT ( ) );
#5215 = EDGE_LOOP ( 'NONE', ( #9054, #5277, #8488, #5908 ) ) ;
#5216 = EDGE_CURVE ( 'NONE', #9860, #8966, #11777, .T. ) ;
#5217 = ORIENTED_EDGE ( 'NONE', *, *, #5365, .F. ) ;
#5218 = DIRECTION ( 'NONE',  ( 1.000000000000000000, 0.000000000000000000, 0.000000000000000000 ) ) ;
#5219 = EDGE_LOOP ( 'NONE', ( #3985, #4352, #9282, #10794 ) ) ;
#5220 = DIRECTION ( 'NONE',  ( 1.000000000000000000, 0.000000000000000000, 0.000000000000000000 ) ) ;
#5221 = VECTOR ( 'NONE', #401, 1000.000000000000000 ) ;
#5222 = UNCERTAINTY_MEASURE_WITH_UNIT (LENGTH_MEASURE( 1.000000000000000082E-05 ), #7897, 'distance_accuracy_value', 'NONE');
#5223 = CARTESIAN_POINT ( 'NONE',  ( 5.000000000000000000, -2.000000000000000000, 27.00000000000000000 ) ) ;
#5224 = CARTESIAN_POINT ( 'NONE',  ( 28.23463941978357994, -83.99999999999998579, 6.951064363261663992 ) ) ;
#5225 = ADVANCED_FACE ( 'NONE', ( #1738 ), #7344, .T. ) ;
#5226 = DIRECTION ( 'NONE',  ( 1.000000000000000000, 3.304235192336776005E-16, 0.000000000000000000 ) ) ;
#5227 = ORIENTED_EDGE ( 'NONE', *, *, #5084, .F. ) ;
#5228 = LINE ( 'NONE', #11758, #5113 ) ;
#5229 = ORIENTED_EDGE ( 'NONE', *, *, #8467, .F. ) ;
#5230 = ADVANCED_FACE ( 'NONE', ( #4623 ), #11054, .F. ) ;
#5231 = ORIENTED_EDGE ( 'NONE', *, *, #9981, .T. ) ;
#5232 = CARTESIAN_POINT ( 'NONE',  ( 6.608470384673554968E-16, -2.000000000000000888, 27.00000000000000000 ) ) ;
#5233 = VERTEX_POINT ( 'NONE', #2755 ) ;
#5234 = FACE_OUTER_BOUND ( 'NONE', #7730, .T. ) ;
#5235 = CIRCLE ( 'NONE', #982, 2.000000000000000000 ) ;
#5236 = CARTESIAN_POINT ( 'NONE',  ( 31.41701628642293898, -83.70000000000001705, 7.144049432218567475 ) ) ;
#5237 = LINE ( 'NONE', #4196, #1215 ) ;
#5238 = ORIENTED_EDGE ( 'NONE', *, *, #11519, .F. ) ;
#5239 = ORIENTED_EDGE ( 'NONE', *, *, #8195, .F. ) ;
#5240 = ORIENTED_EDGE ( 'NONE', *, *, #10350, .T. ) ;
#5241 = DIRECTION ( 'NONE',  ( 0.1004074352716142066, 0.000000000000000000, 0.9949464040551010413 ) ) ;
#5242 = AXIS2_PLACEMENT_3D ( 'NONE', #74, #10167, #2969 ) ;
#5243 = CIRCLE ( 'NONE', #600, 1.000000000000000888 ) ;
#5244 = DIRECTION ( 'NONE',  ( -1.000000000000000000, 0.000000000000000000, 0.000000000000000000 ) ) ;
#5245 = ORIENTED_EDGE ( 'NONE', *, *, #10843, .T. ) ;
#5246 = CARTESIAN_POINT ( 'NONE',  ( 29.31640246938288996, -83.70000000000003126, 7.031419572271843776 ) ) ;
#5247 = DIRECTION ( 'NONE',  ( -1.000000000000000000, 0.000000000000000000, -0.000000000000000000 ) ) ;
#5248 = CIRCLE ( 'NONE', #11049, 1.000000000000000888 ) ;
#5249 = VECTOR ( 'NONE', #7786, 1000.000000000000000 ) ;
#5250 = DIRECTION ( 'NONE',  ( 1.000000000000000000, 0.000000000000000000, 0.000000000000000000 ) ) ;
#5251 = VERTEX_POINT ( 'NONE', #9159 ) ;
#5252 = PLANE ( 'NONE',  #6191 ) ;
#5253 = CYLINDRICAL_SURFACE ( 'NONE', #6244, 1.000000000000000888 ) ;
#5254 = DIRECTION ( 'NONE',  ( -0.8990732460254088343, 0.000000000000000000, -0.4377982392396463363 ) ) ;
#5255 = ORIENTED_EDGE ( 'NONE', *, *, #8208, .F. ) ;
#5256 = CARTESIAN_POINT ( 'NONE',  ( 61.00000000000000000, -18.00000000000000355, 1.999999999999998224 ) ) ;
#5257 = VECTOR ( 'NONE', #2939, 999.9999999999998863 ) ;
#5258 = AXIS2_PLACEMENT_3D ( 'NONE', #4637, #2824, #5690 ) ;
#5259 = PLANE ( 'NONE',  #7655 ) ;
#5260 = CARTESIAN_POINT ( 'NONE',  ( 43.50000000000000000, -0.06350832689629268279, 1.499999999999993117 ) ) ;
#5261 = EDGE_CURVE ( 'NONE', #898, #2996, #10876, .T. ) ;
#5262 = CIRCLE ( 'NONE', #10901, 1.000000000000000888 ) ;
#5263 = ORIENTED_EDGE ( 'NONE', *, *, #9642, .T. ) ;
#5264 = DIRECTION ( 'NONE',  ( 1.000000000000000000, 0.000000000000000000, 0.000000000000000000 ) ) ;
#5265 = DIRECTION ( 'NONE',  ( -0.000000000000000000, -0.000000000000000000, -1.000000000000000000 ) ) ;
#5266 = ORIENTED_EDGE ( 'NONE', *, *, #10451, .F. ) ;
#5267 = FACE_OUTER_BOUND ( 'NONE', #11905, .T. ) ;
#5268 = B_SPLINE_CURVE_WITH_KNOTS ( 'NONE', 3,
 ( #7680, #9506, #8597, #10479, #5652, #5890, #2973, #79, #1288, #136, #3752, #1048, #7442, #11150, #2848 ),
 .UNSPECIFIED., .F., .F.,
 ( 4, 1, 1, 1, 1, 1, 1, 1, 1, 1, 1, 1, 4 ),
 ( 0.000000000000000000, 0.08095233672432988747, 0.1572310932040354714, 0.2283879994442368222, 0.2957750600209615999, 0.3587379174664163672, 0.4193767026028204503, 0.4783169242605851967, 0.5367379476078444345, 0.6518946766699860174, 0.7642746000902365111, 0.8795446600230597545, 1.000000000000000000 ),
 .UNSPECIFIED. ) ;
#5269 = DIRECTION ( 'NONE',  ( 0.000000000000000000, 0.000000000000000000, -1.000000000000000000 ) ) ;
#5270 = CYLINDRICAL_SURFACE ( 'NONE', #9644, 1.000000000000000888 ) ;
#5271 = ORIENTED_EDGE ( 'NONE', *, *, #11475, .T. ) ;
#5272 = FACE_OUTER_BOUND ( 'NONE', #2293, .T. ) ;
#5273 = FACE_BOUND ( 'NONE', #1492, .T. ) ;
#5274 = ORIENTED_EDGE ( 'NONE', *, *, #5945, .F. ) ;
#5275 = VECTOR ( 'NONE', #5465, 1000.000000000000000 ) ;
#5276 = ORIENTED_EDGE ( 'NONE', *, *, #4621, .F. ) ;
#5277 = ORIENTED_EDGE ( 'NONE', *, *, #10317, .F. ) ;
#5278 = DIRECTION ( 'NONE',  ( -0.1261516832900868579, 0.000000000000000000, -0.9920109640538644635 ) ) ;
#5279 = EDGE_CURVE ( 'NONE', #10727, #146, #4504, .T. ) ;
#5280 = VERTEX_POINT ( 'NONE', #2811 ) ;
#5281 = PLANE ( 'NONE',  #11263 ) ;
#5282 = EDGE_CURVE ( 'NONE', #7586, #7987, #3055, .T. ) ;
#5283 = AXIS2_PLACEMENT_3D ( 'NONE', #7363, #3447, #7305 ) ;
#5284 = DIRECTION ( 'NONE',  ( 0.000000000000000000, -0.000000000000000000, -1.000000000000000000 ) ) ;
#5285 = EDGE_LOOP ( 'NONE', ( #946, #11810, #5541, #13 ) ) ;
#5286 = CARTESIAN_POINT ( 'NONE',  ( 28.23388348946856397, -83.99999999999998579, 6.881320711829847170 ) ) ;
#5287 = ORIENTED_EDGE ( 'NONE', *, *, #11874, .T. ) ;
#5288 = CARTESIAN_POINT ( 'NONE',  ( 29.78051666406289755, -83.70000000000003126, 7.870271875707739007 ) ) ;
#5289 = ORIENTED_EDGE ( 'NONE', *, *, #10693, .T. ) ;
#5290 = FACE_OUTER_BOUND ( 'NONE', #4876, .T. ) ;
#5291 = ORIENTED_EDGE ( 'NONE', *, *, #8014, .F. ) ;
#5292 = CIRCLE ( 'NONE', #11657, 1.000000000000000888 ) ;
#5293 = VECTOR ( 'NONE', #3979, 1000.000000000000000 ) ;
#5294 = VERTEX_POINT ( 'NONE', #3594 ) ;
#5295 = DIRECTION ( 'NONE',  ( 0.000000000000000000, 0.000000000000000000, -1.000000000000000000 ) ) ;
#5296 = EDGE_CURVE ( 'NONE', #9100, #2795, #9209, .T. ) ;
#5297 = ORIENTED_EDGE ( 'NONE', *, *, #11342, .F. ) ;
#5298 = DIRECTION ( 'NONE',  ( -3.304235192336776005E-16, 1.000000000000000000, -0.000000000000000000 ) ) ;
#5299 = EDGE_CURVE ( 'NONE', #6035, #5761, #556, .T. ) ;
#5300 = VECTOR ( 'NONE', #5, 1000.000000000000000 ) ;
#5301 = FACE_BOUND ( 'NONE', #4771, .T. ) ;
#5302 = CARTESIAN_POINT ( 'NONE',  ( 46.70514319225021183, -83.70000000000001705, 5.678833485916761070 ) ) ;
#5303 = EDGE_LOOP ( 'NONE', ( #9355, #3990, #125, #11552, #1994, #5287, #4799, #2909 ) ) ;
#5304 = VERTEX_POINT ( 'NONE', #3108 ) ;
#5305 = ORIENTED_EDGE ( 'NONE', *, *, #2262, .F. ) ;
#5306 = DIRECTION ( 'NONE',  ( -0.000000000000000000, -0.000000000000000000, -1.000000000000000000 ) ) ;
#5307 = CARTESIAN_POINT ( 'NONE',  ( 48.00000000000000000, -30.00000000000000000, 1.999999999999998224 ) ) ;
#5308 = CIRCLE ( 'NONE', #8579, 1.000000000000000888 ) ;
#5309 = EDGE_CURVE ( 'NONE', #605, #1086, #10797, .T. ) ;
#5310 = ORIENTED_EDGE ( 'NONE', *, *, #3135, .T. ) ;
#5311 = DIRECTION ( 'NONE',  ( 0.000000000000000000, -0.000000000000000000, -1.000000000000000000 ) ) ;
#5312 = DIRECTION ( 'NONE',  ( 0.9949464040551011523, 0.000000000000000000, -0.1004074352716142204 ) ) ;
#5313 = CARTESIAN_POINT ( 'NONE',  ( 31.13599105747009332, -83.70000000000000284, 4.633099866944936807 ) ) ;
#5314 = EDGE_LOOP ( 'NONE', ( #7497, #6651, #103, #11650 ) ) ;
#5315 = CARTESIAN_POINT ( 'NONE',  ( 56.00000000000000711, -54.00000000000000000, 1.999999999999998224 ) ) ;
#5316 = CARTESIAN_POINT ( 'NONE',  ( 49.00000000000001421, -50.00000000000000000, 1.999999999999998224 ) ) ;
#5317 = CARTESIAN_POINT ( 'NONE',  ( 30.91914594154955154, -83.70000000000003126, 5.318501878047519504 ) ) ;
#5318 = VERTEX_POINT ( 'NONE', #9584 ) ;
#5319 = LINE ( 'NONE', #1690, #5649 ) ;
#5320 = PRODUCT_DEFINITION_FORMATION_WITH_SPECIFIED_SOURCE ( 'ÈÎºÎ', '', #1309, .NOT_KNOWN. ) ;
#5321 = CARTESIAN_POINT ( 'NONE',  ( 1.685159948091756004E-14, -51.00000000000000711, 13.50000000000000178 ) ) ;
#5322 = CARTESIAN_POINT ( 'NONE',  ( 29.84421711895855722, -83.70000000000001705, 5.394539874569522553 ) ) ;
#5323 = EDGE_LOOP ( 'NONE', ( #8732, #11389 ) ) ;
#5324 = LINE ( 'NONE', #5449, #1843 ) ;
#5325 = DIRECTION ( 'NONE',  ( -0.000000000000000000, -0.000000000000000000, -1.000000000000000000 ) ) ;
#5326 = ORIENTED_EDGE ( 'NONE', *, *, #3568, .T. ) ;
#5327 = CARTESIAN_POINT ( 'NONE',  ( 53.20000000000002416, -82.00000000000000000, 16.19999999999999929 ) ) ;
#5328 = DIRECTION ( 'NONE',  ( -1.000000000000000000, 0.000000000000000000, 0.000000000000000000 ) ) ;
#5329 = FACE_OUTER_BOUND ( 'NONE', #2447, .T. ) ;
#5330 = DIRECTION ( 'NONE',  ( 1.000000000000000000, 0.000000000000000000, 0.000000000000000000 ) ) ;
#5331 = ORIENTED_EDGE ( 'NONE', *, *, #4575, .F. ) ;
#5332 = DIRECTION ( 'NONE',  ( 1.000000000000000000, 0.000000000000000000, 0.000000000000000000 ) ) ;
#5333 = FACE_BOUND ( 'NONE', #9272, .T. ) ;
#5334 = ORIENTED_EDGE ( 'NONE', *, *, #3140, .T. ) ;
#5335 = EDGE_CURVE ( 'NONE', #9444, #9100, #11970, .T. ) ;
#5336 = ORIENTED_EDGE ( 'NONE', *, *, #8022, .F. ) ;
#5337 = CARTESIAN_POINT ( 'NONE',  ( 47.42151746125605882, -83.70000000000001705, 7.909827637963544156 ) ) ;
#5338 = ORIENTED_EDGE ( 'NONE', *, *, #6326, .T. ) ;
#5339 = DIRECTION ( 'NONE',  ( -0.000000000000000000, -1.000000000000000000, -0.000000000000000000 ) ) ;
#5340 = VECTOR ( 'NONE', #9011, 1000.000000000000227 ) ;
#5341 = CARTESIAN_POINT ( 'NONE',  ( 28.14764879125311836, -84.00000000000000000, 7.278217416211550272 ) ) ;
#5342 = EDGE_LOOP ( 'NONE', ( #8879, #10294, #9749, #2376 ) ) ;
#5343 = FACE_OUTER_BOUND ( 'NONE', #273, .T. ) ;
#5344 = ORIENTED_EDGE ( 'NONE', *, *, #988, .F. ) ;
#5345 = CARTESIAN_POINT ( 'NONE',  ( 61.00000000000000711, -34.00000000000000000, 0.000000000000000000 ) ) ;
#5346 = ORIENTED_EDGE ( 'NONE', *, *, #8642, .T. ) ;
#5347 = EDGE_CURVE ( 'NONE', #5835, #5164, #4399, .T. ) ;
#5348 = CARTESIAN_POINT ( 'NONE',  ( 28.72237443793679645, -83.70000000000000284, 6.436096349305517883 ) ) ;
#5349 = ORIENTED_EDGE ( 'NONE', *, *, #6376, .F. ) ;
#5350 = ADVANCED_FACE ( 'NONE', ( #4741 ), #10438, .F. ) ;
#5351 = B_SPLINE_SURFACE_WITH_KNOTS ( 'NONE', 3, 1, ( 
 ( #7055, #10709 ),
 ( #5197, #4393 ),
 ( #715, #8938 ),
 ( #9109, #836 ),
 ( #594, #6223 ),
 ( #4277, #7966 ),
 ( #4513, #3600 ),
 ( #3382, #658 ),
 ( #6111, #11667 ),
 ( #3438, #10826 ),
 ( #5380, #9907 ),
 ( #3489, #1633 ),
 ( #5317, #2585 ),
 ( #8993, #11785 ),
 ( #6279, #1686 ) ),
 .UNSPECIFIED., .F., .F., .F.,
 ( 4, 1, 1, 1, 1, 1, 1, 1, 1, 1, 1, 1, 4 ),
 ( 2, 2 ),
 ( 0.000000000000000000, 0.08095233672432988747, 0.1572310932040354714, 0.2283879994442368222, 0.2957750600209615999, 0.3587379174664163672, 0.4193767026028204503, 0.4783169242605851967, 0.5367379476078444345, 0.6518946766699860174, 0.7642746000902365111, 0.8795446600230597545, 1.000000000000000000 ),
 ( 0.000000000000000000, 1.000000000000000000 ),
 .UNSPECIFIED. ) ;
#5352 = VECTOR ( 'NONE', #9851, 1000.000000000000000 ) ;
#5353 = EDGE_CURVE ( 'NONE', #2087, #6979, #8465, .T. ) ;
#5354 = CARTESIAN_POINT ( 'NONE',  ( 31.38851966838697294, -84.00000000000002842, 5.919266527963109148 ) ) ;
#5355 = CYLINDRICAL_SURFACE ( 'NONE', #3232, 2.000000000000000000 ) ;
#5356 = VERTEX_POINT ( 'NONE', #2100 ) ;
#5357 = CARTESIAN_POINT ( 'NONE',  ( 33.20000000000003126, -82.00000000000000000, 16.19999999999999929 ) ) ;
#5358 = CIRCLE ( 'NONE', #9202, 1.000000000000000888 ) ;
#5359 = FACE_BOUND ( 'NONE', #5767, .T. ) ;
#5360 = CYLINDRICAL_SURFACE ( 'NONE', #8928, 2.000000000000001776 ) ;
#5361 = ORIENTED_EDGE ( 'NONE', *, *, #4817, .T. ) ;
#5362 = ORIENTED_EDGE ( 'NONE', *, *, #6142, .T. ) ;
#5363 = CARTESIAN_POINT ( 'NONE',  ( 10.00000000000000000, 0.000000000000000000, 1.999999999999998224 ) ) ;
#5364 = EDGE_CURVE ( 'NONE', #6083, #1525, #2108, .T. ) ;
#5365 = EDGE_CURVE ( 'NONE', #3303, #250, #10602, .T. ) ;
#5366 = EDGE_CURVE ( 'NONE', #10260, #3700, #8498, .T. ) ;
#5367 = EDGE_CURVE ( 'NONE', #4179, #6068, #5732, .T. ) ;
#5368 = CIRCLE ( 'NONE', #1898, 1.000000000000000888 ) ;
#5369 = CARTESIAN_POINT ( 'NONE',  ( 62.00000000000001421, -58.00000000000000000, 27.00100000000000122 ) ) ;
#5370 = ORIENTED_EDGE ( 'NONE', *, *, #11075, .F. ) ;
#5371 = ORIENTED_EDGE ( 'NONE', *, *, #7175, .F. ) ;
#5372 = CARTESIAN_POINT ( 'NONE',  ( 30.53385184869781810, -84.00000000000001421, 5.925185334711404295 ) ) ;
#5373 = DIRECTION ( 'NONE',  ( -1.000000000000000000, 0.000000000000000000, 0.000000000000000000 ) ) ;
#5374 = CARTESIAN_POINT ( 'NONE',  ( 61.00000000000000711, -22.00000000000000000, 1.999999999999998224 ) ) ;
#5375 = EDGE_LOOP ( 'NONE', ( #10346, #2030, #4543, #9883 ) ) ;
#5376 = LINE ( 'NONE', #4215, #9461 ) ;
#5377 = ADVANCED_FACE ( 'NONE', ( #5792 ), #7459, .T. ) ;
#5378 = DIRECTION ( 'NONE',  ( -0.000000000000000000, -0.000000000000000000, -1.000000000000000000 ) ) ;
#5379 = VECTOR ( 'NONE', #1166, 1000.000000000000000 ) ;
#5380 = CARTESIAN_POINT ( 'NONE',  ( 30.84834689229120031, -83.70000000000003126, 5.125722092857299295 ) ) ;
#5381 = ORIENTED_EDGE ( 'NONE', *, *, #4158, .T. ) ;
#5382 = CARTESIAN_POINT ( 'NONE',  ( 0.000000000000000000, -82.00000000000000000, 0.000000000000000000 ) ) ;
#5383 = DIRECTION ( 'NONE',  ( -0.000000000000000000, -0.000000000000000000, -1.000000000000000000 ) ) ;
#5384 = CARTESIAN_POINT ( 'NONE',  ( 49.00000000000000711, -38.00000000000000000, 27.00100000000000122 ) ) ;
#5385 = VECTOR ( 'NONE', #11117, 1000.000000000000000 ) ;
#5386 = ORIENTED_EDGE ( 'NONE', *, *, #7490, .F. ) ;
#5387 = CARTESIAN_POINT ( 'NONE',  ( 61.00000000000000711, -22.00000000000000000, 0.000000000000000000 ) ) ;
#5388 = VECTOR ( 'NONE', #3671, 1000.000000000000000 ) ;
#5389 = LINE ( 'NONE', #3389, #10268 ) ;
#5390 = EDGE_LOOP ( 'NONE', ( #7073, #4850, #10989, #11073 ) ) ;
#5391 = FACE_BOUND ( 'NONE', #8332, .T. ) ;
#5392 = CARTESIAN_POINT ( 'NONE',  ( 30.16379603509039953, -83.70000000000000284, 4.922501976949311242 ) ) ;
#5393 = DIRECTION ( 'NONE',  ( -0.000000000000000000, -0.000000000000000000, -1.000000000000000000 ) ) ;
#5394 = DIRECTION ( 'NONE',  ( -0.000000000000000000, -1.000000000000000000, -0.000000000000000000 ) ) ;
#5395 = CARTESIAN_POINT ( 'NONE',  ( 46.74607886476483287, -83.70000000000001705, 5.678833485916761070 ) ) ;
#5396 = FACE_BOUND ( 'NONE', #9772, .T. ) ;
#5397 = CIRCLE ( 'NONE', #4414, 1.000000000000000888 ) ;
#5398 = ORIENTED_EDGE ( 'NONE', *, *, #10507, .F. ) ;
#5399 = VECTOR ( 'NONE', #1716, 1000.000000000000000 ) ;
#5400 = DIRECTION ( 'NONE',  ( -1.000000000000000000, 0.000000000000000000, 0.000000000000000000 ) ) ;
#5401 = VERTEX_POINT ( 'NONE', #217 ) ;
#5402 = DIRECTION ( 'NONE',  ( -1.000000000000000000, 0.000000000000000000, 0.000000000000000000 ) ) ;
#5403 = ADVANCED_FACE ( 'NONE', ( #7587 ), #11293, .F. ) ;
#5404 = DIRECTION ( 'NONE',  ( -0.7842831296188683687, 0.000000000000000000, 0.6204030726835847442 ) ) ;
#5405 = CARTESIAN_POINT ( 'NONE',  ( 31.52872558386706103, -84.00000000000000000, 5.351541777530971267 ) ) ;
#5406 = AXIS2_PLACEMENT_3D ( 'NONE', #1090, #5635, #2719 ) ;
#5407 = CARTESIAN_POINT ( 'NONE',  ( 75.00000000000000000, -1.999999999999998224, 27.00000000000000000 ) ) ;
#5408 = EDGE_LOOP ( 'NONE', ( #94, #355, #5178, #11622 ) ) ;
#5409 = EDGE_CURVE ( 'NONE', #10904, #10481, #942, .T. ) ;
#5410 = CARTESIAN_POINT ( 'NONE',  ( 28.52438137916295702, -83.99999999999998579, 6.200129019447453871 ) ) ;
#5411 = ORIENTED_EDGE ( 'NONE', *, *, #6971, .F. ) ;
#5412 = CARTESIAN_POINT ( 'NONE',  ( 31.38851966838697294, -83.70000000000003126, 5.919266527963109148 ) ) ;
#5413 = VECTOR ( 'NONE', #712, 1000.000000000000000 ) ;
#5414 = DIRECTION ( 'NONE',  ( 0.000000000000000000, -0.000000000000000000, -1.000000000000000000 ) ) ;
#5415 = ORIENTED_EDGE ( 'NONE', *, *, #10775, .T. ) ;
#5416 = DIRECTION ( 'NONE',  ( -1.000000000000000000, 0.000000000000000000, 0.000000000000000000 ) ) ;
#5417 = EDGE_CURVE ( 'NONE', #7150, #5775, #4016, .T. ) ;
#5418 = EDGE_CURVE ( 'NONE', #6937, #10626, #7945, .T. ) ;
#5419 = FACE_BOUND ( 'NONE', #10143, .T. ) ;
#5420 = LINE ( 'NONE', #8302, #2533 ) ;
#5421 = VERTEX_POINT ( 'NONE', #8858 ) ;
#5422 = AXIS2_PLACEMENT_3D ( 'NONE', #11652, #5181, #6269 ) ;
#5423 = CARTESIAN_POINT ( 'NONE',  ( 29.40113519042408186, -83.69999999999997442, 4.861968292421465776 ) ) ;
#5424 = VERTEX_POINT ( 'NONE', #10685 ) ;
#5425 = ORIENTED_EDGE ( 'NONE', *, *, #6757, .T. ) ;
#5426 = CARTESIAN_POINT ( 'NONE',  ( 27.78739794155244525, -83.70000000000003126, 7.981669575419544138 ) ) ;
#5427 = CARTESIAN_POINT ( 'NONE',  ( 65.00000000000000000, -38.00000000000000000, 27.00100000000000122 ) ) ;
#5428 = ORIENTED_EDGE ( 'NONE', *, *, #5520, .F. ) ;
#5429 = ORIENTED_EDGE ( 'NONE', *, *, #1615, .T. ) ;
#5430 = FACE_OUTER_BOUND ( 'NONE', #11662, .T. ) ;
#5431 = EDGE_CURVE ( 'NONE', #7064, #11886, #160, .T. ) ;
#5432 = CARTESIAN_POINT ( 'NONE',  ( 30.51137869582762718, -83.70000000000001705, 7.502473557379402358 ) ) ;
#5433 = ADVANCED_FACE ( 'NONE', ( #3231 ), #10562, .F. ) ;
#5434 = CARTESIAN_POINT ( 'NONE',  ( 54.00000000000002132, -66.00000000000000000, 1.999999999999998224 ) ) ;
#5435 = ORIENTED_EDGE ( 'NONE', *, *, #11723, .F. ) ;
#5436 = AXIS2_PLACEMENT_3D ( 'NONE', #4718, #10110, #4843 ) ;
#5437 = CARTESIAN_POINT ( 'NONE',  ( 49.00000000000001421, -58.00000000000000000, 27.00100000000000122 ) ) ;
#5438 = DIRECTION ( 'NONE',  ( -0.000000000000000000, -0.000000000000000000, -1.000000000000000000 ) ) ;
#5439 = CARTESIAN_POINT ( 'NONE',  ( 33.20000000000003126, -84.00000000000000000, 9.999999999999998224 ) ) ;
#5440 = VERTEX_POINT ( 'NONE', #8678 ) ;
#5441 = CARTESIAN_POINT ( 'NONE',  ( 28.24053964862600097, -83.99999999999998579, 7.886557969583401828 ) ) ;
#5442 = CARTESIAN_POINT ( 'NONE',  ( 27.21503794696573308, -84.00000000000000000, 6.416626416543015132 ) ) ;
#5443 = EDGE_CURVE ( 'NONE', #6068, #4190, #6854, .T. ) ;
#5444 = AXIS2_PLACEMENT_3D ( 'NONE', #3499, #10776, #7187 ) ;
#5445 = CARTESIAN_POINT ( 'NONE',  ( 60.00000000000002132, -66.00000000000000000, 0.000000000000000000 ) ) ;
#5446 = VECTOR ( 'NONE', #10065, 1000.000000000000000 ) ;
#5447 = EDGE_CURVE ( 'NONE', #6078, #821, #6145, .T. ) ;
#5448 = ORIENTED_EDGE ( 'NONE', *, *, #1936, .T. ) ;
#5449 = CARTESIAN_POINT ( 'NONE',  ( 73.00000000000002842, -84.00000000000000000, 27.00000000000000000 ) ) ;
#5450 = EDGE_CURVE ( 'NONE', #509, #10116, #8795, .T. ) ;
#5451 = DIRECTION ( 'NONE',  ( -1.000000000000000000, 0.000000000000000000, 0.000000000000000000 ) ) ;
#5452 = VERTEX_POINT ( 'NONE', #3359 ) ;
#5453 = CARTESIAN_POINT ( 'NONE',  ( 62.00000000000000000, -18.00000000000000355, 27.00100000000000122 ) ) ;
#5454 = CARTESIAN_POINT ( 'NONE',  ( 29.31725840518218007, -83.99999999999995737, 7.005115773099547916 ) ) ;
#5455 = DIRECTION ( 'NONE',  ( -1.000000000000000000, 0.000000000000000000, 0.000000000000000000 ) ) ;
#5456 = CIRCLE ( 'NONE', #3120, 1.000000000000000888 ) ;
#5457 = CARTESIAN_POINT ( 'NONE',  ( 29.84325973600623527, -83.70000000000001705, 5.633542162698526923 ) ) ;
#5458 = FACE_BOUND ( 'NONE', #8735, .T. ) ;
#5459 = AXIS2_PLACEMENT_3D ( 'NONE', #5703, #2963, #10344 ) ;
#5460 = EDGE_LOOP ( 'NONE', ( #6418, #5435, #11438, #8351 ) ) ;
#5461 = CARTESIAN_POINT ( 'NONE',  ( 62.00000000000000711, -26.00000000000000355, 27.00100000000000122 ) ) ;
#5462 = ADVANCED_FACE ( 'NONE', ( #455 ), #2393, .F. ) ;
#5463 = VERTEX_POINT ( 'NONE', #8005 ) ;
#5464 = VECTOR ( 'NONE', #761, 1000.000000000000000 ) ;
#5465 = DIRECTION ( 'NONE',  ( -0.000000000000000000, -0.000000000000000000, -1.000000000000000000 ) ) ;
#5466 = CARTESIAN_POINT ( 'NONE',  ( 66.00000000000000000, -34.00000000000000000, 1.999999999999998224 ) ) ;
#5467 = CARTESIAN_POINT ( 'NONE',  ( 28.19537841098029318, -83.99999999999998579, 6.698934032791085791 ) ) ;
#5468 = VECTOR ( 'NONE', #5438, 1000.000000000000000 ) ;
#5469 = ORIENTED_EDGE ( 'NONE', *, *, #6476, .F. ) ;
#5470 = CARTESIAN_POINT ( 'NONE',  ( 26.60782547133220532, -84.00000000000000000, 4.451714135841259967 ) ) ;
#5471 = VERTEX_POINT ( 'NONE', #512 ) ;
#5472 = LINE ( 'NONE', #9139, #8387 ) ;
#5473 = EDGE_LOOP ( 'NONE', ( #10222, #595, #2201, #1510, #2000, #6049, #6490, #4814 ) ) ;
#5474 = CARTESIAN_POINT ( 'NONE',  ( 31.42843148024376632, -83.70000000000001705, 7.044077103583869182 ) ) ;
#5475 = CARTESIAN_POINT ( 'NONE',  ( 33.35538882415871598, -84.00000000000000000, 4.451714135841259967 ) ) ;
#5476 = AXIS2_PLACEMENT_3D ( 'NONE', #4777, #2903, #2134 ) ;
#5477 = EDGE_CURVE ( 'NONE', #6482, #5031, #3627, .T. ) ;
#5478 = ORIENTED_EDGE ( 'NONE', *, *, #1447, .T. ) ;
#5479 = CARTESIAN_POINT ( 'NONE',  ( 10.00000000000000000, -63.89813106228984907, 0.000000000000000000 ) ) ;
#5480 = EDGE_LOOP ( 'NONE', ( #2804, #492 ) ) ;
#5481 = FACE_BOUND ( 'NONE', #5673, .T. ) ;
#5482 = DIRECTION ( 'NONE',  ( -1.000000000000000000, 0.000000000000000000, 0.000000000000000000 ) ) ;
#5483 = ORIENTED_EDGE ( 'NONE', *, *, #281, .T. ) ;
#5484 = FACE_OUTER_BOUND ( 'NONE', #10767, .T. ) ;
#5485 = ORIENTED_EDGE ( 'NONE', *, *, #10574, .F. ) ;
#5486 = AXIS2_PLACEMENT_3D ( 'NONE', #4082, #11442, #3271 ) ;
#5487 = AXIS2_PLACEMENT_3D ( 'NONE', #732, #9180, #6471 ) ;
#5488 = EDGE_CURVE ( 'NONE', #4262, #8390, #6087, .T. ) ;
#5489 = CARTESIAN_POINT ( 'NONE',  ( 52.00000000000000711, -22.00000000000000000, 0.000000000000000000 ) ) ;
#5490 = ORIENTED_EDGE ( 'NONE', *, *, #2384, .F. ) ;
#5491 = ORIENTED_EDGE ( 'NONE', *, *, #10806, .F. ) ;
#5492 = CARTESIAN_POINT ( 'NONE',  ( 28.84260996342663930, -83.70000000000001705, 6.951064363261663992 ) ) ;
#5493 = AXIS2_PLACEMENT_3D ( 'NONE', #10099, #8037, #4585 ) ;
#5494 = CARTESIAN_POINT ( 'NONE',  ( 30.55933272506983656, -83.70000000000001705, 7.485208810114385436 ) ) ;
#5495 = CYLINDRICAL_SURFACE ( 'NONE', #9303, 1.000000000000000888 ) ;
#5496 = ORIENTED_EDGE ( 'NONE', *, *, #7127, .F. ) ;
#5497 = SPHERICAL_SURFACE ( 'NONE', #4049, 2.000000000000000000 ) ;
#5498 = CARTESIAN_POINT ( 'NONE',  ( 56.00000000000000711, -46.00000000000000711, 0.000000000000000000 ) ) ;
#5499 = LINE ( 'NONE', #106, #10314 ) ;
#5500 = ORIENTED_EDGE ( 'NONE', *, *, #1495, .T. ) ;
#5501 = EDGE_CURVE ( 'NONE', #4536, #11316, #11705, .T. ) ;
#5502 = VECTOR ( 'NONE', #8553, 1000.000000000000000 ) ;
#5503 = CARTESIAN_POINT ( 'NONE',  ( 28.43017107298203427, -83.99999999999998579, 7.792585846937366334 ) ) ;
#5504 = EDGE_CURVE ( 'NONE', #7586, #6568, #5112, .T. ) ;
#5505 = PLANE ( 'NONE',  #3601 ) ;
#5506 = VERTEX_POINT ( 'NONE', #6204 ) ;
#5507 = CARTESIAN_POINT ( 'NONE',  ( 30.01119111809923368, -83.99999999999991473, 5.017563587909124045 ) ) ;
#5508 = ORIENTED_EDGE ( 'NONE', *, *, #4024, .T. ) ;
#5509 = DIRECTION ( 'NONE',  ( 0.000000000000000000, 0.000000000000000000, 1.000000000000000000 ) ) ;
#5510 = AXIS2_PLACEMENT_3D ( 'NONE', #2315, #8894, #11683 ) ;
#5511 = DIRECTION ( 'NONE',  ( -0.000000000000000000, -0.000000000000000000, -1.000000000000000000 ) ) ;
#5512 = ORIENTED_EDGE ( 'NONE', *, *, #3001, .F. ) ;
#5513 = LINE ( 'NONE', #119, #5388 ) ;
#5514 = DIRECTION ( 'NONE',  ( -1.000000000000000000, 0.000000000000000000, 0.000000000000000000 ) ) ;
#5515 = DIRECTION ( 'NONE',  ( 0.000000000000000000, -0.000000000000000000, -1.000000000000000000 ) ) ;
#5516 = LINE ( 'NONE', #11192, #6930 ) ;
#5517 = CARTESIAN_POINT ( 'NONE',  ( 51.16713149634377800, -83.70000000000001705, 6.149593719834889782 ) ) ;
#5518 = CARTESIAN_POINT ( 'NONE',  ( 28.19720649916428457, -83.70000000000003126, 7.182893680312834483 ) ) ;
#5519 = VERTEX_POINT ( 'NONE', #3415 ) ;
#5520 = EDGE_CURVE ( 'NONE', #8321, #3414, #4220, .T. ) ;
#5521 = ADVANCED_FACE ( 'NONE', ( #7030 ), #7093, .T. ) ;
#5522 = EDGE_CURVE ( 'NONE', #8590, #8893, #3260, .T. ) ;
#5523 = DIRECTION ( 'NONE',  ( -0.000000000000000000, -0.000000000000000000, -1.000000000000000000 ) ) ;
#5524 = EDGE_LOOP ( 'NONE', ( #10950, #10283, #1422, #11648 ) ) ;
#5525 = DIRECTION ( 'NONE',  ( -0.000000000000000000, -0.000000000000000000, -1.000000000000000000 ) ) ;
#5526 = DIRECTION ( 'NONE',  ( 4.336808689942013299E-16, -1.000000000000000000, 0.000000000000000000 ) ) ;
#5527 = DIRECTION ( 'NONE',  ( -0.8769270588122307641, 0.000000000000000000, -0.4806234841567049165 ) ) ;
#5528 = CARTESIAN_POINT ( 'NONE',  ( 29.31895147674704205, -83.99999999999998579, 6.953085919385602942 ) ) ;
#5529 = ORIENTED_EDGE ( 'NONE', *, *, #2512, .F. ) ;
#5530 = EDGE_CURVE ( 'NONE', #6268, #6552, #3835, .T. ) ;
#5531 = ORIENTED_EDGE ( 'NONE', *, *, #10545, .F. ) ;
#5532 = ADVANCED_FACE ( 'NONE', ( #5234 ), #8916, .F. ) ;
#5533 = PLANE ( 'NONE',  #8107 ) ;
#5534 = DIRECTION ( 'NONE',  ( -0.000000000000000000, -0.000000000000000000, -1.000000000000000000 ) ) ;
#5535 = ORIENTED_EDGE ( 'NONE', *, *, #2407, .F. ) ;
#5536 = DIRECTION ( 'NONE',  ( 1.000000000000000000, 2.787948443534154893E-16, 0.000000000000000000 ) ) ;
#5537 = LINE ( 'NONE', #5662, #6517 ) ;
#5538 = ORIENTED_EDGE ( 'NONE', *, *, #7926, .F. ) ;
#5539 = FACE_BOUND ( 'NONE', #5613, .T. ) ;
#5540 = CARTESIAN_POINT ( 'NONE',  ( 29.88314671266380174, -84.00000000000000000, 4.482594520454008524 ) ) ;
#5541 = ORIENTED_EDGE ( 'NONE', *, *, #5723, .T. ) ;
#5542 = PLANE ( 'NONE',  #4515 ) ;
#5543 = CIRCLE ( 'NONE', #4391, 1.000000000000000888 ) ;
#5544 = ORIENTED_EDGE ( 'NONE', *, *, #9981, .F. ) ;
#5545 = CARTESIAN_POINT ( 'NONE',  ( 60.00000000000000711, -38.00000000000000000, 0.000000000000000000 ) ) ;
#5546 = ORIENTED_EDGE ( 'NONE', *, *, #6703, .T. ) ;
#5547 = CARTESIAN_POINT ( 'NONE',  ( 49.16128354312740356, -83.70000000000001705, 5.883511848489860085 ) ) ;
#5548 = AXIS2_PLACEMENT_3D ( 'NONE', #11863, #2785, #2605 ) ;
#5549 = VECTOR ( 'NONE', #439, 1000.000000000000000 ) ;
#5550 = EDGE_CURVE ( 'NONE', #7024, #6565, #5397, .T. ) ;
#5551 = CARTESIAN_POINT ( 'NONE',  ( 30.88287084101031610, -83.69999999999996021, 5.603062575600675110 ) ) ;
#5552 = ORIENTED_EDGE ( 'NONE', *, *, #8838, .F. ) ;
#5553 = ORIENTED_EDGE ( 'NONE', *, *, #6446, .F. ) ;
#5554 = CARTESIAN_POINT ( 'NONE',  ( 62.00000000000001421, -62.00000000000000711, 1.999999999999998224 ) ) ;
#5555 = CARTESIAN_POINT ( 'NONE',  ( 57.00000000000000000, -22.00000000000000000, 0.000000000000000000 ) ) ;
#5556 = EDGE_LOOP ( 'NONE', ( #52, #11796 ) ) ;
#5557 = DIRECTION ( 'NONE',  ( -0.000000000000000000, -0.000000000000000000, -1.000000000000000000 ) ) ;
#5558 = AXIS2_PLACEMENT_3D ( 'NONE', #4942, #7598, #2881 ) ;
#5559 = EDGE_LOOP ( 'NONE', ( #7080, #11495, #6631, #3338 ) ) ;
#5560 = CARTESIAN_POINT ( 'NONE',  ( 61.00000000000000711, -38.00000000000000000, 27.00100000000000122 ) ) ;
#5561 = AXIS2_PLACEMENT_3D ( 'NONE', #11259, #7488, #2960 ) ;
#5562 = CARTESIAN_POINT ( 'NONE',  ( 30.26056406396405407, -83.70000000000001705, 7.521468294471389981 ) ) ;
#5563 = ORIENTED_EDGE ( 'NONE', *, *, #9476, .T. ) ;
#5564 = CARTESIAN_POINT ( 'NONE',  ( 53.00000000000002132, -66.00000000000000000, 1.999999999999998224 ) ) ;
#5565 = ORIENTED_EDGE ( 'NONE', *, *, #6742, .F. ) ;
#5566 = DIRECTION ( 'NONE',  ( -0.000000000000000000, -1.000000000000000000, -0.000000000000000000 ) ) ;
#5567 = AXIS2_PLACEMENT_3D ( 'NONE', #11933, #816, #9886 ) ;
#5568 = ADVANCED_FACE ( 'NONE', ( #695 ), #8123, .T. ) ;
#5569 = EDGE_CURVE ( 'NONE', #9418, #11260, #7272, .T. ) ;
#5570 = VECTOR ( 'NONE', #3282, 1000.000000000000000 ) ;
#5571 = CYLINDRICAL_SURFACE ( 'NONE', #1587, 1.000000000000000888 ) ;
#5572 = EDGE_LOOP ( 'NONE', ( #10607, #10618 ) ) ;
#5573 = CARTESIAN_POINT ( 'NONE',  ( 10.49999999999999822, -0.06350832689629246075, 1.499999999999999334 ) ) ;
#5574 = LINE ( 'NONE', #8334, #1773 ) ;
#5575 = CARTESIAN_POINT ( 'NONE',  ( 52.00000000000000000, -14.00000000000000000, 27.00100000000000122 ) ) ;
#5576 = CARTESIAN_POINT ( 'NONE',  ( 73.80000000000001137, -48.99999999999999289, 24.99999999999999289 ) ) ;
#5577 = LINE ( 'NONE', #8401, #10699 ) ;
#5578 = CARTESIAN_POINT ( 'NONE',  ( 73.80000000000001137, -48.99999999999999289, 24.99999999999999289 ) ) ;
#5579 = ORIENTED_EDGE ( 'NONE', *, *, #9743, .T. ) ;
#5580 = EDGE_CURVE ( 'NONE', #3200, #7354, #2566, .T. ) ;
#5581 = VECTOR ( 'NONE', #6571, 1000.000000000000000 ) ;
#5582 = CARTESIAN_POINT ( 'NONE',  ( 53.05017243201628929, -83.70000000000001705, 4.409827637963545044 ) ) ;
#5583 = AXIS2_PLACEMENT_3D ( 'NONE', #6536, #7561, #2019 ) ;
#5584 = ORIENTED_EDGE ( 'NONE', *, *, #759, .T. ) ;
#5585 = CARTESIAN_POINT ( 'NONE',  ( 3.000000000000016431, -30.00000000000000000, 13.50000000000000178 ) ) ;
#5586 = FACE_OUTER_BOUND ( 'NONE', #3764, .T. ) ;
#5587 = CARTESIAN_POINT ( 'NONE',  ( 30.60938381024310218, -83.70000000000003126, 4.427858556799254330 ) ) ;
#5588 = AXIS2_PLACEMENT_3D ( 'NONE', #5987, #2459, #650 ) ;
#5589 = EDGE_CURVE ( 'NONE', #5440, #9138, #9088, .T. ) ;
#5590 = CARTESIAN_POINT ( 'NONE',  ( 29.37050614089492839, -83.99999999999998579, 6.731584993775708625 ) ) ;
#5591 = EDGE_LOOP ( 'NONE', ( #11722, #3731, #10495 ) ) ;
#5592 = CIRCLE ( 'NONE', #5781, 1.000000000000000888 ) ;
#5593 = CARTESIAN_POINT ( 'NONE',  ( 28.61250616993066842, -84.00000000000000000, 6.287729846460835326 ) ) ;
#5594 = ORIENTED_EDGE ( 'NONE', *, *, #4477, .T. ) ;
#5595 = CARTESIAN_POINT ( 'NONE',  ( 53.00000000000000711, -26.00000000000000355, 1.999999999999998224 ) ) ;
#5596 = CARTESIAN_POINT ( 'NONE',  ( 29.86361570324096704, -84.00000000000001421, 5.265537446075247097 ) ) ;
#5597 = ADVANCED_FACE ( 'NONE', ( #7393 ), #6374, .T. ) ;
#5598 = EDGE_LOOP ( 'NONE', ( #10928, #5490, #7915, #6844 ) ) ;
#5599 = CARTESIAN_POINT ( 'NONE',  ( 52.00631278289348813, -83.70000000000001705, 7.909827637963544156 ) ) ;
#5600 = AXIS2_PLACEMENT_3D ( 'NONE', #10798, #9990, #6196 ) ;
#5601 = EDGE_CURVE ( 'NONE', #5031, #2528, #4493, .T. ) ;
#5602 = ORIENTED_EDGE ( 'NONE', *, *, #7602, .F. ) ;
#5603 = CARTESIAN_POINT ( 'NONE',  ( 28.17510513430301700, -83.99999999999997158, 7.232541915283673184 ) ) ;
#5604 = VERTEX_POINT ( 'NONE', #9946 ) ;
#5605 = EDGE_CURVE ( 'NONE', #6937, #9254, #9146, .T. ) ;
#5606 = FACE_BOUND ( 'NONE', #3670, .T. ) ;
#5607 = DIRECTION ( 'NONE',  ( -0.000000000000000000, -0.000000000000000000, -1.000000000000000000 ) ) ;
#5608 = ORIENTED_EDGE ( 'NONE', *, *, #10961, .T. ) ;
#5609 = LINE ( 'NONE', #1567, #5108 ) ;
#5610 = ORIENTED_EDGE ( 'NONE', *, *, #3213, .T. ) ;
#5611 = AXIS2_PLACEMENT_3D ( 'NONE', #7780, #1272, #4948 ) ;
#5612 = FACE_OUTER_BOUND ( 'NONE', #5022, .T. ) ;
#5613 = EDGE_LOOP ( 'NONE', ( #3517, #6678 ) ) ;
#5614 = CARTESIAN_POINT ( 'NONE',  ( 62.00000000000002132, -66.00000000000000000, 27.00100000000000122 ) ) ;
#5615 = EDGE_LOOP ( 'NONE', ( #8904, #11685, #1047, #1022 ) ) ;
#5616 = AXIS2_PLACEMENT_3D ( 'NONE', #7902, #656, #6221 ) ;
#5617 = DIRECTION ( 'NONE',  ( 1.000000000000000000, 0.000000000000000000, -2.312964634635743844E-15 ) ) ;
#5618 = ORIENTED_EDGE ( 'NONE', *, *, #270, .T. ) ;
#5619 = EDGE_LOOP ( 'NONE', ( #1363, #7684, #6717, #8435, #11374, #10753, #9401, #10742 ) ) ;
#5620 = CARTESIAN_POINT ( 'NONE',  ( 0.000000000000000000, -63.89813106228984907, 0.000000000000000000 ) ) ;
#5621 = ORIENTED_EDGE ( 'NONE', *, *, #3860, .F. ) ;
#5622 = CARTESIAN_POINT ( 'NONE',  ( 61.00000000000000000, -10.00000000000000000, 0.000000000000000000 ) ) ;
#5623 = ORIENTED_EDGE ( 'NONE', *, *, #2121, .F. ) ;
#5624 = CARTESIAN_POINT ( 'NONE',  ( 31.05533498843708884, -83.70000000000001705, 6.243032717060458481 ) ) ;
#5625 = FACE_OUTER_BOUND ( 'NONE', #2678, .T. ) ;
#5626 = ORIENTED_EDGE ( 'NONE', *, *, #3138, .T. ) ;
#5627 = CARTESIAN_POINT ( 'NONE',  ( 30.07781184300030830, -83.70000000000000284, 4.967143285827989807 ) ) ;
#5628 = EDGE_LOOP ( 'NONE', ( #4736, #3780, #129, #11503 ) ) ;
#5629 = CARTESIAN_POINT ( 'NONE',  ( 29.62094671125595369, -84.00000000000000000, 7.749853661734486643 ) ) ;
#5630 = CYLINDRICAL_SURFACE ( 'NONE', #8326, 1.000000000000000888 ) ;
#5631 = ORIENTED_EDGE ( 'NONE', *, *, #867, .T. ) ;
#5632 = CARTESIAN_POINT ( 'NONE',  ( 73.00000000000002842, -82.00000000000000000, 0.000000000000000000 ) ) ;
#5633 = DIRECTION ( 'NONE',  ( -0.000000000000000000, -0.000000000000000000, -1.000000000000000000 ) ) ;
#5634 = DIRECTION ( 'NONE',  ( -0.000000000000000000, -1.000000000000000000, -0.000000000000000000 ) ) ;
#5635 = DIRECTION ( 'NONE',  ( 0.000000000000000000, -0.000000000000000000, -1.000000000000000000 ) ) ;
#5636 = CARTESIAN_POINT ( 'NONE',  ( 57.00000000000000000, -18.00000000000000355, 0.000000000000000000 ) ) ;
#5637 = DIRECTION ( 'NONE',  ( 0.000000000000000000, 0.000000000000000000, -1.000000000000000000 ) ) ;
#5638 = ORIENTED_EDGE ( 'NONE', *, *, #9777, .F. ) ;
#5639 = CARTESIAN_POINT ( 'NONE',  ( 48.36303792909231447, -84.00000000000000000, 5.494622959600970802 ) ) ;
#5640 = CIRCLE ( 'NONE', #9089, 2.000000000000001776 ) ;
#5641 = AXIS2_PLACEMENT_3D ( 'NONE', #7517, #2151, #8551 ) ;
#5642 = ADVANCED_FACE ( 'NONE', ( #10059 ), #1785, .F. ) ;
#5643 = DIRECTION ( 'NONE',  ( 0.000000000000000000, 0.000000000000000000, -1.000000000000000000 ) ) ;
#5644 = ORIENTED_EDGE ( 'NONE', *, *, #6897, .F. ) ;
#5645 = CARTESIAN_POINT ( 'NONE',  ( 53.05017243201628929, -84.00000000000000000, 7.909827637963544156 ) ) ;
#5646 = DIRECTION ( 'NONE',  ( -1.000000000000000000, 0.000000000000000000, 2.478176394252580648E-16 ) ) ;
#5647 = DIRECTION ( 'NONE',  ( 1.000000000000000000, 2.818925648462311528E-16, 0.000000000000000000 ) ) ;
#5648 = AXIS2_PLACEMENT_3D ( 'NONE', #6176, #4287, #7245 ) ;
#5649 = VECTOR ( 'NONE', #780, 1000.000000000000000 ) ;
#5650 = CARTESIAN_POINT ( 'NONE',  ( 29.31725840518218007, -84.00000000000000000, 7.005115773099547916 ) ) ;
#5651 = ORIENTED_EDGE ( 'NONE', *, *, #10892, .T. ) ;
#5652 = CARTESIAN_POINT ( 'NONE',  ( 30.54961414637773487, -83.69999999999998863, 4.910805211235915735 ) ) ;
#5653 = DIRECTION ( 'NONE',  ( -0.000000000000000000, -0.000000000000000000, -1.000000000000000000 ) ) ;
#5654 = ORIENTED_EDGE ( 'NONE', *, *, #9245, .T. ) ;
#5655 = ADVANCED_FACE ( 'NONE', ( #2620 ), #8062, .F. ) ;
#5656 = DIRECTION ( 'NONE',  ( 0.000000000000000000, 0.000000000000000000, -1.000000000000000000 ) ) ;
#5657 = DIRECTION ( 'NONE',  ( -1.000000000000000000, 0.000000000000000000, 0.000000000000000000 ) ) ;
#5658 = ADVANCED_FACE ( 'NONE', ( #9199 ), #6315, .T. ) ;
#5659 = VERTEX_POINT ( 'NONE', #10001 ) ;
#5660 = CARTESIAN_POINT ( 'NONE',  ( 45.00000000000002842, -82.00000000000000000, 22.00000000000000355 ) ) ;
#5661 = VECTOR ( 'NONE', #2008, 1000.000000000000000 ) ;
#5662 = CARTESIAN_POINT ( 'NONE',  ( 46.97122506359524152, -83.70000000000001705, 7.909827637963544156 ) ) ;
#5663 = ORIENTED_EDGE ( 'NONE', *, *, #9348, .T. ) ;
#5664 = FACE_BOUND ( 'NONE', #4684, .T. ) ;
#5665 = DIRECTION ( 'NONE',  ( -0.000000000000000000, -0.000000000000000000, -1.000000000000000000 ) ) ;
#5666 = ORIENTED_EDGE ( 'NONE', *, *, #8549, .F. ) ;
#5667 = CARTESIAN_POINT ( 'NONE',  ( 64.00000000000000000, -18.00000000000000355, 0.000000000000000000 ) ) ;
#5668 = ORIENTED_EDGE ( 'NONE', *, *, #11222, .F. ) ;
#5669 = VECTOR ( 'NONE', #10609, 1000.000000000000000 ) ;
#5670 = EDGE_CURVE ( 'NONE', #5158, #1248, #7049, .T. ) ;
#5671 = CARTESIAN_POINT ( 'NONE',  ( 30.09444436924261268, -83.70000000000000284, 6.731877411042066939 ) ) ;
#5672 = EDGE_CURVE ( 'NONE', #4747, #5035, #2091, .T. ) ;
#5673 = EDGE_LOOP ( 'NONE', ( #10947, #7098 ) ) ;
#5674 = DIRECTION ( 'NONE',  ( -0.000000000000000000, -0.000000000000000000, -1.000000000000000000 ) ) ;
#5675 = VERTEX_POINT ( 'NONE', #4670 ) ;
#5676 = AXIS2_PLACEMENT_3D ( 'NONE', #5023, #7792, #6002 ) ;
#5677 = CARTESIAN_POINT ( 'NONE',  ( 52.00000000000002132, -66.00000000000000000, 0.000000000000000000 ) ) ;
#5678 = ORIENTED_EDGE ( 'NONE', *, *, #4027, .F. ) ;
#5679 = EDGE_LOOP ( 'NONE', ( #1487, #11064, #4746, #3327 ) ) ;
#5680 = CARTESIAN_POINT ( 'NONE',  ( 3.000000000000021316, -80.00000000000000000, 27.00000000000000000 ) ) ;
#5681 = CARTESIAN_POINT ( 'NONE',  ( 60.00000000000000711, -26.00000000000000355, 1.999999999999998224 ) ) ;
#5682 = ORIENTED_EDGE ( 'NONE', *, *, #4592, .F. ) ;
#5683 = ADVANCED_FACE ( 'NONE', ( #323 ), #6549, .F. ) ;
#5684 = DIRECTION ( 'NONE',  ( 0.000000000000000000, -0.000000000000000000, -1.000000000000000000 ) ) ;
#5685 = DIRECTION ( 'NONE',  ( 0.000000000000000000, 1.000000000000000000, 0.000000000000000000 ) ) ;
#5686 = VECTOR ( 'NONE', #11122, 1000.000000000000000 ) ;
#5687 = ORIENTED_EDGE ( 'NONE', *, *, #4836, .T. ) ;
#5688 = VECTOR ( 'NONE', #11193, 1000.000000000000000 ) ;
#5689 = FACE_OUTER_BOUND ( 'NONE', #7593, .T. ) ;
#5690 = DIRECTION ( 'NONE',  ( -1.000000000000000000, 0.000000000000000000, 0.000000000000000000 ) ) ;
#5691 = CARTESIAN_POINT ( 'NONE',  ( 29.39106259890010620, -84.00000000000000000, 7.432495722501656132 ) ) ;
#5692 = CARTESIAN_POINT ( 'NONE',  ( 58.00000000000001421, -58.00000000000000000, 1.999999999999998224 ) ) ;
#5693 = EDGE_LOOP ( 'NONE', ( #4641, #11900 ) ) ;
#5694 = PLANE ( 'NONE',  #4213 ) ;
#5695 = DIRECTION ( 'NONE',  ( -0.000000000000000000, -0.000000000000000000, -1.000000000000000000 ) ) ;
#5696 = VECTOR ( 'NONE', #2006, 1000.000000000000000 ) ;
#5697 = DIRECTION ( 'NONE',  ( -1.000000000000000000, 0.000000000000000000, 0.000000000000000000 ) ) ;
#5698 = LINE ( 'NONE', #969, #3274 ) ;
#5699 = ORIENTED_EDGE ( 'NONE', *, *, #11806, .F. ) ;
#5700 = CARTESIAN_POINT ( 'NONE',  ( 2.000000000000000888, 0.000000000000000000, 27.00000000000000000 ) ) ;
#5701 = FACE_OUTER_BOUND ( 'NONE', #5314, .T. ) ;
#5702 = EDGE_LOOP ( 'NONE', ( #3467, #4055, #883, #2510, #5206, #8776, #1013, #11219, #4374, #8191, #7962, #7216, #3390, #921, #5398, #6878 ) ) ;
#5703 = CARTESIAN_POINT ( 'NONE',  ( 53.00000000000000711, -42.00000000000000000, 27.00100000000000122 ) ) ;
#5704 = LINE ( 'NONE', #1221, #5743 ) ;
#5705 = VECTOR ( 'NONE', #1852, 1000.000000000000000 ) ;
#5706 = EDGE_LOOP ( 'NONE', ( #9167, #9016, #7039 ) ) ;
#5707 = CARTESIAN_POINT ( 'NONE',  ( 73.80000000000001137, -34.99999999999999289, 21.99999999999999645 ) ) ;
#5708 = CARTESIAN_POINT ( 'NONE',  ( 34.15894091426051205, -83.70000000000001705, 7.505212078228091777 ) ) ;
#5709 = CARTESIAN_POINT ( 'NONE',  ( 65.00000000000001421, -66.00000000000000000, 1.999999999999998224 ) ) ;
#5710 = EDGE_CURVE ( 'NONE', #1607, #5991, #1240, .T. ) ;
#5711 = EDGE_LOOP ( 'NONE', ( #3632, #6246, #4545, #4751 ) ) ;
#5712 = CYLINDRICAL_SURFACE ( 'NONE', #8589, 2.000000000000001776 ) ;
#5713 = CARTESIAN_POINT ( 'NONE',  ( 28.59246547599502009, -83.69999999999998863, 7.666999653768137080 ) ) ;
#5714 = EDGE_LOOP ( 'NONE', ( #8610, #11106 ) ) ;
#5715 = FACE_OUTER_BOUND ( 'NONE', #9231, .T. ) ;
#5716 = COLOUR_RGB ( '',1.000000000000000000, 1.000000000000000000, 1.000000000000000000 ) ;
#5717 = CARTESIAN_POINT ( 'NONE',  ( 45.37473383552506334, -84.00000000000000000, 4.368891965448924886 ) ) ;
#5718 = EDGE_LOOP ( 'NONE', ( #8657, #11484, #9830, #4293 ) ) ;
#5719 = DIRECTION ( 'NONE',  ( 0.000000000000000000, -0.000000000000000000, 1.000000000000000000 ) ) ;
#5720 = CARTESIAN_POINT ( 'NONE',  ( 65.00000000000000000, -30.00000000000000000, 0.000000000000000000 ) ) ;
#5721 = LINE ( 'NONE', #1847, #6327 ) ;
#5722 = ORIENTED_EDGE ( 'NONE', *, *, #11006, .F. ) ;
#5723 = EDGE_CURVE ( 'NONE', #7532, #7799, #7685, .T. ) ;
#5724 = FACE_BOUND ( 'NONE', #80, .T. ) ;
#5725 = DIRECTION ( 'NONE',  ( -0.000000000000000000, -1.000000000000000000, -0.000000000000000000 ) ) ;
#5726 = ORIENTED_EDGE ( 'NONE', *, *, #5710, .F. ) ;
#5727 = DIRECTION ( 'NONE',  ( -1.000000000000000000, 0.000000000000000000, 0.000000000000000000 ) ) ;
#5728 = ADVANCED_FACE ( 'NONE', ( #10304 ), #3886, .T. ) ;
#5729 = ORIENTED_EDGE ( 'NONE', *, *, #3604, .T. ) ;
#5730 = LINE ( 'NONE', #9400, #11746 ) ;
#5731 = EDGE_LOOP ( 'NONE', ( #3177, #6451 ) ) ;
#5732 = LINE ( 'NONE', #9527, #6158 ) ;
#5733 = ORIENTED_EDGE ( 'NONE', *, *, #5504, .T. ) ;
#5734 = CARTESIAN_POINT ( 'NONE',  ( 61.00000000000000000, -14.00000000000000000, 1.999999999999998224 ) ) ;
#5735 = ORIENTED_EDGE ( 'NONE', *, *, #7038, .T. ) ;
#5736 = ADVANCED_FACE ( 'NONE', ( #4917 ), #9451, .T. ) ;
#5737 = EDGE_CURVE ( 'NONE', #6383, #9841, #4855, .T. ) ;
#5738 = ORIENTED_EDGE ( 'NONE', *, *, #8960, .T. ) ;
#5739 = DIRECTION ( 'NONE',  ( -1.000000000000000000, 0.000000000000000000, 0.000000000000000000 ) ) ;
#5740 = DIRECTION ( 'NONE',  ( 1.000000000000000000, 0.000000000000000000, 0.000000000000000000 ) ) ;
#5741 = ORIENTED_EDGE ( 'NONE', *, *, #2871, .F. ) ;
#5742 = CARTESIAN_POINT ( 'NONE',  ( 31.13657641631970918, -84.00000000000000000, 6.182673822920587092 ) ) ;
#5743 = VECTOR ( 'NONE', #5933, 1000.000000000000000 ) ;
#5744 = CYLINDRICAL_SURFACE ( 'NONE', #6880, 1.000000000000000888 ) ;
#5745 = DIRECTION ( 'NONE',  ( -1.000000000000000000, 0.000000000000000000, 0.000000000000000000 ) ) ;
#5746 = CARTESIAN_POINT ( 'NONE',  ( 57.00000000000000711, -50.00000000000000000, 0.000000000000000000 ) ) ;
#5747 = CARTESIAN_POINT ( 'NONE',  ( 58.00000000000000711, -42.00000000000000000, 0.000000000000000000 ) ) ;
#5748 = EDGE_CURVE ( 'NONE', #3563, #9972, #7066, .T. ) ;
#5749 = FACE_OUTER_BOUND ( 'NONE', #2306, .T. ) ;
#5750 = ORIENTED_EDGE ( 'NONE', *, *, #4919, .F. ) ;
#5751 = CARTESIAN_POINT ( 'NONE',  ( 2.000000000000027089, -82.00000000000000000, 27.00000000000000000 ) ) ;
#5752 = VECTOR ( 'NONE', #10072, 1000.000000000000000 ) ;
#5753 = CARTESIAN_POINT ( 'NONE',  ( 57.00000000000000711, -50.00000000000000000, 1.999999999999998224 ) ) ;
#5754 = DIRECTION ( 'NONE',  ( 0.000000000000000000, -0.000000000000000000, -1.000000000000000000 ) ) ;
#5755 = CARTESIAN_POINT ( 'NONE',  ( 62.00000000000000000, -10.00000000000000000, 27.00100000000000122 ) ) ;
#5756 = CARTESIAN_POINT ( 'NONE',  ( 64.00000000000001421, -50.00000000000000000, 0.000000000000000000 ) ) ;
#5757 = ORIENTED_EDGE ( 'NONE', *, *, #10625, .T. ) ;
#5758 = DIRECTION ( 'NONE',  ( 1.000000000000000000, 0.000000000000000000, -0.000000000000000000 ) ) ;
#5759 = CARTESIAN_POINT ( 'NONE',  ( 71.00000000000000000, -4.000000000000000000, 27.00000000000000000 ) ) ;
#5760 = CIRCLE ( 'NONE', #1901, 1.000000000000000888 ) ;
#5761 = VERTEX_POINT ( 'NONE', #11390 ) ;
#5762 = CARTESIAN_POINT ( 'NONE',  ( 31.40962685786739783, -84.00000000000000000, 4.946884018761910085 ) ) ;
#5763 = AXIS2_PLACEMENT_3D ( 'NONE', #6777, #7012, #6953 ) ;
#5764 = CARTESIAN_POINT ( 'NONE',  ( 65.00000000000000000, -38.00000000000000000, 1.999999999999998224 ) ) ;
#5765 = CARTESIAN_POINT ( 'NONE',  ( 30.48162744870636232, -83.99999999999995737, 4.413965179748190693 ) ) ;
#5766 = DIRECTION ( 'NONE',  ( 0.000000000000000000, 0.000000000000000000, -1.000000000000000000 ) ) ;
#5767 = EDGE_LOOP ( 'NONE', ( #7752, #8958 ) ) ;
#5768 = DIRECTION ( 'NONE',  ( 1.000000000000000000, 0.000000000000000000, 0.000000000000000000 ) ) ;
#5769 = DIRECTION ( 'NONE',  ( -0.000000000000000000, -0.000000000000000000, -1.000000000000000000 ) ) ;
#5770 = AXIS2_PLACEMENT_3D ( 'NONE', #1998, #232, #3913 ) ;
#5771 = EDGE_LOOP ( 'NONE', ( #11444, #6340 ) ) ;
#5772 = AXIS2_PLACEMENT_3D ( 'NONE', #9746, #7247, #2597 ) ;
#5773 = CARTESIAN_POINT ( 'NONE',  ( 65.00000000000000000, -14.00000000000000000, 1.999999999999998224 ) ) ;
#5774 = EDGE_CURVE ( 'NONE', #3286, #2996, #2856, .T. ) ;
#5775 = VERTEX_POINT ( 'NONE', #5599 ) ;
#5776 = LINE ( 'NONE', #441, #5570 ) ;
#5777 = VECTOR ( 'NONE', #8018, 1000.000000000000000 ) ;
#5778 = EDGE_CURVE ( 'NONE', #805, #3705, #85, .T. ) ;
#5779 = CARTESIAN_POINT ( 'NONE',  ( 30.72610402576696842, -83.70000000000003126, 7.347595911025810445 ) ) ;
#5780 = CARTESIAN_POINT ( 'NONE',  ( 27.93169439241203378, -84.00000000000002842, 7.448979690485282745 ) ) ;
#5781 = AXIS2_PLACEMENT_3D ( 'NONE', #63, #7427, #9361 ) ;
#5782 = FACE_BOUND ( 'NONE', #3000, .T. ) ;
#5783 = DIRECTION ( 'NONE',  ( -1.000000000000000000, 0.000000000000000000, 0.000000000000000000 ) ) ;
#5784 = ORIENTED_EDGE ( 'NONE', *, *, #10213, .F. ) ;
#5785 = DIRECTION ( 'NONE',  ( -0.000000000000000000, -0.000000000000000000, -1.000000000000000000 ) ) ;
#5786 = ORIENTED_EDGE ( 'NONE', *, *, #5601, .F. ) ;
#5787 = CIRCLE ( 'NONE', #5600, 1.000000000000000888 ) ;
#5788 = EDGE_CURVE ( 'NONE', #8082, #790, #10590, .T. ) ;
#5789 = ADVANCED_FACE ( 'NONE', ( #2981 ), #2146, .F. ) ;
#5790 = CARTESIAN_POINT ( 'NONE',  ( 29.92665738345869997, -84.00000000000004263, 7.007672748455656020 ) ) ;
#5791 = VERTEX_POINT ( 'NONE', #5660 ) ;
#5792 = FACE_OUTER_BOUND ( 'NONE', #10591, .T. ) ;
#5793 = ORIENTED_EDGE ( 'NONE', *, *, #3715, .T. ) ;
#5794 = CYLINDRICAL_SURFACE ( 'NONE', #1986, 1.000000000000000888 ) ;
#5795 = ORIENTED_EDGE ( 'NONE', *, *, #11951, .F. ) ;
#5796 = VECTOR ( 'NONE', #10523, 1000.000000000000000 ) ;
#5797 = ORIENTED_EDGE ( 'NONE', *, *, #10497, .T. ) ;
#5798 = PLANE ( 'NONE',  #6371 ) ;
#5799 = EDGE_LOOP ( 'NONE', ( #3834, #4433 ) ) ;
#5800 = DIRECTION ( 'NONE',  ( -0.000000000000000000, -0.000000000000000000, -1.000000000000000000 ) ) ;
#5801 = ORIENTED_EDGE ( 'NONE', *, *, #2562, .F. ) ;
#5802 = CARTESIAN_POINT ( 'NONE',  ( 30.54523071283101388, -84.00000000000001421, 6.513659121762854554 ) ) ;
#5803 = EDGE_CURVE ( 'NONE', #7486, #8305, #9328, .T. ) ;
#5804 = CARTESIAN_POINT ( 'NONE',  ( 54.00000000000002132, -62.00000000000000711, 0.000000000000000000 ) ) ;
#5805 = VECTOR ( 'NONE', #10138, 1000.000000000000000 ) ;
#5806 = CARTESIAN_POINT ( 'NONE',  ( 60.00000000000001421, -58.00000000000000000, 1.999999999999998224 ) ) ;
#5807 = EDGE_CURVE ( 'NONE', #8412, #5056, #11168, .T. ) ;
#5808 = CARTESIAN_POINT ( 'NONE',  ( 2.000000000000027089, -82.00000000000000000, 1.999999999999998224 ) ) ;
#5809 = CARTESIAN_POINT ( 'NONE',  ( 29.31640246938288996, -84.00000000000001421, 7.031419572271843776 ) ) ;
#5810 = CYLINDRICAL_SURFACE ( 'NONE', #422, 1.000000000000000888 ) ;
#5811 = VERTEX_POINT ( 'NONE', #8602 ) ;
#5812 = CARTESIAN_POINT ( 'NONE',  ( 50.83964611622682384, -83.70000000000001705, 7.909827637963544156 ) ) ;
#5813 = CARTESIAN_POINT ( 'NONE',  ( 57.00000000000000000, -18.00000000000000355, 27.00100000000000122 ) ) ;
#5814 = CARTESIAN_POINT ( 'NONE',  ( 57.00000000000001421, -58.00000000000000000, 1.999999999999998224 ) ) ;
#5815 = CARTESIAN_POINT ( 'NONE',  ( 53.00000000000000000, -14.00000000000000000, 0.000000000000000000 ) ) ;
#5816 = DIRECTION ( 'NONE',  ( -1.000000000000000000, 0.000000000000000000, 2.168404344971009608E-16 ) ) ;
#5817 = ORIENTED_EDGE ( 'NONE', *, *, #6608, .F. ) ;
#5818 = CARTESIAN_POINT ( 'NONE',  ( 29.35774972214514023, -83.70000000000001705, 7.339660000220116665 ) ) ;
#5819 = CARTESIAN_POINT ( 'NONE',  ( 30.64456324342409843, -83.99999999999995737, 7.433308004233171395 ) ) ;
#5820 = ADVANCED_FACE ( 'NONE', ( #8420 ), #4792, .F. ) ;
#5821 = EDGE_CURVE ( 'NONE', #1150, #3145, #11748, .T. ) ;
#5822 = EDGE_CURVE ( 'NONE', #11952, #2657, #5776, .T. ) ;
#5823 = ORIENTED_EDGE ( 'NONE', *, *, #1019, .T. ) ;
#5824 = DIRECTION ( 'NONE',  ( -0.000000000000000000, -0.000000000000000000, -1.000000000000000000 ) ) ;
#5825 = LINE ( 'NONE', #7851, #10258 ) ;
#5826 = CARTESIAN_POINT ( 'NONE',  ( 73.00000000000001421, -34.99999999999999289, 21.99999999999999645 ) ) ;
#5827 = CYLINDRICAL_SURFACE ( 'NONE', #7503, 1.000000000000000888 ) ;
#5828 = VERTEX_POINT ( 'NONE', #2322 ) ;
#5829 = LINE ( 'NONE', #199, #9157 ) ;
#5830 = LINE ( 'NONE', #9507, #8445 ) ;
#5831 = CIRCLE ( 'NONE', #6588, 1.000000000000000888 ) ;
#5832 = EDGE_LOOP ( 'NONE', ( #10752, #748, #7870, #7083 ) ) ;
#5833 = DIRECTION ( 'NONE',  ( -1.000000000000000000, 0.000000000000000000, 0.000000000000000000 ) ) ;
#5834 = EDGE_CURVE ( 'NONE', #8994, #4125, #5897, .T. ) ;
#5835 = VERTEX_POINT ( 'NONE', #7806 ) ;
#5836 = DIRECTION ( 'NONE',  ( 0.000000000000000000, 0.000000000000000000, -1.000000000000000000 ) ) ;
#5837 = AXIS2_PLACEMENT_3D ( 'NONE', #7268, #4665, #7444 ) ;
#5839 = ORIENTED_EDGE ( 'NONE', *, *, #2318, .T. ) ;
#5838 = CARTESIAN_POINT ( 'NONE',  ( 65.00000000000000000, -18.00000000000000355, 1.999999999999998224 ) ) ;
#5840 = ORIENTED_EDGE ( 'NONE', *, *, #7823, .F. ) ;
#5841 = CARTESIAN_POINT ( 'NONE',  ( 27.78813948888213403, -83.70000000000003126, 6.420914417513251315 ) ) ;
#5842 = FACE_BOUND ( 'NONE', #6917, .T. ) ;
#5843 = LINE ( 'NONE', #7580, #1970 ) ;
#5844 = ORIENTED_EDGE ( 'NONE', *, *, #8614, .T. ) ;
#5845 = DIRECTION ( 'NONE',  ( 1.000000000000000000, 0.000000000000000000, 0.000000000000000000 ) ) ;
#5846 = ORIENTED_EDGE ( 'NONE', *, *, #3118, .F. ) ;
#5847 = AXIS2_PLACEMENT_3D ( 'NONE', #8020, #7899, #2520 ) ;
#5848 = VECTOR ( 'NONE', #7715, 1000.000000000000000 ) ;
#5849 = DIRECTION ( 'NONE',  ( 0.000000000000000000, 0.000000000000000000, -1.000000000000000000 ) ) ;
#5850 = VERTEX_POINT ( 'NONE', #11510 ) ;
#5851 = CARTESIAN_POINT ( 'NONE',  ( 49.00000000000000000, -14.00000000000000000, 0.000000000000000000 ) ) ;
#5852 = ORIENTED_EDGE ( 'NONE', *, *, #701, .T. ) ;
#5853 = AXIS2_PLACEMENT_3D ( 'NONE', #5302, #6207, #6093 ) ;
#5854 = B_SPLINE_CURVE_WITH_KNOTS ( 'NONE', 3,
 ( #6952, #2254, #10663, #5947, #6127, #612, #10783, #1470, #7921, #7011, #2485, #1527, #11082, #9925, #3506 ),
 .UNSPECIFIED., .F., .F.,
 ( 4, 1, 1, 1, 1, 1, 1, 1, 1, 1, 1, 1, 4 ),
 ( 0.000000000000000000, 0.09295658952157113963, 0.1807019760103419914, 0.2640860494286545457, 0.3474413505830815097, 0.3931014325017179734, 0.4490846277372104178, 0.5142966959837583785, 0.5906934502464786796, 0.6769579285337230523, 0.7739837263565787495, 0.8811652680505512869, 1.000000000000000000 ),
 .UNSPECIFIED. ) ;
#5855 = DIRECTION ( 'NONE',  ( 1.000000000000000000, 0.000000000000000000, 0.000000000000000000 ) ) ;
#5856 = VERTEX_POINT ( 'NONE', #8662 ) ;
#5857 = EDGE_CURVE ( 'NONE', #4155, #2873, #5760, .T. ) ;
#5858 = VERTEX_POINT ( 'NONE', #7867 ) ;
#5859 = AXIS2_PLACEMENT_3D ( 'NONE', #6454, #3660, #953 ) ;
#5860 = DIRECTION ( 'NONE',  ( 0.000000000000000000, 0.000000000000000000, -1.000000000000000000 ) ) ;
#5861 = DIRECTION ( 'NONE',  ( -0.000000000000000000, -0.000000000000000000, -1.000000000000000000 ) ) ;
#5862 = CARTESIAN_POINT ( 'NONE',  ( 30.77000743289246998, -84.00000000000001421, 6.412814328894986815 ) ) ;
#5863 = CARTESIAN_POINT ( 'NONE',  ( 61.00000000000000000, -14.00000000000000000, 27.00100000000000122 ) ) ;
#5864 = DIRECTION ( 'NONE',  ( 1.000000000000000000, 0.000000000000000000, 0.000000000000000000 ) ) ;
#5865 = VECTOR ( 'NONE', #11611, 1000.000000000000000 ) ;
#5866 = FACE_OUTER_BOUND ( 'NONE', #535, .T. ) ;
#5867 = CARTESIAN_POINT ( 'NONE',  ( 29.33352749087713462, -84.00000000000001421, 7.241654911040369846 ) ) ;
#5868 = CARTESIAN_POINT ( 'NONE',  ( 58.00000000000000711, -46.00000000000000711, 0.000000000000000000 ) ) ;
#5869 = EDGE_LOOP ( 'NONE', ( #829, #9009, #4387, #11102, #8730 ) ) ;
#5870 = ADVANCED_FACE ( 'NONE', ( #3158 ), #9630, .T. ) ;
#5871 = CARTESIAN_POINT ( 'NONE',  ( 2.709472857716155091E-14, -81.99999999999997158, 27.00000000000000000 ) ) ;
#5872 = CARTESIAN_POINT ( 'NONE',  ( 49.00000000000001421, -50.00000000000000000, 1.999999999999998224 ) ) ;
#5873 = DIRECTION ( 'NONE',  ( -0.000000000000000000, -0.000000000000000000, -1.000000000000000000 ) ) ;
#5874 = LINE ( 'NONE', #7904, #10582 ) ;
#5875 = ORIENTED_EDGE ( 'NONE', *, *, #601, .T. ) ;
#5876 = ADVANCED_FACE ( 'NONE', ( #500 ), #10488, .F. ) ;
#5877 = VECTOR ( 'NONE', #5146, 1000.000000000000000 ) ;
#5878 = CIRCLE ( 'NONE', #652, 1.000000000000000888 ) ;
#5879 = DIRECTION ( 'NONE',  ( -0.2553911228370286945, 0.000000000000000000, -0.9668378221687655705 ) ) ;
#5880 = DIRECTION ( 'NONE',  ( 1.000000000000000000, 0.000000000000000000, 0.000000000000000000 ) ) ;
#5881 = EDGE_LOOP ( 'NONE', ( #3490, #3720 ) ) ;
#5882 = CARTESIAN_POINT ( 'NONE',  ( 48.79286249049582125, -83.70000000000001705, 7.132049860185766477 ) ) ;
#5883 = AXIS2_PLACEMENT_3D ( 'NONE', #7901, #9668, #6108 ) ;
#5884 = FACE_OUTER_BOUND ( 'NONE', #5086, .T. ) ;
#5885 = CARTESIAN_POINT ( 'NONE',  ( 65.00000000000001421, -54.00000000000000000, 0.000000000000000000 ) ) ;
#5886 = LINE ( 'NONE', #9747, #1041 ) ;
#5887 = ADVANCED_FACE ( 'NONE', ( #11569 ), #6958, .T. ) ;
#5888 = CARTESIAN_POINT ( 'NONE',  ( 31.94462425842338504, -83.70000000000001705, 7.983552992241519597 ) ) ;
#5889 = ORIENTED_EDGE ( 'NONE', *, *, #11, .F. ) ;
#5890 = CARTESIAN_POINT ( 'NONE',  ( 30.60736545036718326, -83.70000000000003126, 4.926833505019033943 ) ) ;
#5891 = CARTESIAN_POINT ( 'NONE',  ( 3.000000000000015543, -51.00000000000000000, 13.50000000000000178 ) ) ;
#5892 = VERTEX_POINT ( 'NONE', #2208 ) ;
#5893 = EDGE_CURVE ( 'NONE', #1817, #11816, #3436, .T. ) ;
#5894 = AXIS2_PLACEMENT_3D ( 'NONE', #10171, #3631, #4544 ) ;
#5895 = LINE ( 'NONE', #5034, #11228 ) ;
#5896 = ORIENTED_EDGE ( 'NONE', *, *, #4955, .T. ) ;
#5897 = LINE ( 'NONE', #4118, #3233 ) ;
#5898 = LINE ( 'NONE', #2209, #11056 ) ;
#5899 = EDGE_LOOP ( 'NONE', ( #7152, #518, #4406, #2218 ) ) ;
#5900 = EDGE_CURVE ( 'NONE', #4576, #1802, #5963, .T. ) ;
#5901 = DIRECTION ( 'NONE',  ( 1.000000000000000000, 0.000000000000000000, 0.000000000000000000 ) ) ;
#5902 = ADVANCED_FACE ( 'NONE', ( #1355 ), #9882, .T. ) ;
#5903 = EDGE_CURVE ( 'NONE', #1080, #282, #5537, .T. ) ;
#5904 = LINE ( 'NONE', #7935, #10211 ) ;
#5905 = CARTESIAN_POINT ( 'NONE',  ( 30.01146288812770635, -83.69999999999998863, 6.159531851068830832 ) ) ;
#5906 = ORIENTED_EDGE ( 'NONE', *, *, #3572, .T. ) ;
#5907 = LINE ( 'NONE', #9334, #9546 ) ;
#5908 = ORIENTED_EDGE ( 'NONE', *, *, #11205, .T. ) ;
#5909 = VECTOR ( 'NONE', #5566, 1000.000000000000000 ) ;
#5910 = LINE ( 'NONE', #7882, #9806 ) ;
#5911 = VERTEX_POINT ( 'NONE', #11220 ) ;
#5912 = CARTESIAN_POINT ( 'NONE',  ( 30.74896169477251817, -84.00000000000000000, 5.008028990036993200 ) ) ;
#5913 = CARTESIAN_POINT ( 'NONE',  ( 47.00000000000002842, 0.001000000000001000089, 16.19999999999999929 ) ) ;
#5914 = VERTEX_POINT ( 'NONE', #6669 ) ;
#5915 = ORIENTED_EDGE ( 'NONE', *, *, #8483, .T. ) ;
#5916 = FACE_OUTER_BOUND ( 'NONE', #11636, .T. ) ;
#5917 = DIRECTION ( 'NONE',  ( 0.000000000000000000, -0.000000000000000000, -1.000000000000000000 ) ) ;
#5918 = CARTESIAN_POINT ( 'NONE',  ( 30.73841409011030734, -83.70000000000000284, 7.979397596245377144 ) ) ;
#5919 = DIRECTION ( 'NONE',  ( -0.000000000000000000, -0.000000000000000000, -1.000000000000000000 ) ) ;
#5920 = CARTESIAN_POINT ( 'NONE',  ( 52.00000000000000711, -34.00000000000000000, 1.999999999999998224 ) ) ;
#5921 = ADVANCED_FACE ( 'NONE', ( #3827 ), #2800, .F. ) ;
#5922 = CARTESIAN_POINT ( 'NONE',  ( 27.78813948888213403, -84.00000000000001421, 6.420914417513251315 ) ) ;
#5923 = CARTESIAN_POINT ( 'NONE',  ( 29.23604726037270751, -84.00000000000000000, 5.633542162698526923 ) ) ;
#5924 = DIRECTION ( 'NONE',  ( 0.000000000000000000, 0.000000000000000000, -1.000000000000000000 ) ) ;
#5925 = ORIENTED_EDGE ( 'NONE', *, *, #8697, .T. ) ;
#5926 = LINE ( 'NONE', #4034, #4706 ) ;
#5927 = DIRECTION ( 'NONE',  ( 0.000000000000000000, -0.000000000000000000, -1.000000000000000000 ) ) ;
#5928 = DIRECTION ( 'NONE',  ( -3.304235192336777484E-16, 1.000000000000000000, -2.891205793294679312E-16 ) ) ;
#5929 = CARTESIAN_POINT ( 'NONE',  ( 65.00000000000001421, -50.00000000000000000, 1.999999999999998224 ) ) ;
#5930 = AXIS2_PLACEMENT_3D ( 'NONE', #10906, #5523, #5400 ) ;
#5931 = EDGE_LOOP ( 'NONE', ( #7754, #3128 ) ) ;
#5932 = LINE ( 'NONE', #10768, #3113 ) ;
#5933 = DIRECTION ( 'NONE',  ( -0.000000000000000000, -1.000000000000000000, -0.000000000000000000 ) ) ;
#5934 = CARTESIAN_POINT ( 'NONE',  ( 30.16379603509039953, -83.99999999999998579, 4.922501976949311242 ) ) ;
#5935 = EDGE_CURVE ( 'NONE', #7900, #10499, #6612, .T. ) ;
#5936 = EDGE_CURVE ( 'NONE', #7349, #9599, #2033, .T. ) ;
#5937 = ORIENTED_EDGE ( 'NONE', *, *, #961, .T. ) ;
#5938 = CARTESIAN_POINT ( 'NONE',  ( 48.00000000000001421, -54.00000000000000000, 1.999999999999998224 ) ) ;
#5939 = CIRCLE ( 'NONE', #7085, 2.000000000000001776 ) ;
#5940 = CARTESIAN_POINT ( 'NONE',  ( 50.04140050219173474, -84.00000000000000000, 4.409827637963545044 ) ) ;
#5941 = ORIENTED_EDGE ( 'NONE', *, *, #1141, .F. ) ;
#5942 = DIRECTION ( 'NONE',  ( -0.000000000000000000, -0.000000000000000000, -1.000000000000000000 ) ) ;
#5943 = DIRECTION ( 'NONE',  ( -0.000000000000000000, -0.000000000000000000, -1.000000000000000000 ) ) ;
#5944 = CARTESIAN_POINT ( 'NONE',  ( 5.000000000000022204, -82.00000000000000000, 1.999999999999998224 ) ) ;
#5945 = EDGE_CURVE ( 'NONE', #8144, #4262, #5721, .T. ) ;
#5946 = ORIENTED_EDGE ( 'NONE', *, *, #3943, .T. ) ;
#5947 = CARTESIAN_POINT ( 'NONE',  ( 29.94596348587013779, -83.99999999999998579, 6.928748990884614933 ) ) ;
#5948 = CARTESIAN_POINT ( 'NONE',  ( 73.80000000000001137, -34.99999999999999289, 24.99999999999999289 ) ) ;
#5949 = ORIENTED_EDGE ( 'NONE', *, *, #11939, .T. ) ;
#5950 = CIRCLE ( 'NONE', #11929, 1.000000000000000888 ) ;
#5951 = CARTESIAN_POINT ( 'NONE',  ( 65.00000000000001421, -66.00000000000000000, 27.00100000000000122 ) ) ;
#5952 = VECTOR ( 'NONE', #11563, 1000.000000000000000 ) ;
#5953 = ADVANCED_FACE ( 'NONE', ( #1114 ), #7168, .T. ) ;
#5954 = ORIENTED_EDGE ( 'NONE', *, *, #1245, .F. ) ;
#5955 = DIRECTION ( 'NONE',  ( 1.000000000000000000, 0.000000000000000000, 0.000000000000000000 ) ) ;
#5956 = CARTESIAN_POINT ( 'NONE',  ( 28.65963895757398916, -84.00000000000001421, 7.590374603088732464 ) ) ;
#5957 = EDGE_CURVE ( 'NONE', #9641, #10505, #1118, .T. ) ;
#5958 = LINE ( 'NONE', #10489, #44 ) ;
#5959 = EDGE_LOOP ( 'NONE', ( #10170, #8724, #7852, #3057 ) ) ;
#5960 = PLANE ( 'NONE',  #9809 ) ;
#5961 = VECTOR ( 'NONE', #4790, 1000.000000000000000 ) ;
#5963 = CIRCLE ( 'NONE', #9996, 1.000000000000000888 ) ;
#5962 = CARTESIAN_POINT ( 'NONE',  ( -0.000000000000000000, -2.000000000000000000, 0.000000000000000000 ) ) ;
#5964 = CARTESIAN_POINT ( 'NONE',  ( 29.32856268512906439, -83.70000000000003126, 6.876291518980663930 ) ) ;
#5965 = EDGE_LOOP ( 'NONE', ( #9729, #10198 ) ) ;
#5966 = VECTOR ( 'NONE', #9251, 1000.000000000000000 ) ;
#5967 = DIRECTION ( 'NONE',  ( -0.000000000000000000, -1.000000000000000000, -0.000000000000000000 ) ) ;
#5968 = EDGE_LOOP ( 'NONE', ( #9450, #10813, #8043, #573 ) ) ;
#5969 = EDGE_LOOP ( 'NONE', ( #2163, #11187, #679, #3512 ) ) ;
#5970 = AXIS2_PLACEMENT_3D ( 'NONE', #1254, #2993, #9465 ) ;
#5971 = LINE ( 'NONE', #1370, #8837 ) ;
#5972 = EDGE_CURVE ( 'NONE', #3414, #5463, #4061, .T. ) ;
#5973 = ORIENTED_EDGE ( 'NONE', *, *, #2523, .T. ) ;
#5974 = CARTESIAN_POINT ( 'NONE',  ( 73.00000000000001421, -48.99999999999999289, 21.99999999999999645 ) ) ;
#5975 = AXIS2_PLACEMENT_3D ( 'NONE', #1298, #6846, #2328 ) ;
#5976 = EDGE_CURVE ( 'NONE', #9956, #11403, #11513, .T. ) ;
#5977 = DIRECTION ( 'NONE',  ( 1.000000000000000000, 0.000000000000000000, 0.000000000000000000 ) ) ;
#5978 = ORIENTED_EDGE ( 'NONE', *, *, #7986, .T. ) ;
#5979 = VECTOR ( 'NONE', #1725, 1000.000000000000000 ) ;
#5980 = EDGE_LOOP ( 'NONE', ( #1784, #10123 ) ) ;
#5981 = CARTESIAN_POINT ( 'NONE',  ( 31.00000000000000000, -1.200000000000000178, 25.00000000000000355 ) ) ;
#5982 = VECTOR ( 'NONE', #1542, 1000.000000000000000 ) ;
#5983 = CARTESIAN_POINT ( 'NONE',  ( 34.15894091426051205, -84.00000000000000000, 7.505212078228091777 ) ) ;
#5984 = CARTESIAN_POINT ( 'NONE',  ( 30.84883463402049131, -83.99999999999997158, 7.943424345131065323 ) ) ;
#5985 = CARTESIAN_POINT ( 'NONE',  ( 48.60865196418003364, -84.00000000000000000, 7.950763310478163426 ) ) ;
#5986 = EDGE_CURVE ( 'NONE', #2835, #6012, #11931, .T. ) ;
#5987 = CARTESIAN_POINT ( 'NONE',  ( 31.00000000000002132, -82.79999999999999716, 22.00000000000000711 ) ) ;
#5988 = CARTESIAN_POINT ( 'NONE',  ( 28.23388348946856397, -84.00000000000000000, 6.881320711829847170 ) ) ;
#5989 = VECTOR ( 'NONE', #6581, 1000.000000000000000 ) ;
#5990 = DIRECTION ( 'NONE',  ( -0.000000000000000000, -0.000000000000000000, -1.000000000000000000 ) ) ;
#5991 = VERTEX_POINT ( 'NONE', #10674 ) ;
#5992 = FACE_OUTER_BOUND ( 'NONE', #939, .T. ) ;
#5993 = CARTESIAN_POINT ( 'NONE',  ( 58.00000000000001421, -62.00000000000000711, 27.00100000000000122 ) ) ;
#5994 = LINE ( 'NONE', #9603, #48 ) ;
#5995 = DIRECTION ( 'NONE',  ( -0.000000000000000000, -0.000000000000000000, -1.000000000000000000 ) ) ;
#5996 = ORIENTED_EDGE ( 'NONE', *, *, #6866, .T. ) ;
#5997 = CARTESIAN_POINT ( 'NONE',  ( 56.00000000000000711, -42.00000000000000000, 1.999999999999998224 ) ) ;
#5998 = CIRCLE ( 'NONE', #7, 2.000000000000000000 ) ;
#5999 = CARTESIAN_POINT ( 'NONE',  ( 55.03555254897536031, -83.70000000000001705, 7.520938749074655760 ) ) ;
#6000 = CARTESIAN_POINT ( 'NONE',  ( 30.34889109836274557, -84.00000000000000000, 4.889877445349599228 ) ) ;
#6001 = ORIENTED_EDGE ( 'NONE', *, *, #10061, .T. ) ;
#6002 = DIRECTION ( 'NONE',  ( -1.000000000000000000, 0.000000000000000000, 0.000000000000000000 ) ) ;
#6003 = CARTESIAN_POINT ( 'NONE',  ( 56.00000000000000000, -18.00000000000000355, 27.00100000000000122 ) ) ;
#6004 = EDGE_LOOP ( 'NONE', ( #11516, #7589, #7275, #7703 ) ) ;
#6005 = DIRECTION ( 'NONE',  ( -0.000000000000000000, -0.000000000000000000, -1.000000000000000000 ) ) ;
#6006 = VECTOR ( 'NONE', #581, 1000.000000000000000 ) ;
#6007 = CARTESIAN_POINT ( 'NONE',  ( 28.33318826102248167, -83.70000000000001705, 4.451714135841259967 ) ) ;
#6008 = LINE ( 'NONE', #9504, #4804 ) ;
#6009 = EDGE_LOOP ( 'NONE', ( #8264, #9718, #725, #10823 ) ) ;
#6010 = LINE ( 'NONE', #1588, #1262 ) ;
#6011 = CARTESIAN_POINT ( 'NONE',  ( 66.00000000000001421, -66.00000000000000000, 1.999999999999998224 ) ) ;
#6012 = VERTEX_POINT ( 'NONE', #4122 ) ;
#6013 = EDGE_CURVE ( 'NONE', #11699, #1607, #1319, .T. ) ;
#6014 = CARTESIAN_POINT ( 'NONE',  ( 52.64081570687010014, -83.70000000000001705, 4.409827637963545044 ) ) ;
#6015 = ORIENTED_EDGE ( 'NONE', *, *, #4242, .T. ) ;
#6016 = DIRECTION ( 'NONE',  ( 0.000000000000000000, 0.000000000000000000, -1.000000000000000000 ) ) ;
#6017 = CARTESIAN_POINT ( 'NONE',  ( 33.20000000000003126, 0.001000000000001000089, 9.999999999999998224 ) ) ;
#6018 = LINE ( 'NONE', #6960, #4450 ) ;
#6019 = CARTESIAN_POINT ( 'NONE',  ( 45.37473383552506334, -83.70000000000001705, 4.368891965448924886 ) ) ;
#6020 = AXIS2_PLACEMENT_3D ( 'NONE', #1042, #6422, #9440 ) ;
#6021 = LINE ( 'NONE', #5962, #2860 ) ;
#6022 = CARTESIAN_POINT ( 'NONE',  ( 29.31640246938288996, -83.99999999999997158, 7.031419572271843776 ) ) ;
#6023 = ORIENTED_EDGE ( 'NONE', *, *, #3380, .F. ) ;
#6024 = CARTESIAN_POINT ( 'NONE',  ( 50.00000000000000000, -10.00000000000000000, 0.000000000000000000 ) ) ;
#6025 = ORIENTED_EDGE ( 'NONE', *, *, #11867, .F. ) ;
#6026 = EDGE_CURVE ( 'NONE', #9398, #8969, #11334, .T. ) ;
#6027 = EDGE_CURVE ( 'NONE', #11733, #8494, #8066, .T. ) ;
#6028 = AXIS2_PLACEMENT_3D ( 'NONE', #9638, #7309, #9121 ) ;
#6029 = FACE_OUTER_BOUND ( 'NONE', #3397, .T. ) ;
#6030 = VERTEX_POINT ( 'NONE', #6019 ) ;
#6031 = CARTESIAN_POINT ( 'NONE',  ( 57.00000000000001421, -66.00000000000000000, 1.999999999999998224 ) ) ;
#6032 = EDGE_LOOP ( 'NONE', ( #6618, #4278, #6802, #11581 ) ) ;
#6033 = CARTESIAN_POINT ( 'NONE',  ( 31.43065414796204848, -83.70000000000001705, 6.942725615156834174 ) ) ;
#6034 = CARTESIAN_POINT ( 'NONE',  ( 32.74817634852518466, -84.00000000000000000, 7.505212078228091777 ) ) ;
#6035 = VERTEX_POINT ( 'NONE', #7749 ) ;
#6036 = AXIS2_PLACEMENT_3D ( 'NONE', #7063, #666, #7914 ) ;
#6037 = EDGE_LOOP ( 'NONE', ( #10066, #10225 ) ) ;
#6038 = CYLINDRICAL_SURFACE ( 'NONE', #3293, 1.000000000000000888 ) ;
#6039 = ADVANCED_FACE ( 'NONE', ( #11455 ), #2265, .F. ) ;
#6040 = ADVANCED_FACE ( 'NONE', ( #10427 ), #5960, .T. ) ;
#6041 = EDGE_CURVE ( 'NONE', #7737, #3997, #11575, .T. ) ;
#6042 = CARTESIAN_POINT ( 'NONE',  ( 49.00000000000001421, -62.00000000000000711, 1.999999999999998224 ) ) ;
#6043 = LINE ( 'NONE', #7771, #2081 ) ;
#6044 = AXIS2_PLACEMENT_3D ( 'NONE', #5913, #4018, #6855 ) ;
#6045 = CARTESIAN_POINT ( 'NONE',  ( 61.00000000000001421, -58.00000000000000000, 0.000000000000000000 ) ) ;
#6046 = LINE ( 'NONE', #2461, #8703 ) ;
#6047 = CIRCLE ( 'NONE', #4483, 1.000000000000000888 ) ;
#6048 = CARTESIAN_POINT ( 'NONE',  ( 30.34889109836274557, -83.70000000000001705, 4.411536531336170519 ) ) ;
#6049 = ORIENTED_EDGE ( 'NONE', *, *, #3621, .T. ) ;
#6050 = DIRECTION ( 'NONE',  ( -1.000000000000000000, 0.000000000000000000, 0.000000000000000000 ) ) ;
#6051 = CARTESIAN_POINT ( 'NONE',  ( 56.00000000000001421, -58.00000000000000000, 0.000000000000000000 ) ) ;
#6052 = EDGE_CURVE ( 'NONE', #5294, #734, #2210, .T. ) ;
#6053 = LINE ( 'NONE', #4153, #2942 ) ;
#6054 = CARTESIAN_POINT ( 'NONE',  ( 31.43313308446841958, -83.70000000000001705, 5.848649548079405847 ) ) ;
#6055 = ORIENTED_EDGE ( 'NONE', *, *, #3369, .T. ) ;
#6056 = LINE ( 'NONE', #3440, #6415 ) ;
#6057 = DIRECTION ( 'NONE',  ( -1.000000000000000000, 0.000000000000000000, -0.000000000000000000 ) ) ;
#6058 = VECTOR ( 'NONE', #7498, 1000.000000000000000 ) ;
#6059 = CARTESIAN_POINT ( 'NONE',  ( 47.58526015131454301, -83.70000000000001705, 4.409827637963545044 ) ) ;
#6060 = EDGE_LOOP ( 'NONE', ( #3335, #9460, #3964, #4499 ) ) ;
#6061 = PLANE ( 'NONE',  #7584 ) ;
#6062 = CARTESIAN_POINT ( 'NONE',  ( 49.00000000000000000, -10.00000000000000000, 1.999999999999998224 ) ) ;
#6063 = ORIENTED_EDGE ( 'NONE', *, *, #8673, .F. ) ;
#6064 = LINE ( 'NONE', #10413, #5379 ) ;
#6065 = AXIS2_PLACEMENT_3D ( 'NONE', #7298, #11065, #11178 ) ;
#6066 = LINE ( 'NONE', #11615, #7978 ) ;
#6067 = DIRECTION ( 'NONE',  ( -0.000000000000000000, -0.000000000000000000, -1.000000000000000000 ) ) ;
#6068 = VERTEX_POINT ( 'NONE', #4001 ) ;
#6069 = LINE ( 'NONE', #11504, #290 ) ;
#6070 = FACE_BOUND ( 'NONE', #3848, .T. ) ;
#6071 = ORIENTED_EDGE ( 'NONE', *, *, #6544, .T. ) ;
#6072 = ORIENTED_EDGE ( 'NONE', *, *, #7424, .T. ) ;
#6073 = DIRECTION ( 'NONE',  ( 0.000000000000000000, 0.000000000000000000, 1.000000000000000000 ) ) ;
#6074 = ORIENTED_EDGE ( 'NONE', *, *, #3264, .T. ) ;
#6075 = CARTESIAN_POINT ( 'NONE',  ( 27.90998934821781674, -83.99999999999995737, 7.969189560658760385 ) ) ;
#6076 = ADVANCED_FACE ( 'NONE', ( #7689 ), #7830, .T. ) ;
#6077 = DIRECTION ( 'NONE',  ( 0.000000000000000000, 0.000000000000000000, -1.000000000000000000 ) ) ;
#6078 = VERTEX_POINT ( 'NONE', #3518 ) ;
#6079 = CARTESIAN_POINT ( 'NONE',  ( 49.00000000000001421, -54.00000000000000000, 1.999999999999998224 ) ) ;
#6080 = CARTESIAN_POINT ( 'NONE',  ( 57.00000000000000711, -42.00000000000000000, 27.00100000000000122 ) ) ;
#6081 = ORIENTED_EDGE ( 'NONE', *, *, #11405, .T. ) ;
#6082 = DIRECTION ( 'NONE',  ( 0.000000000000000000, 0.000000000000000000, 1.000000000000000000 ) ) ;
#6083 = VERTEX_POINT ( 'NONE', #4482 ) ;
#6084 = VERTEX_POINT ( 'NONE', #4307 ) ;
#6085 = DIRECTION ( 'NONE',  ( 1.000000000000000000, 0.000000000000000000, 0.000000000000000000 ) ) ;
#6086 = ORIENTED_EDGE ( 'NONE', *, *, #10747, .T. ) ;
#6087 = LINE ( 'NONE', #4255, #10804 ) ;
#6088 = ADVANCED_FACE ( 'NONE', ( #7206 ), #9873, .F. ) ;
#6089 = EDGE_CURVE ( 'NONE', #8619, #1591, #5543, .T. ) ;
#6090 = AXIS2_PLACEMENT_3D ( 'NONE', #3150, #7858, #9750 ) ;
#6091 = VERTEX_POINT ( 'NONE', #9136 ) ;
#6092 = PLANE ( 'NONE',  #8659 ) ;
#6093 = DIRECTION ( 'NONE',  ( -1.000000000000000000, 0.000000000000000000, -0.000000000000000000 ) ) ;
#6094 = ORIENTED_EDGE ( 'NONE', *, *, #9273, .T. ) ;
#6095 = ORIENTED_EDGE ( 'NONE', *, *, #6866, .F. ) ;
#6096 = EDGE_LOOP ( 'NONE', ( #9270, #5115, #3100, #10894 ) ) ;
#6097 = CARTESIAN_POINT ( 'NONE',  ( 28.17930045508788695, -84.00000000000000000, 6.019398779549295142 ) ) ;
#6098 = AXIS2_PLACEMENT_3D ( 'NONE', #8660, #8482, #203 ) ;
#6099 = CARTESIAN_POINT ( 'NONE',  ( 31.46881275801256095, -84.00000000000001421, 5.775656167481522552 ) ) ;
#6100 = CARTESIAN_POINT ( 'NONE',  ( 28.14364364627960668, -83.70000000000001705, 6.604991921735927640 ) ) ;
#6101 = FACE_OUTER_BOUND ( 'NONE', #3033, .T. ) ;
#6102 = DIRECTION ( 'NONE',  ( 1.000000000000000000, 0.000000000000000000, 0.000000000000000000 ) ) ;
#6103 = APPLICATION_PROTOCOL_DEFINITION ( 'draft international standard', 'automotive_design', 1998, #4396 ) ;
#6104 = EDGE_CURVE ( 'NONE', #4179, #2154, #11753, .T. ) ;
#6105 = ADVANCED_FACE ( 'NONE', ( #2611 ), #10855, .F. ) ;
#6106 = DIRECTION ( 'NONE',  ( -0.000000000000000000, -0.000000000000000000, -1.000000000000000000 ) ) ;
#6107 = ORIENTED_EDGE ( 'NONE', *, *, #10913, .T. ) ;
#6108 = DIRECTION ( 'NONE',  ( -1.000000000000000000, 0.000000000000000000, 0.000000000000000000 ) ) ;
#6109 = DIRECTION ( 'NONE',  ( -1.000000000000000000, 0.000000000000000000, 0.000000000000000000 ) ) ;
#6110 = LINE ( 'NONE', #11427, #6444 ) ;
#6111 = CARTESIAN_POINT ( 'NONE',  ( 30.74896169477251817, -83.70000000000001705, 5.008028990036993200 ) ) ;
#6112 = ORIENTED_EDGE ( 'NONE', *, *, #6117, .F. ) ;
#6113 = DIRECTION ( 'NONE',  ( -4.336808689942014285E-16, 1.000000000000000000, 0.000000000000000000 ) ) ;
#6114 = LINE ( 'NONE', #2471, #5352 ) ;
#6115 = ADVANCED_FACE ( 'NONE', ( #5343 ), #5145, .T. ) ;
#6116 = FACE_OUTER_BOUND ( 'NONE', #5619, .T. ) ;
#6117 = EDGE_CURVE ( 'NONE', #2133, #4113, #2970, .T. ) ;
#6118 = ORIENTED_EDGE ( 'NONE', *, *, #1653, .T. ) ;
#6119 = DIRECTION ( 'NONE',  ( 0.000000000000000000, 1.000000000000000000, 0.000000000000000000 ) ) ;
#6120 = EDGE_CURVE ( 'NONE', #9937, #2452, #3749, .T. ) ;
#6121 = CARTESIAN_POINT ( 'NONE',  ( 65.00000000000000000, -34.00000000000000000, 1.999999999999998224 ) ) ;
#6122 = ORIENTED_EDGE ( 'NONE', *, *, #5605, .F. ) ;
#6123 = CARTESIAN_POINT ( 'NONE',  ( 0.000000000000000000, -4.000000000000000000, 3.999999999999998224 ) ) ;
#6124 = DIRECTION ( 'NONE',  ( -1.000000000000000000, 0.000000000000000000, 0.000000000000000000 ) ) ;
#6125 = CARTESIAN_POINT ( 'NONE',  ( 0.000000000000000000, -2.000000000000000000, 1.999999999999998224 ) ) ;
#6126 = ORIENTED_EDGE ( 'NONE', *, *, #4541, .T. ) ;
#6127 = CARTESIAN_POINT ( 'NONE',  ( 29.97785375526209251, -83.99999999999998579, 6.857653792290517636 ) ) ;
#6128 = SURFACE_STYLE_FILL_AREA ( #377 ) ;
#6129 = ORIENTED_EDGE ( 'NONE', *, *, #9628, .T. ) ;
#6130 = VERTEX_POINT ( 'NONE', #4540 ) ;
#6131 = LINE ( 'NONE', #8961, #3048 ) ;
#6132 = CIRCLE ( 'NONE', #5157, 1.000000000000000888 ) ;
#6133 = ORIENTED_EDGE ( 'NONE', *, *, #6309, .F. ) ;
#6134 = CARTESIAN_POINT ( 'NONE',  ( 28.71676419352194287, -83.99999999999998579, 7.505037669827247626 ) ) ;
#6135 = CARTESIAN_POINT ( 'NONE',  ( 12.00000000000000000, -2.000000000000001776, 3.000000000000000000 ) ) ;
#6136 = CARTESIAN_POINT ( 'NONE',  ( 31.13599105747009332, -83.70000000000000284, 4.633099866944936807 ) ) ;
#6137 = CARTESIAN_POINT ( 'NONE',  ( 75.00100000000003320, -29.99999999999997513, 13.50000000000000178 ) ) ;
#6138 = ORIENTED_EDGE ( 'NONE', *, *, #9647, .F. ) ;
#6139 = DIRECTION ( 'NONE',  ( 0.000000000000000000, 0.000000000000000000, -1.000000000000000000 ) ) ;
#6140 = VECTOR ( 'NONE', #10014, 1000.000000000000000 ) ;
#6141 = ORIENTED_EDGE ( 'NONE', *, *, #10394, .T. ) ;
#6142 = EDGE_CURVE ( 'NONE', #341, #699, #11203, .T. ) ;
#6143 = CARTESIAN_POINT ( 'NONE',  ( 47.42151746125605882, -83.70000000000001705, 7.909827637963544156 ) ) ;
#6144 = ORIENTED_EDGE ( 'NONE', *, *, #11060, .F. ) ;
#6145 = LINE ( 'NONE', #5053, #2667 ) ;
#6146 = VECTOR ( 'NONE', #9699, 1000.000000000000000 ) ;
#6147 = DIRECTION ( 'NONE',  ( -5.811472883727981056E-14, -1.000000000000000000, -3.906864752500472168E-12 ) ) ;
#6148 = CARTESIAN_POINT ( 'NONE',  ( 56.00000000000000711, -46.00000000000000711, 27.00100000000000122 ) ) ;
#6149 = ORIENTED_EDGE ( 'NONE', *, *, #3190, .T. ) ;
#6150 = ORIENTED_EDGE ( 'NONE', *, *, #10747, .F. ) ;
#6151 = DIRECTION ( 'NONE',  ( -1.000000000000000000, 0.000000000000000000, 0.000000000000000000 ) ) ;
#6152 = VECTOR ( 'NONE', #843, 1000.000000000000000 ) ;
#6153 = EDGE_CURVE ( 'NONE', #5280, #9080, #1709, .T. ) ;
#6154 = VECTOR ( 'NONE', #5942, 1000.000000000000000 ) ;
#6155 = DIRECTION ( 'NONE',  ( 0.000000000000000000, 0.000000000000000000, -1.000000000000000000 ) ) ;
#6156 = FACE_OUTER_BOUND ( 'NONE', #4364, .T. ) ;
#6157 = DIRECTION ( 'NONE',  ( -1.000000000000000000, 0.000000000000000000, 0.000000000000000000 ) ) ;
#6158 = VECTOR ( 'NONE', #9402, 1000.000000000000000 ) ;
#6159 =( BOUNDED_CURVE ( )  B_SPLINE_CURVE ( 3, ( #8951, #9122, #3614, #9178 ),
 .UNSPECIFIED., .F., .F. ) 
 B_SPLINE_CURVE_WITH_KNOTS ( ( 4, 4 ),
 ( 1.047197551196597187, 1.570796326794896558 ),
 .UNSPECIFIED. ) 
 CURVE ( )  GEOMETRIC_REPRESENTATION_ITEM ( )  RATIONAL_B_SPLINE_CURVE ( ( 1.000000000000000000, 0.9772838841927120601, 0.9772838841927120601, 1.000000000000000000 ) ) 
 REPRESENTATION_ITEM ( '' )  );
#6160 = FACE_OUTER_BOUND ( 'NONE', #6367, .T. ) ;
#6161 = ORIENTED_EDGE ( 'NONE', *, *, #4299, .F. ) ;
#6162 = AXIS2_PLACEMENT_3D ( 'NONE', #8212, #179, #6351 ) ;
#6163 = CARTESIAN_POINT ( 'NONE',  ( 29.23860434839799538, -83.70000000000001705, 5.336753760098870814 ) ) ;
#6164 = CARTESIAN_POINT ( 'NONE',  ( 45.78409056067126670, -84.00000000000000000, 4.368891965448924886 ) ) ;
#6165 = DIRECTION ( 'NONE',  ( -2.168404344971009608E-16, 0.000000000000000000, -1.000000000000000000 ) ) ;
#6166 = CARTESIAN_POINT ( 'NONE',  ( 60.00000000000000000, -18.00000000000000355, 0.000000000000000000 ) ) ;
#6167 = ORIENTED_EDGE ( 'NONE', *, *, #5431, .T. ) ;
#6168 = EDGE_CURVE ( 'NONE', #1120, #8162, #8067, .T. ) ;
#6169 = CARTESIAN_POINT ( 'NONE',  ( 3.000000000000012434, -49.00000000000000000, 25.00000000000000000 ) ) ;
#6170 = EDGE_CURVE ( 'NONE', #5318, #8998, #7439, .T. ) ;
#6171 = CARTESIAN_POINT ( 'NONE',  ( 53.00000000000001421, -54.00000000000000000, 0.000000000000000000 ) ) ;
#6172 = VECTOR ( 'NONE', #10169, 1000.000000000000000 ) ;
#6173 = DIRECTION ( 'NONE',  ( 0.000000000000000000, -0.000000000000000000, -1.000000000000000000 ) ) ;
#6174 = ORIENTED_EDGE ( 'NONE', *, *, #3651, .F. ) ;
#6175 = DIRECTION ( 'NONE',  ( 1.000000000000000000, 0.000000000000000000, 0.000000000000000000 ) ) ;
#6176 = CARTESIAN_POINT ( 'NONE',  ( 57.00000000000000711, -34.00000000000000000, 0.000000000000000000 ) ) ;
#6177 = VERTEX_POINT ( 'NONE', #3685 ) ;
#6178 = DIRECTION ( 'NONE',  ( -1.000000000000000000, 0.000000000000000000, 0.000000000000000000 ) ) ;
#6179 = DIRECTION ( 'NONE',  ( -0.000000000000000000, -0.000000000000000000, -1.000000000000000000 ) ) ;
#6180 = DIRECTION ( 'NONE',  ( -0.000000000000000000, -1.000000000000000000, -0.000000000000000000 ) ) ;
#6181 = EDGE_LOOP ( 'NONE', ( #6440, #9385, #3877, #11786 ) ) ;
#6182 = EDGE_CURVE ( 'NONE', #5506, #7636, #7500, .T. ) ;
#6183 = CIRCLE ( 'NONE', #6364, 1.000000000000000888 ) ;
#6184 = PLANE ( 'NONE',  #9754 ) ;
#6185 = FACE_BOUND ( 'NONE', #11464, .T. ) ;
#6186 = ORIENTED_EDGE ( 'NONE', *, *, #8886, .T. ) ;
#6187 = EDGE_CURVE ( 'NONE', #911, #11665, #157, .T. ) ;
#6188 = EDGE_CURVE ( 'NONE', #10253, #6484, #195, .T. ) ;
#6189 = CARTESIAN_POINT ( 'NONE',  ( 45.64081570687010014, -84.00000000000000000, 5.678833485916761070 ) ) ;
#6190 = ORIENTED_EDGE ( 'NONE', *, *, #4282, .F. ) ;
#6191 = AXIS2_PLACEMENT_3D ( 'NONE', #6991, #10882, #9051 ) ;
#6192 = DIRECTION ( 'NONE',  ( 1.000000000000000000, 0.000000000000000000, -0.000000000000000000 ) ) ;
#6193 = ORIENTED_EDGE ( 'NONE', *, *, #5193, .T. ) ;
#6194 = CARTESIAN_POINT ( 'NONE',  ( 31.53004460225081118, -83.70000000000001705, 5.426275484039816632 ) ) ;
#6195 = ORIENTED_EDGE ( 'NONE', *, *, #1579, .T. ) ;
#6196 = DIRECTION ( 'NONE',  ( -1.000000000000000000, 0.000000000000000000, 0.000000000000000000 ) ) ;
#6197 = ORIENTED_EDGE ( 'NONE', *, *, #4709, .T. ) ;
#6198 = DIRECTION ( 'NONE',  ( -0.000000000000000000, -0.000000000000000000, -1.000000000000000000 ) ) ;
#6199 = VERTEX_POINT ( 'NONE', #11925 ) ;
#6200 = EDGE_CURVE ( 'NONE', #11231, #8665, #3244, .T. ) ;
#6201 = ORIENTED_EDGE ( 'NONE', *, *, #2333, .T. ) ;
#6202 = CARTESIAN_POINT ( 'NONE',  ( 53.00000000000001421, -50.00000000000000000, 0.000000000000000000 ) ) ;
#6203 = VERTEX_POINT ( 'NONE', #10112 ) ;
#6204 = CARTESIAN_POINT ( 'NONE',  ( 48.00000000000000000, -10.00000000000000000, 1.999999999999998224 ) ) ;
#6205 = AXIS2_PLACEMENT_3D ( 'NONE', #8136, #6331, #5373 ) ;
#6206 = FACE_BOUND ( 'NONE', #9224, .T. ) ;
#6207 = DIRECTION ( 'NONE',  ( 0.000000000000000000, 0.000000000000000000, -1.000000000000000000 ) ) ;
#6208 = ORIENTED_EDGE ( 'NONE', *, *, #6446, .T. ) ;
#6209 = ORIENTED_EDGE ( 'NONE', *, *, #2011, .T. ) ;
#6210 = ORIENTED_EDGE ( 'NONE', *, *, #5580, .F. ) ;
#6211 = DIRECTION ( 'NONE',  ( 0.2553911228370286945, 0.000000000000000000, 0.9668378221687655705 ) ) ;
#6212 = LINE ( 'NONE', #9953, #10181 ) ;
#6213 = EDGE_LOOP ( 'NONE', ( #10103, #6510, #2021, #7205 ) ) ;
#6214 = DIRECTION ( 'NONE',  ( -1.000000000000000000, 0.000000000000000000, 0.000000000000000000 ) ) ;
#6215 = PLANE ( 'NONE',  #589 ) ;
#6216 = AXIS2_PLACEMENT_3D ( 'NONE', #2714, #6407, #10095 ) ;
#6217 = CIRCLE ( 'NONE', #1002, 1.000000000000000888 ) ;
#6218 = EDGE_CURVE ( 'NONE', #3925, #10559, #1101, .T. ) ;
#6219 = CARTESIAN_POINT ( 'NONE',  ( 30.94783543880574683, -83.70000000000003126, 4.522846427015654314 ) ) ;
#6220 = ORIENTED_EDGE ( 'NONE', *, *, #10862, .F. ) ;
#6221 = DIRECTION ( 'NONE',  ( -1.000000000000000000, 0.000000000000000000, 0.000000000000000000 ) ) ;
#6222 = DIRECTION ( 'NONE',  ( 0.000000000000000000, -0.000000000000000000, -1.000000000000000000 ) ) ;
#6223 = CARTESIAN_POINT ( 'NONE',  ( 30.54961414637773487, -83.99999999999995737, 4.910805211235915735 ) ) ;
#6224 = ORIENTED_EDGE ( 'NONE', *, *, #11329, .T. ) ;
#6225 = CARTESIAN_POINT ( 'NONE',  ( 50.00000000000001421, -58.00000000000000000, 27.00100000000000122 ) ) ;
#6226 = AXIS2_PLACEMENT_3D ( 'NONE', #3187, #5990, #9666 ) ;
#6227 = AXIS2_PLACEMENT_3D ( 'NONE', #11333, #9044, #9160 ) ;
#6228 = DIRECTION ( 'NONE',  ( 0.000000000000000000, -0.000000000000000000, 1.000000000000000000 ) ) ;
#6229 = CARTESIAN_POINT ( 'NONE',  ( 3.000000000000016431, -47.99999999999998579, 10.50000000000000178 ) ) ;
#6230 = VERTEX_POINT ( 'NONE', #7321 ) ;
#6231 = FACE_OUTER_BOUND ( 'NONE', #5215, .T. ) ;
#6232 = ADVANCED_FACE ( 'NONE', ( #11028 ), #1836, .T. ) ;
#6233 = DIRECTION ( 'NONE',  ( 0.000000000000000000, 0.000000000000000000, -1.000000000000000000 ) ) ;
#6234 = ORIENTED_EDGE ( 'NONE', *, *, #7578, .F. ) ;
#6235 = DIRECTION ( 'NONE',  ( 0.000000000000000000, -0.000000000000000000, -1.000000000000000000 ) ) ;
#6236 = LINE ( 'NONE', #4124, #1576 ) ;
#6237 = EDGE_CURVE ( 'NONE', #8672, #4078, #11170, .T. ) ;
#6238 = DIRECTION ( 'NONE',  ( -0.000000000000000000, -0.000000000000000000, -1.000000000000000000 ) ) ;
#6239 = FACE_OUTER_BOUND ( 'NONE', #5832, .T. ) ;
#6240 = ORIENTED_EDGE ( 'NONE', *, *, #4087, .T. ) ;
#6241 = CARTESIAN_POINT ( 'NONE',  ( 53.52093266593442422, -83.70000000000001705, 4.798716526852432551 ) ) ;
#6242 = FACE_BOUND ( 'NONE', #2223, .T. ) ;
#6243 = ORIENTED_EDGE ( 'NONE', *, *, #3339, .F. ) ;
#6244 = AXIS2_PLACEMENT_3D ( 'NONE', #835, #2704, #9165 ) ;
#6245 = CARTESIAN_POINT ( 'NONE',  ( 75.00100000000003320, -53.99999999999997158, 13.50000000000000178 ) ) ;
#6246 = ORIENTED_EDGE ( 'NONE', *, *, #7929, .F. ) ;
#6247 = CARTESIAN_POINT ( 'NONE',  ( 12.00000000000000000, -2.000000000000001776, 3.000000000000000000 ) ) ;
#6248 = AXIS2_PLACEMENT_3D ( 'NONE', #5585, #3624, #11808 ) ;
#6249 = EDGE_CURVE ( 'NONE', #4729, #1545, #9375, .T. ) ;
#6250 = CARTESIAN_POINT ( 'NONE',  ( 58.00000000000000000, -26.00000000000000355, 1.999999999999998224 ) ) ;
#6251 = CARTESIAN_POINT ( 'NONE',  ( 31.21784492273404865, -83.99999999999995737, 4.701894686864033446 ) ) ;
#6252 = EDGE_CURVE ( 'NONE', #1860, #9295, #546, .T. ) ;
#6253 = ADVANCED_FACE ( 'NONE', ( #3935 ), #10535, .T. ) ;
#6254 = CARTESIAN_POINT ( 'NONE',  ( 29.31716876171665476, -83.70000000000001705, 7.067605011937181381 ) ) ;
#6255 = EDGE_LOOP ( 'NONE', ( #3235, #11398, #3910, #6943 ) ) ;
#6256 = CARTESIAN_POINT ( 'NONE',  ( 28.81394161980616886, -84.00000000000000000, 6.670684278783396870 ) ) ;
#6257 = ORIENTED_EDGE ( 'NONE', *, *, #2925, .F. ) ;
#6258 = CIRCLE ( 'NONE', #1434, 1.000000000000000888 ) ;
#6259 = LINE ( 'NONE', #9026, #7467 ) ;
#6260 = ORIENTED_EDGE ( 'NONE', *, *, #11047, .T. ) ;
#6261 = CARTESIAN_POINT ( 'NONE',  ( 50.00000000000000000, -18.00000000000000355, 27.00100000000000122 ) ) ;
#6262 = EDGE_CURVE ( 'NONE', #4928, #1953, #10984, .T. ) ;
#6263 = VECTOR ( 'NONE', #7721, 1000.000000000000000 ) ;
#6264 = DIRECTION ( 'NONE',  ( 1.000000000000000000, 0.000000000000000000, 0.000000000000000000 ) ) ;
#6265 = CARTESIAN_POINT ( 'NONE',  ( 29.23604726037270751, -84.00000000000000000, 5.633542162698526923 ) ) ;
#6266 = ORIENTED_EDGE ( 'NONE', *, *, #7032, .F. ) ;
#6267 = EDGE_LOOP ( 'NONE', ( #2961, #3008 ) ) ;
#6268 = VERTEX_POINT ( 'NONE', #6771 ) ;
#6269 = DIRECTION ( 'NONE',  ( -1.000000000000000000, 0.000000000000000000, 0.000000000000000000 ) ) ;
#6270 = LINE ( 'NONE', #5369, #9210 ) ;
#6271 = VECTOR ( 'NONE', #11208, 1000.000000000000000 ) ;
#6272 = ORIENTED_EDGE ( 'NONE', *, *, #4509, .F. ) ;
#6273 = CARTESIAN_POINT ( 'NONE',  ( 50.83964611622682384, -83.70000000000001705, 4.409827637963545044 ) ) ;
#6274 = CARTESIAN_POINT ( 'NONE',  ( 50.00000000000000000, -30.00000000000000000, 1.999999999999998224 ) ) ;
#6275 = CARTESIAN_POINT ( 'NONE',  ( 57.00000000000000711, -30.00000000000000000, 0.000000000000000000 ) ) ;
#6276 = ORIENTED_EDGE ( 'NONE', *, *, #5282, .T. ) ;
#6277 = CYLINDRICAL_SURFACE ( 'NONE', #8689, 1.000000000000000888 ) ;
#6278 = DIRECTION ( 'NONE',  ( -1.000000000000000000, 0.000000000000000000, 0.000000000000000000 ) ) ;
#6279 = CARTESIAN_POINT ( 'NONE',  ( 30.92350664958648210, -83.70000000000001705, 5.424315392068247199 ) ) ;
#6280 = ORIENTED_EDGE ( 'NONE', *, *, #10161, .T. ) ;
#6281 = CARTESIAN_POINT ( 'NONE',  ( 27.70351686378219469, -83.99999999999998579, 7.982917308934267986 ) ) ;
#6282 = ADVANCED_FACE ( 'NONE', ( #9681 ), #4962, .F. ) ;
#6283 = CARTESIAN_POINT ( 'NONE',  ( 31.00000000000002132, -82.00000000000000000, 22.00000000000000711 ) ) ;
#6284 = CARTESIAN_POINT ( 'NONE',  ( 30.01119111809923368, -83.70000000000001705, 5.017563587909124045 ) ) ;
#6285 = ORIENTED_EDGE ( 'NONE', *, *, #8503, .T. ) ;
#6286 = DIRECTION ( 'NONE',  ( 0.000000000000000000, -0.000000000000000000, 1.000000000000000000 ) ) ;
#6287 = CARTESIAN_POINT ( 'NONE',  ( 52.00000000000000711, -42.00000000000000000, 1.999999999999998224 ) ) ;
#6288 = ORIENTED_EDGE ( 'NONE', *, *, #10091, .T. ) ;
#6289 = FACE_OUTER_BOUND ( 'NONE', #11782, .T. ) ;
#6290 = CARTESIAN_POINT ( 'NONE',  ( 73.00000000000000000, -2.000000000000000000, 2.000000000000000000 ) ) ;
#6291 = CARTESIAN_POINT ( 'NONE',  ( 54.00000000000000711, -34.00000000000000000, 27.00100000000000122 ) ) ;
#6292 = CARTESIAN_POINT ( 'NONE',  ( 28.33318826102248167, -83.70000000000001705, 4.451714135841259967 ) ) ;
#6293 = CARTESIAN_POINT ( 'NONE',  ( 49.00000000000000000, -22.00000000000000000, 27.00100000000000122 ) ) ;
#6294 = FACE_BOUND ( 'NONE', #6674, .T. ) ;
#6295 = ORIENTED_EDGE ( 'NONE', *, *, #9556, .F. ) ;
#6296 = ADVANCED_FACE ( 'NONE', ( #9558 ), #1407, .F. ) ;
#6297 = EDGE_CURVE ( 'NONE', #4678, #4449, #1321, .T. ) ;
#6298 = CYLINDRICAL_SURFACE ( 'NONE', #10368, 2.000000000000000000 ) ;
#6299 = EDGE_LOOP ( 'NONE', ( #5889, #10375 ) ) ;
#6300 = DIRECTION ( 'NONE',  ( 1.000000000000000000, 0.000000000000000000, 0.000000000000000000 ) ) ;
#6301 = CARTESIAN_POINT ( 'NONE',  ( 75.00100000000003320, -47.99999999999996447, 10.50000000000000178 ) ) ;
#6302 = EDGE_LOOP ( 'NONE', ( #10092, #11429, #5793, #11668 ) ) ;
#6303 = CARTESIAN_POINT ( 'NONE',  ( 31.53071912522000630, -83.99999999999997158, 5.464492996573337535 ) ) ;
#6304 = ORIENTED_EDGE ( 'NONE', *, *, #6609, .T. ) ;
#6305 = DIRECTION ( 'NONE',  ( -0.000000000000000000, -0.000000000000000000, -1.000000000000000000 ) ) ;
#6306 = ORIENTED_EDGE ( 'NONE', *, *, #4371, .F. ) ;
#6307 = CARTESIAN_POINT ( 'NONE',  ( 28.79031171663141109, -83.70000000000000284, 6.586946591849436317 ) ) ;
#6308 = EDGE_LOOP ( 'NONE', ( #6272, #1242, #7262, #8948 ) ) ;
#6309 = EDGE_CURVE ( 'NONE', #10015, #2024, #4844, .T. ) ;
#6310 = CARTESIAN_POINT ( 'NONE',  ( 31.03814912925179925, -83.99999999999997158, 7.838429966572931562 ) ) ;
#6311 = AXIS2_PLACEMENT_3D ( 'NONE', #5951, #6780, #2978 ) ;
#6312 = CARTESIAN_POINT ( 'NONE',  ( 29.84325973600623527, -84.00000000000000000, 5.464492996573337535 ) ) ;
#6313 = EDGE_CURVE ( 'NONE', #9917, #8504, #2101, .T. ) ;
#6314 = ORIENTED_EDGE ( 'NONE', *, *, #9163, .T. ) ;
#6315 = CYLINDRICAL_SURFACE ( 'NONE', #7287, 2.000000000000001776 ) ;
#6316 = VECTOR ( 'NONE', #8133, 1000.000000000000000 ) ;
#6317 = FACE_BOUND ( 'NONE', #6910, .T. ) ;
#6318 = CARTESIAN_POINT ( 'NONE',  ( 29.98995287600827453, -83.99999999999998579, 4.451470728112676412 ) ) ;
#6319 = ORIENTED_EDGE ( 'NONE', *, *, #4836, .F. ) ;
#6320 = ORIENTED_EDGE ( 'NONE', *, *, #2674, .F. ) ;
#6321 = CARTESIAN_POINT ( 'NONE',  ( 2.999999999999999112, -2.000000000000000000, 27.00000000000000000 ) ) ;
#6322 = EDGE_CURVE ( 'NONE', #790, #8082, #3819, .T. ) ;
#6323 = EDGE_CURVE ( 'NONE', #1259, #9261, #1902, .T. ) ;
#6324 = AXIS2_PLACEMENT_3D ( 'NONE', #11821, #5414, #4432 ) ;
#6325 = CARTESIAN_POINT ( 'NONE',  ( 1.189524669241239263E-14, -36.00000000000000000, 10.50000000000000533 ) ) ;
#6326 = EDGE_CURVE ( 'NONE', #8909, #7816, #7946, .T. ) ;
#6327 = VECTOR ( 'NONE', #2744, 1000.000000000000000 ) ;
#6328 = ORIENTED_EDGE ( 'NONE', *, *, #5834, .F. ) ;
#6329 = DIRECTION ( 'NONE',  ( -1.000000000000000000, 0.000000000000000000, 0.000000000000000000 ) ) ;
#6330 = AXIS2_PLACEMENT_3D ( 'NONE', #4950, #6936, #10647 ) ;
#6331 = DIRECTION ( 'NONE',  ( -0.000000000000000000, -0.000000000000000000, -1.000000000000000000 ) ) ;
#6332 = PRODUCT_CONTEXT ( 'NONE', #4396, 'mechanical' ) ;
#6333 = CARTESIAN_POINT ( 'NONE',  ( 53.00000000000001421, -50.00000000000000000, 1.999999999999998224 ) ) ;
#6334 = ORIENTED_EDGE ( 'NONE', *, *, #5192, .F. ) ;
#6335 = CIRCLE ( 'NONE', #3619, 1.000000000000000888 ) ;
#6336 = LINE ( 'NONE', #10938, #9850 ) ;
#6337 = DIRECTION ( 'NONE',  ( -0.000000000000000000, -0.000000000000000000, -1.000000000000000000 ) ) ;
#6338 = CIRCLE ( 'NONE', #8647, 1.000000000000000888 ) ;
#6339 = DIRECTION ( 'NONE',  ( 0.000000000000000000, -0.000000000000000000, -1.000000000000000000 ) ) ;
#6340 = ORIENTED_EDGE ( 'NONE', *, *, #8617, .F. ) ;
#6341 = EDGE_CURVE ( 'NONE', #9466, #10141, #6064, .T. ) ;
#6342 = CARTESIAN_POINT ( 'NONE',  ( 65.00000000000000000, -10.00000000000000000, 27.00100000000000122 ) ) ;
#6343 = DIRECTION ( 'NONE',  ( -0.000000000000000000, -1.000000000000000000, -0.000000000000000000 ) ) ;
#6344 = CARTESIAN_POINT ( 'NONE',  ( 50.00000000000000711, -46.00000000000000711, 27.00100000000000122 ) ) ;
#6345 = AXIS2_PLACEMENT_3D ( 'NONE', #8374, #3771, #4807 ) ;
#6346 = CARTESIAN_POINT ( 'NONE',  ( 27.55995889130188203, -83.70000000000001705, 7.505212078228091777 ) ) ;
#6347 = DIRECTION ( 'NONE',  ( -0.000000000000000000, -0.000000000000000000, 1.000000000000000000 ) ) ;
#6348 = AXIS2_PLACEMENT_3D ( 'NONE', #3703, #10309, #11108 ) ;
#6349 = FACE_OUTER_BOUND ( 'NONE', #1888, .T. ) ;
#6350 = ORIENTED_EDGE ( 'NONE', *, *, #9245, .F. ) ;
#6351 = DIRECTION ( 'NONE',  ( 1.000000000000000000, 0.000000000000000000, 0.000000000000000000 ) ) ;
#6352 = CARTESIAN_POINT ( 'NONE',  ( 29.31725840518218007, -83.70000000000001705, 7.005115773099547916 ) ) ;
#6353 = CARTESIAN_POINT ( 'NONE',  ( 49.00000000000000711, -42.00000000000000000, 0.000000000000000000 ) ) ;
#6354 = PLANE ( 'NONE',  #2874 ) ;
#6355 = DIRECTION ( 'NONE',  ( 1.000000000000000000, 0.000000000000000000, 0.000000000000000000 ) ) ;
#6356 = FACE_BOUND ( 'NONE', #2801, .T. ) ;
#6357 = ORIENTED_EDGE ( 'NONE', *, *, #1496, .F. ) ;
#6358 = AXIS2_PLACEMENT_3D ( 'NONE', #3936, #77, #3750 ) ;
#6359 = CARTESIAN_POINT ( 'NONE',  ( 65.00000000000001421, -62.00000000000000711, 27.00100000000000122 ) ) ;
#6360 = ORIENTED_EDGE ( 'NONE', *, *, #10993, .F. ) ;
#6361 = CYLINDRICAL_SURFACE ( 'NONE', #4877, 1.000000000000000888 ) ;
#6362 = CARTESIAN_POINT ( 'NONE',  ( 28.19720649916428457, -84.00000000000002842, 7.182893680312834483 ) ) ;
#6363 = CARTESIAN_POINT ( 'NONE',  ( 28.23438163650670063, -83.70000000000003126, 6.927280759600694005 ) ) ;
#6364 = AXIS2_PLACEMENT_3D ( 'NONE', #2182, #242, #11313 ) ;
#6365 = EDGE_CURVE ( 'NONE', #3751, #6084, #5183, .T. ) ;
#6366 = CYLINDRICAL_SURFACE ( 'NONE', #5002, 1.000000000000000888 ) ;
#6367 = EDGE_LOOP ( 'NONE', ( #6025, #9836, #7326, #8848 ) ) ;
#6368 = CARTESIAN_POINT ( 'NONE',  ( 55.13789173026190582, -84.00000000000000000, 4.409827637963545044 ) ) ;
#6369 = EDGE_LOOP ( 'NONE', ( #487, #8621 ) ) ;
#6370 = DIRECTION ( 'NONE',  ( 0.000000000000000000, 0.000000000000000000, 1.000000000000000000 ) ) ;
#6371 = AXIS2_PLACEMENT_3D ( 'NONE', #2282, #11531, #10568 ) ;
#6372 = DIRECTION ( 'NONE',  ( 0.000000000000000000, 0.000000000000000000, -1.000000000000000000 ) ) ;
#6373 = ORIENTED_EDGE ( 'NONE', *, *, #7339, .F. ) ;
#6374 = PLANE ( 'NONE',  #9442 ) ;
#6375 = EDGE_LOOP ( 'NONE', ( #3174, #9867, #3667, #11387 ) ) ;
#6376 = EDGE_CURVE ( 'NONE', #9138, #4536, #3083, .T. ) ;
#6377 = PLANE ( 'NONE',  #4996 ) ;
#6378 = CARTESIAN_POINT ( 'NONE',  ( 52.00000000000001421, -58.00000000000000000, 27.00100000000000122 ) ) ;
#6379 = ORIENTED_EDGE ( 'NONE', *, *, #11291, .F. ) ;
#6380 = VECTOR ( 'NONE', #8072, 1000.000000000000000 ) ;
#6381 = CARTESIAN_POINT ( 'NONE',  ( 12.00000000000000000, -2.267949192431145455, 3.000000000000000000 ) ) ;
#6382 = ADVANCED_FACE ( 'NONE', ( #1226 ), #4906, .F. ) ;
#6383 = VERTEX_POINT ( 'NONE', #8828 ) ;
#6384 = FACE_OUTER_BOUND ( 'NONE', #1592, .T. ) ;
#6385 = DIRECTION ( 'NONE',  ( 0.000000000000000000, -0.000000000000000000, -1.000000000000000000 ) ) ;
#6386 = ORIENTED_EDGE ( 'NONE', *, *, #3380, .T. ) ;
#6387 = VERTEX_POINT ( 'NONE', #4466 ) ;
#6388 = CARTESIAN_POINT ( 'NONE',  ( 30.39104312704400357, -83.99999999999997158, 6.000857629522105441 ) ) ;
#6389 = DIRECTION ( 'NONE',  ( -0.000000000000000000, -0.000000000000000000, -1.000000000000000000 ) ) ;
#6390 = EDGE_CURVE ( 'NONE', #7354, #7060, #1699, .T. ) ;
#6391 = CARTESIAN_POINT ( 'NONE',  ( 3.000000000000008882, -35.00000000000000000, 22.00000000000000355 ) ) ;
#6392 = EDGE_LOOP ( 'NONE', ( #10120, #9764, #9071, #224 ) ) ;
#6393 = ADVANCED_FACE ( 'NONE', ( #5207 ), #2538, .T. ) ;
#6394 = DIRECTION ( 'NONE',  ( 0.000000000000000000, 0.000000000000000000, -1.000000000000000000 ) ) ;
#6395 = CARTESIAN_POINT ( 'NONE',  ( 57.99999999999999289, -10.00000000000000000, 27.00100000000000122 ) ) ;
#6396 = DIRECTION ( 'NONE',  ( -0.000000000000000000, -0.000000000000000000, -1.000000000000000000 ) ) ;
#6397 = ORIENTED_EDGE ( 'NONE', *, *, #3299, .T. ) ;
#6398 = CARTESIAN_POINT ( 'NONE',  ( 28.43017107298203427, -83.70000000000001705, 7.792585846937366334 ) ) ;
#6399 = DIRECTION ( 'NONE',  ( 0.000000000000000000, 0.000000000000000000, -1.000000000000000000 ) ) ;
#6400 = AXIS2_PLACEMENT_3D ( 'NONE', #2479, #6233, #3329 ) ;
#6401 = CARTESIAN_POINT ( 'NONE',  ( 49.26362272441394907, -84.00000000000000000, 5.494622959600970802 ) ) ;
#6402 = AXIS2_PLACEMENT_3D ( 'NONE', #9034, #91, #3763 ) ;
#6403 = ADVANCED_FACE ( 'NONE', ( #1522, #8889, #3391, #5391, #10951 ), #606, .F. ) ;
#6404 = VERTEX_POINT ( 'NONE', #1466 ) ;
#6405 = DIRECTION ( 'NONE',  ( -0.000000000000000000, 0.000000000000000000, 1.000000000000000000 ) ) ;
#6406 = EDGE_CURVE ( 'NONE', #1545, #4179, #2650, .T. ) ;
#6407 = DIRECTION ( 'NONE',  ( 0.000000000000000000, -0.000000000000000000, 1.000000000000000000 ) ) ;
#6408 = ORIENTED_EDGE ( 'NONE', *, *, #1955, .F. ) ;
#6409 = LINE ( 'NONE', #11016, #163 ) ;
#6410 = CARTESIAN_POINT ( 'NONE',  ( 53.00000000000002132, -62.00000000000000711, 1.999999999999998224 ) ) ;
#6411 = CARTESIAN_POINT ( 'NONE',  ( 60.00000000000001421, -58.00000000000000000, 0.000000000000000000 ) ) ;
#6412 = PLANE ( 'NONE',  #8286 ) ;
#6413 = CARTESIAN_POINT ( 'NONE',  ( 12.00000000000000000, -2.000000000000001776, 3.999999999999998224 ) ) ;
#6414 = FACE_BOUND ( 'NONE', #1491, .T. ) ;
#6415 = VECTOR ( 'NONE', #660, 1000.000000000000000 ) ;
#6416 = EDGE_LOOP ( 'NONE', ( #6201, #894 ) ) ;
#6417 = FACE_OUTER_BOUND ( 'NONE', #2317, .T. ) ;
#6418 = ORIENTED_EDGE ( 'NONE', *, *, #9435, .F. ) ;
#6419 = VECTOR ( 'NONE', #1617, 1000.000000000000114 ) ;
#6420 = DIRECTION ( 'NONE',  ( 0.000000000000000000, 0.000000000000000000, -1.000000000000000000 ) ) ;
#6421 = PRODUCT_DEFINITION_CONTEXT ( 'detailed design', #4011, 'design' ) ;
#6422 = DIRECTION ( 'NONE',  ( -0.9606812727523512674, 0.000000000000000000, -0.2776535470382515136 ) ) ;
#6423 = DIRECTION ( 'NONE',  ( 0.000000000000000000, 0.000000000000000000, -1.000000000000000000 ) ) ;
#6424 = AXIS2_PLACEMENT_3D ( 'NONE', #10165, #4654, #6300 ) ;
#6425 = ORIENTED_EDGE ( 'NONE', *, *, #7490, .T. ) ;
#6426 = CARTESIAN_POINT ( 'NONE',  ( 58.00000000000000711, -46.00000000000000711, 27.00100000000000122 ) ) ;
#6427 = ORIENTED_EDGE ( 'NONE', *, *, #2820, .T. ) ;
#6428 = CARTESIAN_POINT ( 'NONE',  ( 28.41247828703944123, -83.70000000000001705, 6.115903668082109945 ) ) ;
#6429 = ORIENTED_EDGE ( 'NONE', *, *, #3105, .F. ) ;
#6430 = FACE_OUTER_BOUND ( 'NONE', #8070, .T. ) ;
#6431 = EDGE_CURVE ( 'NONE', #5071, #7333, #7916, .T. ) ;
#6432 = CARTESIAN_POINT ( 'NONE',  ( 64.00000000000000000, -38.00000000000000000, 27.00100000000000122 ) ) ;
#6433 = AXIS2_PLACEMENT_3D ( 'NONE', #5387, #10891, #3668 ) ;
#6434 = ORIENTED_EDGE ( 'NONE', *, *, #9263, .F. ) ;
#6435 = DIRECTION ( 'NONE',  ( -0.000000000000000000, -0.000000000000000000, -1.000000000000000000 ) ) ;
#6436 = CARTESIAN_POINT ( 'NONE',  ( 30.88287084101031610, -83.99999999999994316, 5.603062575600675110 ) ) ;
#6437 = VERTEX_POINT ( 'NONE', #9064 ) ;
#6438 = FACE_OUTER_BOUND ( 'NONE', #5473, .T. ) ;
#6439 = CARTESIAN_POINT ( 'NONE',  ( 48.07648822148998136, -83.70000000000001705, 4.409827637963545044 ) ) ;
#6440 = ORIENTED_EDGE ( 'NONE', *, *, #1563, .F. ) ;
#6441 = LINE ( 'NONE', #2864, #8177 ) ;
#6442 = ORIENTED_EDGE ( 'NONE', *, *, #6608, .T. ) ;
#6443 = AXIS2_PLACEMENT_3D ( 'NONE', #9349, #3847, #893 ) ;
#6444 = VECTOR ( 'NONE', #1453, 1000.000000000000000 ) ;
#6445 = EDGE_CURVE ( 'NONE', #2586, #11265, #7482, .T. ) ;
#6446 = EDGE_CURVE ( 'NONE', #6091, #1875, #6338, .T. ) ;
#6447 = CARTESIAN_POINT ( 'NONE',  ( 53.00000000000000000, -14.00000000000000000, 0.000000000000000000 ) ) ;
#6448 = ORIENTED_EDGE ( 'NONE', *, *, #6218, .F. ) ;
#6449 = CARTESIAN_POINT ( 'NONE',  ( 27.60999137993086094, -84.00000000000000000, 5.938285502529586424 ) ) ;
#6450 = PLANE ( 'NONE',  #8532 ) ;
#6451 = ORIENTED_EDGE ( 'NONE', *, *, #7123, .T. ) ;
#6452 = EDGE_LOOP ( 'NONE', ( #5336, #10343 ) ) ;
#6453 = CARTESIAN_POINT ( 'NONE',  ( 61.00000000000001421, -42.00000000000000000, 0.000000000000000000 ) ) ;
#6454 = CARTESIAN_POINT ( 'NONE',  ( 27.21503794696573308, -83.70000000000001705, 6.416626416543015132 ) ) ;
#6455 = DIRECTION ( 'NONE',  ( 0.000000000000000000, -0.000000000000000000, -1.000000000000000000 ) ) ;
#6456 = ORIENTED_EDGE ( 'NONE', *, *, #8292, .F. ) ;
#6457 = CARTESIAN_POINT ( 'NONE',  ( 28.59246547599502009, -83.69999999999998863, 7.666999653768137080 ) ) ;
#6458 = PLANE ( 'NONE',  #10166 ) ;
#6459 = CARTESIAN_POINT ( 'NONE',  ( 53.05017243201628929, -83.70000000000001705, 7.909827637963544156 ) ) ;
#6460 = ADVANCED_FACE ( 'NONE', ( #6289 ), #3557, .F. ) ;
#6461 = ADVANCED_FACE ( 'NONE', ( #5267 ), #7977, .F. ) ;
#6462 = ORIENTED_EDGE ( 'NONE', *, *, #10538, .F. ) ;
#6463 = LINE ( 'NONE', #11971, #5909 ) ;
#6464 = VECTOR ( 'NONE', #9861, 1000.000000000000000 ) ;
#6465 = CARTESIAN_POINT ( 'NONE',  ( 51.16713149634377800, -84.00000000000000000, 6.149593719834889782 ) ) ;
#6466 = ORIENTED_EDGE ( 'NONE', *, *, #23, .F. ) ;
#6467 = DIRECTION ( 'NONE',  ( 0.000000000000000000, 0.000000000000000000, -1.000000000000000000 ) ) ;
#6468 = LINE ( 'NONE', #10098, #9284 ) ;
#6469 = DIRECTION ( 'NONE',  ( 0.000000000000000000, 0.000000000000000000, -1.000000000000000000 ) ) ;
#6470 = LINE ( 'NONE', #3796, #7322 ) ;
#6471 = DIRECTION ( 'NONE',  ( -1.000000000000000000, 0.000000000000000000, 0.000000000000000000 ) ) ;
#6472 = CARTESIAN_POINT ( 'NONE',  ( 53.00000000000002132, -62.00000000000000711, 0.000000000000000000 ) ) ;
#6473 = ORIENTED_EDGE ( 'NONE', *, *, #7435, .T. ) ;
#6474 = DIRECTION ( 'NONE',  ( -1.000000000000000000, 0.000000000000000000, 0.000000000000000000 ) ) ;
#6475 = EDGE_CURVE ( 'NONE', #949, #8563, #10398, .T. ) ;
#6476 = EDGE_CURVE ( 'NONE', #8390, #10318, #9857, .T. ) ;
#6477 = EDGE_LOOP ( 'NONE', ( #7523, #6799, #9686, #7652 ) ) ;
#6478 = DIRECTION ( 'NONE',  ( 1.000000000000000000, 0.000000000000000000, 0.000000000000000000 ) ) ;
#6479 = CARTESIAN_POINT ( 'NONE',  ( 27.60999137993086094, -83.70000000000001705, 5.938285502529586424 ) ) ;
#6480 = DIRECTION ( 'NONE',  ( -2.818925648462311528E-16, 1.000000000000000000, 2.891205793294679312E-16 ) ) ;
#6481 = CARTESIAN_POINT ( 'NONE',  ( 29.82211491178202678, -83.99999999999995737, 6.258707315035533014 ) ) ;
#6482 = VERTEX_POINT ( 'NONE', #9918 ) ;
#6483 = CARTESIAN_POINT ( 'NONE',  ( 28.61250616993066842, -83.70000000000003126, 6.287729846460835326 ) ) ;
#6484 = VERTEX_POINT ( 'NONE', #8035 ) ;
#6485 = CARTESIAN_POINT ( 'NONE',  ( 47.58526015131454301, -84.00000000000000000, 4.409827637963545044 ) ) ;
#6486 = CARTESIAN_POINT ( 'NONE',  ( 55.03555254897536031, -84.00000000000000000, 7.520938749074655760 ) ) ;
#6487 = ORIENTED_EDGE ( 'NONE', *, *, #11357, .F. ) ;
#6488 = DIRECTION ( 'NONE',  ( -0.000000000000000000, -0.000000000000000000, -1.000000000000000000 ) ) ;
#6489 = CARTESIAN_POINT ( 'NONE',  ( 28.23428805434972588, -83.70000000000000284, 6.972062786343224516 ) ) ;
#6490 = ORIENTED_EDGE ( 'NONE', *, *, #7231, .T. ) ;
#6491 = FACE_BOUND ( 'NONE', #9802, .T. ) ;
#6492 = LINE ( 'NONE', #6378, #9875 ) ;
#6493 = EDGE_LOOP ( 'NONE', ( #5266, #1767, #5310, #9984 ) ) ;
#6494 = CARTESIAN_POINT ( 'NONE',  ( 53.20000000000002416, 0.001000000000001000089, 16.19999999999999929 ) ) ;
#6495 = AXIS2_PLACEMENT_3D ( 'NONE', #9244, #9129, #3744 ) ;
#6496 = ORIENTED_EDGE ( 'NONE', *, *, #7836, .T. ) ;
#6497 = EDGE_CURVE ( 'NONE', #1343, #6078, #11739, .T. ) ;
#6498 = CARTESIAN_POINT ( 'NONE',  ( 1.189524669241239263E-14, -36.00000000000000000, 10.50000000000000533 ) ) ;
#6499 = VERTEX_POINT ( 'NONE', #7132 ) ;
#6500 = ORIENTED_EDGE ( 'NONE', *, *, #3634, .F. ) ;
#6501 = DIRECTION ( 'NONE',  ( 1.000000000000000000, 0.000000000000000000, 0.000000000000000000 ) ) ;
#6502 = VECTOR ( 'NONE', #39, 1000.000000000000000 ) ;
#6503 = CARTESIAN_POINT ( 'NONE',  ( 48.00000000000001421, -58.00000000000000000, 27.00100000000000122 ) ) ;
#6504 = ORIENTED_EDGE ( 'NONE', *, *, #1830, .F. ) ;
#6505 = EDGE_CURVE ( 'NONE', #5519, #10762, #10838, .T. ) ;
#6506 = ORIENTED_EDGE ( 'NONE', *, *, #9777, .T. ) ;
#6507 = CARTESIAN_POINT ( 'NONE',  ( 54.00000000000002132, -62.00000000000000711, 1.999999999999998224 ) ) ;
#6508 = LINE ( 'NONE', #6567, #10302 ) ;
#6509 = VECTOR ( 'NONE', #11051, 1000.000000000000000 ) ;
#6510 = ORIENTED_EDGE ( 'NONE', *, *, #7142, .T. ) ;
#6511 = CARTESIAN_POINT ( 'NONE',  ( 28.84260996342663930, -83.99999999999998579, 6.951064363261663992 ) ) ;
#6512 = DIRECTION ( 'NONE',  ( -0.000000000000000000, -0.000000000000000000, -1.000000000000000000 ) ) ;
#6513 = CARTESIAN_POINT ( 'NONE',  ( 65.00000000000001421, -58.00000000000000000, 1.999999999999998224 ) ) ;
#6514 = ORIENTED_EDGE ( 'NONE', *, *, #1295, .T. ) ;
#6515 = CARTESIAN_POINT ( 'NONE',  ( 30.10314720337485639, -84.00000000000000000, 4.427594824958979380 ) ) ;
#6516 = AXIS2_PLACEMENT_3D ( 'NONE', #9525, #2990, #215 ) ;
#6517 = VECTOR ( 'NONE', #7395, 1000.000000000000000 ) ;
#6518 = CARTESIAN_POINT ( 'NONE',  ( 49.00000000000001421, -62.00000000000000711, 27.00100000000000122 ) ) ;
#6519 = VERTEX_POINT ( 'NONE', #726 ) ;
#6520 = DIRECTION ( 'NONE',  ( -1.000000000000000000, -3.469446951953614189E-16, -0.000000000000000000 ) ) ;
#6521 = AXIS2_PLACEMENT_3D ( 'NONE', #668, #3501, #6178 ) ;
#6522 = CARTESIAN_POINT ( 'NONE',  ( 64.00000000000001421, -54.00000000000000000, 27.00100000000000122 ) ) ;
#6523 = ADVANCED_FACE ( 'NONE', ( #4407 ), #8098, .F. ) ;
#6524 = CARTESIAN_POINT ( 'NONE',  ( 34.15894091426051205, -83.70000000000001705, 7.983552992241519597 ) ) ;
#6525 = DIRECTION ( 'NONE',  ( -1.000000000000000000, -3.304235192336776005E-16, 0.000000000000000000 ) ) ;
#6526 = DIRECTION ( 'NONE',  ( 1.000000000000000000, 2.818925648462311528E-16, -0.000000000000000000 ) ) ;
#6527 = LINE ( 'NONE', #6646, #727 ) ;
#6528 = ORIENTED_EDGE ( 'NONE', *, *, #3958, .F. ) ;
#6529 = EDGE_CURVE ( 'NONE', #3427, #2432, #3, .T. ) ;
#6530 = CIRCLE ( 'NONE', #1326, 1.000000000000000888 ) ;
#6531 = DIRECTION ( 'NONE',  ( -0.000000000000000000, -0.000000000000000000, -1.000000000000000000 ) ) ;
#6532 = VECTOR ( 'NONE', #6670, 1000.000000000000000 ) ;
#6533 = ORIENTED_EDGE ( 'NONE', *, *, #10106, .T. ) ;
#6534 = DIRECTION ( 'NONE',  ( 0.000000000000000000, -0.000000000000000000, -1.000000000000000000 ) ) ;
#6535 = DIRECTION ( 'NONE',  ( 0.000000000000000000, -0.000000000000000000, -1.000000000000000000 ) ) ;
#6536 = CARTESIAN_POINT ( 'NONE',  ( 3.000000000000016431, -53.99999999999999289, 13.50000000000000178 ) ) ;
#6537 = AXIS2_PLACEMENT_3D ( 'NONE', #10500, #6624, #10319 ) ;
#6538 = EDGE_CURVE ( 'NONE', #4117, #929, #3059, .T. ) ;
#6539 = FACE_OUTER_BOUND ( 'NONE', #6213, .T. ) ;
#6540 = EDGE_LOOP ( 'NONE', ( #9534, #10970, #2428, #2940, #580, #4161 ) ) ;
#6541 = AXIS2_PLACEMENT_3D ( 'NONE', #11755, #4361, #8054 ) ;
#6542 = CARTESIAN_POINT ( 'NONE',  ( 27.21503794696573308, -83.70000000000001705, 4.451714135841259967 ) ) ;
#6543 = EDGE_LOOP ( 'NONE', ( #7667, #3799, #2003, #10437 ) ) ;
#6544 = EDGE_CURVE ( 'NONE', #2636, #2795, #5513, .T. ) ;
#6545 = DIRECTION ( 'NONE',  ( -1.000000000000000000, -0.000000000000000000, -0.000000000000000000 ) ) ;
#6546 = CARTESIAN_POINT ( 'NONE',  ( 30.31737639182834698, -84.00000000000000000, 4.891681744747787164 ) ) ;
#6547 = ADVANCED_FACE ( 'NONE', ( #7366 ), #5694, .T. ) ;
#6548 = ORIENTED_EDGE ( 'NONE', *, *, #5043, .T. ) ;
#6549 = CYLINDRICAL_SURFACE ( 'NONE', #9414, 1.000000000000000888 ) ;
#6550 = VECTOR ( 'NONE', #4708, 1000.000000000000000 ) ;
#6551 = CARTESIAN_POINT ( 'NONE',  ( 30.28609112205922571, -83.70000000000001705, 6.045723362544951129 ) ) ;
#6552 = VERTEX_POINT ( 'NONE', #4704 ) ;
#6553 = ADVANCED_FACE ( 'NONE', ( #9175 ), #8397, .F. ) ;
#6554 = LINE ( 'NONE', #2090, #7690 ) ;
#6555 = DIRECTION ( 'NONE',  ( 0.000000000000000000, 0.000000000000000000, -1.000000000000000000 ) ) ;
#6556 = ORIENTED_EDGE ( 'NONE', *, *, #6027, .F. ) ;
#6557 = LINE ( 'NONE', #9271, #3745 ) ;
#6558 = VERTEX_POINT ( 'NONE', #904 ) ;
#6559 = CIRCLE ( 'NONE', #8294, 1.000000000000000888 ) ;
#6560 = CARTESIAN_POINT ( 'NONE',  ( 57.99999999999999289, -10.00000000000000000, 1.999999999999998224 ) ) ;
#6561 = EDGE_LOOP ( 'NONE', ( #11627, #5017, #2543, #11505 ) ) ;
#6562 = CARTESIAN_POINT ( 'NONE',  ( 30.65945400893807715, -84.00000000000001421, 4.949445491366629035 ) ) ;
#6563 = VECTOR ( 'NONE', #4878, 1000.000000000000000 ) ;
#6564 = CARTESIAN_POINT ( 'NONE',  ( 57.00000000000000711, -30.00000000000000000, 27.00100000000000122 ) ) ;
#6565 = VERTEX_POINT ( 'NONE', #4582 ) ;
#6566 = VERTEX_POINT ( 'NONE', #1876 ) ;
#6567 = CARTESIAN_POINT ( 'NONE',  ( 52.00631278289348813, -84.00000000000000000, 7.909827637963544156 ) ) ;
#6568 = VERTEX_POINT ( 'NONE', #11078 ) ;
#6569 = CARTESIAN_POINT ( 'NONE',  ( 49.00000000000000000, -14.00000000000000000, 1.999999999999998224 ) ) ;
#6570 = FACE_OUTER_BOUND ( 'NONE', #11120, .T. ) ;
#6571 = DIRECTION ( 'NONE',  ( -0.000000000000000000, -0.000000000000000000, -1.000000000000000000 ) ) ;
#6572 = EDGE_CURVE ( 'NONE', #21, #855, #6409, .T. ) ;
#6573 = EDGE_LOOP ( 'NONE', ( #10159, #11617 ) ) ;
#6574 = CARTESIAN_POINT ( 'NONE',  ( 29.78051666406289755, -84.00000000000002842, 7.870271875707739007 ) ) ;
#6575 = AXIS2_PLACEMENT_3D ( 'NONE', #5808, #7658, #8691 ) ;
#6576 = CARTESIAN_POINT ( 'NONE',  ( 57.00000000000000711, -38.00000000000000000, 1.999999999999998224 ) ) ;
#6577 = VERTEX_POINT ( 'NONE', #5573 ) ;
#6578 = LINE ( 'NONE', #5453, #364 ) ;
#6579 = DIRECTION ( 'NONE',  ( -1.000000000000000000, -3.304235192336776005E-16, 0.000000000000000000 ) ) ;
#6580 = PLANE ( 'NONE',  #3360 ) ;
#6581 = DIRECTION ( 'NONE',  ( -0.000000000000000000, -1.000000000000000000, -0.000000000000000000 ) ) ;
#6582 = ORIENTED_EDGE ( 'NONE', *, *, #7717, .F. ) ;
#6583 = LINE ( 'NONE', #10281, #5661 ) ;
#6584 = CYLINDRICAL_SURFACE ( 'NONE', #9215, 1.000000000000000888 ) ;
#6585 = ORIENTED_EDGE ( 'NONE', *, *, #4621, .T. ) ;
#6586 = CARTESIAN_POINT ( 'NONE',  ( 29.31716876171665476, -83.99999999999995737, 7.067605011937181381 ) ) ;
#6587 = VECTOR ( 'NONE', #2382, 1000.000000000000000 ) ;
#6588 = AXIS2_PLACEMENT_3D ( 'NONE', #7220, #6555, #10927 ) ;
#6589 = FACE_OUTER_BOUND ( 'NONE', #10599, .T. ) ;
#6590 = ADVANCED_FACE ( 'NONE', ( #1087 ), #8272, .T. ) ;
#6591 = EDGE_LOOP ( 'NONE', ( #7336, #2501, #11301, #7196, #7889, #4134, #4285, #2672, #3114, #3547, #7199, #2850 ) ) ;
#6592 = CARTESIAN_POINT ( 'NONE',  ( 31.29148747504773809, -83.99999999999997158, 4.777420350234442559 ) ) ;
#6593 = ADVANCED_FACE ( 'NONE', ( #9236 ), #11253, .F. ) ;
#6594 = PLANE ( 'NONE',  #8130 ) ;
#6595 = CARTESIAN_POINT ( 'NONE',  ( 30.34889109836274557, -83.99999999999997158, 4.411536531336170519 ) ) ;
#6596 = VECTOR ( 'NONE', #3068, 1000.000000000000000 ) ;
#6597 = AXIS2_PLACEMENT_3D ( 'NONE', #11491, #3197, #10585 ) ;
#6598 = DIRECTION ( 'NONE',  ( -0.000000000000000000, -0.000000000000000000, -1.000000000000000000 ) ) ;
#6599 = ORIENTED_EDGE ( 'NONE', *, *, #5364, .T. ) ;
#6600 = CARTESIAN_POINT ( 'NONE',  ( 53.52093266593442422, -83.70000000000001705, 6.436143427437228226 ) ) ;
#6601 = DIRECTION ( 'NONE',  ( -1.000000000000000000, 0.000000000000000000, 0.000000000000000000 ) ) ;
#6602 = ORIENTED_EDGE ( 'NONE', *, *, #2042, .F. ) ;
#6603 = CARTESIAN_POINT ( 'NONE',  ( 31.43065414796204848, -83.99999999999997158, 6.942725615156834174 ) ) ;
#6604 = VECTOR ( 'NONE', #220, 1000.000000000000000 ) ;
#6605 = CARTESIAN_POINT ( 'NONE',  ( 66.00000000000000000, -22.00000000000000000, 0.000000000000000000 ) ) ;
#6606 = VERTEX_POINT ( 'NONE', #7481 ) ;
#6607 = DIRECTION ( 'NONE',  ( -1.000000000000000000, 0.000000000000000000, 0.000000000000000000 ) ) ;
#6608 = EDGE_CURVE ( 'NONE', #6979, #2087, #8859, .T. ) ;
#6609 = EDGE_CURVE ( 'NONE', #10446, #3534, #5592, .T. ) ;
#6611 = EDGE_LOOP ( 'NONE', ( #2495, #10366 ) ) ;
#6610 = CARTESIAN_POINT ( 'NONE',  ( 31.43065414796204848, -83.70000000000001705, 6.942725615156834174 ) ) ;
#6612 = LINE ( 'NONE', #9455, #10190 ) ;
#6613 = ORIENTED_EDGE ( 'NONE', *, *, #9494, .T. ) ;
#6614 = FACE_OUTER_BOUND ( 'NONE', #2879, .T. ) ;
#6615 = DIRECTION ( 'NONE',  ( -1.000000000000000000, 0.000000000000000000, 0.000000000000000000 ) ) ;
#6616 = ORIENTED_EDGE ( 'NONE', *, *, #3947, .F. ) ;
#6617 = CARTESIAN_POINT ( 'NONE',  ( 53.00000000000001421, -46.00000000000000711, 1.999999999999998224 ) ) ;
#6618 = ORIENTED_EDGE ( 'NONE', *, *, #570, .F. ) ;
#6619 = VECTOR ( 'NONE', #7619, 1000.000000000000000 ) ;
#6620 = EDGE_CURVE ( 'NONE', #11862, #4536, #8456, .T. ) ;
#6621 = LINE ( 'NONE', #11230, #11159 ) ;
#6622 = EDGE_CURVE ( 'NONE', #4576, #6012, #10216, .T. ) ;
#6623 = ORIENTED_EDGE ( 'NONE', *, *, #10849, .F. ) ;
#6624 = DIRECTION ( 'NONE',  ( 1.000000000000000000, -0.000000000000000000, -0.000000000000000000 ) ) ;
#6625 = VECTOR ( 'NONE', #1017, 1000.000000000000000 ) ;
#6626 = CARTESIAN_POINT ( 'NONE',  ( 52.00631278289348813, -83.70000000000001705, 7.909827637963544156 ) ) ;
#6627 = VERTEX_POINT ( 'NONE', #1941 ) ;
#6628 = VERTEX_POINT ( 'NONE', #5632 ) ;
#6629 = CARTESIAN_POINT ( 'NONE',  ( 45.78409056067126670, -83.70000000000001705, 4.368891965448924886 ) ) ;
#6630 = CARTESIAN_POINT ( 'NONE',  ( 56.00000000000000000, -18.00000000000000355, 1.999999999999998224 ) ) ;
#6631 = ORIENTED_EDGE ( 'NONE', *, *, #6309, .T. ) ;
#6632 = CARTESIAN_POINT ( 'NONE',  ( 30.66059600595683321, -84.00000000000001421, 6.465430962207526555 ) ) ;
#6633 = DIRECTION ( 'NONE',  ( 0.1363298397660601402, 0.000000000000000000, -0.9906635023000293083 ) ) ;
#6634 = AXIS2_PLACEMENT_3D ( 'NONE', #9731, #8695, #6050 ) ;
#6635 = EDGE_LOOP ( 'NONE', ( #11682, #7476, #11356, #4551 ) ) ;
#6636 = CARTESIAN_POINT ( 'NONE',  ( 44.00000000000000000, -63.89813106228984907, 0.000000000000000000 ) ) ;
#6637 = CARTESIAN_POINT ( 'NONE',  ( 28.17141148520101623, -84.00000000000001421, 6.649616688402138820 ) ) ;
#6638 = CARTESIAN_POINT ( 'NONE',  ( 29.46092601743925243, -83.70000000000004547, 4.780676657220314318 ) ) ;
#6639 = CARTESIAN_POINT ( 'NONE',  ( 54.00000000000001421, -58.00000000000000000, 0.000000000000000000 ) ) ;
#6640 = ORIENTED_EDGE ( 'NONE', *, *, #2837, .F. ) ;
#6641 = CARTESIAN_POINT ( 'NONE',  ( 31.03814912925179925, -83.70000000000001705, 7.838429966572931562 ) ) ;
#6642 = CIRCLE ( 'NONE', #11875, 1.000000000000000888 ) ;
#6643 = PLANE ( 'NONE',  #9540 ) ;
#6644 = DIRECTION ( 'NONE',  ( 3.304235192336778963E-16, -1.000000000000000000, 0.000000000000000000 ) ) ;
#6645 = DIRECTION ( 'NONE',  ( 4.336808689942017736E-16, -1.000000000000000000, -0.000000000000000000 ) ) ;
#6646 = CARTESIAN_POINT ( 'NONE',  ( 12.00000000000000000, -2.267949192431121475, 3.000000000000000000 ) ) ;
#6647 = EDGE_LOOP ( 'NONE', ( #3543, #6186, #1053, #7791 ) ) ;
#6648 = EDGE_CURVE ( 'NONE', #3480, #8590, #6578, .T. ) ;
#6649 = FACE_OUTER_BOUND ( 'NONE', #11053, .T. ) ;
#6650 = CARTESIAN_POINT ( 'NONE',  ( 41.99999999999999289, -2.000000000000001776, 2.999999999999993339 ) ) ;
#6651 = ORIENTED_EDGE ( 'NONE', *, *, #8417, .F. ) ;
#6652 = LINE ( 'NONE', #5707, #2573 ) ;
#6653 = CARTESIAN_POINT ( 'NONE',  ( 30.54523071283101743, -84.00000000000001421, 6.513659121762855442 ) ) ;
#6654 = CARTESIAN_POINT ( 'NONE',  ( 48.00000000000000000, -10.00000000000000000, 27.00100000000000122 ) ) ;
#6655 = CIRCLE ( 'NONE', #11500, 1.000000000000000888 ) ;
#6656 = CARTESIAN_POINT ( 'NONE',  ( 73.00000000000002842, -81.17157287525381548, 2.828427124746187626 ) ) ;
#6657 = ORIENTED_EDGE ( 'NONE', *, *, #7790, .T. ) ;
#6658 = CARTESIAN_POINT ( 'NONE',  ( 57.00000000000000711, -42.00000000000000000, 1.999999999999998224 ) ) ;
#6659 = CARTESIAN_POINT ( 'NONE',  ( 28.02651614446034856, -83.70000000000003126, 7.949578531162566186 ) ) ;
#6660 = AXIS2_PLACEMENT_3D ( 'NONE', #4056, #6664, #5833 ) ;
#6662 = EDGE_CURVE ( 'NONE', #7076, #10152, #8667, .T. ) ;
#6661 = ORIENTED_EDGE ( 'NONE', *, *, #9794, .T. ) ;
#6663 = EDGE_CURVE ( 'NONE', #4342, #8836, #1910, .T. ) ;
#6664 = DIRECTION ( 'NONE',  ( 0.000000000000000000, 0.000000000000000000, -1.000000000000000000 ) ) ;
#6665 = EDGE_LOOP ( 'NONE', ( #3376, #7795 ) ) ;
#6666 = DIRECTION ( 'NONE',  ( -1.000000000000000000, 0.000000000000000000, 0.000000000000000000 ) ) ;
#6668 = ORIENTED_EDGE ( 'NONE', *, *, #3663, .T. ) ;
#6667 = CARTESIAN_POINT ( 'NONE',  ( 64.00000000000000000, -30.00000000000000000, 1.999999999999998224 ) ) ;
#6669 = CARTESIAN_POINT ( 'NONE',  ( 66.00000000000001421, -66.00000000000000000, 0.000000000000000000 ) ) ;
#6670 = DIRECTION ( 'NONE',  ( 1.000000000000000000, 0.000000000000000000, 0.000000000000000000 ) ) ;
#6671 = CARTESIAN_POINT ( 'NONE',  ( 33.35538882415871598, -84.00000000000000000, 7.505212078228091777 ) ) ;
#6672 = ORIENTED_EDGE ( 'NONE', *, *, #584, .F. ) ;
#6673 = DIRECTION ( 'NONE',  ( -0.000000000000000000, -0.000000000000000000, 1.000000000000000000 ) ) ;
#6674 = EDGE_LOOP ( 'NONE', ( #11770, #11410 ) ) ;
#6675 = ADVANCED_FACE ( 'NONE', ( #3612 ), #6918, .F. ) ;
#6676 = EDGE_CURVE ( 'NONE', #1777, #9191, #2887, .T. ) ;
#6677 = CARTESIAN_POINT ( 'NONE',  ( 29.92665738345869997, -83.70000000000003126, 7.007672748455656020 ) ) ;
#6678 = ORIENTED_EDGE ( 'NONE', *, *, #1831, .T. ) ;
#6679 = CARTESIAN_POINT ( 'NONE',  ( 30.37291836272448009, -84.00000000000001421, 4.890220698379900810 ) ) ;
#6680 = ORIENTED_EDGE ( 'NONE', *, *, #9510, .T. ) ;
#6681 = DIRECTION ( 'NONE',  ( -1.000000000000000000, 0.000000000000000000, -0.000000000000000000 ) ) ;
#6682 = EDGE_LOOP ( 'NONE', ( #2332, #6334, #3485, #3696 ) ) ;
#6683 = EDGE_LOOP ( 'NONE', ( #8432, #655, #2342, #2537 ) ) ;
#6684 = CARTESIAN_POINT ( 'NONE',  ( 66.00000000000001421, -58.00000000000000000, 0.000000000000000000 ) ) ;
#6685 = ADVANCED_FACE ( 'NONE', ( #4195 ), #6092, .T. ) ;
#6686 = DIRECTION ( 'NONE',  ( 0.000000000000000000, 0.000000000000000000, -1.000000000000000000 ) ) ;
#6687 = VERTEX_POINT ( 'NONE', #5812 ) ;
#6688 = ADVANCED_FACE ( 'NONE', ( #3236 ), #6699, .F. ) ;
#6689 = CARTESIAN_POINT ( 'NONE',  ( 28.79880400841952692, -84.00000000000001421, 7.308241454442346630 ) ) ;
#6690 = CIRCLE ( 'NONE', #1488, 2.000000000000000000 ) ;
#6691 = CARTESIAN_POINT ( 'NONE',  ( 0.000000000000000000, -83.70000000000001705, 0.000000000000000000 ) ) ;
#6692 = EDGE_LOOP ( 'NONE', ( #3258, #5274, #8282, #5161 ) ) ;
#6693 = LINE ( 'NONE', #7601, #7294 ) ;
#6694 = VECTOR ( 'NONE', #10605, 1000.000000000000000 ) ;
#6695 = CARTESIAN_POINT ( 'NONE',  ( 54.00000000000000711, -34.00000000000000000, 1.999999999999998224 ) ) ;
#6696 = CARTESIAN_POINT ( 'NONE',  ( 29.31716876171665476, -84.00000000000000000, 7.067605011937181381 ) ) ;
#6697 = CARTESIAN_POINT ( 'NONE',  ( 47.00000000000002842, -84.00000000000000000, 9.999999999999998224 ) ) ;
#6698 = ORIENTED_EDGE ( 'NONE', *, *, #3943, .F. ) ;
#6699 = PLANE ( 'NONE',  #749 ) ;
#6700 = VECTOR ( 'NONE', #1499, 1000.000000000000000 ) ;
#6701 = CARTESIAN_POINT ( 'NONE',  ( 34.15894091426051205, -83.70000000000001705, 7.983552992241519597 ) ) ;
#6702 = DIRECTION ( 'NONE',  ( -9.553223930492246669E-32, 2.891205793294679312E-16, 1.000000000000000000 ) ) ;
#6703 = EDGE_CURVE ( 'NONE', #2123, #1866, #1718, .T. ) ;
#6704 = CARTESIAN_POINT ( 'NONE',  ( 73.80000000000001137, -34.99999999999999289, 21.99999999999999645 ) ) ;
#6705 = DIRECTION ( 'NONE',  ( -1.000000000000000000, 0.000000000000000000, 0.000000000000000000 ) ) ;
#6706 = ORIENTED_EDGE ( 'NONE', *, *, #10173, .T. ) ;
#6707 = LINE ( 'NONE', #10405, #4658 ) ;
#6708 = CARTESIAN_POINT ( 'NONE',  ( 30.80972684651430882, -83.99999999999997158, 7.172962620573032133 ) ) ;
#6709 = CIRCLE ( 'NONE', #9600, 1.000000000000000888 ) ;
#6710 = AXIS2_PLACEMENT_3D ( 'NONE', #5098, #7745, #3093 ) ;
#6711 = EDGE_LOOP ( 'NONE', ( #11151, #2565, #3919, #10187 ) ) ;
#6712 = DIRECTION ( 'NONE',  ( 0.000000000000000000, 0.000000000000000000, -1.000000000000000000 ) ) ;
#6713 = CIRCLE ( 'NONE', #2651, 1.000000000000000888 ) ;
#6714 = CARTESIAN_POINT ( 'NONE',  ( 58.00000000000000000, -22.00000000000000000, 1.999999999999998224 ) ) ;
#6715 = DIRECTION ( 'NONE',  ( 0.000000000000000000, 0.000000000000000000, -1.000000000000000000 ) ) ;
#6716 = DIRECTION ( 'NONE',  ( -0.000000000000000000, -1.000000000000000000, -0.000000000000000000 ) ) ;
#6717 = ORIENTED_EDGE ( 'NONE', *, *, #1715, .F. ) ;
#6718 = EDGE_CURVE ( 'NONE', #9409, #1290, #9961, .T. ) ;
#6719 = VECTOR ( 'NONE', #497, 1000.000000000000000 ) ;
#6720 = CARTESIAN_POINT ( 'NONE',  ( 3.000000000000008882, -35.00000000000000000, 25.00000000000000000 ) ) ;
#6721 = CARTESIAN_POINT ( 'NONE',  ( 28.82453695535300042, -83.70000000000000284, 7.196984002360554911 ) ) ;
#6722 = CIRCLE ( 'NONE', #2849, 1.000000000000000888 ) ;
#6723 = ORIENTED_EDGE ( 'NONE', *, *, #5972, .F. ) ;
#6724 = AXIS2_PLACEMENT_3D ( 'NONE', #10778, #7065, #10721 ) ;
#6725 = DIRECTION ( 'NONE',  ( 0.000000000000000000, -0.000000000000000000, -1.000000000000000000 ) ) ;
#6726 = ORIENTED_EDGE ( 'NONE', *, *, #974, .T. ) ;
#6727 = DIRECTION ( 'NONE',  ( -1.000000000000000000, 0.000000000000000000, 0.000000000000000000 ) ) ;
#6728 = AXIS2_PLACEMENT_3D ( 'NONE', #8616, #5674, #2160 ) ;
#6729 = ADVANCED_FACE ( 'NONE', ( #9486, #4321 ), #640, .T. ) ;
#6730 = CARTESIAN_POINT ( 'NONE',  ( 27.55995889130188203, -83.70000000000001705, 7.505212078228091777 ) ) ;
#6731 = DIRECTION ( 'NONE',  ( 0.000000000000000000, -0.000000000000000000, -1.000000000000000000 ) ) ;
#6732 = CIRCLE ( 'NONE', #4603, 1.000000000000000888 ) ;
#6733 = FACE_BOUND ( 'NONE', #9235, .T. ) ;
#6734 = CARTESIAN_POINT ( 'NONE',  ( 30.19237849184836264, -83.99999999999997158, 6.084350109147665719 ) ) ;
#6735 = VERTEX_POINT ( 'NONE', #300 ) ;
#6736 = CARTESIAN_POINT ( 'NONE',  ( 41.99999999999999289, -65.89813106228984907, 1.999999999999998224 ) ) ;
#6737 = EDGE_LOOP ( 'NONE', ( #3894, #9048, #135, #11818 ) ) ;
#6738 = CARTESIAN_POINT ( 'NONE',  ( 29.94596348587013779, -83.70000000000000284, 6.928748990884614933 ) ) ;
#6739 = ORIENTED_EDGE ( 'NONE', *, *, #9050, .T. ) ;
#6740 = CARTESIAN_POINT ( 'NONE',  ( 30.70702562380078149, -84.00000000000000000, 4.975623262019563953 ) ) ;
#6741 = ADVANCED_FACE ( 'NONE', ( #7607 ), #2062, .T. ) ;
#6742 = EDGE_CURVE ( 'NONE', #7162, #10085, #3448, .T. ) ;
#6743 = ORIENTED_EDGE ( 'NONE', *, *, #1496, .T. ) ;
#6744 = DIRECTION ( 'NONE',  ( -1.000000000000000000, 0.000000000000000000, 0.000000000000000000 ) ) ;
#6745 = ORIENTED_EDGE ( 'NONE', *, *, #4445, .T. ) ;
#6746 = AXIS2_PLACEMENT_3D ( 'NONE', #6934, #9602, #1331 ) ;
#6747 = EDGE_LOOP ( 'NONE', ( #6514, #2340, #578, #5289 ) ) ;
#6748 = FACE_OUTER_BOUND ( 'NONE', #2582, .T. ) ;
#6749 = FACE_OUTER_BOUND ( 'NONE', #1724, .T. ) ;
#6750 = ORIENTED_EDGE ( 'NONE', *, *, #7720, .F. ) ;
#6751 = FACE_OUTER_BOUND ( 'NONE', #11328, .T. ) ;
#6752 = CARTESIAN_POINT ( 'NONE',  ( 29.92495146314843879, -83.99999999999998579, 7.125050753186684460 ) ) ;
#6753 = AXIS2_PLACEMENT_3D ( 'NONE', #3659, #1927, #9286 ) ;
#6754 = DIRECTION ( 'NONE',  ( -0.000000000000000000, -1.000000000000000000, -0.000000000000000000 ) ) ;
#6755 = CARTESIAN_POINT ( 'NONE',  ( 50.36888588230869601, -83.70000000000001705, 4.409827637963545044 ) ) ;
#6756 = CARTESIAN_POINT ( 'NONE',  ( 29.98995287600827453, -83.70000000000000284, 4.451470728112676412 ) ) ;
#6757 = EDGE_CURVE ( 'NONE', #11298, #11715, #3531, .T. ) ;
#6758 = LINE ( 'NONE', #470, #8719 ) ;
#6759 = VERTEX_POINT ( 'NONE', #11708 ) ;
#6760 = FACE_OUTER_BOUND ( 'NONE', #6747, .T. ) ;
#6761 = CARTESIAN_POINT ( 'NONE',  ( 58.00000000000001421, -58.00000000000000000, 0.000000000000000000 ) ) ;
#6762 = LINE ( 'NONE', #1946, #1014 ) ;
#6763 = CARTESIAN_POINT ( 'NONE',  ( 27.00000000000003197, -81.99999999999997158, 16.19999999999999929 ) ) ;
#6764 = ORIENTED_EDGE ( 'NONE', *, *, #2426, .T. ) ;
#6765 = DIRECTION ( 'NONE',  ( -1.000000000000000000, 0.000000000000000000, 0.000000000000000000 ) ) ;
#6766 = CARTESIAN_POINT ( 'NONE',  ( 30.55933272506983656, -83.99999999999997158, 7.485208810114385436 ) ) ;
#6767 = EDGE_CURVE ( 'NONE', #1663, #692, #877, .T. ) ;
#6768 = ORIENTED_EDGE ( 'NONE', *, *, #8835, .F. ) ;
#6769 = CARTESIAN_POINT ( 'NONE',  ( 30.72965053079946429, -83.99999999999998579, 4.450300915725983408 ) ) ;
#6770 = CARTESIAN_POINT ( 'NONE',  ( 48.46537711037886709, -84.00000000000000000, 5.883511848489860085 ) ) ;
#6771 = CARTESIAN_POINT ( 'NONE',  ( 56.00000000000000711, -46.00000000000000711, 1.999999999999998224 ) ) ;
#6772 = CARTESIAN_POINT ( 'NONE',  ( 31.94462425842338504, -84.00000000000000000, 7.505212078228091777 ) ) ;
#6773 = CARTESIAN_POINT ( 'NONE',  ( 46.74607886476483287, -84.00000000000000000, 5.678833485916761070 ) ) ;
#6774 = VERTEX_POINT ( 'NONE', #10064 ) ;
#6775 = AXIS2_PLACEMENT_3D ( 'NONE', #6062, #4905, #11380 ) ;
#6776 = CARTESIAN_POINT ( 'NONE',  ( 73.00000000000002842, -82.00000000000000000, 27.00000000000000000 ) ) ;
#6777 = CARTESIAN_POINT ( 'NONE',  ( 65.00000000000000000, -22.00000000000000000, 1.999999999999998224 ) ) ;
#6778 = CIRCLE ( 'NONE', #6969, 1.000000000000000888 ) ;
#6779 = ORIENTED_EDGE ( 'NONE', *, *, #770, .T. ) ;
#6780 = DIRECTION ( 'NONE',  ( -0.000000000000000000, -0.000000000000000000, -1.000000000000000000 ) ) ;
#6781 = ORIENTED_EDGE ( 'NONE', *, *, #11951, .T. ) ;
#6782 = DIRECTION ( 'NONE',  ( -1.000000000000000000, 0.000000000000000000, -0.000000000000000000 ) ) ;
#6783 = AXIS2_PLACEMENT_3D ( 'NONE', #6518, #5511, #7544 ) ;
#6784 = VECTOR ( 'NONE', #1456, 1000.000000000000000 ) ;
#6785 = DIRECTION ( 'NONE',  ( 1.000000000000000000, 0.000000000000000000, 2.478176394252583113E-16 ) ) ;
#6786 = CARTESIAN_POINT ( 'NONE',  ( 27.55995889130188559, -83.70000000000003126, 7.505212078228092665 ) ) ;
#6787 = DIRECTION ( 'NONE',  ( -0.000000000000000000, -1.000000000000000000, -0.000000000000000000 ) ) ;
#6788 = CARTESIAN_POINT ( 'NONE',  ( 30.23063248887606846, -83.70000000000003126, 6.069431268178276717 ) ) ;
#6789 = ORIENTED_EDGE ( 'NONE', *, *, #6200, .T. ) ;
#6790 = CARTESIAN_POINT ( 'NONE',  ( 56.00000000000000711, -30.00000000000000000, 27.00100000000000122 ) ) ;
#6791 = EDGE_LOOP ( 'NONE', ( #10881, #2817, #5579, #10069 ) ) ;
#6792 = AXIS2_PLACEMENT_3D ( 'NONE', #5189, #9959, #1629 ) ;
#6793 = EDGE_CURVE ( 'NONE', #459, #7299, #1787, .T. ) ;
#6794 = DIRECTION ( 'NONE',  ( -0.000000000000000000, -1.000000000000000000, -0.000000000000000000 ) ) ;
#6795 = VECTOR ( 'NONE', #8814, 1000.000000000000000 ) ;
#6796 = VERTEX_POINT ( 'NONE', #10809 ) ;
#6797 = DIRECTION ( 'NONE',  ( 1.000000000000000000, 0.000000000000000000, 0.000000000000000000 ) ) ;
#6798 = EDGE_LOOP ( 'NONE', ( #11095, #11887 ) ) ;
#6799 = ORIENTED_EDGE ( 'NONE', *, *, #3154, .F. ) ;
#6800 = LINE ( 'NONE', #8501, #10870 ) ;
#6801 = ORIENTED_EDGE ( 'NONE', *, *, #2871, .T. ) ;
#6802 = ORIENTED_EDGE ( 'NONE', *, *, #8738, .T. ) ;
#6803 = AXIS2_PLACEMENT_3D ( 'NONE', #10792, #11691, #3283 ) ;
#6804 = DIRECTION ( 'NONE',  ( 0.000000000000000000, 0.000000000000000000, -1.000000000000000000 ) ) ;
#6805 = CARTESIAN_POINT ( 'NONE',  ( 65.00000000000000000, -34.00000000000000000, 27.00100000000000122 ) ) ;
#6806 = ADVANCED_FACE ( 'NONE', ( #11942 ), #6377, .T. ) ;
#6807 = EDGE_CURVE ( 'NONE', #2299, #1817, #2622, .T. ) ;
#6808 = CARTESIAN_POINT ( 'NONE',  ( 31.33703000702238484, -83.70000000000001705, 5.988412850961646328 ) ) ;
#6809 = LINE ( 'NONE', #3912, #7850 ) ;
#6810 = DIRECTION ( 'NONE',  ( 0.000000000000000000, 0.000000000000000000, -1.000000000000000000 ) ) ;
#6811 = CIRCLE ( 'NONE', #4146, 1.000000000000000888 ) ;
#6812 = DIRECTION ( 'NONE',  ( 0.000000000000000000, 0.000000000000000000, -1.000000000000000000 ) ) ;
#6813 = CARTESIAN_POINT ( 'NONE',  ( 27.21503794696573308, -83.70000000000001705, 4.451714135841259967 ) ) ;
#6814 = EDGE_LOOP ( 'NONE', ( #11917, #9795 ) ) ;
#6815 = CARTESIAN_POINT ( 'NONE',  ( 30.10314720337485639, -83.70000000000003126, 4.427594824958979380 ) ) ;
#6816 = FACE_OUTER_BOUND ( 'NONE', #9042, .T. ) ;
#6817 = DIRECTION ( 'NONE',  ( -0.000000000000000000, -0.000000000000000000, -1.000000000000000000 ) ) ;
#6818 = CARTESIAN_POINT ( 'NONE',  ( 30.58429742814211139, -83.70000000000001705, 6.497327383436046766 ) ) ;
#6819 = ORIENTED_EDGE ( 'NONE', *, *, #5418, .T. ) ;
#6820 = CIRCLE ( 'NONE', #11089, 1.000000000000000888 ) ;
#6821 = AXIS2_PLACEMENT_3D ( 'NONE', #1216, #6645, #3073 ) ;
#6822 = CARTESIAN_POINT ( 'NONE',  ( 29.95642302710347948, -83.70000000000003126, 7.956042561108343847 ) ) ;
#6823 = EDGE_CURVE ( 'NONE', #10983, #6566, #4372, .T. ) ;
#6824 = FACE_BOUND ( 'NONE', #3169, .T. ) ;
#6825 = CARTESIAN_POINT ( 'NONE',  ( 30.25503991994079200, -84.00000000000002842, 4.895250670848655616 ) ) ;
#6826 = ORIENTED_EDGE ( 'NONE', *, *, #10746, .T. ) ;
#6827 = DIRECTION ( 'NONE',  ( 1.000000000000000000, 0.000000000000000000, 0.000000000000000000 ) ) ;
#6828 = DIRECTION ( 'NONE',  ( -1.000000000000000000, 0.000000000000000000, 0.000000000000000000 ) ) ;
#6829 = ORIENTED_EDGE ( 'NONE', *, *, #7043, .T. ) ;
#6830 = CARTESIAN_POINT ( 'NONE',  ( 28.79031171663141109, -83.99999999999998579, 6.586946591849436317 ) ) ;
#6831 = PLANE ( 'NONE',  #4696 ) ;
#6832 = CARTESIAN_POINT ( 'NONE',  ( 66.00000000000000000, -30.00000000000000000, 0.000000000000000000 ) ) ;
#6833 = VERTEX_POINT ( 'NONE', #2508 ) ;
#6834 = CARTESIAN_POINT ( 'NONE',  ( 50.83964611622682384, -84.00000000000000000, 5.719769158431380340 ) ) ;
#6835 = FACE_OUTER_BOUND ( 'NONE', #7107, .T. ) ;
#6836 = ORIENTED_EDGE ( 'NONE', *, *, #3647, .F. ) ;
#6837 = ADVANCED_FACE ( 'NONE', ( #9948, #5359, #6438, #6206, #937, #11767, #1669, #3584, #10125, #8240, #10867, #2682, #4435, #8125, #7277, #11824, #696, #10985, #6317, #10004, #1616, #3642, #3472, #4553, #5481, #5301, #9149, #8068, #7334, #2746, #9090, #1728, #1849, #5419, #819, #5539, #4613, #996, #1180, #4860, #9331, #9268, #1059, #1117, #2802, #10182, #32, #147, #3830, #5782, #1246, #209, #3038, #10246, #5842, #5664, #8490, #11283, #7397, #9392, #9519, #271, #8550, #3892, #5724, #7516, #4674, #4734, #6491, #11223, #1912, #4797, #5606, #6733, #7579, #8362 ), #8301, .T. ) ;
#6838 = EDGE_CURVE ( 'NONE', #1012, #9641, #8423, .T. ) ;
#6839 = VECTOR ( 'NONE', #5967, 1000.000000000000000 ) ;
#6840 = CARTESIAN_POINT ( 'NONE',  ( 47.00000000000002842, 0.001000000000001000089, 9.999999999999998224 ) ) ;
#6841 = ORIENTED_EDGE ( 'NONE', *, *, #7123, .F. ) ;
#6842 = CARTESIAN_POINT ( 'NONE',  ( 56.99999999999999289, -10.00000000000000000, 1.999999999999998224 ) ) ;
#6843 = CARTESIAN_POINT ( 'NONE',  ( 50.36888588230869601, -83.70000000000001705, 7.909827637963544156 ) ) ;
#6844 = ORIENTED_EDGE ( 'NONE', *, *, #9913, .F. ) ;
#6845 = CARTESIAN_POINT ( 'NONE',  ( 27.72653424395525334, -84.00000000000000000, 7.497159959353554726 ) ) ;
#6846 = DIRECTION ( 'NONE',  ( 0.000000000000000000, 0.000000000000000000, -1.000000000000000000 ) ) ;
#6847 = DIRECTION ( 'NONE',  ( 1.000000000000000000, 0.000000000000000000, 0.000000000000000000 ) ) ;
#6848 = ORIENTED_EDGE ( 'NONE', *, *, #5450, .T. ) ;
#6849 = CARTESIAN_POINT ( 'NONE',  ( 55.03555254897536031, -83.70000000000001705, 7.909827637963544156 ) ) ;
#6850 = ORIENTED_EDGE ( 'NONE', *, *, #7197, .F. ) ;
#6851 = ADVANCED_FACE ( 'NONE', ( #6614 ), #2036, .T. ) ;
#6852 = DIRECTION ( 'NONE',  ( -0.000000000000000000, -0.000000000000000000, -1.000000000000000000 ) ) ;
#6853 = ORIENTED_EDGE ( 'NONE', *, *, #10976, .T. ) ;
#6854 = LINE ( 'NONE', #3298, #1133 ) ;
#6855 = DIRECTION ( 'NONE',  ( 1.000000000000000000, 0.000000000000000000, -0.000000000000000000 ) ) ;
#6856 = ORIENTED_EDGE ( 'NONE', *, *, #936, .F. ) ;
#6857 = ORIENTED_EDGE ( 'NONE', *, *, #236, .T. ) ;
#6858 = FACE_OUTER_BOUND ( 'NONE', #6477, .T. ) ;
#6859 = DIRECTION ( 'NONE',  ( -0.7954317200325035087, 0.000000000000000000, 0.6060432152628499880 ) ) ;
#6860 = CARTESIAN_POINT ( 'NONE',  ( 31.52875743004674547, -83.70000000000003126, 5.544767611654713768 ) ) ;
#6861 = CARTESIAN_POINT ( 'NONE',  ( 2.000000000000027089, -84.00000000000000000, 27.00000000000000000 ) ) ;
#6862 = LINE ( 'NONE', #8930, #6911 ) ;
#6863 = VECTOR ( 'NONE', #4301, 1000.000000000000000 ) ;
#6864 = LINE ( 'NONE', #9596, #1597 ) ;
#6865 = CARTESIAN_POINT ( 'NONE',  ( 29.23690956070042901, -83.70000000000003126, 5.407851136329481889 ) ) ;
#6866 = EDGE_CURVE ( 'NONE', #3304, #6130, #7450, .T. ) ;
#6867 = CARTESIAN_POINT ( 'NONE',  ( 28.17930045508789050, -83.70000000000003126, 6.019398779549296030 ) ) ;
#6868 = ORIENTED_EDGE ( 'NONE', *, *, #9780, .F. ) ;
#6869 = CARTESIAN_POINT ( 'NONE',  ( 29.69177096023525309, -83.70000000000001705, 4.575547396790400789 ) ) ;
#6870 = DIRECTION ( 'NONE',  ( 1.000000000000000000, 0.000000000000000000, 0.000000000000000000 ) ) ;
#6871 = DIRECTION ( 'NONE',  ( -0.000000000000000000, -0.000000000000000000, -1.000000000000000000 ) ) ;
#6872 = CARTESIAN_POINT ( 'NONE',  ( 49.00000000000000000, -34.00000000000000000, 27.00100000000000122 ) ) ;
#6873 = AXIS2_PLACEMENT_3D ( 'NONE', #9738, #7846, #10832 ) ;
#6874 = ORIENTED_EDGE ( 'NONE', *, *, #4565, .T. ) ;
#6875 = CARTESIAN_POINT ( 'NONE',  ( 30.31448308669711977, -83.99999999999994316, 8.022826306823420239 ) ) ;
#6876 = CARTESIAN_POINT ( 'NONE',  ( 30.40579744769071269, -83.70000000000000284, 7.524096912399974357 ) ) ;
#6877 = CARTESIAN_POINT ( 'NONE',  ( 29.92361494501641417, -83.70000000000001705, 7.091306945024713038 ) ) ;
#6878 = ORIENTED_EDGE ( 'NONE', *, *, #3209, .F. ) ;
#6879 = DIRECTION ( 'NONE',  ( -0.000000000000000000, -0.000000000000000000, -1.000000000000000000 ) ) ;
#6880 = AXIS2_PLACEMENT_3D ( 'NONE', #11654, #7828, #10817 ) ;
#6881 = EDGE_CURVE ( 'NONE', #10053, #2902, #943, .T. ) ;
#6882 = CARTESIAN_POINT ( 'NONE',  ( 31.27729368541266197, -83.99999999999998579, 6.055203230373494172 ) ) ;
#6883 = ORIENTED_EDGE ( 'NONE', *, *, #2658, .T. ) ;
#6884 = DIRECTION ( 'NONE',  ( -1.000000000000000000, 0.000000000000000000, 0.000000000000000000 ) ) ;
#6885 = EDGE_CURVE ( 'NONE', #3778, #4443, #6554, .T. ) ;
#6886 = DIRECTION ( 'NONE',  ( 0.000000000000000000, 0.000000000000000000, 1.000000000000000000 ) ) ;
#6887 = DIRECTION ( 'NONE',  ( -1.000000000000000000, -3.304235192336776005E-16, 0.000000000000000000 ) ) ;
#6888 = ORIENTED_EDGE ( 'NONE', *, *, #3299, .F. ) ;
#6889 = CARTESIAN_POINT ( 'NONE',  ( 28.33318826102248167, -84.00000000000000000, 4.451714135841259967 ) ) ;
#6890 = CARTESIAN_POINT ( 'NONE',  ( 60.00000000000000711, -34.00000000000000000, 27.00100000000000122 ) ) ;
#6891 = ORIENTED_EDGE ( 'NONE', *, *, #4257, .T. ) ;
#6892 = AXIS2_PLACEMENT_3D ( 'NONE', #453, #3357, #9822 ) ;
#6893 = LINE ( 'NONE', #3214, #6694 ) ;
#6894 = ORIENTED_EDGE ( 'NONE', *, *, #5672, .T. ) ;
#6895 = CARTESIAN_POINT ( 'NONE',  ( 2.200000000000008615, -35.00000000000000000, 22.00000000000000355 ) ) ;
#6896 = FACE_OUTER_BOUND ( 'NONE', #7976, .T. ) ;
#6897 = EDGE_CURVE ( 'NONE', #8615, #8071, #9456, .T. ) ;
#6898 = CARTESIAN_POINT ( 'NONE',  ( 53.00000000000000711, -38.00000000000000000, 27.00100000000000122 ) ) ;
#6899 = EDGE_LOOP ( 'NONE', ( #10933, #4486, #3537, #6167 ) ) ;
#6900 = CARTESIAN_POINT ( 'NONE',  ( 53.00000000000000000, -10.00000000000000000, 0.000000000000000000 ) ) ;
#6901 = AXIS2_PLACEMENT_3D ( 'NONE', #5081, #8883, #6942 ) ;
#6902 = ADVANCED_FACE ( 'NONE', ( #2150 ), #7875, .F. ) ;
#6903 = DIRECTION ( 'NONE',  ( -3.304235192336775512E-16, 1.000000000000000000, -0.000000000000000000 ) ) ;
#6904 = CARTESIAN_POINT ( 'NONE',  ( 29.84325973600623527, -83.70000000000001705, 5.464492996573337535 ) ) ;
#6905 = VERTEX_POINT ( 'NONE', #9761 ) ;
#6906 = AXIS2_PLACEMENT_3D ( 'NONE', #4418, #1593, #7925 ) ;
#6907 = AXIS2_PLACEMENT_3D ( 'NONE', #11853, #6235, #9973 ) ;
#6908 = CARTESIAN_POINT ( 'NONE',  ( 57.00000000000000711, -46.00000000000000711, 1.999999999999998224 ) ) ;
#6909 = ORIENTED_EDGE ( 'NONE', *, *, #9348, .F. ) ;
#6910 = EDGE_LOOP ( 'NONE', ( #9369, #5610 ) ) ;
#6911 = VECTOR ( 'NONE', #1445, 1000.000000000000000 ) ;
#6912 = LINE ( 'NONE', #8793, #9022 ) ;
#6913 = EDGE_LOOP ( 'NONE', ( #2281, #2813 ) ) ;
#6914 = DIRECTION ( 'NONE',  ( 0.000000000000000000, 0.000000000000000000, -1.000000000000000000 ) ) ;
#6915 = AXIS2_PLACEMENT_3D ( 'NONE', #10630, #3300, #8797 ) ;
#6916 = EDGE_CURVE ( 'NONE', #8305, #6759, #11456, .T. ) ;
#6917 = EDGE_LOOP ( 'NONE', ( #7436, #1683 ) ) ;
#6918 = CYLINDRICAL_SURFACE ( 'NONE', #6915, 1.000000000000000888 ) ;
#6919 = DIRECTION ( 'NONE',  ( -1.000000000000000000, 0.000000000000000000, 0.000000000000000000 ) ) ;
#6920 = ORIENTED_EDGE ( 'NONE', *, *, #4663, .T. ) ;
#6921 = AXIS2_PLACEMENT_3D ( 'NONE', #6031, #9710, #637 ) ;
#6922 = ORIENTED_EDGE ( 'NONE', *, *, #9365, .F. ) ;
#6923 = FACE_OUTER_BOUND ( 'NONE', #7950, .T. ) ;
#6924 = AXIS2_PLACEMENT_3D ( 'NONE', #4908, #6887, #11560 ) ;
#6925 = CARTESIAN_POINT ( 'NONE',  ( 31.18358559234953020, -83.99999999999998579, 7.690658041232444120 ) ) ;
#6926 = FACE_OUTER_BOUND ( 'NONE', #2390, .T. ) ;
#6927 = CARTESIAN_POINT ( 'NONE',  ( 29.91269368556428887, -83.70000000000004547, 6.207922196308472529 ) ) ;
#6928 = LINE ( 'NONE', #11659, #4667 ) ;
#6929 = DIRECTION ( 'NONE',  ( -1.000000000000000000, 0.000000000000000000, 0.000000000000000000 ) ) ;
#6930 = VECTOR ( 'NONE', #7549, 1000.000000000000000 ) ;
#6931 = CARTESIAN_POINT ( 'NONE',  ( 31.43065414796204848, -83.70000000000001705, 6.942725615156834174 ) ) ;
#6932 = ORIENTED_EDGE ( 'NONE', *, *, #4552, .T. ) ;
#6933 = DIRECTION ( 'NONE',  ( 0.000000000000000000, 0.000000000000000000, 1.000000000000000000 ) ) ;
#6934 = CARTESIAN_POINT ( 'NONE',  ( 32.74817634852518466, -83.70000000000001705, 7.505212078228091777 ) ) ;
#6935 = DIRECTION ( 'NONE',  ( 0.000000000000000000, -0.000000000000000000, -1.000000000000000000 ) ) ;
#6936 = DIRECTION ( 'NONE',  ( 1.000000000000000000, 3.469446951953614189E-16, 0.000000000000000000 ) ) ;
#6937 = VERTEX_POINT ( 'NONE', #2441 ) ;
#6938 = DIRECTION ( 'NONE',  ( 0.000000000000000000, 0.000000000000000000, -1.000000000000000000 ) ) ;
#6939 = CIRCLE ( 'NONE', #7712, 1.000000000000000888 ) ;
#6940 = EDGE_CURVE ( 'NONE', #171, #1710, #6021, .T. ) ;
#6941 = CARTESIAN_POINT ( 'NONE',  ( 30.36813171834264224, -83.99999999999998579, 7.524642927809497728 ) ) ;
#6942 = DIRECTION ( 'NONE',  ( 0.000000000000000000, -0.000000000000000000, 1.000000000000000000 ) ) ;
#6943 = ORIENTED_EDGE ( 'NONE', *, *, #10231, .T. ) ;
#6944 = CARTESIAN_POINT ( 'NONE',  ( 32.74817634852518466, -83.70000000000001705, 7.505212078228091777 ) ) ;
#6945 = CARTESIAN_POINT ( 'NONE',  ( 31.94462425842338504, -83.70000000000001705, 7.505212078228091777 ) ) ;
#6946 = VERTEX_POINT ( 'NONE', #9575 ) ;
#6947 = CARTESIAN_POINT ( 'NONE',  ( 28.41247828703944123, -84.00000000000000000, 6.115903668082109945 ) ) ;
#6948 = AXIS2_PLACEMENT_3D ( 'NONE', #7283, #9320, #3026 ) ;
#6949 = CARTESIAN_POINT ( 'NONE',  ( 53.00000000000000000, -14.00000000000000000, 1.999999999999998224 ) ) ;
#6950 = CARTESIAN_POINT ( 'NONE',  ( 48.00000000000000000, -18.00000000000000355, 27.00100000000000122 ) ) ;
#6951 = VERTEX_POINT ( 'NONE', #387 ) ;
#6952 = CARTESIAN_POINT ( 'NONE',  ( 29.92361494501641417, -84.00000000000000000, 7.091306945024713038 ) ) ;
#6953 = DIRECTION ( 'NONE',  ( 1.000000000000000000, 0.000000000000000000, 0.000000000000000000 ) ) ;
#6954 = ORIENTED_EDGE ( 'NONE', *, *, #5409, .T. ) ;
#6955 = EDGE_CURVE ( 'NONE', #8969, #9805, #4003, .T. ) ;
#6956 = CYLINDRICAL_SURFACE ( 'NONE', #11090, 1.000000000000000888 ) ;
#6957 = ORIENTED_EDGE ( 'NONE', *, *, #2562, .T. ) ;
#6958 = CYLINDRICAL_SURFACE ( 'NONE', #7864, 2.000000000000000000 ) ;
#6959 = CARTESIAN_POINT ( 'NONE',  ( 66.00000000000000000, -22.00000000000000000, 27.00100000000000122 ) ) ;
#6960 = CARTESIAN_POINT ( 'NONE',  ( 31.00000000000000000, -1.200000000000000178, 22.00000000000000000 ) ) ;
#6961 = DIRECTION ( 'NONE',  ( 0.000000000000000000, 0.000000000000000000, -1.000000000000000000 ) ) ;
#6962 = AXIS2_PLACEMENT_3D ( 'NONE', #10854, #7261, #6192 ) ;
#6963 = LINE ( 'NONE', #10491, #2489 ) ;
#6964 = ORIENTED_EDGE ( 'NONE', *, *, #1483, .F. ) ;
#6965 = CARTESIAN_POINT ( 'NONE',  ( 53.00000000000000000, -14.00000000000000000, 27.00100000000000122 ) ) ;
#6966 = EDGE_LOOP ( 'NONE', ( #6360, #2875, #7719, #7166 ) ) ;
#6967 = AXIS2_PLACEMENT_3D ( 'NONE', #6576, #4762, #7364 ) ;
#6968 = EDGE_CURVE ( 'NONE', #8915, #6774, #4403, .T. ) ;
#6969 = AXIS2_PLACEMENT_3D ( 'NONE', #9919, #1646, #5328 ) ;
#6970 = LINE ( 'NONE', #6143, #10972 ) ;
#6971 = EDGE_CURVE ( 'NONE', #3997, #8061, #4063, .T. ) ;
#6972 = ORIENTED_EDGE ( 'NONE', *, *, #7564, .T. ) ;
#6973 = DIRECTION ( 'NONE',  ( -0.000000000000000000, -0.000000000000000000, -1.000000000000000000 ) ) ;
#6974 = CARTESIAN_POINT ( 'NONE',  ( 2.775557561562891351E-14, -84.00000000000000000, 27.00000000000000000 ) ) ;
#6975 = FACE_OUTER_BOUND ( 'NONE', #2260, .T. ) ;
#6976 = ORIENTED_EDGE ( 'NONE', *, *, #11828, .T. ) ;
#6977 = AXIS2_PLACEMENT_3D ( 'NONE', #4997, #3173, #6744 ) ;
#6978 = AXIS2_PLACEMENT_3D ( 'NONE', #2360, #3384, #8819 ) ;
#6979 = VERTEX_POINT ( 'NONE', #8847 ) ;
#6980 = DIRECTION ( 'NONE',  ( -0.000000000000000000, -0.000000000000000000, -1.000000000000000000 ) ) ;
#6981 = ADVANCED_FACE ( 'NONE', ( #7692 ), #3162, .F. ) ;
#6982 = CARTESIAN_POINT ( 'NONE',  ( 31.29221532329694355, -83.99999999999997158, 7.518616256435525891 ) ) ;
#6983 = CARTESIAN_POINT ( 'NONE',  ( 49.00000000000000000, -22.00000000000000000, 1.999999999999998224 ) ) ;
#6984 = CARTESIAN_POINT ( 'NONE',  ( 29.31725840518218007, -83.70000000000001705, 7.005115773099547916 ) ) ;
#6985 = PLANE ( 'NONE',  #2713 ) ;
#6986 = FILL_AREA_STYLE ('',( #9665 ) ) ;
#6987 = VECTOR ( 'NONE', #11784, 1000.000000000000000 ) ;
#6988 = CARTESIAN_POINT ( 'NONE',  ( 31.45462915946934501, -83.70000000000001705, 5.039445020905520600 ) ) ;
#6989 = EDGE_LOOP ( 'NONE', ( #10431, #165, #6706, #10297 ) ) ;
#6990 = FACE_OUTER_BOUND ( 'NONE', #11200, .T. ) ;
#6991 = CARTESIAN_POINT ( 'NONE',  ( 3.000000000000021760, -82.00000000000000000, 1.999999999999998224 ) ) ;
#6992 = EDGE_LOOP ( 'NONE', ( #216, #5060, #1857, #3228 ) ) ;
#6993 = DIRECTION ( 'NONE',  ( 0.000000000000000000, 0.000000000000000000, -1.000000000000000000 ) ) ;
#6994 = CARTESIAN_POINT ( 'NONE',  ( 31.51600743344776134, -83.70000000000003126, 5.623718608081254011 ) ) ;
#6995 = EDGE_LOOP ( 'NONE', ( #325, #1406, #2049, #7056 ) ) ;
#6996 = CARTESIAN_POINT ( 'NONE',  ( 30.24643596539407753, -83.70000000000001705, 8.021037934781052314 ) ) ;
#6997 = DIRECTION ( 'NONE',  ( 0.000000000000000000, -1.000000000000000000, 0.000000000000000000 ) ) ;
#6998 = VECTOR ( 'NONE', #5339, 1000.000000000000000 ) ;
#6999 = CARTESIAN_POINT ( 'NONE',  ( 62.00000000000001421, -62.00000000000000711, 0.000000000000000000 ) ) ;
#7000 = ORIENTED_EDGE ( 'NONE', *, *, #11042, .F. ) ;
#7001 = CARTESIAN_POINT ( 'NONE',  ( 31.94462425842338504, -83.70000000000001705, 7.505212078228091777 ) ) ;
#7002 = CARTESIAN_POINT ( 'NONE',  ( 53.00000000000000711, -30.00000000000000000, 1.999999999999998224 ) ) ;
#7003 = ORIENTED_EDGE ( 'NONE', *, *, #8219, .F. ) ;
#7004 = DIRECTION ( 'NONE',  ( -1.000000000000000000, 0.000000000000000000, 0.000000000000000000 ) ) ;
#7005 = EDGE_CURVE ( 'NONE', #9185, #10727, #9702, .T. ) ;
#7006 = CIRCLE ( 'NONE', #651, 1.000000000000000888 ) ;
#7007 = LINE ( 'NONE', #10659, #9920 ) ;
#7008 = DIRECTION ( 'NONE',  ( -0.000000000000000000, -0.000000000000000000, -1.000000000000000000 ) ) ;
#7009 = ORIENTED_EDGE ( 'NONE', *, *, #4744, .T. ) ;
#7010 = AXIS2_PLACEMENT_3D ( 'NONE', #2601, #7138, #5332 ) ;
#7011 = CARTESIAN_POINT ( 'NONE',  ( 30.20560434046323195, -83.99999999999998579, 6.664632703847670925 ) ) ;
#7012 = DIRECTION ( 'NONE',  ( 0.000000000000000000, -0.000000000000000000, -1.000000000000000000 ) ) ;
#7013 = VERTEX_POINT ( 'NONE', #10554 ) ;
#7014 = ORIENTED_EDGE ( 'NONE', *, *, #2936, .T. ) ;
#7015 = LINE ( 'NONE', #5337, #4203 ) ;
#7016 = VECTOR ( 'NONE', #6179, 1000.000000000000000 ) ;
#7017 = VERTEX_POINT ( 'NONE', #4181 ) ;
#7018 = CARTESIAN_POINT ( 'NONE',  ( 28.43017107298203427, -84.00000000000000000, 7.792585846937366334 ) ) ;
#7019 = FACE_OUTER_BOUND ( 'NONE', #10818, .T. ) ;
#7020 = EDGE_LOOP ( 'NONE', ( #2046, #4533, #6118, #11379 ) ) ;
#7021 = CARTESIAN_POINT ( 'NONE',  ( 31.35516225481946861, -83.99999999999998579, 4.859556023047427509 ) ) ;
#7022 = EDGE_CURVE ( 'NONE', #10923, #1120, #11577, .T. ) ;
#7023 = DIRECTION ( 'NONE',  ( -1.000000000000000000, 0.000000000000000000, 0.000000000000000000 ) ) ;
#7024 = VERTEX_POINT ( 'NONE', #10675 ) ;
#7025 = CARTESIAN_POINT ( 'NONE',  ( 48.00000000000000711, -38.00000000000000000, 27.00100000000000122 ) ) ;
#7026 = VERTEX_POINT ( 'NONE', #2267 ) ;
#7027 = VECTOR ( 'NONE', #8304, 1000.000000000000000 ) ;
#7028 = CARTESIAN_POINT ( 'NONE',  ( 12.00000000000000000, -2.000000000000001776, 13.00000000000000178 ) ) ;
#7029 = VERTEX_POINT ( 'NONE', #11635 ) ;
#7030 = FACE_OUTER_BOUND ( 'NONE', #6692, .T. ) ;
#7031 = AXIS2_PLACEMENT_3D ( 'NONE', #8713, #7983, #11445 ) ;
#7032 = EDGE_CURVE ( 'NONE', #7944, #5991, #6732, .T. ) ;
#7033 = CARTESIAN_POINT ( 'NONE',  ( 30.82748359559121099, -83.99999999999998579, 7.060825226418555367 ) ) ;
#7034 = CARTESIAN_POINT ( 'NONE',  ( 56.00000000000000000, -26.00000000000000355, 1.999999999999998224 ) ) ;
#7035 = EDGE_LOOP ( 'NONE', ( #4110, #10191, #4366, #10973 ) ) ;
#7036 = ORIENTED_EDGE ( 'NONE', *, *, #11062, .T. ) ;
#7037 = PRESENTATION_LAYER_ASSIGNMENT (  '', '', ( #294 ) ) ;
#7038 = EDGE_CURVE ( 'NONE', #21, #11383, #6963, .T. ) ;
#7039 = ORIENTED_EDGE ( 'NONE', *, *, #10746, .F. ) ;
#7040 = DIRECTION ( 'NONE',  ( -0.000000000000000000, -1.000000000000000000, -0.000000000000000000 ) ) ;
#7041 = DIRECTION ( 'NONE',  ( -1.000000000000000000, 0.000000000000000000, 0.000000000000000000 ) ) ;
#7042 = CARTESIAN_POINT ( 'NONE',  ( 29.32856268512906439, -83.70000000000003126, 6.876291518980663930 ) ) ;
#7043 = EDGE_CURVE ( 'NONE', #3040, #7185, #9233, .T. ) ;
#7044 = DIRECTION ( 'NONE',  ( -1.000000000000000000, 0.000000000000000000, 0.000000000000000000 ) ) ;
#7045 =( NAMED_UNIT ( * ) SI_UNIT ( $, .STERADIAN. ) SOLID_ANGLE_UNIT ( ) );
#7046 = EDGE_CURVE ( 'NONE', #7636, #10116, #1148, .T. ) ;
#7047 = CARTESIAN_POINT ( 'NONE',  ( 30.39390656354727938, -83.70000000000003126, 4.412360169606723836 ) ) ;
#7048 = ORIENTED_EDGE ( 'NONE', *, *, #9831, .F. ) ;
#7049 = B_SPLINE_CURVE_WITH_KNOTS ( 'NONE', 3,
 ( #818, #930, #11880, #7332, #3581, #4609, #27, #3697, #11103, #2799, #8976, #4369, #11765, #7156, #10866 ),
 .UNSPECIFIED., .F., .F.,
 ( 4, 1, 1, 1, 1, 1, 1, 1, 1, 1, 1, 1, 4 ),
 ( 0.000000000000000000, 0.08040897386634297817, 0.1563595554368080176, 0.2293997221279835408, 0.2995160360604106065, 0.3673068594618991156, 0.4328878499973464189, 0.4977300062909703615, 0.5626968507895730998, 0.6859065714959875493, 0.7985494646894329973, 0.9020186258346785113, 1.000000000000000000 ),
 .UNSPECIFIED. ) ;
#7050 = ADVANCED_FACE ( 'NONE', ( #1479 ), #5163, .T. ) ;
#7051 = CARTESIAN_POINT ( 'NONE',  ( 49.00000000000000711, -42.00000000000000000, 27.00100000000000122 ) ) ;
#7052 = DIRECTION ( 'NONE',  ( -0.000000000000000000, -0.000000000000000000, -1.000000000000000000 ) ) ;
#7053 = ORIENTED_EDGE ( 'NONE', *, *, #4851, .T. ) ;
#7054 = FACE_OUTER_BOUND ( 'NONE', #4673, .T. ) ;
#7055 = CARTESIAN_POINT ( 'NONE',  ( 30.34889109836274557, -83.70000000000001705, 4.889877445349599228 ) ) ;
#7056 = ORIENTED_EDGE ( 'NONE', *, *, #10831, .F. ) ;
#7057 = CARTESIAN_POINT ( 'NONE',  ( 30.14625356758229202, -83.70000000000004547, 8.007738808273760611 ) ) ;
#7058 = CARTESIAN_POINT ( 'NONE',  ( 65.00000000000000000, -10.00000000000000000, 0.000000000000000000 ) ) ;
#7059 = EDGE_CURVE ( 'NONE', #8980, #8554, #5904, .T. ) ;
#7060 = VERTEX_POINT ( 'NONE', #3222 ) ;
#7061 = LINE ( 'NONE', #4286, #8749 ) ;
#7062 = EDGE_CURVE ( 'NONE', #10085, #7076, #10738, .T. ) ;
#7063 = CARTESIAN_POINT ( 'NONE',  ( 57.00000000000000711, -34.00000000000000000, 27.00100000000000122 ) ) ;
#7064 = VERTEX_POINT ( 'NONE', #11926 ) ;
#7065 = DIRECTION ( 'NONE',  ( -1.000000000000000000, -2.818925648462311528E-16, 0.000000000000000000 ) ) ;
#7066 = CIRCLE ( 'NONE', #8840, 1.000000000000000888 ) ;
#7067 = CARTESIAN_POINT ( 'NONE',  ( 30.94860980696513053, -84.00000000000000000, 7.895878767714980206 ) ) ;
#7068 = CARTESIAN_POINT ( 'NONE',  ( 61.00000000000001421, -62.00000000000000711, 27.00100000000000122 ) ) ;
#7069 = EDGE_LOOP ( 'NONE', ( #6208, #557 ) ) ;
#7070 = DIRECTION ( 'NONE',  ( -1.000000000000000000, 0.000000000000000000, 0.000000000000000000 ) ) ;
#7071 = FACE_BOUND ( 'NONE', #4298, .T. ) ;
#7072 = EDGE_LOOP ( 'NONE', ( #4873, #881, #10264, #4250 ) ) ;
#7073 = ORIENTED_EDGE ( 'NONE', *, *, #8450, .F. ) ;
#7074 = DIRECTION ( 'NONE',  ( -0.2537126883649359343, 0.000000000000000000, -0.9672796243913324155 ) ) ;
#7075 = AXIS2_PLACEMENT_3D ( 'NONE', #1038, #912, #4840 ) ;
#7076 = VERTEX_POINT ( 'NONE', #5407 ) ;
#7077 = DIRECTION ( 'NONE',  ( -1.000000000000000000, 0.000000000000000000, 0.000000000000000000 ) ) ;
#7078 = CIRCLE ( 'NONE', #7845, 1.000000000000000888 ) ;
#7079 = CARTESIAN_POINT ( 'NONE',  ( 27.58903181185505815, -84.00000000000000000, 7.504805817999110396 ) ) ;
#7080 = ORIENTED_EDGE ( 'NONE', *, *, #4930, .F. ) ;
#7081 = DIRECTION ( 'NONE',  ( 2.818925648462311528E-16, -1.000000000000000000, 2.891205793294679312E-16 ) ) ;
#7082 = CARTESIAN_POINT ( 'NONE',  ( 62.00000000000000711, -34.00000000000000000, 27.00100000000000122 ) ) ;
#7083 = ORIENTED_EDGE ( 'NONE', *, *, #838, .F. ) ;
#7084 = DIRECTION ( 'NONE',  ( 0.000000000000000000, -0.000000000000000000, -1.000000000000000000 ) ) ;
#7085 = AXIS2_PLACEMENT_3D ( 'NONE', #2821, #3550, #10945 ) ;
#7086 = ORIENTED_EDGE ( 'NONE', *, *, #4888, .T. ) ;
#7087 = CIRCLE ( 'NONE', #10387, 1.000000000000000888 ) ;
#7088 = EDGE_LOOP ( 'NONE', ( #7211, #7783, #1191, #8677 ) ) ;
#7089 = EDGE_CURVE ( 'NONE', #2389, #9318, #8478, .T. ) ;
#7090 = EDGE_CURVE ( 'NONE', #5164, #5835, #375, .T. ) ;
#7091 = LINE ( 'NONE', #2563, #7284 ) ;
#7092 = EDGE_LOOP ( 'NONE', ( #4937, #8438, #989, #11639 ) ) ;
#7093 = CYLINDRICAL_SURFACE ( 'NONE', #4802, 2.000000000000000000 ) ;
#7094 = AXIS2_PLACEMENT_3D ( 'NONE', #1967, #8545, #7631 ) ;
#7095 = AXIS2_PLACEMENT_3D ( 'NONE', #8285, #133, #979 ) ;
#7096 = DIRECTION ( 'NONE',  ( -1.000000000000000000, 0.000000000000000000, 0.000000000000000000 ) ) ;
#7097 = CARTESIAN_POINT ( 'NONE',  ( 58.00000000000000711, -50.00000000000000000, 1.999999999999998224 ) ) ;
#7098 = ORIENTED_EDGE ( 'NONE', *, *, #2925, .T. ) ;
#7099 = ORIENTED_EDGE ( 'NONE', *, *, #4541, .F. ) ;
#7100 = ORIENTED_EDGE ( 'NONE', *, *, #6940, .T. ) ;
#7101 = LINE ( 'NONE', #10635, #6380 ) ;
#7102 = VECTOR ( 'NONE', #6754, 1000.000000000000000 ) ;
#7103 = EDGE_CURVE ( 'NONE', #6552, #1275, #2733, .T. ) ;
#7104 = VECTOR ( 'NONE', #11093, 1000.000000000000000 ) ;
#7105 = ADVANCED_FACE ( 'NONE', ( #3628 ), #6366, .F. ) ;
#7106 = DIRECTION ( 'NONE',  ( -1.000000000000000000, 0.000000000000000000, 0.000000000000000000 ) ) ;
#7107 = EDGE_LOOP ( 'NONE', ( #8010, #5297, #8852, #11498 ) ) ;
#7108 = CARTESIAN_POINT ( 'NONE',  ( 29.66368797434885352, -83.69999999999998863, 6.363840052850044948 ) ) ;
#7109 = B_SPLINE_CURVE_WITH_KNOTS ( 'NONE', 3,
 ( #7310, #9004, #3392, #4529, #11740, #11680, #7067, #10037, #669, #8214, #11912, #1821, #3453, #7249, #729, #2718, #9066, #10780, #793 ),
 .UNSPECIFIED., .F., .F.,
 ( 4, 1, 1, 1, 1, 1, 1, 1, 1, 1, 1, 1, 1, 1, 1, 1, 4 ),
 ( 0.000000000000000000, 0.08141717969972633862, 0.1572116076462120315, 0.2279055754489791585, 0.2947159386965617633, 0.3577161525031226641, 0.4187432866014492716, 0.4782448780058930482, 0.5377882576269492620, 0.5972399862306214668, 0.6554575585886702749, 0.7125903291362304381, 0.7696225432481785811, 0.8261018844480086942, 0.8832346549955675252, 0.9413453170007024529, 1.000000000000000000 ),
 .UNSPECIFIED. ) ;
#7110 = ADVANCED_FACE ( 'NONE', ( #865 ), #10052, .T. ) ;
#7111 = FACE_OUTER_BOUND ( 'NONE', #1992, .T. ) ;
#7112 = AXIS2_PLACEMENT_3D ( 'NONE', #9663, #1500, #5065 ) ;
#7113 = DIRECTION ( 'NONE',  ( 0.000000000000000000, 0.000000000000000000, -1.000000000000000000 ) ) ;
#7114 = ORIENTED_EDGE ( 'NONE', *, *, #10979, .F. ) ;
#7115 = VECTOR ( 'NONE', #3858, 1000.000000000000000 ) ;
#7116 = CARTESIAN_POINT ( 'NONE',  ( 45.37473383552506334, -83.70000000000001705, 4.368891965448924886 ) ) ;
#7117 = LINE ( 'NONE', #11898, #10287 ) ;
#7118 = CARTESIAN_POINT ( 'NONE',  ( 50.36888588230869601, -83.70000000000001705, 4.409827637963545044 ) ) ;
#7119 = ORIENTED_EDGE ( 'NONE', *, *, #2025, .F. ) ;
#7120 = LINE ( 'NONE', #895, #9696 ) ;
#7121 = DIRECTION ( 'NONE',  ( 0.000000000000000000, 0.000000000000000000, -1.000000000000000000 ) ) ;
#7122 = EDGE_CURVE ( 'NONE', #8162, #1120, #5787, .T. ) ;
#7123 = EDGE_CURVE ( 'NONE', #3641, #5659, #3465, .T. ) ;
#7124 = VECTOR ( 'NONE', #7384, 1000.000000000000000 ) ;
#7125 = PLANE ( 'NONE',  #153 ) ;
#7126 = EDGE_CURVE ( 'NONE', #11699, #7944, #7149, .T. ) ;
#7127 = EDGE_CURVE ( 'NONE', #10622, #8998, #9019, .T. ) ;
#7128 = ORIENTED_EDGE ( 'NONE', *, *, #5367, .F. ) ;
#7129 = CARTESIAN_POINT ( 'NONE',  ( 73.00000000000002842, -80.00000000000000000, 27.00000000000000000 ) ) ;
#7130 = DIRECTION ( 'NONE',  ( -1.000000000000000000, 0.000000000000000000, 0.000000000000000000 ) ) ;
#7131 = ORIENTED_EDGE ( 'NONE', *, *, #9307, .T. ) ;
#7132 = CARTESIAN_POINT ( 'NONE',  ( 43.00000000000000000, -83.00000000000000000, 0.2679491924311215856 ) ) ;
#7133 = CARTESIAN_POINT ( 'NONE',  ( 29.82211491178202678, -83.99999999999992895, 6.258707315035533014 ) ) ;
#7134 = CARTESIAN_POINT ( 'NONE',  ( 29.23604726037270751, -83.70000000000001705, 5.444025160316027900 ) ) ;
#7135 = LINE ( 'NONE', #11741, #2690 ) ;
#7136 = EDGE_LOOP ( 'NONE', ( #205, #5094 ) ) ;
#7137 = VECTOR ( 'NONE', #3130, 1000.000000000000000 ) ;
#7138 = DIRECTION ( 'NONE',  ( 0.000000000000000000, -0.000000000000000000, -1.000000000000000000 ) ) ;
#7139 = FACE_BOUND ( 'NONE', #8455, .T. ) ;
#7140 = ORIENTED_EDGE ( 'NONE', *, *, #1069, .F. ) ;
#7141 = LINE ( 'NONE', #4238, #3773 ) ;
#7142 = EDGE_CURVE ( 'NONE', #3027, #5835, #3574, .T. ) ;
#7143 = ORIENTED_EDGE ( 'NONE', *, *, #584, .T. ) ;
#7144 = CARTESIAN_POINT ( 'NONE',  ( 28.59246547599502009, -83.99999999999997158, 7.666999653768137080 ) ) ;
#7145 = VECTOR ( 'NONE', #8439, 1000.000000000000000 ) ;
#7146 = CARTESIAN_POINT ( 'NONE',  ( 57.00000000000000711, -38.00000000000000000, 0.000000000000000000 ) ) ;
#7147 = DIRECTION ( 'NONE',  ( -1.000000000000000000, 0.000000000000000000, 0.000000000000000000 ) ) ;
#7148 = ORIENTED_EDGE ( 'NONE', *, *, #5417, .T. ) ;
#7149 = LINE ( 'NONE', #7995, #176 ) ;
#7150 = VERTEX_POINT ( 'NONE', #3520 ) ;
#7151 = DIRECTION ( 'NONE',  ( -0.000000000000000000, -1.000000000000000000, -0.000000000000000000 ) ) ;
#7152 = ORIENTED_EDGE ( 'NONE', *, *, #11490, .T. ) ;
#7153 = CARTESIAN_POINT ( 'NONE',  ( 53.00000000000002132, -66.00000000000000000, 27.00100000000000122 ) ) ;
#7154 = CIRCLE ( 'NONE', #3483, 1.000000000000000888 ) ;
#7155 = ORIENTED_EDGE ( 'NONE', *, *, #3141, .F. ) ;
#7156 = CARTESIAN_POINT ( 'NONE',  ( 28.21825136212247642, -83.70000000000001705, 6.030376166609516808 ) ) ;
#7157 = AXIS2_PLACEMENT_3D ( 'NONE', #585, #7169, #1446 ) ;
#7158 = CARTESIAN_POINT ( 'NONE',  ( 31.53071912522000630, -83.70000000000001705, 5.464492996573337535 ) ) ;
#7159 = CARTESIAN_POINT ( 'NONE',  ( 61.00000000000001421, -42.00000000000000000, 1.999999999999998224 ) ) ;
#7160 = ORIENTED_EDGE ( 'NONE', *, *, #8065, .T. ) ;
#7161 = EDGE_CURVE ( 'NONE', #9798, #520, #9079, .T. ) ;
#7162 = VERTEX_POINT ( 'NONE', #809 ) ;
#7163 = DIRECTION ( 'NONE',  ( 1.000000000000000000, 0.000000000000000000, 0.000000000000000000 ) ) ;
#7164 = AXIS2_PLACEMENT_3D ( 'NONE', #429, #7794, #4104 ) ;
#7165 = LINE ( 'NONE', #1736, #2271 ) ;
#7166 = ORIENTED_EDGE ( 'NONE', *, *, #8237, .T. ) ;
#7167 = LINE ( 'NONE', #8249, #2291 ) ;
#7168 = B_SPLINE_SURFACE_WITH_KNOTS ( 'NONE', 3, 1, ( 
 ( #4795, #4611 ),
 ( #6489, #8299 ),
 ( #87, #2088 ),
 ( #3950, #7448 ),
 ( #1908, #8489 ),
 ( #10179, #9266 ),
 ( #11157, #5603 ),
 ( #2858, #7577 ),
 ( #9329, #7633 ),
 ( #1055, #208 ),
 ( #3699, #4732 ),
 ( #11282, #3890 ),
 ( #2983, #5780 ),
 ( #4859, #8548 ),
 ( #269, #8725 ),
 ( #3161, #6845 ),
 ( #5040, #9518 ),
 ( #8666, #384 ),
 ( #6786, #3287 ) ),
 .UNSPECIFIED., .F., .F., .F.,
 ( 4, 1, 1, 1, 1, 1, 1, 1, 1, 1, 1, 1, 1, 1, 1, 1, 4 ),
 ( 2, 2 ),
 ( 0.000000000000000000, 0.06295144345314515610, 0.1233077942933871879, 0.1806926360816505928, 0.2363082356285184649, 0.2902564022880934624, 0.3432916745052979612, 0.3957442136167765301, 0.4488282091076621905, 0.5032798569707896963, 0.5604842113030472639, 0.6205160632821402622, 0.6854751630780794303, 0.7555236015984889697, 0.8314176898367430235, 0.9128053853054074462, 1.000000000000000000 ),
 ( 0.000000000000000000, 1.000000000000000000 ),
 .UNSPECIFIED. ) ;
#7169 = DIRECTION ( 'NONE',  ( 0.000000000000000000, -0.000000000000000000, -1.000000000000000000 ) ) ;
#7170 = VECTOR ( 'NONE', #5011, 1000.000000000000000 ) ;
#7171 = AXIS2_PLACEMENT_3D ( 'NONE', #4571, #2588, #10829 ) ;
#7172 = CARTESIAN_POINT ( 'NONE',  ( 31.40962685786739783, -83.70000000000001705, 4.946884018761910085 ) ) ;
#7173 = ORIENTED_EDGE ( 'NONE', *, *, #6237, .F. ) ;
#7174 = EDGE_CURVE ( 'NONE', #8267, #1777, #9395, .T. ) ;
#7175 = EDGE_CURVE ( 'NONE', #2795, #8206, #1743, .T. ) ;
#7176 = DIRECTION ( 'NONE',  ( -0.000000000000000000, -1.000000000000000000, -0.000000000000000000 ) ) ;
#7177 = CYLINDRICAL_SURFACE ( 'NONE', #10879, 2.000000000000000000 ) ;
#7178 = CARTESIAN_POINT ( 'NONE',  ( 66.00000000000000000, -10.00000000000000000, 0.000000000000000000 ) ) ;
#7179 = EDGE_LOOP ( 'NONE', ( #10871, #10137, #2354, #3216 ) ) ;
#7180 = CARTESIAN_POINT ( 'NONE',  ( 27.66078193656936790, -83.99999999999998579, 7.983552992241519597 ) ) ;
#7181 = AXIS2_PLACEMENT_3D ( 'NONE', #9587, #3841, #397 ) ;
#7182 = CARTESIAN_POINT ( 'NONE',  ( 57.00000000000001421, -62.00000000000000711, 27.00100000000000122 ) ) ;
#7183 = CARTESIAN_POINT ( 'NONE',  ( 61.00000000000000711, -38.00000000000000000, 0.000000000000000000 ) ) ;
#7184 = CIRCLE ( 'NONE', #3137, 1.000000000000000888 ) ;
#7185 = VERTEX_POINT ( 'NONE', #4845 ) ;
#7186 = CARTESIAN_POINT ( 'NONE',  ( 66.00000000000000000, -34.00000000000000000, 27.00100000000000122 ) ) ;
#7187 = DIRECTION ( 'NONE',  ( -1.000000000000000000, 0.000000000000000000, 0.000000000000000000 ) ) ;
#7188 = ORIENTED_EDGE ( 'NONE', *, *, #6297, .F. ) ;
#7189 = CARTESIAN_POINT ( 'NONE',  ( 29.84325973600623527, -83.70000000000001705, 5.633542162698526923 ) ) ;
#7190 = CARTESIAN_POINT ( 'NONE',  ( 29.43987659383210342, -83.70000000000003126, 6.598307001508606717 ) ) ;
#7191 = EDGE_CURVE ( 'NONE', #4078, #8672, #3640, .T. ) ;
#7192 = CYLINDRICAL_SURFACE ( 'NONE', #5493, 1.000000000000000888 ) ;
#7193 = CARTESIAN_POINT ( 'NONE',  ( 62.00000000000000711, -38.00000000000000000, 1.999999999999998224 ) ) ;
#7194 = DIRECTION ( 'NONE',  ( 0.000000000000000000, -0.000000000000000000, -1.000000000000000000 ) ) ;
#7195 = FACE_BOUND ( 'NONE', #7443, .T. ) ;
#7196 = ORIENTED_EDGE ( 'NONE', *, *, #5417, .F. ) ;
#7197 = EDGE_CURVE ( 'NONE', #8563, #949, #10416, .T. ) ;
#7198 = AXIS2_PLACEMENT_3D ( 'NONE', #7928, #1537, #5220 ) ;
#7199 = ORIENTED_EDGE ( 'NONE', *, *, #7059, .F. ) ;
#7200 = DIRECTION ( 'NONE',  ( 0.000000000000000000, -0.000000000000000000, -1.000000000000000000 ) ) ;
#7201 = ORIENTED_EDGE ( 'NONE', *, *, #6323, .F. ) ;
#7202 = DIRECTION ( 'NONE',  ( 1.000000000000000000, 0.000000000000000000, 0.000000000000000000 ) ) ;
#7203 = VECTOR ( 'NONE', #5264, 1000.000000000000000 ) ;
#7204 = CARTESIAN_POINT ( 'NONE',  ( 54.00000000000000711, -22.00000000000000000, 27.00100000000000122 ) ) ;
#7205 = ORIENTED_EDGE ( 'NONE', *, *, #8658, .F. ) ;
#7206 = FACE_OUTER_BOUND ( 'NONE', #6392, .T. ) ;
#7207 = EDGE_CURVE ( 'NONE', #9521, #10331, #2846, .T. ) ;
#7208 = CARTESIAN_POINT ( 'NONE',  ( 30.14625356758229202, -83.70000000000004547, 8.007738808273760611 ) ) ;
#7209 = ORIENTED_EDGE ( 'NONE', *, *, #11840, .T. ) ;
#7210 = PLANE ( 'NONE',  #1255 ) ;
#7211 = ORIENTED_EDGE ( 'NONE', *, *, #5569, .F. ) ;
#7212 = EDGE_CURVE ( 'NONE', #8051, #10937, #10351, .T. ) ;
#7213 = CARTESIAN_POINT ( 'NONE',  ( 31.27729368541266197, -84.00000000000000000, 6.055203230373494172 ) ) ;
#7214 = CIRCLE ( 'NONE', #9924, 1.000000000000000888 ) ;
#7215 = CARTESIAN_POINT ( 'NONE',  ( 56.99999999999999289, -10.00000000000000000, 0.000000000000000000 ) ) ;
#7216 = ORIENTED_EDGE ( 'NONE', *, *, #3821, .F. ) ;
#7217 = CARTESIAN_POINT ( 'NONE',  ( 12.00000000000000000, -65.89813106228984907, 1.999999999999998224 ) ) ;
#7218 = ADVANCED_FACE ( 'NONE', ( #4601 ), #2908, .F. ) ;
#7219 = CARTESIAN_POINT ( 'NONE',  ( 27.55995889130188203, -84.00000000000000000, 7.505212078228091777 ) ) ;
#7220 = CARTESIAN_POINT ( 'NONE',  ( 53.00000000000000711, -30.00000000000000000, 0.000000000000000000 ) ) ;
#7221 = ORIENTED_EDGE ( 'NONE', *, *, #5365, .T. ) ;
#7222 = VERTEX_POINT ( 'NONE', #11094 ) ;
#7223 = ORIENTED_EDGE ( 'NONE', *, *, #1057, .T. ) ;
#7224 = CARTESIAN_POINT ( 'NONE',  ( 56.00000000000000000, -18.00000000000000355, 0.000000000000000000 ) ) ;
#7225 = B_SPLINE_CURVE_WITH_KNOTS ( 'NONE', 3,
 ( #1267, #7540, #5922, #234, #174, #2118, #1146, #5008, #6637, #2058, #10333, #3124, #5988, #4031, #11419 ),
 .UNSPECIFIED., .F., .F.,
 ( 4, 1, 1, 1, 1, 1, 1, 1, 1, 1, 1, 1, 4 ),
 ( 0.000000000000000000, 0.1245479305419946725, 0.2428448981356574887, 0.3570854518610468431, 0.4708787250766763299, 0.5284372090939553068, 0.5859050803510962302, 0.6452655862638015938, 0.7074019161192128813, 0.7726190116541616915, 0.8431873578094400967, 0.9188519178769075646, 1.000000000000000000 ),
 .UNSPECIFIED. ) ;
#7226 = FACE_OUTER_BOUND ( 'NONE', #8770, .T. ) ;
#7227 = AXIS2_PLACEMENT_3D ( 'NONE', #212, #4066, #3895 ) ;
#7228 = EDGE_LOOP ( 'NONE', ( #1966, #6234, #2093, #5546 ) ) ;
#7229 = DIRECTION ( 'NONE',  ( 1.000000000000000000, 0.000000000000000000, -2.478176394252582127E-16 ) ) ;
#7230 = DIRECTION ( 'NONE',  ( -0.000000000000000000, -1.000000000000000000, -0.000000000000000000 ) ) ;
#7231 = EDGE_CURVE ( 'NONE', #3611, #9692, #4781, .T. ) ;
#7232 = CARTESIAN_POINT ( 'NONE',  ( 30.65407208785928006, -83.70000000000003126, 5.848139695764561274 ) ) ;
#7233 = ORIENTED_EDGE ( 'NONE', *, *, #4922, .F. ) ;
#7234 = LINE ( 'NONE', #6164, #5413 ) ;
#7235 = LINE ( 'NONE', #10765, #9316 ) ;
#7236 = DIRECTION ( 'NONE',  ( 1.000000000000000000, 0.000000000000000000, 0.000000000000000000 ) ) ;
#7237 = ORIENTED_EDGE ( 'NONE', *, *, #2549, .T. ) ;
#7238 = DIRECTION ( 'NONE',  ( -1.000000000000000000, -0.000000000000000000, -0.000000000000000000 ) ) ;
#7239 = VECTOR ( 'NONE', #6405, 1000.000000000000000 ) ;
#7240 = DIRECTION ( 'NONE',  ( 0.000000000000000000, -0.000000000000000000, -1.000000000000000000 ) ) ;
#7241 = DIRECTION ( 'NONE',  ( 1.000000000000000000, 0.000000000000000000, 0.000000000000000000 ) ) ;
#7242 = ADVANCED_FACE ( 'NONE', ( #7440 ), #9253, .F. ) ;
#7243 = DIRECTION ( 'NONE',  ( -0.000000000000000000, -1.000000000000000000, -0.000000000000000000 ) ) ;
#7244 = DIRECTION ( 'NONE',  ( -0.000000000000000000, -0.000000000000000000, -1.000000000000000000 ) ) ;
#7245 = DIRECTION ( 'NONE',  ( -1.000000000000000000, 0.000000000000000000, 0.000000000000000000 ) ) ;
#7246 = ORIENTED_EDGE ( 'NONE', *, *, #8534, .F. ) ;
#7247 = DIRECTION ( 'NONE',  ( 0.000000000000000000, 0.000000000000000000, 1.000000000000000000 ) ) ;
#7248 = DIRECTION ( 'NONE',  ( 0.000000000000000000, -0.000000000000000000, -1.000000000000000000 ) ) ;
#7249 = CARTESIAN_POINT ( 'NONE',  ( 31.36957301966628009, -84.00000000000001421, 7.336103275224611586 ) ) ;
#7250 = DIRECTION ( 'NONE',  ( 3.304235192336776005E-16, -1.000000000000000000, 0.000000000000000000 ) ) ;
#7251 = CARTESIAN_POINT ( 'NONE',  ( 57.00000000000001421, -62.00000000000000711, 1.999999999999998224 ) ) ;
#7252 = FACE_BOUND ( 'NONE', #1201, .T. ) ;
#7253 = EDGE_LOOP ( 'NONE', ( #8477, #8900, #5626, #11574 ) ) ;
#7254 = ORIENTED_EDGE ( 'NONE', *, *, #6323, .T. ) ;
#7255 = CARTESIAN_POINT ( 'NONE',  ( 31.00000000000002132, -82.00000000000000000, 25.00000000000000000 ) ) ;
#7256 = ADVANCED_FACE ( 'NONE', ( #6539 ), #257, .F. ) ;
#7257 = ADVANCED_BREP_SHAPE_REPRESENTATION ( 'Áã¼þ1', ( #8627, #7815 ), #10536 ) ;
#7258 = EDGE_LOOP ( 'NONE', ( #1234, #649 ) ) ;
#7259 = DIRECTION ( 'NONE',  ( 0.000000000000000000, -0.000000000000000000, -1.000000000000000000 ) ) ;
#7260 = EDGE_CURVE ( 'NONE', #879, #8061, #10293, .T. ) ;
#7261 = DIRECTION ( 'NONE',  ( 0.000000000000000000, -0.000000000000000000, 1.000000000000000000 ) ) ;
#7262 = ORIENTED_EDGE ( 'NONE', *, *, #5803, .T. ) ;
#7263 = CARTESIAN_POINT ( 'NONE',  ( 31.53071912522000630, -83.70000000000001705, 5.464492996573337535 ) ) ;
#7264 = CARTESIAN_POINT ( 'NONE',  ( 2.000000000000000000, 6.608470384673552010E-16, 1.999999999999998224 ) ) ;
#7265 = ORIENTED_EDGE ( 'NONE', *, *, #2042, .T. ) ;
#7266 = DIRECTION ( 'NONE',  ( 0.6102280094322946047, 0.000000000000000000, 0.7922258368068408885 ) ) ;
#7267 = ORIENTED_EDGE ( 'NONE', *, *, #4253, .T. ) ;
#7268 = CARTESIAN_POINT ( 'NONE',  ( 57.00000000000001421, -62.00000000000000711, 0.000000000000000000 ) ) ;
#7269 = CARTESIAN_POINT ( 'NONE',  ( 73.00000000000001421, -48.99999999999999289, 21.99999999999999645 ) ) ;
#7270 = EDGE_CURVE ( 'NONE', #11873, #10941, #8675, .T. ) ;
#7271 = VERTEX_POINT ( 'NONE', #2020 ) ;
#7272 = LINE ( 'NONE', #8181, #5979 ) ;
#7273 = EDGE_CURVE ( 'NONE', #8373, #8144, #7832, .T. ) ;
#7274 = EDGE_CURVE ( 'NONE', #9692, #10026, #2515, .T. ) ;
#7275 = ORIENTED_EDGE ( 'NONE', *, *, #5443, .T. ) ;
#7276 = VECTOR ( 'NONE', #4572, 1000.000000000000000 ) ;
#7277 = FACE_BOUND ( 'NONE', #8557, .T. ) ;
#7278 = DIRECTION ( 'NONE',  ( -1.000000000000000000, -3.304235192336776005E-16, -0.000000000000000000 ) ) ;
#7279 = ORIENTED_EDGE ( 'NONE', *, *, #1677, .T. ) ;
#7280 = CYLINDRICAL_SURFACE ( 'NONE', #8972, 1.000000000000000888 ) ;
#7281 = ORIENTED_EDGE ( 'NONE', *, *, #4498, .T. ) ;
#7282 = ORIENTED_EDGE ( 'NONE', *, *, #7788, .T. ) ;
#7283 = CARTESIAN_POINT ( 'NONE',  ( 48.60865196418003364, -83.70000000000001705, 7.950763310478163426 ) ) ;
#7284 = VECTOR ( 'NONE', #3636, 1000.000000000000114 ) ;
#7285 = CARTESIAN_POINT ( 'NONE',  ( 0.000000000000000000, -1.200000000000000178, 0.000000000000000000 ) ) ;
#7286 = ADVANCED_FACE ( 'NONE', ( #197 ), #4231, .F. ) ;
#7287 = AXIS2_PLACEMENT_3D ( 'NONE', #9888, #5298, #3639 ) ;
#7288 = VERTEX_POINT ( 'NONE', #2197 ) ;
#7289 = CARTESIAN_POINT ( 'NONE',  ( 52.55894436184085805, -84.00000000000000000, 7.909827637963544156 ) ) ;
#7290 = AXIS2_PLACEMENT_3D ( 'NONE', #6872, #359, #2128 ) ;
#7291 = CARTESIAN_POINT ( 'NONE',  ( 30.34889109836274557, -83.70000000000001705, 7.524921846475871590 ) ) ;
#7292 = CARTESIAN_POINT ( 'NONE',  ( 56.00000000000000711, -34.00000000000000000, 0.000000000000000000 ) ) ;
#7293 = ORIENTED_EDGE ( 'NONE', *, *, #6838, .F. ) ;
#7294 = VECTOR ( 'NONE', #4823, 1000.000000000000000 ) ;
#7295 = CARTESIAN_POINT ( 'NONE',  ( 66.00000000000001421, -54.00000000000000000, 1.999999999999998224 ) ) ;
#7296 = DIRECTION ( 'NONE',  ( 1.000000000000000000, 0.000000000000000000, 0.000000000000000000 ) ) ;
#7297 = AXIS2_PLACEMENT_3D ( 'NONE', #7621, #4106, #1344 ) ;
#7298 = CARTESIAN_POINT ( 'NONE',  ( 53.00000000000002132, -66.00000000000000000, 0.000000000000000000 ) ) ;
#7299 = VERTEX_POINT ( 'NONE', #1286 ) ;
#7300 = DIRECTION ( 'NONE',  ( -1.000000000000000000, 0.000000000000000000, 0.000000000000000000 ) ) ;
#7301 = DIRECTION ( 'NONE',  ( -1.000000000000000000, 0.000000000000000000, 0.000000000000000000 ) ) ;
#7302 = CARTESIAN_POINT ( 'NONE',  ( 29.88169992186303858, -83.70000000000000284, 5.208618058946289153 ) ) ;
#7303 = VECTOR ( 'NONE', #11953, 1000.000000000000000 ) ;
#7304 = VERTEX_POINT ( 'NONE', #3207 ) ;
#7305 = DIRECTION ( 'NONE',  ( -1.000000000000000000, 0.000000000000000000, 0.000000000000000000 ) ) ;
#7306 = FACE_OUTER_BOUND ( 'NONE', #1104, .T. ) ;
#7307 = VERTEX_POINT ( 'NONE', #4109 ) ;
#7308 = DIRECTION ( 'NONE',  ( -1.000000000000000000, 0.000000000000000000, 0.000000000000000000 ) ) ;
#7309 = DIRECTION ( 'NONE',  ( -0.000000000000000000, -0.000000000000000000, -1.000000000000000000 ) ) ;
#7310 = CARTESIAN_POINT ( 'NONE',  ( 30.34889109836274557, -84.00000000000000000, 8.023730596746609933 ) ) ;
#7311 = DIRECTION ( 'NONE',  ( 0.000000000000000000, 0.000000000000000000, 1.000000000000000000 ) ) ;
#7312 = CARTESIAN_POINT ( 'NONE',  ( 54.00000000000000711, -34.00000000000000000, 0.000000000000000000 ) ) ;
#7313 = FACE_BOUND ( 'NONE', #7258, .T. ) ;
#7314 = EDGE_LOOP ( 'NONE', ( #9470, #6288 ) ) ;
#7315 = EDGE_CURVE ( 'NONE', #735, #9201, #1229, .T. ) ;
#7316 = AXIS2_PLACEMENT_3D ( 'NONE', #2558, #11030, #8968 ) ;
#7317 = CARTESIAN_POINT ( 'NONE',  ( 65.00000000000000000, -34.00000000000000000, 1.999999999999998224 ) ) ;
#7318 = ORIENTED_EDGE ( 'NONE', *, *, #10317, .T. ) ;
#7319 = CARTESIAN_POINT ( 'NONE',  ( 45.94783325072974378, -83.70000000000001705, 7.909827637963544156 ) ) ;
#7320 = LINE ( 'NONE', #2017, #4847 ) ;
#7321 = CARTESIAN_POINT ( 'NONE',  ( 64.00000000000001421, -58.00000000000000000, 1.999999999999998224 ) ) ;
#7322 = VECTOR ( 'NONE', #2895, 1000.000000000000000 ) ;
#7323 = CARTESIAN_POINT ( 'NONE',  ( 29.31640246938288996, -83.70000000000003126, 7.031419572271843776 ) ) ;
#7324 = ORIENTED_EDGE ( 'NONE', *, *, #3572, .F. ) ;
#7325 = CARTESIAN_POINT ( 'NONE',  ( 2.999999999999999112, -2.000000000000000000, 1.999999999999998224 ) ) ;
#7327 = EDGE_CURVE ( 'NONE', #6482, #4946, #3148, .T. ) ;
#7326 = ORIENTED_EDGE ( 'NONE', *, *, #2302, .T. ) ;
#7328 = EDGE_CURVE ( 'NONE', #5991, #7944, #7891, .T. ) ;
#7329 = CARTESIAN_POINT ( 'NONE',  ( 31.36957301966628009, -83.99999999999998579, 7.336103275224611586 ) ) ;
#7330 = DIRECTION ( 'NONE',  ( -0.000000000000000000, -0.000000000000000000, -1.000000000000000000 ) ) ;
#7331 = ORIENTED_EDGE ( 'NONE', *, *, #9944, .F. ) ;
#7332 = CARTESIAN_POINT ( 'NONE',  ( 28.83002007727973393, -83.70000000000000284, 6.759559191758645724 ) ) ;
#7333 = VERTEX_POINT ( 'NONE', #4167 ) ;
#7334 = FACE_BOUND ( 'NONE', #2207, .T. ) ;
#7335 = CARTESIAN_POINT ( 'NONE',  ( 54.91274553143149717, -84.00000000000000000, 6.436143427437228226 ) ) ;
#7336 = ORIENTED_EDGE ( 'NONE', *, *, #152, .F. ) ;
#7337 = CARTESIAN_POINT ( 'NONE',  ( 34.15894091426051205, -83.70000000000001705, 7.505212078228091777 ) ) ;
#7338 = ORIENTED_EDGE ( 'NONE', *, *, #3522, .T. ) ;
#7339 = EDGE_CURVE ( 'NONE', #10937, #6203, #7383, .T. ) ;
#7340 = EDGE_CURVE ( 'NONE', #5118, #1953, #10660, .T. ) ;
#7341 = VECTOR ( 'NONE', #11536, 1000.000000000000000 ) ;
#7342 = DIRECTION ( 'NONE',  ( -0.000000000000000000, -0.000000000000000000, -1.000000000000000000 ) ) ;
#7343 = ORIENTED_EDGE ( 'NONE', *, *, #11720, .T. ) ;
#7344 = PLANE ( 'NONE',  #9623 ) ;
#7345 = CARTESIAN_POINT ( 'NONE',  ( 48.00000000000000711, -38.00000000000000000, 1.999999999999998224 ) ) ;
#7346 = EDGE_LOOP ( 'NONE', ( #71, #5429 ) ) ;
#7347 = CIRCLE ( 'NONE', #2156, 1.000000000000000888 ) ;
#7348 = CIRCLE ( 'NONE', #8714, 1.000000000000000888 ) ;
#7349 = VERTEX_POINT ( 'NONE', #5888 ) ;
#7350 = DIRECTION ( 'NONE',  ( 0.000000000000000000, 0.000000000000000000, -1.000000000000000000 ) ) ;
#7351 = EDGE_CURVE ( 'NONE', #7900, #341, #9561, .T. ) ;
#7352 = DIRECTION ( 'NONE',  ( 0.000000000000000000, 0.000000000000000000, -1.000000000000000000 ) ) ;
#7353 = CARTESIAN_POINT ( 'NONE',  ( 46.56186833844904527, -83.70000000000001705, 4.368891965448924886 ) ) ;
#7354 = VERTEX_POINT ( 'NONE', #4964 ) ;
#7355 = ADVANCED_FACE ( 'NONE', ( #2312 ), #10414, .F. ) ;
#7356 = FACE_OUTER_BOUND ( 'NONE', #2010, .T. ) ;
#7357 = LINE ( 'NONE', #4456, #4959 ) ;
#7358 = EDGE_LOOP ( 'NONE', ( #2572, #5839, #4052, #6285, #9413, #5896 ) ) ;
#7359 = AXIS2_PLACEMENT_3D ( 'NONE', #3790, #1816, #8331 ) ;
#7360 = CARTESIAN_POINT ( 'NONE',  ( 53.00000000000000711, -38.00000000000000000, 1.999999999999998224 ) ) ;
#7361 = VECTOR ( 'NONE', #11318, 1000.000000000000000 ) ;
#7362 = EDGE_LOOP ( 'NONE', ( #7433, #11561, #2827, #3297 ) ) ;
#7363 = CARTESIAN_POINT ( 'NONE',  ( 65.00000000000000000, -26.00000000000000355, 27.00100000000000122 ) ) ;
#7364 = DIRECTION ( 'NONE',  ( 1.000000000000000000, 0.000000000000000000, 0.000000000000000000 ) ) ;
#7365 = EDGE_LOOP ( 'NONE', ( #36, #8310 ) ) ;
#7366 = FACE_OUTER_BOUND ( 'NONE', #8622, .T. ) ;
#7367 = CARTESIAN_POINT ( 'NONE',  ( 66.00000000000000000, -42.00000000000000000, 27.00100000000000122 ) ) ;
#7368 = DIRECTION ( 'NONE',  ( 0.000000000000000000, 0.000000000000000000, -1.000000000000000000 ) ) ;
#7369 = FACE_OUTER_BOUND ( 'NONE', #8437, .T. ) ;
#7370 = AXIS2_PLACEMENT_3D ( 'NONE', #10080, #5617, #1741 ) ;
#7371 = DIRECTION ( 'NONE',  ( -0.6060432152628499880, 0.000000000000000000, -0.7954317200325033976 ) ) ;
#7372 = FACE_OUTER_BOUND ( 'NONE', #10531, .T. ) ;
#7373 = AXIS2_PLACEMENT_3D ( 'NONE', #8251, #3595, #2696 ) ;
#7374 = ORIENTED_EDGE ( 'NONE', *, *, #7126, .T. ) ;
#7375 = DIRECTION ( 'NONE',  ( 0.000000000000000000, -0.000000000000000000, 1.000000000000000000 ) ) ;
#7376 = ORIENTED_EDGE ( 'NONE', *, *, #1394, .T. ) ;
#7377 = CIRCLE ( 'NONE', #3706, 1.000000000000000888 ) ;
#7378 = CARTESIAN_POINT ( 'NONE',  ( 57.00000000000001421, -62.00000000000000711, 27.00100000000000122 ) ) ;
#7379 = EDGE_CURVE ( 'NONE', #11383, #2945, #313, .T. ) ;
#7380 = LINE ( 'NONE', #10228, #28 ) ;
#7381 = CARTESIAN_POINT ( 'NONE',  ( 1.586032892321652561E-14, -47.99999999999999289, 10.50000000000000178 ) ) ;
#7382 = CIRCLE ( 'NONE', #10683, 1.000000000000000888 ) ;
#7383 =( BOUNDED_CURVE ( )  B_SPLINE_CURVE ( 3, ( #7798, #7919, #2252, #5944 ),
 .UNSPECIFIED., .F., .F. ) 
 B_SPLINE_CURVE_WITH_KNOTS ( ( 4, 4 ),
 ( 4.712388980384689674, 6.283185307179586232 ),
 .UNSPECIFIED. ) 
 CURVE ( )  GEOMETRIC_REPRESENTATION_ITEM ( )  RATIONAL_B_SPLINE_CURVE ( ( 1.000000000000000000, 0.8047378541243649375, 0.8047378541243649375, 1.000000000000000000 ) ) 
 REPRESENTATION_ITEM ( '' )  );
#7384 = DIRECTION ( 'NONE',  ( -0.000000000000000000, -0.000000000000000000, -1.000000000000000000 ) ) ;
#7385 = ORIENTED_EDGE ( 'NONE', *, *, #3284, .T. ) ;
#7386 = ADVANCED_FACE ( 'NONE', ( #2138 ), #5827, .F. ) ;
#7387 = CARTESIAN_POINT ( 'NONE',  ( 12.00000000000000000, -0.8284271247461917342, 13.00000000000000178 ) ) ;
#7388 = ORIENTED_EDGE ( 'NONE', *, *, #5778, .T. ) ;
#7389 = CARTESIAN_POINT ( 'NONE',  ( 31.43065414796204848, -83.70000000000001705, 6.942725615156834174 ) ) ;
#7390 = DIRECTION ( 'NONE',  ( 0.1261516832900868579, 0.000000000000000000, 0.9920109640538644635 ) ) ;
#7391 = AXIS2_PLACEMENT_3D ( 'NONE', #8529, #6534, #251 ) ;
#7392 = ORIENTED_EDGE ( 'NONE', *, *, #5069, .T. ) ;
#7393 = FACE_OUTER_BOUND ( 'NONE', #6255, .T. ) ;
#7394 = EDGE_CURVE ( 'NONE', #3839, #4697, #551, .T. ) ;
#7395 = DIRECTION ( 'NONE',  ( 1.000000000000000000, 0.000000000000000000, 0.000000000000000000 ) ) ;
#7396 = ORIENTED_EDGE ( 'NONE', *, *, #9420, .F. ) ;
#7397 = FACE_BOUND ( 'NONE', #4862, .T. ) ;
#7398 = LINE ( 'NONE', #9150, #5464 ) ;
#7399 = VERTEX_POINT ( 'NONE', #6773 ) ;
#7400 = DIRECTION ( 'NONE',  ( -0.000000000000000000, -0.000000000000000000, -1.000000000000000000 ) ) ;
#7401 = ORIENTED_EDGE ( 'NONE', *, *, #9203, .F. ) ;
#7402 = VECTOR ( 'NONE', #2226, 1000.000000000000000 ) ;
#7403 = AXIS2_PLACEMENT_3D ( 'NONE', #10844, #2545, #10101 ) ;
#7404 = DIRECTION ( 'NONE',  ( 1.000000000000000000, 0.000000000000000000, 0.000000000000000000 ) ) ;
#7405 = ORIENTED_EDGE ( 'NONE', *, *, #3961, .T. ) ;
#7406 = DIRECTION ( 'NONE',  ( 0.000000000000000000, -0.000000000000000000, -1.000000000000000000 ) ) ;
#7407 = EDGE_CURVE ( 'NONE', #5401, #8484, #6008, .T. ) ;
#7408 = VECTOR ( 'NONE', #9560, 999.9999999999998863 ) ;
#7409 = EDGE_CURVE ( 'NONE', #7552, #8994, #8083, .T. ) ;
#7410 = CARTESIAN_POINT ( 'NONE',  ( 49.00000000000000711, -46.00000000000000711, 0.000000000000000000 ) ) ;
#7411 = VERTEX_POINT ( 'NONE', #6832 ) ;
#7412 = ORIENTED_EDGE ( 'NONE', *, *, #5212, .T. ) ;
#7413 = CARTESIAN_POINT ( 'NONE',  ( 10.00000000000000000, 0.000000000000000000, 1.999999999999998224 ) ) ;
#7414 = LINE ( 'NONE', #8507, #2205 ) ;
#7415 = VERTEX_POINT ( 'NONE', #9619 ) ;
#7416 = VECTOR ( 'NONE', #1839, 1000.000000000000000 ) ;
#7417 = CARTESIAN_POINT ( 'NONE',  ( 28.83956948314953195, -83.70000000000000284, 7.076808622111232516 ) ) ;
#7418 = DIRECTION ( 'NONE',  ( -1.000000000000000000, 0.000000000000000000, -0.000000000000000000 ) ) ;
#7419 = ORIENTED_EDGE ( 'NONE', *, *, #1969, .F. ) ;
#7420 = DIRECTION ( 'NONE',  ( 0.1004074352716142066, 0.000000000000000000, -0.9949464040551010413 ) ) ;
#7421 = ADVANCED_FACE ( 'NONE', ( #434 ), #8773, .F. ) ;
#7422 = ORIENTED_EDGE ( 'NONE', *, *, #3702, .T. ) ;
#7423 = DIRECTION ( 'NONE',  ( -1.000000000000000000, 0.000000000000000000, 0.000000000000000000 ) ) ;
#7424 = EDGE_CURVE ( 'NONE', #3266, #4164, #5030, .T. ) ;
#7425 = FACE_OUTER_BOUND ( 'NONE', #11015, .T. ) ;
#7426 = ORIENTED_EDGE ( 'NONE', *, *, #6104, .T. ) ;
#7427 = DIRECTION ( 'NONE',  ( 0.000000000000000000, 0.000000000000000000, -1.000000000000000000 ) ) ;
#7428 = FACE_OUTER_BOUND ( 'NONE', #6004, .T. ) ;
#7429 = DIRECTION ( 'NONE',  ( 0.000000000000000000, 0.000000000000000000, -1.000000000000000000 ) ) ;
#7430 = DIRECTION ( 'NONE',  ( 0.000000000000000000, -0.000000000000000000, -1.000000000000000000 ) ) ;
#7431 = LINE ( 'NONE', #9367, #10482 ) ;
#7432 = DIRECTION ( 'NONE',  ( -1.000000000000000000, -3.469446951953614189E-16, -0.000000000000000000 ) ) ;
#7433 = ORIENTED_EDGE ( 'NONE', *, *, #3651, .T. ) ;
#7434 = DIRECTION ( 'NONE',  ( 1.000000000000000000, 0.000000000000000000, 0.000000000000000000 ) ) ;
#7435 = EDGE_CURVE ( 'NONE', #7552, #5675, #3560, .T. ) ;
#7436 = ORIENTED_EDGE ( 'NONE', *, *, #9462, .T. ) ;
#7437 = CARTESIAN_POINT ( 'NONE',  ( 73.00000000000001421, -48.99999999999999289, 24.99999999999999289 ) ) ;
#7438 = FACE_OUTER_BOUND ( 'NONE', #5718, .T. ) ;
#7439 = LINE ( 'NONE', #1893, #2287 ) ;
#7440 = FACE_OUTER_BOUND ( 'NONE', #5628, .T. ) ;
#7441 = ORIENTED_EDGE ( 'NONE', *, *, #5216, .F. ) ;
#7442 = CARTESIAN_POINT ( 'NONE',  ( 30.91914594154955154, -83.70000000000003126, 5.318501878047519504 ) ) ;
#7443 = EDGE_LOOP ( 'NONE', ( #7003, #11687 ) ) ;
#7444 = DIRECTION ( 'NONE',  ( -1.000000000000000000, 0.000000000000000000, 0.000000000000000000 ) ) ;
#7445 = CARTESIAN_POINT ( 'NONE',  ( 29.88169992186303858, -83.99999999999998579, 5.208618058946289153 ) ) ;
#7446 = EDGE_LOOP ( 'NONE', ( #528, #10620, #6883, #8939 ) ) ;
#7447 = CARTESIAN_POINT ( 'NONE',  ( 46.56186833844904527, -84.00000000000000000, 4.368891965448924886 ) ) ;
#7448 = CARTESIAN_POINT ( 'NONE',  ( 28.22573136667521254, -83.99999999999998579, 7.073041621055264017 ) ) ;
#7449 = ORIENTED_EDGE ( 'NONE', *, *, #8541, .F. ) ;
#7450 = LINE ( 'NONE', #11160, #6532 ) ;
#7451 = CARTESIAN_POINT ( 'NONE',  ( 30.34889109836274557, -84.00000000000000000, 4.411536531336170519 ) ) ;
#7452 = ORIENTED_EDGE ( 'NONE', *, *, #11686, .T. ) ;
#7453 = CARTESIAN_POINT ( 'NONE',  ( 46.19344728581746296, -84.00000000000000000, 6.988775006384597255 ) ) ;
#7454 = AXIS2_PLACEMENT_3D ( 'NONE', #4535, #11140, #1950 ) ;
#7455 = ORIENTED_EDGE ( 'NONE', *, *, #11222, .T. ) ;
#7456 = ADVANCED_FACE ( 'NONE', ( #4348 ), #1524, .T. ) ;
#7457 = CARTESIAN_POINT ( 'NONE',  ( 30.05427525472178374, -83.70000000000003126, 6.763340909490167974 ) ) ;
#7458 = ORIENTED_EDGE ( 'NONE', *, *, #6104, .F. ) ;
#7459 = PLANE ( 'NONE',  #6345 ) ;
#7460 = VECTOR ( 'NONE', #5919, 1000.000000000000000 ) ;
#7461 = CARTESIAN_POINT ( 'NONE',  ( 32.74817634852518466, -83.70000000000001705, 4.451714135841259967 ) ) ;
#7462 = ORIENTED_EDGE ( 'NONE', *, *, #169, .F. ) ;
#7463 = EDGE_LOOP ( 'NONE', ( #4896, #6750, #5973, #5729 ) ) ;
#7464 = DIRECTION ( 'NONE',  ( 0.000000000000000000, 0.000000000000000000, -1.000000000000000000 ) ) ;
#7465 = ADVANCED_FACE ( 'NONE', ( #2483 ), #9976, .F. ) ;
#7466 = CARTESIAN_POINT ( 'NONE',  ( 27.21503794696573308, -83.70000000000001705, 4.451714135841259967 ) ) ;
#7467 = VECTOR ( 'NONE', #3579, 1000.000000000000000 ) ;
#7468 = EDGE_LOOP ( 'NONE', ( #6306, #9904, #7412, #3653 ) ) ;
#7469 = ADVANCED_FACE ( 'NONE', ( #6239 ), #5270, .F. ) ;
#7470 = CARTESIAN_POINT ( 'NONE',  ( 27.21503794696573308, -84.00000000000000000, 4.451714135841259967 ) ) ;
#7471 = STYLED_ITEM ( 'NONE', ( #3089 ), #8627 ) ;
#7472 = EDGE_CURVE ( 'NONE', #2274, #9878, #4530, .T. ) ;
#7473 = CARTESIAN_POINT ( 'NONE',  ( 29.98612331719632351, -83.70000000000001705, 7.355535631575552458 ) ) ;
#7474 = VERTEX_POINT ( 'NONE', #9067 ) ;
#7475 = FACE_OUTER_BOUND ( 'NONE', #6989, .T. ) ;
#7476 = ORIENTED_EDGE ( 'NONE', *, *, #11029, .F. ) ;
#7477 = CARTESIAN_POINT ( 'NONE',  ( 29.52996811732127824, -83.99999999999995737, 4.704913579401059032 ) ) ;
#7478 = VECTOR ( 'NONE', #7972, 1000.000000000000000 ) ;
#7479 = LINE ( 'NONE', #177, #2351 ) ;
#7480 = ORIENTED_EDGE ( 'NONE', *, *, #1378, .F. ) ;
#7481 = CARTESIAN_POINT ( 'NONE',  ( 66.00000000000000000, -42.00000000000000000, 0.000000000000000000 ) ) ;
#7482 = CIRCLE ( 'NONE', #6907, 1.000000000000000888 ) ;
#7483 = DIRECTION ( 'NONE',  ( 0.000000000000000000, -0.000000000000000000, -1.000000000000000000 ) ) ;
#7484 = CARTESIAN_POINT ( 'NONE',  ( 45.00000000000002842, -82.79999999999999716, 22.00000000000000355 ) ) ;
#7485 = CARTESIAN_POINT ( 'NONE',  ( 10.35311342560586745, -82.35311342560586922, -1.322664568302814322E-15 ) ) ;
#7486 = VERTEX_POINT ( 'NONE', #5209 ) ;
#7487 = LINE ( 'NONE', #2127, #5293 ) ;
#7488 = DIRECTION ( 'NONE',  ( -0.000000000000000000, -0.000000000000000000, -1.000000000000000000 ) ) ;
#7489 = ORIENTED_EDGE ( 'NONE', *, *, #7947, .F. ) ;
#7490 = EDGE_CURVE ( 'NONE', #3321, #5421, #7135, .T. ) ;
#7491 = EDGE_CURVE ( 'NONE', #7029, #7411, #9057, .T. ) ;
#7492 = CARTESIAN_POINT ( 'NONE',  ( 29.39106259890010620, -83.70000000000001705, 7.432495722501656132 ) ) ;
#7493 = ADVANCED_FACE ( 'NONE', ( #3504 ), #8892, .F. ) ;
#7494 = VECTOR ( 'NONE', #9214, 999.9999999999998863 ) ;
#7495 = EDGE_CURVE ( 'NONE', #4725, #1074, #8952, .T. ) ;
#7496 = CARTESIAN_POINT ( 'NONE',  ( 31.00000000000002132, -82.00000000000000000, 22.00000000000000711 ) ) ;
#7497 = ORIENTED_EDGE ( 'NONE', *, *, #3994, .F. ) ;
#7498 = DIRECTION ( 'NONE',  ( -0.000000000000000000, -1.000000000000000000, -0.000000000000000000 ) ) ;
#7499 = DIRECTION ( 'NONE',  ( 1.000000000000000000, 0.000000000000000000, 0.000000000000000000 ) ) ;
#7500 = LINE ( 'NONE', #6654, #7104 ) ;
#7501 = DIRECTION ( 'NONE',  ( -1.000000000000000000, 0.000000000000000000, 0.000000000000000000 ) ) ;
#7502 = EDGE_LOOP ( 'NONE', ( #6841, #4428, #1431, #10716 ) ) ;
#7503 = AXIS2_PLACEMENT_3D ( 'NONE', #11382, #7736, #11502 ) ;
#7504 = CARTESIAN_POINT ( 'NONE',  ( 52.64081570687010014, -83.70000000000001705, 4.409827637963545044 ) ) ;
#7505 = DIRECTION ( 'NONE',  ( -1.000000000000000000, 0.000000000000000000, 0.000000000000000000 ) ) ;
#7506 = ORIENTED_EDGE ( 'NONE', *, *, #5935, .T. ) ;
#7507 = EDGE_CURVE ( 'NONE', #7987, #2186, #3454, .T. ) ;
#7508 = DIRECTION ( 'NONE',  ( -1.000000000000000000, 0.000000000000000000, 0.000000000000000000 ) ) ;
#7509 = CARTESIAN_POINT ( 'NONE',  ( 46.15251161330284901, -84.00000000000000000, 6.988775006384597255 ) ) ;
#7510 = ORIENTED_EDGE ( 'NONE', *, *, #11791, .T. ) ;
#7511 = DIRECTION ( 'NONE',  ( -0.000000000000000000, -0.000000000000000000, -1.000000000000000000 ) ) ;
#7512 = AXIS2_PLACEMENT_3D ( 'NONE', #3922, #5927, #11486 ) ;
#7513 = PLANE ( 'NONE',  #8124 ) ;
#7514 = DIRECTION ( 'NONE',  ( -0.000000000000000000, -0.000000000000000000, -1.000000000000000000 ) ) ;
#7515 = VERTEX_POINT ( 'NONE', #1761 ) ;
#7516 = FACE_BOUND ( 'NONE', #6416, .T. ) ;
#7517 = CARTESIAN_POINT ( 'NONE',  ( 56.99999999999999289, -10.00000000000000000, 27.00100000000000122 ) ) ;
#7518 = ORIENTED_EDGE ( 'NONE', *, *, #4872, .T. ) ;
#7519 = DIRECTION ( 'NONE',  ( 0.000000000000000000, 0.000000000000000000, -1.000000000000000000 ) ) ;
#7520 = VERTEX_POINT ( 'NONE', #11681 ) ;
#7521 = AXIS2_PLACEMENT_3D ( 'NONE', #8505, #2110, #9590 ) ;
#7522 = CARTESIAN_POINT ( 'NONE',  ( 30.54523071283101743, -83.70000000000003126, 6.513659121762855442 ) ) ;
#7523 = ORIENTED_EDGE ( 'NONE', *, *, #6431, .F. ) ;
#7524 = CARTESIAN_POINT ( 'NONE',  ( 30.92203191917490912, -84.00000000000001421, 5.388530742933160589 ) ) ;
#7525 = ORIENTED_EDGE ( 'NONE', *, *, #4818, .T. ) ;
#7526 = AXIS2_PLACEMENT_3D ( 'NONE', #2455, #8865, #6151 ) ;
#7527 = ADVANCED_FACE ( 'NONE', ( #2654 ), #6354, .T. ) ;
#7528 = FACE_OUTER_BOUND ( 'NONE', #9135, .T. ) ;
#7529 = ORIENTED_EDGE ( 'NONE', *, *, #11384, .T. ) ;
#7530 = ORIENTED_EDGE ( 'NONE', *, *, #1936, .F. ) ;
#7531 = FACE_OUTER_BOUND ( 'NONE', #26, .T. ) ;
#7532 = VERTEX_POINT ( 'NONE', #8215 ) ;
#7533 = LINE ( 'NONE', #7353, #4500 ) ;
#7534 = ORIENTED_EDGE ( 'NONE', *, *, #6881, .F. ) ;
#7535 = CARTESIAN_POINT ( 'NONE',  ( 30.66059600595683321, -83.70000000000001705, 6.465430962207526555 ) ) ;
#7536 = CARTESIAN_POINT ( 'NONE',  ( 46.39812564839056108, -84.00000000000000000, 7.909827637963544156 ) ) ;
#7537 = EDGE_LOOP ( 'NONE', ( #9698, #9823, #615, #9372 ) ) ;
#7538 = VECTOR ( 'NONE', #2436, 1000.000000000000000 ) ;
#7539 = CARTESIAN_POINT ( 'NONE',  ( 41.99999999999999289, -65.89813106228984907, 0.8284271247461892917 ) ) ;
#7540 = CARTESIAN_POINT ( 'NONE',  ( 27.71698481977799489, -83.99999999999998579, 6.418080069432558155 ) ) ;
#7541 = CARTESIAN_POINT ( 'NONE',  ( 29.69177096023525309, -83.70000000000001705, 4.575547396790400789 ) ) ;
#7542 = ADVANCED_FACE ( 'NONE', ( #3393 ), #2542, .F. ) ;
#7543 = EDGE_CURVE ( 'NONE', #8502, #4697, #11966, .T. ) ;
#7544 = DIRECTION ( 'NONE',  ( -1.000000000000000000, 0.000000000000000000, 0.000000000000000000 ) ) ;
#7545 = ORIENTED_EDGE ( 'NONE', *, *, #2808, .F. ) ;
#7546 = DIRECTION ( 'NONE',  ( 0.000000000000000000, -0.000000000000000000, -1.000000000000000000 ) ) ;
#7547 = DIRECTION ( 'NONE',  ( -0.000000000000000000, -0.000000000000000000, -1.000000000000000000 ) ) ;
#7548 = CARTESIAN_POINT ( 'NONE',  ( 43.00000000000000000, -83.00000000000000000, 0.2679491924311215856 ) ) ;
#7549 = DIRECTION ( 'NONE',  ( 0.000000000000000000, 0.000000000000000000, -1.000000000000000000 ) ) ;
#7550 = CARTESIAN_POINT ( 'NONE',  ( 57.00000000000001421, -58.00000000000000000, 27.00100000000000122 ) ) ;
#7551 = CARTESIAN_POINT ( 'NONE',  ( 29.23604726037270751, -83.70000000000001705, 5.633542162698526923 ) ) ;
#7552 = VERTEX_POINT ( 'NONE', #7193 ) ;
#7553 = DIRECTION ( 'NONE',  ( 0.000000000000000000, -0.000000000000000000, -1.000000000000000000 ) ) ;
#7554 = AXIS2_PLACEMENT_3D ( 'NONE', #2826, #8210, #11251 ) ;
#7555 = VECTOR ( 'NONE', #5514, 1000.000000000000000 ) ;
#7556 = CARTESIAN_POINT ( 'NONE',  ( 30.60317714534475186, -83.99999999999998579, 7.461167184113430828 ) ) ;
#7557 = ORIENTED_EDGE ( 'NONE', *, *, #985, .T. ) ;
#7558 = CARTESIAN_POINT ( 'NONE',  ( 31.45462915946934501, -84.00000000000000000, 5.039445020905520600 ) ) ;
#7559 = EDGE_CURVE ( 'NONE', #9267, #9941, #10029, .T. ) ;
#7560 = CARTESIAN_POINT ( 'NONE',  ( 65.00000000000000000, -26.00000000000000355, 0.000000000000000000 ) ) ;
#7561 = DIRECTION ( 'NONE',  ( 1.000000000000000000, 2.818925648462311528E-16, 0.000000000000000000 ) ) ;
#7562 = CIRCLE ( 'NONE', #9493, 1.000000000000000888 ) ;
#7563 = VECTOR ( 'NONE', #7238, 1000.000000000000000 ) ;
#7564 = EDGE_CURVE ( 'NONE', #984, #10096, #2600, .T. ) ;
#7565 = CARTESIAN_POINT ( 'NONE',  ( 72.17157287525382969, -81.99999999999997158, 1.999999999999998668 ) ) ;
#7566 = EDGE_LOOP ( 'NONE', ( #7392, #5000 ) ) ;
#7567 = DIRECTION ( 'NONE',  ( -1.000000000000000000, 0.000000000000000000, 0.000000000000000000 ) ) ;
#7568 = CARTESIAN_POINT ( 'NONE',  ( 28.76325438941809054, -83.70000000000003126, 7.410961148397344544 ) ) ;
#7569 = EDGE_LOOP ( 'NONE', ( #8544, #2561 ) ) ;
#7570 = CARTESIAN_POINT ( 'NONE',  ( 65.00000000000000000, -18.00000000000000355, 0.000000000000000000 ) ) ;
#7571 = CIRCLE ( 'NONE', #9112, 1.000000000000000888 ) ;
#7572 = ORIENTED_EDGE ( 'NONE', *, *, #11490, .F. ) ;
#7573 = DIRECTION ( 'NONE',  ( 0.000000000000000000, -0.000000000000000000, -1.000000000000000000 ) ) ;
#7574 = AXIS2_PLACEMENT_3D ( 'NONE', #8283, #7259, #6478 ) ;
#7575 = EDGE_CURVE ( 'NONE', #10085, #8508, #5698, .T. ) ;
#7576 = CARTESIAN_POINT ( 'NONE',  ( 30.82748359559121099, -83.70000000000000284, 7.060825226418555367 ) ) ;
#7577 = CARTESIAN_POINT ( 'NONE',  ( 28.14764879125311836, -83.99999999999998579, 7.278217416211550272 ) ) ;
#7578 = EDGE_CURVE ( 'NONE', #4067, #283, #10230, .T. ) ;
#7579 = FACE_BOUND ( 'NONE', #10377, .T. ) ;
#7580 = CARTESIAN_POINT ( 'NONE',  ( 53.52093266593442422, -83.70000000000001705, 6.047254538548339831 ) ) ;
#7581 = ORIENTED_EDGE ( 'NONE', *, *, #9249, .F. ) ;
#7582 = LINE ( 'NONE', #2153, #8182 ) ;
#7583 = ORIENTED_EDGE ( 'NONE', *, *, #5043, .F. ) ;
#7584 = AXIS2_PLACEMENT_3D ( 'NONE', #9741, #6119, #9172 ) ;
#7585 = CARTESIAN_POINT ( 'NONE',  ( 29.94596348587013779, -84.00000000000001421, 6.928748990884614933 ) ) ;
#7586 = VERTEX_POINT ( 'NONE', #11135 ) ;
#7587 = FACE_OUTER_BOUND ( 'NONE', #11518, .T. ) ;
#7588 = ADVANCED_FACE ( 'NONE', ( #2007 ), #8275, .F. ) ;
#7589 = ORIENTED_EDGE ( 'NONE', *, *, #5367, .T. ) ;
#7590 = CIRCLE ( 'NONE', #10109, 1.000000000000000888 ) ;
#7591 = CARTESIAN_POINT ( 'NONE',  ( 47.58526015131454301, -83.70000000000001705, 4.409827637963545044 ) ) ;
#7592 = EDGE_LOOP ( 'NONE', ( #8874, #5245 ) ) ;
#7593 = EDGE_LOOP ( 'NONE', ( #3593, #9672, #5217 ) ) ;
#7594 = CARTESIAN_POINT ( 'NONE',  ( 32.74817634852518466, -84.00000000000000000, 4.451714135841259967 ) ) ;
#7595 = CARTESIAN_POINT ( 'NONE',  ( 50.00000000000000000, -22.00000000000000000, 1.999999999999998224 ) ) ;
#7596 = ORIENTED_EDGE ( 'NONE', *, *, #6089, .F. ) ;
#7597 = CARTESIAN_POINT ( 'NONE',  ( 31.21088878707540104, -84.00000000000004263, 6.120278690291537593 ) ) ;
#7598 = DIRECTION ( 'NONE',  ( -0.000000000000000000, -0.000000000000000000, -1.000000000000000000 ) ) ;
#7599 = VECTOR ( 'NONE', #6238, 1000.000000000000000 ) ;
#7600 = EDGE_LOOP ( 'NONE', ( #10184, #5386, #159, #230 ) ) ;
#7601 = CARTESIAN_POINT ( 'NONE',  ( 71.00000000000002842, -82.00000000000000000, 1.999999999999998224 ) ) ;
#7602 = EDGE_CURVE ( 'NONE', #9599, #735, #5516, .T. ) ;
#7603 = CARTESIAN_POINT ( 'NONE',  ( 29.92464840326346476, -83.70000000000003126, 7.062898005347181929 ) ) ;
#7604 = CARTESIAN_POINT ( 'NONE',  ( 29.88314671266380174, -83.99999999999997158, 4.482594520454008524 ) ) ;
#7605 = DIRECTION ( 'NONE',  ( 1.000000000000000000, 0.000000000000000000, 0.000000000000000000 ) ) ;
#7606 = ORIENTED_EDGE ( 'NONE', *, *, #1531, .T. ) ;
#7607 = FACE_OUTER_BOUND ( 'NONE', #9887, .T. ) ;
#7608 = AXIS2_PLACEMENT_3D ( 'NONE', #7937, #10557, #1608 ) ;
#7609 = DIRECTION ( 'NONE',  ( -1.000000000000000000, 0.000000000000000000, 0.000000000000000000 ) ) ;
#7610 = CARTESIAN_POINT ( 'NONE',  ( 28.33318826102248167, -83.70000000000001705, 4.451714135841259967 ) ) ;
#7611 = CARTESIAN_POINT ( 'NONE',  ( 50.83964611622682384, -83.70000000000001705, 5.719769158431380340 ) ) ;
#7612 = DIRECTION ( 'NONE',  ( 1.000000000000000000, -0.000000000000000000, -0.000000000000000000 ) ) ;
#7613 = VERTEX_POINT ( 'NONE', #5576 ) ;
#7614 = DIRECTION ( 'NONE',  ( -0.000000000000000000, -0.000000000000000000, -1.000000000000000000 ) ) ;
#7615 = ADVANCED_FACE ( 'NONE', ( #7369 ), #6412, .T. ) ;
#7616 = CARTESIAN_POINT ( 'NONE',  ( 30.82748359559121099, -83.99999999999995737, 7.060825226418555367 ) ) ;
#7617 = CIRCLE ( 'NONE', #2414, 1.000000000000000888 ) ;
#7618 = ORIENTED_EDGE ( 'NONE', *, *, #10091, .F. ) ;
#7619 = DIRECTION ( 'NONE',  ( -0.000000000000000000, -1.000000000000000000, -0.000000000000000000 ) ) ;
#7620 = DIRECTION ( 'NONE',  ( -0.000000000000000000, -0.000000000000000000, -1.000000000000000000 ) ) ;
#7621 = CARTESIAN_POINT ( 'NONE',  ( 61.00000000000000000, -14.00000000000000000, 27.00100000000000122 ) ) ;
#7622 = CARTESIAN_POINT ( 'NONE',  ( 29.48490329970920243, -84.00000000000002842, 6.535927140588293938 ) ) ;
#7623 = ORIENTED_EDGE ( 'NONE', *, *, #6153, .T. ) ;
#7624 = DIRECTION ( 'NONE',  ( -0.9672796243913323044, 0.000000000000000000, 0.2537126883649359343 ) ) ;
#7625 = CARTESIAN_POINT ( 'NONE',  ( 5.000000000000022204, -82.00000000000000000, 27.00000000000000000 ) ) ;
#7626 = ORIENTED_EDGE ( 'NONE', *, *, #9387, .F. ) ;
#7627 = EDGE_CURVE ( 'NONE', #1802, #4576, #9452, .T. ) ;
#7628 = DIRECTION ( 'NONE',  ( 0.000000000000000000, 0.000000000000000000, -1.000000000000000000 ) ) ;
#7629 = ADVANCED_FACE ( 'NONE', ( #4586 ), #4645, .T. ) ;
#7630 = EDGE_LOOP ( 'NONE', ( #2488, #1717 ) ) ;
#7631 = DIRECTION ( 'NONE',  ( -1.000000000000000000, 0.000000000000000000, 0.000000000000000000 ) ) ;
#7632 = PLANE ( 'NONE',  #9675 ) ;
#7633 = CARTESIAN_POINT ( 'NONE',  ( 28.11531658691566449, -83.99999999999998579, 7.320120654760146728 ) ) ;
#7634 = CARTESIAN_POINT ( 'NONE',  ( 51.47414904020342874, -83.70000000000001705, 6.538482608723778178 ) ) ;
#7635 = FACE_OUTER_BOUND ( 'NONE', #9174, .T. ) ;
#7636 = VERTEX_POINT ( 'NONE', #11081 ) ;
#7637 = CARTESIAN_POINT ( 'NONE',  ( 71.00000000000000000, 2.463307335887066074E-14, 1.999999999999998224 ) ) ;
#7638 = ORIENTED_EDGE ( 'NONE', *, *, #9084, .T. ) ;
#7639 = EDGE_CURVE ( 'NONE', #448, #860, #3077, .T. ) ;
#7640 = CARTESIAN_POINT ( 'NONE',  ( 30.44759221025467255, -84.00000000000005684, 6.552971888447468807 ) ) ;
#7641 = EDGE_CURVE ( 'NONE', #5519, #879, #10100, .T. ) ;
#7642 = EDGE_CURVE ( 'NONE', #8508, #10396, #6470, .T. ) ;
#7643 = ORIENTED_EDGE ( 'NONE', *, *, #11773, .T. ) ;
#7644 = CARTESIAN_POINT ( 'NONE',  ( 30.84834689229120031, -84.00000000000001421, 5.125722092857299295 ) ) ;
#7645 = ORIENTED_EDGE ( 'NONE', *, *, #11778, .F. ) ;
#7646 = LINE ( 'NONE', #7591, #8147 ) ;
#7647 = ORIENTED_EDGE ( 'NONE', *, *, #2606, .F. ) ;
#7648 = ORIENTED_EDGE ( 'NONE', *, *, #8237, .F. ) ;
#7649 = DIRECTION ( 'NONE',  ( 0.000000000000000000, 0.000000000000000000, -1.000000000000000000 ) ) ;
#7650 = EDGE_CURVE ( 'NONE', #984, #8615, #9179, .T. ) ;
#7651 = DIRECTION ( 'NONE',  ( -1.000000000000000000, 0.000000000000000000, 0.000000000000000000 ) ) ;
#7652 = ORIENTED_EDGE ( 'NONE', *, *, #4316, .T. ) ;
#7653 = EDGE_CURVE ( 'NONE', #10751, #5101, #9839, .T. ) ;
#7654 = FACE_OUTER_BOUND ( 'NONE', #6966, .T. ) ;
#7655 = AXIS2_PLACEMENT_3D ( 'NONE', #5999, #6228, #7787 ) ;
#7656 = DIRECTION ( 'NONE',  ( 0.000000000000000000, -0.000000000000000000, -1.000000000000000000 ) ) ;
#7657 = CARTESIAN_POINT ( 'NONE',  ( 66.00000000000000000, -26.00000000000000355, 27.00100000000000122 ) ) ;
#7658 = DIRECTION ( 'NONE',  ( -0.000000000000000000, -0.000000000000000000, -1.000000000000000000 ) ) ;
#7659 = CARTESIAN_POINT ( 'NONE',  ( 30.30640618599600700, -83.99999999999995737, 4.412382608082013213 ) ) ;
#7660 = DIRECTION ( 'NONE',  ( -1.000000000000000000, -3.304235192336776005E-16, -0.000000000000000000 ) ) ;
#7661 = ORIENTED_EDGE ( 'NONE', *, *, #703, .T. ) ;
#7662 = CARTESIAN_POINT ( 'NONE',  ( 31.36957301966628009, -83.70000000000003126, 7.336103275224611586 ) ) ;
#7663 = DIRECTION ( 'NONE',  ( 0.000000000000000000, -0.000000000000000000, -1.000000000000000000 ) ) ;
#7664 = DIRECTION ( 'NONE',  ( -1.000000000000000000, 0.000000000000000000, 0.000000000000000000 ) ) ;
#7665 = CARTESIAN_POINT ( 'NONE',  ( 53.20000000000002416, -81.99999999999997158, 9.999999999999998224 ) ) ;
#7666 = DIRECTION ( 'NONE',  ( 2.818925648462311528E-16, -1.000000000000000000, 0.000000000000000000 ) ) ;
#7667 = ORIENTED_EDGE ( 'NONE', *, *, #11686, .F. ) ;
#7668 = CYLINDRICAL_SURFACE ( 'NONE', #5459, 1.000000000000000888 ) ;
#7669 = CARTESIAN_POINT ( 'NONE',  ( 30.68201862176756123, -83.70000000000000284, 7.399583190628916007 ) ) ;
#7670 = VECTOR ( 'NONE', #10978, 1000.000000000000000 ) ;
#7671 = VECTOR ( 'NONE', #8845, 1000.000000000000000 ) ;
#7672 = ORIENTED_EDGE ( 'NONE', *, *, #9189, .F. ) ;
#7673 = CARTESIAN_POINT ( 'NONE',  ( 30.84233801453563117, -84.00000000000000000, 4.482182675849115228 ) ) ;
#7674 = AXIS2_PLACEMENT_3D ( 'NONE', #11209, #200, #10235 ) ;
#7675 = CYLINDRICAL_SURFACE ( 'NONE', #11812, 1.000000000000000888 ) ;
#7676 = DIRECTION ( 'NONE',  ( -1.000000000000000000, 0.000000000000000000, 0.000000000000000000 ) ) ;
#7677 = EDGE_CURVE ( 'NONE', #10791, #11097, #10156, .T. ) ;
#7678 = DIRECTION ( 'NONE',  ( 0.000000000000000000, -0.000000000000000000, -1.000000000000000000 ) ) ;
#7679 = VERTEX_POINT ( 'NONE', #2832 ) ;
#7680 = CARTESIAN_POINT ( 'NONE',  ( 30.34889109836274557, -83.70000000000001705, 4.889877445349599228 ) ) ;
#7681 = ORIENTED_EDGE ( 'NONE', *, *, #8239, .T. ) ;
#7682 = AXIS2_PLACEMENT_3D ( 'NONE', #9799, #11614, #4346 ) ;
#7683 = LINE ( 'NONE', #2257, #6863 ) ;
#7684 = ORIENTED_EDGE ( 'NONE', *, *, #4988, .F. ) ;
#7685 = LINE ( 'NONE', #10178, #10974 ) ;
#7686 = AXIS2_PLACEMENT_3D ( 'NONE', #7819, #4132, #9769 ) ;
#7687 = FACE_OUTER_BOUND ( 'NONE', #1560, .T. ) ;
#7688 = EDGE_LOOP ( 'NONE', ( #7606, #4183, #10526, #5631 ) ) ;
#7689 = FACE_OUTER_BOUND ( 'NONE', #9951, .T. ) ;
#7690 = VECTOR ( 'NONE', #1975, 1000.000000000000000 ) ;
#7691 = EDGE_CURVE ( 'NONE', #11169, #3583, #4233, .T. ) ;
#7692 = FACE_OUTER_BOUND ( 'NONE', #3398, .T. ) ;
#7693 = CARTESIAN_POINT ( 'NONE',  ( 61.00000000000001421, -54.00000000000000000, 0.000000000000000000 ) ) ;
#7694 = ORIENTED_EDGE ( 'NONE', *, *, #1855, .F. ) ;
#7695 = DIRECTION ( 'NONE',  ( 0.000000000000000000, -0.000000000000000000, -1.000000000000000000 ) ) ;
#7696 = ORIENTED_EDGE ( 'NONE', *, *, #5261, .T. ) ;
#7697 = AXIS2_PLACEMENT_3D ( 'NONE', #4659, #8535, #11206 ) ;
#7698 = CARTESIAN_POINT ( 'NONE',  ( 53.52093266593442422, -83.70000000000001705, 6.436143427437228226 ) ) ;
#7699 = ORIENTED_EDGE ( 'NONE', *, *, #9115, .F. ) ;
#7700 = CARTESIAN_POINT ( 'NONE',  ( 30.54961414637773487, -83.99999999999997158, 4.910805211235915735 ) ) ;
#7701 = ORIENTED_EDGE ( 'NONE', *, *, #11869, .F. ) ;
#7702 = CARTESIAN_POINT ( 'NONE',  ( 49.00000000000000711, -38.00000000000000000, 1.999999999999998224 ) ) ;
#7703 = ORIENTED_EDGE ( 'NONE', *, *, #11624, .F. ) ;
#7704 = CIRCLE ( 'NONE', #5611, 1.000000000000000888 ) ;
#7705 = EDGE_CURVE ( 'NONE', #5856, #1713, #10424, .T. ) ;
#7706 = VERTEX_POINT ( 'NONE', #9302 ) ;
#7707 = LINE ( 'NONE', #5981, #11204 ) ;
#7708 = AXIS2_PLACEMENT_3D ( 'NONE', #8178, #10977, #3635 ) ;
#7709 = CARTESIAN_POINT ( 'NONE',  ( 26.60782547133220532, -83.70000000000001705, 4.451714135841259967 ) ) ;
#7710 = CARTESIAN_POINT ( 'NONE',  ( 48.36303792909231447, -83.70000000000001705, 5.494622959600970802 ) ) ;
#7711 = CARTESIAN_POINT ( 'NONE',  ( 65.00000000000001421, -58.00000000000000000, 27.00100000000000122 ) ) ;
#7712 = AXIS2_PLACEMENT_3D ( 'NONE', #6453, #7350, #2702 ) ;
#7713 = CARTESIAN_POINT ( 'NONE',  ( 71.00000000000000000, -4.000000000000000000, 3.999999999999998224 ) ) ;
#7714 = EDGE_CURVE ( 'NONE', #10622, #4121, #10340, .T. ) ;
#7715 = DIRECTION ( 'NONE',  ( 2.312964634635743450E-15, -0.000000000000000000, 1.000000000000000000 ) ) ;
#7716 = CARTESIAN_POINT ( 'NONE',  ( 29.23604726037270751, -83.70000000000001705, 5.444025160316027900 ) ) ;
#7717 = EDGE_CURVE ( 'NONE', #10626, #3290, #11634, .T. ) ;
#7718 = LINE ( 'NONE', #3127, #11055 ) ;
#7719 = ORIENTED_EDGE ( 'NONE', *, *, #2385, .T. ) ;
#7720 = EDGE_CURVE ( 'NONE', #8499, #1649, #11582, .T. ) ;
#7721 = DIRECTION ( 'NONE',  ( -0.000000000000000000, -0.000000000000000000, -1.000000000000000000 ) ) ;
#7722 = CARTESIAN_POINT ( 'NONE',  ( 75.00100000000003320, -35.99999999999997158, 16.49999999999999645 ) ) ;
#7723 = DIRECTION ( 'NONE',  ( 1.000000000000000000, -0.000000000000000000, 0.000000000000000000 ) ) ;
#7724 = CARTESIAN_POINT ( 'NONE',  ( 30.54523071283101743, -83.70000000000003126, 6.513659121762855442 ) ) ;
#7725 = EDGE_LOOP ( 'NONE', ( #5565, #9092, #3014, #2215 ) ) ;
#7726 = CARTESIAN_POINT ( 'NONE',  ( 29.86678410520425331, -83.69999999999998863, 7.917416998833356701 ) ) ;
#7727 = FACE_BOUND ( 'NONE', #8862, .T. ) ;
#7728 = CLOSED_SHELL ( 'NONE', ( #3189, #5820, #6523, #618, #3417, #1109, #519, #2701, #3787, #9018, #10144, #7421, #8518, #8309, #7469, #11353, #7242, #4619, #5642, #7588, #5350, #10541, #11762, #4360, #9730, #2189, #189, #919, #8722, #11697, #9573, #2807, #856, #7256, #928, #385, #8804, #6593, #4010, #9659, #8262, #4903, #11212, #4245, #10553, #2838, #7218, #11279, #5921, #3352, #8902, #428, #7386, #6296, #4142, #8381, #1126, #5683, #6461, #8765, #7355, #1813, #9437, #252, #3296, #4933, #1982, #3309, #7542, #11350, #9633, #8890, #3022, #1352, #11057, #4475, #3867, #3449, #8604, #2757, #307, #3265, #10328, #1161, #7493, #3701, #1664, #6088, #8024, #11406, #10847, #5433, #3843, #2026, #8750, #3445, #10075, #1459, #334, #6039, #10012, #3802, #3366, #5655, #4314, #7910, #3801, #9153, #9881, #2410, #6902, #4597, #11558, #9683, #531, #646, #2691, #4141, #5789, #9766, #5462, #10130, #9260, #6105, #6675, #1526, #4172, #3756, #11896, #1162, #7105, #675, #9656, #6382, #1602, #8803, #3196, #11289, #2370, #1603, #9570, #1173, #9230, #1212, #10878, #11114, #6282, #9808, #10611, #1016, #2064, #6837, #8820, #7286, #2743, #166, #8674, #6403, #10227, #8791, #7911, #1045, #10995, #5156, #2673, #840, #10162, #2277, #7757, #7465, #6981, #3554, #1879, #9183, #4246, #4992, #3367, #6460, #11572, #11142, #5403, #8095, #5521, #10390, #5658, #10943, #6253, #2703, #5887, #6393, #11532, #3067, #4441, #9323, #7456, #4385, #6741, #742, #11248, #8132, #7110, #188, #10706, #2756, #4969, #2888, #1971, #9700, #5876, #237, #5597, #6553, #5230, #1583, #2689, #4075, #5123, #785, #4383, #10606, #11923, #5532, #10468, #1794, #3719, #99, #9842, #1740, #8752, #5736, #639, #8366, #2474, #9608, #3637, #2445, #10315, #9351, #7895, #2117, #1063, #8226, #6232, #11774, #6547, #9177, #1448, #3294, #9098, #7956, #9701, #1637, #1675, #638, #11732, #687, #773, #7050, #1197, #8377, #11264, #4720, #8469, #4731, #8540, #10378, #5728, #5225, #8234, #4610, #1158, #5377, #10212, #9711, #6685, #8001, #3946, #7629, #10448, #10435, #3687, #8176, #1795, #255, #11625, #5870, #5126, #463, #7835, #1534, #7804, #6851, #10589, #3783, #2771, #6115, #11935, #9574, #219, #5568, #4775, #8974, #5902, #2171, #2456, #2818, #6806, #3509, #3768, #4200, #4225, #8959, #412, #7527, #6040, #399, #2413, #10079, #6590, #2700, #10270, #6729, #6076, #11174, #7615, #415, #5953, #6688, #9955 ) ) ;
#7729 = CARTESIAN_POINT ( 'NONE',  ( 30.31869076015148678, -83.70000000000000284, 7.523741025232686397 ) ) ;
#7730 = EDGE_LOOP ( 'NONE', ( #1480, #9508, #7376, #11710 ) ) ;
#7731 = DIRECTION ( 'NONE',  ( 1.000000000000000000, 0.000000000000000000, 0.000000000000000000 ) ) ;
#7732 = CARTESIAN_POINT ( 'NONE',  ( 31.52875743004674547, -84.00000000000002842, 5.544767611654713768 ) ) ;
#7733 = EDGE_LOOP ( 'NONE', ( #9648, #1435, #6001, #11632 ) ) ;
#7734 = CARTESIAN_POINT ( 'NONE',  ( 28.21825136212247642, -84.00000000000000000, 6.030376166609516808 ) ) ;
#7735 = LINE ( 'NONE', #490, #8368 ) ;
#7736 = DIRECTION ( 'NONE',  ( -0.000000000000000000, -0.000000000000000000, -1.000000000000000000 ) ) ;
#7737 = VERTEX_POINT ( 'NONE', #1214 ) ;
#7738 = AXIS2_PLACEMENT_3D ( 'NONE', #2246, #253, #3020 ) ;
#7739 = FACE_OUTER_BOUND ( 'NONE', #2469, .T. ) ;
#7740 = LINE ( 'NONE', #3151, #5952 ) ;
#7741 = CIRCLE ( 'NONE', #7934, 1.000000000000000888 ) ;
#7742 = EDGE_LOOP ( 'NONE', ( #3349, #10236, #6836, #2570 ) ) ;
#7743 = CARTESIAN_POINT ( 'NONE',  ( 44.00000000000000000, -63.89813106228984907, 0.000000000000000000 ) ) ;
#7744 = ORIENTED_EDGE ( 'NONE', *, *, #11196, .F. ) ;
#7745 = DIRECTION ( 'NONE',  ( -1.000000000000000000, 0.000000000000000000, 0.000000000000000000 ) ) ;
#7746 = AXIS2_PLACEMENT_3D ( 'NONE', #3322, #6113, #2240 ) ;
#7747 = CYLINDRICAL_SURFACE ( 'NONE', #2176, 1.000000000000000888 ) ;
#7748 = VERTEX_POINT ( 'NONE', #302 ) ;
#7749 = CARTESIAN_POINT ( 'NONE',  ( 1.090397613471135978E-14, -32.99999999999999289, 13.50000000000000178 ) ) ;
#7750 = CARTESIAN_POINT ( 'NONE',  ( 47.00000000000002842, 0.001000000000001000089, 16.19999999999999929 ) ) ;
#7751 = DIRECTION ( 'NONE',  ( -1.000000000000000000, 0.000000000000000000, 0.000000000000000000 ) ) ;
#7752 = ORIENTED_EDGE ( 'NONE', *, *, #7720, .T. ) ;
#7753 = DIRECTION ( 'NONE',  ( -1.000000000000000000, 0.000000000000000000, 0.000000000000000000 ) ) ;
#7754 = ORIENTED_EDGE ( 'NONE', *, *, #10242, .F. ) ;
#7755 = AXIS2_PLACEMENT_3D ( 'NONE', #11781, #3484, #10880 ) ;
#7756 = VECTOR ( 'NONE', #351, 999.9999999999998863 ) ;
#7757 = ADVANCED_FACE ( 'NONE', ( #9488 ), #1452, .F. ) ;
#7758 = DIRECTION ( 'NONE',  ( 0.000000000000000000, 0.000000000000000000, -1.000000000000000000 ) ) ;
#7759 = AXIS2_PLACEMENT_3D ( 'NONE', #7903, #418, #536 ) ;
#7760 = ORIENTED_EDGE ( 'NONE', *, *, #1546, .T. ) ;
#7761 = DIRECTION ( 'NONE',  ( -1.000000000000000000, 0.000000000000000000, 0.000000000000000000 ) ) ;
#7762 = ORIENTED_EDGE ( 'NONE', *, *, #7122, .F. ) ;
#7763 = DIRECTION ( 'NONE',  ( -0.6102280094322946047, 0.000000000000000000, -0.7922258368068408885 ) ) ;
#7764 = ORIENTED_EDGE ( 'NONE', *, *, #11576, .F. ) ;
#7765 = ORIENTED_EDGE ( 'NONE', *, *, #4431, .T. ) ;
#7766 = AXIS2_PLACEMENT_3D ( 'NONE', #3488, #3599, #892 ) ;
#7767 = FACE_OUTER_BOUND ( 'NONE', #10441, .T. ) ;
#7768 = CARTESIAN_POINT ( 'NONE',  ( 31.43065414796204848, -83.70000000000001705, 6.942725615156834174 ) ) ;
#7769 = DIRECTION ( 'NONE',  ( -0.000000000000000000, -0.000000000000000000, -1.000000000000000000 ) ) ;
#7770 = EDGE_CURVE ( 'NONE', #9956, #10323, #9732, .T. ) ;
#7771 = CARTESIAN_POINT ( 'NONE',  ( 30.34889109836274557, -83.70000000000001705, 4.411536531336170519 ) ) ;
#7772 = CARTESIAN_POINT ( 'NONE',  ( 48.60865196418003364, -83.70000000000001705, 7.950763310478163426 ) ) ;
#7773 = EDGE_CURVE ( 'NONE', #4113, #4164, #474, .T. ) ;
#7774 = CIRCLE ( 'NONE', #7391, 1.000000000000000888 ) ;
#7775 = CARTESIAN_POINT ( 'NONE',  ( 30.51158474662117825, -83.70000000000001705, 6.527206195761162455 ) ) ;
#7776 = CARTESIAN_POINT ( 'NONE',  ( 29.34961930503926197, -84.00000000000000000, 4.947526531759794288 ) ) ;
#7777 = FACE_OUTER_BOUND ( 'NONE', #10603, .T. ) ;
#7778 = EDGE_LOOP ( 'NONE', ( #5485, #4901, #3149, #6964 ) ) ;
#7779 = CARTESIAN_POINT ( 'NONE',  ( 29.98995287600827453, -83.70000000000000284, 4.451470728112676412 ) ) ;
#7780 = CARTESIAN_POINT ( 'NONE',  ( 57.00000000000000000, -26.00000000000000355, 1.999999999999998224 ) ) ;
#7781 = LINE ( 'NONE', #10524, #3156 ) ;
#7782 = CARTESIAN_POINT ( 'NONE',  ( 31.13657641631970918, -83.70000000000000284, 6.182673822920587092 ) ) ;
#7783 = ORIENTED_EDGE ( 'NONE', *, *, #11141, .F. ) ;
#7784 = CIRCLE ( 'NONE', #6065, 1.000000000000000888 ) ;
#7785 = CIRCLE ( 'NONE', #7010, 1.000000000000000888 ) ;
#7786 = DIRECTION ( 'NONE',  ( -0.000000000000000000, -0.000000000000000000, -1.000000000000000000 ) ) ;
#7787 = DIRECTION ( 'NONE',  ( 1.000000000000000000, 0.000000000000000000, -0.000000000000000000 ) ) ;
#7788 = EDGE_CURVE ( 'NONE', #4935, #5424, #8090, .T. ) ;
#7789 = CARTESIAN_POINT ( 'NONE',  ( 47.42151746125605882, -83.70000000000001705, 7.909827637963544156 ) ) ;
#7790 = EDGE_CURVE ( 'NONE', #5775, #984, #2236, .T. ) ;
#7791 = ORIENTED_EDGE ( 'NONE', *, *, #11506, .F. ) ;
#7792 = DIRECTION ( 'NONE',  ( 0.000000000000000000, 0.000000000000000000, -1.000000000000000000 ) ) ;
#7793 = AXIS2_PLACEMENT_3D ( 'NONE', #5753, #3921, #2125 ) ;
#7794 = DIRECTION ( 'NONE',  ( 0.000000000000000000, 0.000000000000000000, -1.000000000000000000 ) ) ;
#7795 = ORIENTED_EDGE ( 'NONE', *, *, #9032, .T. ) ;
#7796 = CARTESIAN_POINT ( 'NONE',  ( 57.00000000000000000, -14.00000000000000000, 1.999999999999998224 ) ) ;
#7797 = CARTESIAN_POINT ( 'NONE',  ( 30.31869076015148678, -83.99999999999998579, 7.523741025232686397 ) ) ;
#7798 = CARTESIAN_POINT ( 'NONE',  ( 3.000000000000021316, -80.00000000000000000, 3.999999999999998224 ) ) ;
#7799 = VERTEX_POINT ( 'NONE', #6051 ) ;
#7800 = DIRECTION ( 'NONE',  ( -0.000000000000000000, -0.000000000000000000, -1.000000000000000000 ) ) ;
#7801 = ORIENTED_EDGE ( 'NONE', *, *, #4371, .T. ) ;
#7802 = CIRCLE ( 'NONE', #10718, 1.000000000000000888 ) ;
#7803 = FACE_OUTER_BOUND ( 'NONE', #5869, .T. ) ;
#7804 = ADVANCED_FACE ( 'NONE', ( #10459 ), #3072, .T. ) ;
#7805 = EDGE_LOOP ( 'NONE', ( #10360, #4700 ) ) ;
#7806 = CARTESIAN_POINT ( 'NONE',  ( 62.00000000000000711, -34.00000000000000000, 0.000000000000000000 ) ) ;
#7807 = CARTESIAN_POINT ( 'NONE',  ( 28.02651614446034856, -84.00000000000001421, 7.949578531162566186 ) ) ;
#7808 = DIRECTION ( 'NONE',  ( -0.000000000000000000, -0.000000000000000000, -1.000000000000000000 ) ) ;
#7809 = DIRECTION ( 'NONE',  ( -1.000000000000000000, 0.000000000000000000, 0.000000000000000000 ) ) ;
#7810 = CARTESIAN_POINT ( 'NONE',  ( 57.00000000000000711, -34.00000000000000000, 1.999999999999998224 ) ) ;
#7811 = CARTESIAN_POINT ( 'NONE',  ( 29.34625358414896823, -83.99999999999995737, 6.802477558687402670 ) ) ;
#7812 = ORIENTED_EDGE ( 'NONE', *, *, #5986, .F. ) ;
#7813 = FACE_OUTER_BOUND ( 'NONE', #1134, .T. ) ;
#7814 = ORIENTED_EDGE ( 'NONE', *, *, #11280, .F. ) ;
#7815 = AXIS2_PLACEMENT_3D ( 'NONE', #8809, #3125, #4208 ) ;
#7816 = VERTEX_POINT ( 'NONE', #11370 ) ;
#7817 = FACE_OUTER_BOUND ( 'NONE', #10133, .T. ) ;
#7818 = ORIENTED_EDGE ( 'NONE', *, *, #5069, .F. ) ;
#7819 = CARTESIAN_POINT ( 'NONE',  ( 57.00000000000000711, -42.00000000000000000, 0.000000000000000000 ) ) ;
#7820 = ORIENTED_EDGE ( 'NONE', *, *, #7691, .F. ) ;
#7821 = PLANE ( 'NONE',  #3332 ) ;
#7822 = ORIENTED_EDGE ( 'NONE', *, *, #6313, .F. ) ;
#7823 = EDGE_CURVE ( 'NONE', #6230, #8921, #1547, .T. ) ;
#7824 = VERTEX_POINT ( 'NONE', #9548 ) ;
#7825 = DIRECTION ( 'NONE',  ( 0.000000000000000000, -0.000000000000000000, -1.000000000000000000 ) ) ;
#7826 = CYLINDRICAL_SURFACE ( 'NONE', #3155, 2.000000000000001776 ) ;
#7827 = DIRECTION ( 'NONE',  ( 1.000000000000000000, 0.000000000000000000, 0.000000000000000000 ) ) ;
#7828 = DIRECTION ( 'NONE',  ( -0.000000000000000000, -0.000000000000000000, -1.000000000000000000 ) ) ;
#7829 = DIRECTION ( 'NONE',  ( 1.000000000000000000, 0.000000000000000000, 0.000000000000000000 ) ) ;
#7830 = B_SPLINE_SURFACE_WITH_KNOTS ( 'NONE', 3, 1, ( 
 ( #8784, #9760 ),
 ( #1478, #1359 ),
 ( #5841, #11394 ),
 ( #5162, #8607 ),
 ( #563, #504 ),
 ( #3096, #4180 ),
 ( #4422, #3464 ),
 ( #1601, #11868 ),
 ( #10737, #7932 ),
 ( #7994, #5467 ),
 ( #8114, #806 ),
 ( #11811, #3405 ),
 ( #864, #5286 ),
 ( #6363, #745 ),
 ( #1659, #5224 ) ),
 .UNSPECIFIED., .F., .F., .F.,
 ( 4, 1, 1, 1, 1, 1, 1, 1, 1, 1, 1, 1, 4 ),
 ( 2, 2 ),
 ( 0.000000000000000000, 0.1245479305419946725, 0.2428448981356574887, 0.3570854518610468431, 0.4708787250766763299, 0.5284372090939553068, 0.5859050803510962302, 0.6452655862638015938, 0.7074019161192128813, 0.7726190116541616915, 0.8431873578094400967, 0.9188519178769075646, 1.000000000000000000 ),
 ( 0.000000000000000000, 1.000000000000000000 ),
 .UNSPECIFIED. ) ;
#7831 = CARTESIAN_POINT ( 'NONE',  ( 2.200000000000012612, -49.00000000000000000, 25.00000000000000000 ) ) ;
#7832 =( BOUNDED_CURVE ( )  B_SPLINE_CURVE ( 3, ( #9377, #1103, #8476, #2971 ),
 .UNSPECIFIED., .F., .F. ) 
 B_SPLINE_CURVE_WITH_KNOTS ( ( 4, 4 ),
 ( 3.141592653589794004, 4.712388980384689674 ),
 .UNSPECIFIED. ) 
 CURVE ( )  GEOMETRIC_REPRESENTATION_ITEM ( )  RATIONAL_B_SPLINE_CURVE ( ( 1.000000000000000000, 0.8047378541243652705, 0.8047378541243652705, 1.000000000000000000 ) ) 
 REPRESENTATION_ITEM ( '' )  );
#7833 = DIRECTION ( 'NONE',  ( -1.000000000000000000, 0.000000000000000000, 0.000000000000000000 ) ) ;
#7834 = ORIENTED_EDGE ( 'NONE', *, *, #8541, .T. ) ;
#7835 = ADVANCED_FACE ( 'NONE', ( #3978 ), #8520, .T. ) ;
#7836 = EDGE_CURVE ( 'NONE', #6404, #332, #6183, .T. ) ;
#7837 = DIRECTION ( 'NONE',  ( 0.1392548313990991937, 0.000000000000000000, 0.9902565788380345291 ) ) ;
#7838 = DIRECTION ( 'NONE',  ( 0.000000000000000000, -0.000000000000000000, -1.000000000000000000 ) ) ;
#7839 = CARTESIAN_POINT ( 'NONE',  ( 3.000000000000021316, -80.00000000000000000, 3.999999999999998224 ) ) ;
#7840 = CARTESIAN_POINT ( 'NONE',  ( 12.00000000000000000, -2.000000000000001776, 3.000000000000000000 ) ) ;
#7841 = AXIS2_PLACEMENT_3D ( 'NONE', #5759, #9434, #308 ) ;
#7842 = VERTEX_POINT ( 'NONE', #6761 ) ;
#7843 = EDGE_CURVE ( 'NONE', #5097, #3832, #1159, .T. ) ;
#7844 = DIRECTION ( 'NONE',  ( 1.000000000000000000, 0.000000000000000000, 0.000000000000000000 ) ) ;
#7845 = AXIS2_PLACEMENT_3D ( 'NONE', #4853, #3153, #2082 ) ;
#7846 = DIRECTION ( 'NONE',  ( -1.000000000000000000, -3.304235192336776005E-16, -0.000000000000000000 ) ) ;
#7847 = CARTESIAN_POINT ( 'NONE',  ( 42.58113883008417133, -0.3007572608003365455, 2.418861169915815346 ) ) ;
#7848 = ORIENTED_EDGE ( 'NONE', *, *, #7575, .T. ) ;
#7849 = CARTESIAN_POINT ( 'NONE',  ( 3.000000000000016431, -47.99999999999998579, 10.50000000000000178 ) ) ;
#7850 = VECTOR ( 'NONE', #3850, 1000.000000000000000 ) ;
#7851 = CARTESIAN_POINT ( 'NONE',  ( 66.00000000000000000, -10.00000000000000000, 27.00100000000000122 ) ) ;
#7852 = ORIENTED_EDGE ( 'NONE', *, *, #711, .T. ) ;
#7853 = CARTESIAN_POINT ( 'NONE',  ( 49.00000000000000711, -46.00000000000000711, 0.000000000000000000 ) ) ;
#7854 = CARTESIAN_POINT ( 'NONE',  ( 51.47414904020342874, -84.00000000000000000, 6.538482608723778178 ) ) ;
#7855 = EDGE_CURVE ( 'NONE', #1123, #7532, #10821, .T. ) ;
#7856 = ORIENTED_EDGE ( 'NONE', *, *, #8145, .T. ) ;
#7857 = EDGE_CURVE ( 'NONE', #1770, #643, #7704, .T. ) ;
#7858 = DIRECTION ( 'NONE',  ( -4.336808689942018722E-16, 1.000000000000000000, -1.880790961315660451E-31 ) ) ;
#7859 = LINE ( 'NONE', #10726, #1700 ) ;
#7860 = VERTEX_POINT ( 'NONE', #8635 ) ;
#7861 = EDGE_CURVE ( 'NONE', #7060, #9398, #5014, .T. ) ;
#7862 = AXIS2_PLACEMENT_3D ( 'NONE', #9767, #3168, #5110 ) ;
#7863 = CARTESIAN_POINT ( 'NONE',  ( 45.00000000000002842, -82.79999999999999716, 22.00000000000000355 ) ) ;
#7864 = AXIS2_PLACEMENT_3D ( 'NONE', #8718, #10670, #10549 ) ;
#7865 = AXIS2_PLACEMENT_3D ( 'NONE', #11843, #10766, #10025 ) ;
#7866 = ORIENTED_EDGE ( 'NONE', *, *, #11006, .T. ) ;
#7867 = CARTESIAN_POINT ( 'NONE',  ( 60.00000000000001421, -50.00000000000000000, 0.000000000000000000 ) ) ;
#7868 = CYLINDRICAL_SURFACE ( 'NONE', #6803, 1.000000000000000888 ) ;
#7869 = CARTESIAN_POINT ( 'NONE',  ( 49.00000000000000000, -10.00000000000000000, 27.00100000000000122 ) ) ;
#7870 = ORIENTED_EDGE ( 'NONE', *, *, #10771, .T. ) ;
#7871 = EDGE_CURVE ( 'NONE', #9880, #9643, #8696, .T. ) ;
#7872 = DIRECTION ( 'NONE',  ( 1.000000000000000000, 0.000000000000000000, 0.000000000000000000 ) ) ;
#7873 = CIRCLE ( 'NONE', #11754, 1.000000000000000888 ) ;
#7874 = EDGE_CURVE ( 'NONE', #9254, #9927, #9669, .T. ) ;
#7875 = CYLINDRICAL_SURFACE ( 'NONE', #10013, 1.000000000000000888 ) ;
#7876 = CARTESIAN_POINT ( 'NONE',  ( 29.37050614089492839, -83.99999999999994316, 6.731584993775708625 ) ) ;
#7877 = EDGE_LOOP ( 'NONE', ( #5148, #4091 ) ) ;
#7878 = VECTOR ( 'NONE', #3873, 1000.000000000000114 ) ;
#7879 = CARTESIAN_POINT ( 'NONE',  ( 12.00000000000000000, -2.000000000000029310, 3.000000000000000000 ) ) ;
#7880 = ORIENTED_EDGE ( 'NONE', *, *, #5309, .T. ) ;
#7881 = VECTOR ( 'NONE', #6973, 1000.000000000000000 ) ;
#7882 = CARTESIAN_POINT ( 'NONE',  ( 56.00000000000001421, -62.00000000000000711, 27.00100000000000122 ) ) ;
#7883 = ORIENTED_EDGE ( 'NONE', *, *, #2406, .T. ) ;
#7884 = CARTESIAN_POINT ( 'NONE',  ( 61.00000000000000000, -18.00000000000000355, 0.000000000000000000 ) ) ;
#7885 = VECTOR ( 'NONE', #6787, 1000.000000000000000 ) ;
#7886 = CARTESIAN_POINT ( 'NONE',  ( 28.50359793275296383, -83.70000000000003126, 7.740104128281183549 ) ) ;
#7887 = CARTESIAN_POINT ( 'NONE',  ( 61.00000000000001421, -50.00000000000000000, 1.999999999999998224 ) ) ;
#7888 = ORIENTED_EDGE ( 'NONE', *, *, #7207, .T. ) ;
#7889 = ORIENTED_EDGE ( 'NONE', *, *, #10464, .F. ) ;
#7890 = CARTESIAN_POINT ( 'NONE',  ( 56.00000000000001421, -66.00000000000000000, 27.00100000000000122 ) ) ;
#7891 = CIRCLE ( 'NONE', #3262, 1.000000000000000888 ) ;
#7892 = CARTESIAN_POINT ( 'NONE',  ( 30.39594274992870382, -83.70000000000001705, 8.022808290674177556 ) ) ;
#7893 = CARTESIAN_POINT ( 'NONE',  ( 28.23463941978357994, -83.70000000000001705, 6.951064363261663992 ) ) ;
#7894 = LINE ( 'NONE', #5125, #9632 ) ;
#7895 = ADVANCED_FACE ( 'NONE', ( #6816 ), #4152, .T. ) ;
#7896 = DIRECTION ( 'NONE',  ( -1.000000000000000000, 0.000000000000000000, 0.000000000000000000 ) ) ;
#7897 =( LENGTH_UNIT ( ) NAMED_UNIT ( * ) SI_UNIT ( .MILLI., .METRE. ) );
#7898 = AXIS2_PLACEMENT_3D ( 'NONE', #9364, #182, #908 ) ;
#7899 = DIRECTION ( 'NONE',  ( 0.000000000000000000, -0.000000000000000000, -1.000000000000000000 ) ) ;
#7900 = VERTEX_POINT ( 'NONE', #10764 ) ;
#7901 = CARTESIAN_POINT ( 'NONE',  ( 65.00000000000001421, -66.00000000000000000, 0.000000000000000000 ) ) ;
#7902 = CARTESIAN_POINT ( 'NONE',  ( 61.00000000000001421, -62.00000000000000711, 0.000000000000000000 ) ) ;
#7903 = CARTESIAN_POINT ( 'NONE',  ( 65.00000000000000000, -22.00000000000000000, 1.999999999999998224 ) ) ;
#7904 = CARTESIAN_POINT ( 'NONE',  ( 4.999999999999998224, 1.409462824231155370E-15, 1.999999999999998224 ) ) ;
#7905 = ORIENTED_EDGE ( 'NONE', *, *, #202, .F. ) ;
#7906 = DIRECTION ( 'NONE',  ( 1.000000000000000000, 0.000000000000000000, 0.000000000000000000 ) ) ;
#7907 = CIRCLE ( 'NONE', #8881, 1.000000000000000888 ) ;
#7908 = CARTESIAN_POINT ( 'NONE',  ( 65.00000000000001421, -50.00000000000000000, 0.000000000000000000 ) ) ;
#7909 = CARTESIAN_POINT ( 'NONE',  ( 48.00000000000000000, -22.00000000000000000, 0.000000000000000000 ) ) ;
#7910 = ADVANCED_FACE ( 'NONE', ( #11841 ), #6277, .F. ) ;
#7911 = ADVANCED_FACE ( 'NONE', ( #1505, #2465, #8991, #591 ), #5252, .F. ) ;
#7912 = VERTEX_POINT ( 'NONE', #5131 ) ;
#7913 = CARTESIAN_POINT ( 'NONE',  ( 30.34889109836274557, -84.00000000000000000, 4.411536531336170519 ) ) ;
#7914 = DIRECTION ( 'NONE',  ( -1.000000000000000000, 0.000000000000000000, 0.000000000000000000 ) ) ;
#7915 = ORIENTED_EDGE ( 'NONE', *, *, #713, .F. ) ;
#7916 = LINE ( 'NONE', #1582, #11941 ) ;
#7917 = VECTOR ( 'NONE', #5120, 999.9999999999998863 ) ;
#7918 = DIRECTION ( 'NONE',  ( 0.000000000000000000, 0.000000000000000000, -1.000000000000000000 ) ) ;
#7919 = CARTESIAN_POINT ( 'NONE',  ( 3.000000000000022204, -81.17157287525381548, 2.828427124746188071 ) ) ;
#7920 = ORIENTED_EDGE ( 'NONE', *, *, #1666, .T. ) ;
#7921 = CARTESIAN_POINT ( 'NONE',  ( 30.14538667371182612, -84.00000000000001421, 6.699502257068314925 ) ) ;
#7922 = FACE_BOUND ( 'NONE', #8981, .T. ) ;
#7923 = ORIENTED_EDGE ( 'NONE', *, *, #7677, .T. ) ;
#7924 = ORIENTED_EDGE ( 'NONE', *, *, #8280, .T. ) ;
#7925 = DIRECTION ( 'NONE',  ( -1.000000000000000000, 0.000000000000000000, 0.000000000000000000 ) ) ;
#7926 = EDGE_CURVE ( 'NONE', #2133, #3266, #5376, .T. ) ;
#7927 = ORIENTED_EDGE ( 'NONE', *, *, #6341, .T. ) ;
#7928 = CARTESIAN_POINT ( 'NONE',  ( 61.00000000000001421, -54.00000000000000000, 1.999999999999998224 ) ) ;
#7929 = EDGE_CURVE ( 'NONE', #2341, #3480, #3475, .T. ) ;
#7930 = DIRECTION ( 'NONE',  ( 0.000000000000000000, -0.000000000000000000, 1.000000000000000000 ) ) ;
#7931 = ORIENTED_EDGE ( 'NONE', *, *, #10574, .T. ) ;
#7932 = CARTESIAN_POINT ( 'NONE',  ( 28.17141148520101623, -84.00000000000000000, 6.649616688402138820 ) ) ;
#7933 = CIRCLE ( 'NONE', #2723, 1.000000000000000888 ) ;
#7934 = AXIS2_PLACEMENT_3D ( 'NONE', #7693, #9393, #1060 ) ;
#7935 = CARTESIAN_POINT ( 'NONE',  ( 52.10865196418003364, -83.70000000000001705, 4.409827637963545044 ) ) ;
#7936 = ORIENTED_EDGE ( 'NONE', *, *, #2202, .F. ) ;
#7937 = CARTESIAN_POINT ( 'NONE',  ( 61.00000000000000711, -34.00000000000000000, 27.00100000000000122 ) ) ;
#7938 = EDGE_LOOP ( 'NONE', ( #5512, #1068, #8340, #8093 ) ) ;
#7939 = EDGE_CURVE ( 'NONE', #3188, #2548, #7234, .T. ) ;
#7940 = AXIS2_PLACEMENT_3D ( 'NONE', #789, #10949, #8887 ) ;
#7941 = VECTOR ( 'NONE', #7547, 1000.000000000000000 ) ;
#7942 = DIRECTION ( 'NONE',  ( 0.000000000000000000, -0.000000000000000000, -1.000000000000000000 ) ) ;
#7943 = EDGE_CURVE ( 'NONE', #5463, #2521, #196, .T. ) ;
#7944 = VERTEX_POINT ( 'NONE', #2583 ) ;
#7945 = LINE ( 'NONE', #11645, #3250 ) ;
#7946 = B_SPLINE_CURVE_WITH_KNOTS ( 'NONE', 3,
 ( #370, #3204, #312, #10473, #431, #6830, #4048, #10596, #3988, #2310, #488, #6947, #10657, #7734, #2369 ),
 .UNSPECIFIED., .F., .F.,
 ( 4, 1, 1, 1, 1, 1, 1, 1, 1, 1, 1, 1, 4 ),
 ( 0.000000000000000000, 0.08040897386634297817, 0.1563595554368080176, 0.2293997221279835408, 0.2995160360604106065, 0.3673068594618991156, 0.4328878499973464189, 0.4977300062909703615, 0.5626968507895730998, 0.6859065714959875493, 0.7985494646894329973, 0.9020186258346785113, 1.000000000000000000 ),
 .UNSPECIFIED. ) ;
#7947 = EDGE_CURVE ( 'NONE', #11715, #471, #8935, .T. ) ;
#7948 = CARTESIAN_POINT ( 'NONE',  ( 30.34889109836274557, -83.70000000000001705, 8.023730596746609933 ) ) ;
#7949 = CARTESIAN_POINT ( 'NONE',  ( 48.36303792909231447, -84.00000000000000000, 5.494622959600970802 ) ) ;
#7950 = EDGE_LOOP ( 'NONE', ( #478, #3758, #3166, #6314 ) ) ;
#7951 = ORIENTED_EDGE ( 'NONE', *, *, #4088, .F. ) ;
#7952 = VECTOR ( 'NONE', #654, 1000.000000000000000 ) ;
#7953 = ORIENTED_EDGE ( 'NONE', *, *, #2491, .T. ) ;
#7954 = DIRECTION ( 'NONE',  ( -0.000000000000000000, -0.000000000000000000, -1.000000000000000000 ) ) ;
#7955 = CARTESIAN_POINT ( 'NONE',  ( 28.23388348946856397, -83.70000000000001705, 6.881320711829847170 ) ) ;
#7956 = ADVANCED_FACE ( 'NONE', ( #8141 ), #3544, .T. ) ;
#7957 = CIRCLE ( 'NONE', #2749, 1.000000000000000888 ) ;
#7958 = LINE ( 'NONE', #11656, #4793 ) ;
#7959 = CARTESIAN_POINT ( 'NONE',  ( 60.00000000000000000, -18.00000000000000355, 27.00100000000000122 ) ) ;
#7960 = VECTOR ( 'NONE', #1768, 1000.000000000000114 ) ;
#7961 = DIRECTION ( 'NONE',  ( -1.000000000000000000, -0.000000000000000000, -0.000000000000000000 ) ) ;
#7962 = ORIENTED_EDGE ( 'NONE', *, *, #3715, .F. ) ;
#7963 = LINE ( 'NONE', #7337, #10907 ) ;
#7964 = CARTESIAN_POINT ( 'NONE',  ( 54.00000000000001421, -46.00000000000000711, 27.00100000000000122 ) ) ;
#7965 = CYLINDRICAL_SURFACE ( 'NONE', #8562, 1.000000000000000888 ) ;
#7966 = CARTESIAN_POINT ( 'NONE',  ( 30.60736545036718326, -84.00000000000001421, 4.926833505019033943 ) ) ;
#7967 = ORIENTED_EDGE ( 'NONE', *, *, #8503, .F. ) ;
#7968 = LINE ( 'NONE', #11670, #9495 ) ;
#7969 = CARTESIAN_POINT ( 'NONE',  ( 33.35538882415871598, -84.00000000000000000, 7.505212078228091777 ) ) ;
#7970 = CIRCLE ( 'NONE', #2758, 1.000000000000000888 ) ;
#7971 = EDGE_CURVE ( 'NONE', #4879, #4682, #10238, .T. ) ;
#7972 = DIRECTION ( 'NONE',  ( -0.000000000000000000, -1.000000000000000000, -0.000000000000000000 ) ) ;
#7973 = ORIENTED_EDGE ( 'NONE', *, *, #3123, .T. ) ;
#7974 = DIRECTION ( 'NONE',  ( -1.000000000000000000, 0.000000000000000000, 0.000000000000000000 ) ) ;
#7975 = CYLINDRICAL_SURFACE ( 'NONE', #6036, 1.000000000000000888 ) ;
#7976 = EDGE_LOOP ( 'NONE', ( #369, #4260, #92, #3770 ) ) ;
#7977 = CYLINDRICAL_SURFACE ( 'NONE', #6521, 1.000000000000000888 ) ;
#7978 = VECTOR ( 'NONE', #372, 1000.000000000000000 ) ;
#7979 = CARTESIAN_POINT ( 'NONE',  ( 2.000000000000000888, 0.000000000000000000, 27.00000000000000000 ) ) ;
#7980 = CARTESIAN_POINT ( 'NONE',  ( 62.00000000000000711, -38.00000000000000000, 27.00100000000000122 ) ) ;
#7981 = VERTEX_POINT ( 'NONE', #1631 ) ;
#7982 = AXIS2_PLACEMENT_3D ( 'NONE', #6704, #10402, #4710 ) ;
#7983 = DIRECTION ( 'NONE',  ( 0.000000000000000000, 0.000000000000000000, 1.000000000000000000 ) ) ;
#7984 = FACE_BOUND ( 'NONE', #10518, .T. ) ;
#7985 = ORIENTED_EDGE ( 'NONE', *, *, #3525, .T. ) ;
#7986 = EDGE_CURVE ( 'NONE', #10323, #4065, #6336, .T. ) ;
#7987 = VERTEX_POINT ( 'NONE', #5315 ) ;
#7988 = CARTESIAN_POINT ( 'NONE',  ( 52.00000000000001421, -58.00000000000000000, 0.000000000000000000 ) ) ;
#7989 = VECTOR ( 'NONE', #5634, 1000.000000000000000 ) ;
#7990 = ORIENTED_EDGE ( 'NONE', *, *, #4073, .T. ) ;
#7991 = CARTESIAN_POINT ( 'NONE',  ( 50.00000000000001421, -58.00000000000000000, 0.000000000000000000 ) ) ;
#7992 = CYLINDRICAL_SURFACE ( 'NONE', #9482, 1.000000000000000888 ) ;
#7993 = ORIENTED_EDGE ( 'NONE', *, *, #7650, .T. ) ;
#7994 = CARTESIAN_POINT ( 'NONE',  ( 28.19537841098029318, -83.70000000000001705, 6.698934032791085791 ) ) ;
#7995 = CARTESIAN_POINT ( 'NONE',  ( 48.00000000000001421, -54.00000000000000000, 27.00100000000000122 ) ) ;
#7996 = EDGE_LOOP ( 'NONE', ( #514, #2975, #8566, #6210 ) ) ;
#7997 = DIRECTION ( 'NONE',  ( -9.553223930492246669E-32, 2.891205793294679312E-16, -1.000000000000000000 ) ) ;
#7998 = ORIENTED_EDGE ( 'NONE', *, *, #3176, .F. ) ;
#7999 = EDGE_CURVE ( 'NONE', #6030, #1673, #4335, .T. ) ;
#8000 = CIRCLE ( 'NONE', #7227, 1.000000000000000888 ) ;
#8001 = ADVANCED_FACE ( 'NONE', ( #11601 ), #11724, .T. ) ;
#8002 = B_SPLINE_CURVE_WITH_KNOTS ( 'NONE', 3,
 ( #11955, #1801, #102, #5551, #832, #1011, #7232, #3774, #1987, #8436, #10020 ),
 .UNSPECIFIED., .F., .F.,
 ( 4, 1, 1, 1, 1, 1, 1, 1, 4 ),
 ( 0.000000000000000000, 0.08942261484839612862, 0.1816197872416817904, 0.2805659334418186268, 0.3906771138371669672, 0.5152471289244904273, 0.6573284607874102514, 0.8189258490273162439, 1.000000000000000000 ),
 .UNSPECIFIED. ) ;
#8003 = DIRECTION ( 'NONE',  ( -1.000000000000000000, 0.000000000000000000, 0.000000000000000000 ) ) ;
#8004 = EDGE_LOOP ( 'NONE', ( #11523, #4232, #3975, #398 ) ) ;
#8005 = CARTESIAN_POINT ( 'NONE',  ( 58.00000000000001421, -66.00000000000000000, 0.000000000000000000 ) ) ;
#8006 = CIRCLE ( 'NONE', #4089, 2.000000000000000000 ) ;
#8007 = ORIENTED_EDGE ( 'NONE', *, *, #111, .T. ) ;
#8008 = CARTESIAN_POINT ( 'NONE',  ( 30.61767106742791000, -83.70000000000004547, 8.004718943620941829 ) ) ;
#8009 = DIRECTION ( 'NONE',  ( 1.000000000000000000, 0.000000000000000000, 0.000000000000000000 ) ) ;
#8010 = ORIENTED_EDGE ( 'NONE', *, *, #10298, .F. ) ;
#8011 = ORIENTED_EDGE ( 'NONE', *, *, #8064, .F. ) ;
#8012 = CARTESIAN_POINT ( 'NONE',  ( 53.05017243201628929, -83.70000000000001705, 4.409827637963545044 ) ) ;
#8013 = PRODUCT_RELATED_PRODUCT_CATEGORY ( 'part', '', ( #1309 ) ) ;
#8014 = EDGE_CURVE ( 'NONE', #8152, #3828, #3487, .T. ) ;
#8015 = EDGE_CURVE ( 'NONE', #7017, #10481, #10705, .T. ) ;
#8016 = CARTESIAN_POINT ( 'NONE',  ( 28.17141148520101623, -83.70000000000003126, 6.649616688402138820 ) ) ;
#8017 = VERTEX_POINT ( 'NONE', #9786 ) ;
#8018 = DIRECTION ( 'NONE',  ( -0.000000000000000000, -1.000000000000000000, -0.000000000000000000 ) ) ;
#8019 = CARTESIAN_POINT ( 'NONE',  ( 71.00000000000000000, -2.000000000000000000, 3.999999999999998224 ) ) ;
#8020 = CARTESIAN_POINT ( 'NONE',  ( 61.00000000000001421, -58.00000000000000000, 1.999999999999998224 ) ) ;
#8021 = ORIENTED_EDGE ( 'NONE', *, *, #6200, .F. ) ;
#8022 = EDGE_CURVE ( 'NONE', #7799, #7842, #5027, .T. ) ;
#8023 = CARTESIAN_POINT ( 'NONE',  ( 45.37473383552506334, -83.70000000000001705, 4.368891965448924886 ) ) ;
#8024 = ADVANCED_FACE ( 'NONE', ( #7531 ), #11239, .F. ) ;
#8025 = CARTESIAN_POINT ( 'NONE',  ( 48.60865196418003364, -84.00000000000000000, 7.950763310478163426 ) ) ;
#8026 = CARTESIAN_POINT ( 'NONE',  ( 66.00000000000001421, -58.00000000000000000, 1.999999999999998224 ) ) ;
#8027 = EDGE_LOOP ( 'NONE', ( #560, #10812, #10661, #9829 ) ) ;
#8028 = DIRECTION ( 'NONE',  ( -1.000000000000000000, 0.000000000000000000, 0.000000000000000000 ) ) ;
#8029 = CARTESIAN_POINT ( 'NONE',  ( 47.00000000000002842, -84.00000000000000000, 9.999999999999998224 ) ) ;
#8030 = CARTESIAN_POINT ( 'NONE',  ( 52.00000000000000711, -38.00000000000000000, 0.000000000000000000 ) ) ;
#8031 = VERTEX_POINT ( 'NONE', #1991 ) ;
#8032 = PLANE ( 'NONE',  #3915 ) ;
#8033 = CYLINDRICAL_SURFACE ( 'NONE', #8514, 1.000000000000000888 ) ;
#8034 = ORIENTED_EDGE ( 'NONE', *, *, #2991, .T. ) ;
#8035 = CARTESIAN_POINT ( 'NONE',  ( 2.709472857716156354E-14, -82.00000000000000000, 1.999999999999998224 ) ) ;
#8036 = CIRCLE ( 'NONE', #11717, 1.000000000000000888 ) ;
#8037 = DIRECTION ( 'NONE',  ( -0.000000000000000000, -0.000000000000000000, -1.000000000000000000 ) ) ;
#8038 = DIRECTION ( 'NONE',  ( 0.000000000000000000, 0.000000000000000000, 1.000000000000000000 ) ) ;
#8039 = ORIENTED_EDGE ( 'NONE', *, *, #5042, .F. ) ;
#8040 = CYLINDRICAL_SURFACE ( 'NONE', #7403, 1.000000000000000888 ) ;
#8041 = FACE_BOUND ( 'NONE', #6573, .T. ) ;
#8042 = ORIENTED_EDGE ( 'NONE', *, *, #53, .T. ) ;
#8043 = ORIENTED_EDGE ( 'NONE', *, *, #1715, .T. ) ;
#8044 = EDGE_LOOP ( 'NONE', ( #6350, #6397, #5915, #11895 ) ) ;
#8045 = DIRECTION ( 'NONE',  ( -1.000000000000000000, 0.000000000000000000, 0.000000000000000000 ) ) ;
#8046 = CIRCLE ( 'NONE', #716, 1.000000000000000888 ) ;
#8047 = ORIENTED_EDGE ( 'NONE', *, *, #7773, .T. ) ;
#8048 = CARTESIAN_POINT ( 'NONE',  ( 28.13678254942243839, -84.00000000000000000, 7.922753137747394092 ) ) ;
#8049 = EDGE_CURVE ( 'NONE', #8390, #6577, #11948, .T. ) ;
#8050 = DIRECTION ( 'NONE',  ( -1.000000000000000000, 0.000000000000000000, 0.000000000000000000 ) ) ;
#8051 = VERTEX_POINT ( 'NONE', #5680 ) ;
#8052 = CARTESIAN_POINT ( 'NONE',  ( 31.51252736750579686, -83.99999999999995737, 5.242268749936533467 ) ) ;
#8053 = ORIENTED_EDGE ( 'NONE', *, *, #1495, .F. ) ;
#8054 = DIRECTION ( 'NONE',  ( 1.000000000000000000, 0.000000000000000000, 0.000000000000000000 ) ) ;
#8055 = EDGE_LOOP ( 'NONE', ( #6257, #6193, #10114, #9969 ) ) ;
#8056 = LINE ( 'NONE', #6849, #6839 ) ;
#8057 = CIRCLE ( 'NONE', #10188, 1.000000000000000888 ) ;
#8058 = VERTEX_POINT ( 'NONE', #5554 ) ;
#8059 = AXIS2_PLACEMENT_3D ( 'NONE', #4038, #2185, #538 ) ;
#8060 = CARTESIAN_POINT ( 'NONE',  ( 56.00000000000000000, -14.00000000000000000, 27.00100000000000122 ) ) ;
#8061 = VERTEX_POINT ( 'NONE', #10199 ) ;
#8062 = CYLINDRICAL_SURFACE ( 'NONE', #2301, 1.000000000000000888 ) ;
#8063 = AXIS2_PLACEMENT_3D ( 'NONE', #7183, #2364, #599 ) ;
#8064 = EDGE_CURVE ( 'NONE', #3356, #11235, #3852, .T. ) ;
#8065 = EDGE_CURVE ( 'NONE', #7299, #2624, #6939, .T. ) ;
#8066 = CIRCLE ( 'NONE', #8247, 1.000000000000000888 ) ;
#8067 = CIRCLE ( 'NONE', #9222, 1.000000000000000888 ) ;
#8068 = FACE_BOUND ( 'NONE', #5965, .T. ) ;
#8069 = CARTESIAN_POINT ( 'NONE',  ( 49.00000000000000000, -34.00000000000000000, 1.999999999999998224 ) ) ;
#8070 = EDGE_LOOP ( 'NONE', ( #2161, #4931, #185, #1115 ) ) ;
#8071 = VERTEX_POINT ( 'NONE', #11176 ) ;
#8072 = DIRECTION ( 'NONE',  ( -1.000000000000000000, 0.000000000000000000, 0.000000000000000000 ) ) ;
#8073 = VECTOR ( 'NONE', #4341, 1000.000000000000000 ) ;
#8074 = DIRECTION ( 'NONE',  ( 1.000000000000000000, 0.000000000000000000, 0.000000000000000000 ) ) ;
#8075 = ORIENTED_EDGE ( 'NONE', *, *, #3491, .F. ) ;
#8076 = DIRECTION ( 'NONE',  ( 1.000000000000000000, 0.000000000000000000, 0.000000000000000000 ) ) ;
#8077 = EDGE_CURVE ( 'NONE', #1365, #3188, #49, .T. ) ;
#8078 = DIRECTION ( 'NONE',  ( -0.2537126883649359343, 0.000000000000000000, -0.9672796243913324155 ) ) ;
#8079 = VECTOR ( 'NONE', #8135, 1000.000000000000000 ) ;
#8080 = EDGE_CURVE ( 'NONE', #10577, #2191, #10633, .T. ) ;
#8081 = CARTESIAN_POINT ( 'NONE',  ( 31.53004460225081118, -83.70000000000001705, 5.426275484039816632 ) ) ;
#8082 = VERTEX_POINT ( 'NONE', #7295 ) ;
#8083 = CIRCLE ( 'NONE', #2867, 1.000000000000000888 ) ;
#8084 = DIRECTION ( 'NONE',  ( 0.1261516832900868579, 0.000000000000000000, -0.9920109640538644635 ) ) ;
#8085 = DIRECTION ( 'NONE',  ( 0.000000000000000000, -0.000000000000000000, -1.000000000000000000 ) ) ;
#8086 = DIRECTION ( 'NONE',  ( -0.000000000000000000, -0.000000000000000000, -1.000000000000000000 ) ) ;
#8087 = VERTEX_POINT ( 'NONE', #4511 ) ;
#8088 = DIRECTION ( 'NONE',  ( 0.000000000000000000, 0.000000000000000000, -1.000000000000000000 ) ) ;
#8089 = LINE ( 'NONE', #11846, #9195 ) ;
#8090 = CIRCLE ( 'NONE', #11009, 1.000000000000000888 ) ;
#8091 = CARTESIAN_POINT ( 'NONE',  ( 29.85227007207966210, -83.70000000000001705, 5.327685524069941891 ) ) ;
#8092 = EDGE_CURVE ( 'NONE', #9458, #10923, #392, .T. ) ;
#8093 = ORIENTED_EDGE ( 'NONE', *, *, #11190, .T. ) ;
#8094 = CARTESIAN_POINT ( 'NONE',  ( 49.01800868932623700, -83.70000000000001705, 7.950763310478163426 ) ) ;
#8095 = ADVANCED_FACE ( 'NONE', ( #9220 ), #1863, .T. ) ;
#8096 = FACE_OUTER_BOUND ( 'NONE', #1845, .T. ) ;
#8097 = ORIENTED_EDGE ( 'NONE', *, *, #4915, .F. ) ;
#8098 = CYLINDRICAL_SURFACE ( 'NONE', #11177, 1.000000000000000888 ) ;
#8099 = CARTESIAN_POINT ( 'NONE',  ( 29.96186005496573301, -83.70000000000003126, 5.065701839048957211 ) ) ;
#8100 = DIRECTION ( 'NONE',  ( -1.000000000000000000, 0.000000000000000000, 0.000000000000000000 ) ) ;
#8101 = CARTESIAN_POINT ( 'NONE',  ( 65.00000000000000000, -30.00000000000000000, 0.000000000000000000 ) ) ;
#8102 = CIRCLE ( 'NONE', #10039, 2.999999999999995559 ) ;
#8103 = FACE_OUTER_BOUND ( 'NONE', #11472, .T. ) ;
#8104 = FACE_BOUND ( 'NONE', #5572, .T. ) ;
#8105 = ORIENTED_EDGE ( 'NONE', *, *, #8838, .T. ) ;
#8106 = ORIENTED_EDGE ( 'NONE', *, *, #1744, .F. ) ;
#8107 = AXIS2_PLACEMENT_3D ( 'NONE', #9142, #2675, #6370 ) ;
#8108 = DIRECTION ( 'NONE',  ( 0.000000000000000000, 0.000000000000000000, -1.000000000000000000 ) ) ;
#8109 = EDGE_CURVE ( 'NONE', #3583, #11169, #8102, .T. ) ;
#8110 = ORIENTED_EDGE ( 'NONE', *, *, #11839, .T. ) ;
#8111 = CARTESIAN_POINT ( 'NONE',  ( 53.00000000000001421, -58.00000000000000000, 27.00100000000000122 ) ) ;
#8112 = VECTOR ( 'NONE', #6980, 1000.000000000000000 ) ;
#8113 = FACE_OUTER_BOUND ( 'NONE', #5959, .T. ) ;
#8114 = CARTESIAN_POINT ( 'NONE',  ( 28.21243267174497049, -83.70000000000001705, 6.754524400191493250 ) ) ;
#8115 = EDGE_LOOP ( 'NONE', ( #1543, #8127, #1334, #2711 ) ) ;
#8116 = CARTESIAN_POINT ( 'NONE',  ( 29.95642302710347948, -83.70000000000003126, 7.956042561108343847 ) ) ;
#8117 = ORIENTED_EDGE ( 'NONE', *, *, #86, .T. ) ;
#8118 = CARTESIAN_POINT ( 'NONE',  ( 2.200000000000008615, -35.00000000000000000, 25.00000000000000000 ) ) ;
#8119 = ORIENTED_EDGE ( 'NONE', *, *, #2728, .T. ) ;
#8120 = CARTESIAN_POINT ( 'NONE',  ( 30.61767106742791000, -83.70000000000004547, 8.004718943620941829 ) ) ;
#8121 = DIRECTION ( 'NONE',  ( -1.000000000000000000, 0.000000000000000000, 0.000000000000000000 ) ) ;
#8122 = ORIENTED_EDGE ( 'NONE', *, *, #1612, .T. ) ;
#8123 = PLANE ( 'NONE',  #11183 ) ;
#8124 = AXIS2_PLACEMENT_3D ( 'NONE', #3948, #10305, #2032 ) ;
#8125 = FACE_BOUND ( 'NONE', #9151, .T. ) ;
#8126 = DIRECTION ( 'NONE',  ( -0.000000000000000000, -1.000000000000000000, -0.000000000000000000 ) ) ;
#8127 = ORIENTED_EDGE ( 'NONE', *, *, #8429, .F. ) ;
#8128 = VERTEX_POINT ( 'NONE', #4748 ) ;
#8129 = DIRECTION ( 'NONE',  ( -1.000000000000000000, 0.000000000000000000, 0.000000000000000000 ) ) ;
#8130 = AXIS2_PLACEMENT_3D ( 'NONE', #3748, #1956, #5646 ) ;
#8131 = VECTOR ( 'NONE', #148, 1000.000000000000000 ) ;
#8132 = ADVANCED_FACE ( 'NONE', ( #2815 ), #5497, .T. ) ;
#8133 = DIRECTION ( 'NONE',  ( -1.000000000000000000, 0.000000000000000000, 0.000000000000000000 ) ) ;
#8134 = ORIENTED_EDGE ( 'NONE', *, *, #2549, .F. ) ;
#8135 = DIRECTION ( 'NONE',  ( -0.000000000000000000, -0.000000000000000000, -1.000000000000000000 ) ) ;
#8136 = CARTESIAN_POINT ( 'NONE',  ( 57.00000000000001421, -66.00000000000000000, 27.00100000000000122 ) ) ;
#8137 = VECTOR ( 'NONE', #9544, 1000.000000000000000 ) ;
#8138 = CIRCLE ( 'NONE', #423, 1.000000000000000888 ) ;
#8139 = CARTESIAN_POINT ( 'NONE',  ( 27.00000000000003197, -84.00000000000000000, 16.19999999999999929 ) ) ;
#8140 = EDGE_LOOP ( 'NONE', ( #8407, #1806, #1730, #6425 ) ) ;
#8141 = FACE_OUTER_BOUND ( 'NONE', #9935, .T. ) ;
#8142 = CARTESIAN_POINT ( 'NONE',  ( 12.00000000000000000, -84.00100000000000477, 3.000000000000000000 ) ) ;
#8143 = CARTESIAN_POINT ( 'NONE',  ( 53.00000000000000711, -18.00000000000000355, 1.999999999999998224 ) ) ;
#8144 = VERTEX_POINT ( 'NONE', #10082 ) ;
#8145 = EDGE_CURVE ( 'NONE', #2972, #6937, #8317, .T. ) ;
#8146 = DIRECTION ( 'NONE',  ( -0.000000000000000000, -0.000000000000000000, -1.000000000000000000 ) ) ;
#8147 = VECTOR ( 'NONE', #3052, 1000.000000000000114 ) ;
#8148 = EDGE_CURVE ( 'NONE', #7185, #3040, #11401, .T. ) ;
#8149 = DIRECTION ( 'NONE',  ( -0.000000000000000000, -1.000000000000000000, -0.000000000000000000 ) ) ;
#8150 = DIRECTION ( 'NONE',  ( 1.000000000000000000, 0.000000000000000000, 0.000000000000000000 ) ) ;
#8151 = VECTOR ( 'NONE', #9985, 1000.000000000000000 ) ;
#8152 = VERTEX_POINT ( 'NONE', #6507 ) ;
#8153 = CARTESIAN_POINT ( 'NONE',  ( 54.00000000000002132, -66.00000000000000000, 0.000000000000000000 ) ) ;
#8154 = DIRECTION ( 'NONE',  ( -0.000000000000000000, -0.000000000000000000, -1.000000000000000000 ) ) ;
#8155 = ORIENTED_EDGE ( 'NONE', *, *, #10255, .F. ) ;
#8156 = CARTESIAN_POINT ( 'NONE',  ( 27.00000000000003197, -82.00000000000000000, 9.999999999999998224 ) ) ;
#8157 = CARTESIAN_POINT ( 'NONE',  ( 29.31640246938288996, -83.70000000000003126, 7.031419572271843776 ) ) ;
#8158 = LINE ( 'NONE', #11856, #7016 ) ;
#8159 = DIRECTION ( 'NONE',  ( -0.000000000000000000, -0.000000000000000000, -1.000000000000000000 ) ) ;
#8160 = DIRECTION ( 'NONE',  ( 0.000000000000000000, 0.000000000000000000, -1.000000000000000000 ) ) ;
#8161 = FACE_BOUND ( 'NONE', #9020, .T. ) ;
#8162 = VERTEX_POINT ( 'NONE', #1803 ) ;
#8163 = CIRCLE ( 'NONE', #2950, 1.000000000000000888 ) ;
#8164 = EDGE_CURVE ( 'NONE', #9087, #1663, #9164, .T. ) ;
#8165 = EDGE_CURVE ( 'NONE', #3778, #218, #4822, .T. ) ;
#8166 = DIRECTION ( 'NONE',  ( -0.000000000000000000, -0.000000000000000000, -1.000000000000000000 ) ) ;
#8167 = ORIENTED_EDGE ( 'NONE', *, *, #3135, .F. ) ;
#8168 = FACE_OUTER_BOUND ( 'NONE', #694, .T. ) ;
#8169 = CARTESIAN_POINT ( 'NONE',  ( 28.21360226229580448, -84.00000000000000000, 7.129594185132496875 ) ) ;
#8170 = VERTEX_POINT ( 'NONE', #1015 ) ;
#8171 = CARTESIAN_POINT ( 'NONE',  ( 65.00000000000001421, -62.00000000000000711, 27.00100000000000122 ) ) ;
#8172 = CARTESIAN_POINT ( 'NONE',  ( 29.43387137370705631, -83.70000000000001705, 7.520230170214722953 ) ) ;
#8173 = ORIENTED_EDGE ( 'NONE', *, *, #11679, .T. ) ;
#8174 = CARTESIAN_POINT ( 'NONE',  ( 28.84260996342664285, -84.00000000000000000, 6.951064363261664880 ) ) ;
#8175 = VERTEX_POINT ( 'NONE', #105 ) ;
#8176 = ADVANCED_FACE ( 'NONE', ( #11473 ), #5798, .T. ) ;
#8177 = VECTOR ( 'NONE', #10128, 1000.000000000000000 ) ;
#8178 = CARTESIAN_POINT ( 'NONE',  ( 53.00000000000000711, -42.00000000000000000, 27.00100000000000122 ) ) ;
#8179 = DIRECTION ( 'NONE',  ( -1.000000000000000000, 0.000000000000000000, 0.000000000000000000 ) ) ;
#8180 = EDGE_LOOP ( 'NONE', ( #3230, #4212, #2604, #9893 ) ) ;
#8181 = CARTESIAN_POINT ( 'NONE',  ( 62.00000000000000711, -22.00000000000000000, 27.00100000000000122 ) ) ;
#8182 = VECTOR ( 'NONE', #1183, 1000.000000000000000 ) ;
#8183 = CARTESIAN_POINT ( 'NONE',  ( 60.00000000000001421, -42.00000000000000000, 27.00100000000000122 ) ) ;
#8184 = CARTESIAN_POINT ( 'NONE',  ( 29.27606182237592947, -84.00000000000001421, 5.132955299151009676 ) ) ;
#8185 = EDGE_LOOP ( 'NONE', ( #1899, #9485, #6739, #31 ) ) ;
#8186 = CARTESIAN_POINT ( 'NONE',  ( 26.60782547133220532, -84.00000000000000000, 4.451714135841259967 ) ) ;
#8187 = ORIENTED_EDGE ( 'NONE', *, *, #7705, .F. ) ;
#8188 = LINE ( 'NONE', #6321, #9662 ) ;
#8189 = DIRECTION ( 'NONE',  ( -0.000000000000000000, -0.000000000000000000, -1.000000000000000000 ) ) ;
#8190 = CIRCLE ( 'NONE', #4923, 1.000000000000000888 ) ;
#8191 = ORIENTED_EDGE ( 'NONE', *, *, #7999, .F. ) ;
#8192 = DIRECTION ( 'NONE',  ( -0.000000000000000000, 0.000000000000000000, -1.000000000000000000 ) ) ;
#8193 = LINE ( 'NONE', #6610, #10444 ) ;
#8194 = VECTOR ( 'NONE', #2409, 1000.000000000000000 ) ;
#8195 = EDGE_CURVE ( 'NONE', #341, #4759, #7707, .T. ) ;
#8196 = CARTESIAN_POINT ( 'NONE',  ( 73.00000000000000000, -3.999999999999999112, 3.999999999999998224 ) ) ;
#8197 = VERTEX_POINT ( 'NONE', #6684 ) ;
#8198 = VECTOR ( 'NONE', #3996, 1000.000000000000000 ) ;
#8199 = DIRECTION ( 'NONE',  ( -1.000000000000000000, 0.000000000000000000, 0.000000000000000000 ) ) ;
#8200 = DIRECTION ( 'NONE',  ( -0.000000000000000000, 1.000000000000000000, -0.000000000000000000 ) ) ;
#8201 = DIRECTION ( 'NONE',  ( 0.000000000000000000, -0.000000000000000000, -1.000000000000000000 ) ) ;
#8202 = ORIENTED_EDGE ( 'NONE', *, *, #4282, .T. ) ;
#8203 = DIRECTION ( 'NONE',  ( -0.000000000000000000, -0.000000000000000000, -1.000000000000000000 ) ) ;
#8204 = DIRECTION ( 'NONE',  ( -1.000000000000000000, 0.000000000000000000, 0.000000000000000000 ) ) ;
#8205 = CARTESIAN_POINT ( 'NONE',  ( 30.07781184300030830, -83.99999999999990052, 4.967143285827989807 ) ) ;
#8206 = VERTEX_POINT ( 'NONE', #1199 ) ;
#8207 = CARTESIAN_POINT ( 'NONE',  ( 12.00000000000000000, -82.00000000000000000, 1.267949192431122363 ) ) ;
#8208 = EDGE_CURVE ( 'NONE', #6759, #874, #3908, .T. ) ;
#8209 = EDGE_CURVE ( 'NONE', #6565, #7024, #7907, .T. ) ;
#8210 = DIRECTION ( 'NONE',  ( 0.000000000000000000, -0.000000000000000000, 1.000000000000000000 ) ) ;
#8211 = EDGE_LOOP ( 'NONE', ( #8639, #2751, #1475, #8694 ) ) ;
#8212 = CARTESIAN_POINT ( 'NONE',  ( 73.00000000000000000, -2.000000000000000000, 27.00000000000000000 ) ) ;
#8213 = CARTESIAN_POINT ( 'NONE',  ( 30.34889109836274557, -83.70000000000001705, 4.889877445349599228 ) ) ;
#8214 = CARTESIAN_POINT ( 'NONE',  ( 31.18358559234953020, -84.00000000000001421, 7.690658041232444120 ) ) ;
#8215 = CARTESIAN_POINT ( 'NONE',  ( 56.00000000000001421, -58.00000000000000000, 1.999999999999998224 ) ) ;
#8216 = DIRECTION ( 'NONE',  ( 0.000000000000000000, 0.000000000000000000, -1.000000000000000000 ) ) ;
#8217 = FACE_BOUND ( 'NONE', #9027, .T. ) ;
#8218 = ORIENTED_EDGE ( 'NONE', *, *, #38, .F. ) ;
#8219 = EDGE_CURVE ( 'NONE', #6084, #3751, #2697, .T. ) ;
#8220 = DIRECTION ( 'NONE',  ( -0.000000000000000000, -0.000000000000000000, -1.000000000000000000 ) ) ;
#8221 = ORIENTED_EDGE ( 'NONE', *, *, #7653, .F. ) ;
#8222 = DIRECTION ( 'NONE',  ( -1.000000000000000000, 0.000000000000000000, 0.000000000000000000 ) ) ;
#8223 = CARTESIAN_POINT ( 'NONE',  ( 43.50000000000000000, -0.06350832689629268279, 1.499999999999993117 ) ) ;
#8224 = DIRECTION ( 'NONE',  ( 0.000000000000000000, 0.000000000000000000, -1.000000000000000000 ) ) ;
#8225 = EDGE_CURVE ( 'NONE', #10253, #10318, #5998, .T. ) ;
#8226 = ADVANCED_FACE ( 'NONE', ( #6748 ), #225, .F. ) ;
#8227 = CARTESIAN_POINT ( 'NONE',  ( 30.24643596539407753, -83.70000000000001705, 8.021037934781052314 ) ) ;
#8228 = EDGE_LOOP ( 'NONE', ( #8564, #3725, #2659, #84 ) ) ;
#8229 = LINE ( 'NONE', #1776, #665 ) ;
#8230 = ORIENTED_EDGE ( 'NONE', *, *, #1911, .F. ) ;
#8231 = CIRCLE ( 'NONE', #4561, 1.000000000000000888 ) ;
#8232 = CARTESIAN_POINT ( 'NONE',  ( 31.41701628642293898, -83.99999999999997158, 7.144049432218567475 ) ) ;
#8233 = FACE_OUTER_BOUND ( 'NONE', #4218, .T. ) ;
#8234 = ADVANCED_FACE ( 'NONE', ( #6858 ), #9471, .T. ) ;
#8235 = VERTEX_POINT ( 'NONE', #287 ) ;
#8236 = CARTESIAN_POINT ( 'NONE',  ( 29.84325973600623527, -83.70000000000001705, 5.633542162698526923 ) ) ;
#8237 = EDGE_CURVE ( 'NONE', #1536, #11838, #6559, .T. ) ;
#8238 = EDGE_LOOP ( 'NONE', ( #1937, #8715, #10905, #2681 ) ) ;
#8239 = EDGE_CURVE ( 'NONE', #8504, #9917, #772, .T. ) ;
#8240 = FACE_BOUND ( 'NONE', #4345, .T. ) ;
#8241 = LINE ( 'NONE', #11943, #11813 ) ;
#8242 = VERTEX_POINT ( 'NONE', #3966 ) ;
#8243 = FACE_OUTER_BOUND ( 'NONE', #8896, .T. ) ;
#8244 = ORIENTED_EDGE ( 'NONE', *, *, #6823, .F. ) ;
#8245 = AXIS2_PLACEMENT_3D ( 'NONE', #2446, #8914, #10498 ) ;
#8246 = DIRECTION ( 'NONE',  ( -1.000000000000000000, 0.000000000000000000, 0.000000000000000000 ) ) ;
#8247 = AXIS2_PLACEMENT_3D ( 'NONE', #2327, #6731, #7872 ) ;
#8248 = ORIENTED_EDGE ( 'NONE', *, *, #11904, .F. ) ;
#8249 = CARTESIAN_POINT ( 'NONE',  ( 26.60782547133220532, -83.70000000000001705, 7.983552992241519597 ) ) ;
#8250 = CIRCLE ( 'NONE', #3429, 1.000000000000000888 ) ;
#8251 = CARTESIAN_POINT ( 'NONE',  ( 61.00000000000000000, -18.00000000000000355, 0.000000000000000000 ) ) ;
#8252 = DIRECTION ( 'NONE',  ( 1.000000000000000000, 0.000000000000000000, 0.000000000000000000 ) ) ;
#8253 = ORIENTED_EDGE ( 'NONE', *, *, #11341, .F. ) ;
#8254 = AXIS2_PLACEMENT_3D ( 'NONE', #6513, #3666, #7241 ) ;
#8255 = VERTEX_POINT ( 'NONE', #1135 ) ;
#8256 = CARTESIAN_POINT ( 'NONE',  ( 57.00000000000000711, -34.00000000000000000, 1.999999999999998224 ) ) ;
#8257 = LINE ( 'NONE', #1746, #4680 ) ;
#8258 = AXIS2_PLACEMENT_3D ( 'NONE', #11147, #8224, #917 ) ;
#8259 = CARTESIAN_POINT ( 'NONE',  ( 55.03555254897536031, -84.00000000000000000, 7.909827637963544156 ) ) ;
#8260 = EDGE_LOOP ( 'NONE', ( #10911, #10869, #5666, #8708, #7581, #8934, #6243, #3965, #6922, #6112 ) ) ;
#8261 = CARTESIAN_POINT ( 'NONE',  ( 27.90998934821781674, -83.69999999999997442, 7.969189560658760385 ) ) ;
#8262 = ADVANCED_FACE ( 'NONE', ( #5916 ), #4813, .F. ) ;
#8263 = LINE ( 'NONE', #3665, #2449 ) ;
#8264 = ORIENTED_EDGE ( 'NONE', *, *, #1885, .F. ) ;
#8265 = CARTESIAN_POINT ( 'NONE',  ( 29.23604726037270751, -83.70000000000001705, 5.633542162698526923 ) ) ;
#8266 = CIRCLE ( 'NONE', #2857, 1.000000000000000888 ) ;
#8267 = VERTEX_POINT ( 'NONE', #1316 ) ;
#8268 = CARTESIAN_POINT ( 'NONE',  ( 2.200000000000012612, -49.00000000000000000, 25.00000000000000000 ) ) ;
#8269 = AXIS2_PLACEMENT_3D ( 'NONE', #3361, #575, #8578 ) ;
#8270 = DIRECTION ( 'NONE',  ( 0.000000000000000000, -0.000000000000000000, -1.000000000000000000 ) ) ;
#8271 = ORIENTED_EDGE ( 'NONE', *, *, #10976, .F. ) ;
#8272 = PLANE ( 'NONE',  #1918 ) ;
#8273 = LINE ( 'NONE', #967, #7555 ) ;
#8274 = CARTESIAN_POINT ( 'NONE',  ( 2.200000000000008615, -35.00000000000000000, 25.00000000000000000 ) ) ;
#8275 = CYLINDRICAL_SURFACE ( 'NONE', #11198, 1.000000000000000888 ) ;
#8276 = DIRECTION ( 'NONE',  ( -0.000000000000000000, 0.000000000000000000, 1.000000000000000000 ) ) ;
#8277 = DIRECTION ( 'NONE',  ( -0.000000000000000000, 0.000000000000000000, 1.000000000000000000 ) ) ;
#8278 = ORIENTED_EDGE ( 'NONE', *, *, #4838, .F. ) ;
#8279 = VECTOR ( 'NONE', #2498, 1000.000000000000000 ) ;
#8280 = EDGE_CURVE ( 'NONE', #7415, #9994, #1357, .T. ) ;
#8281 = CARTESIAN_POINT ( 'NONE',  ( 46.70514319225021183, -83.70000000000001705, 5.678833485916761070 ) ) ;
#8282 = ORIENTED_EDGE ( 'NONE', *, *, #7273, .F. ) ;
#8283 = CARTESIAN_POINT ( 'NONE',  ( 49.00000000000001421, -66.00000000000000000, 1.999999999999998224 ) ) ;
#8284 = CARTESIAN_POINT ( 'NONE',  ( 30.34889109836274557, -83.70000000000001705, 4.889877445349599228 ) ) ;
#8285 = CARTESIAN_POINT ( 'NONE',  ( 71.00000000000002842, -80.00000000000000000, 27.00000000000000000 ) ) ;
#8286 = AXIS2_PLACEMENT_3D ( 'NONE', #6, #3615, #7311 ) ;
#8287 = AXIS2_PLACEMENT_3D ( 'NONE', #2319, #9691, #8899 ) ;
#8288 = CARTESIAN_POINT ( 'NONE',  ( 2.200000000000008615, -35.00000000000000000, 25.00000000000000000 ) ) ;
#8289 = EDGE_LOOP ( 'NONE', ( #6723, #5428, #810, #1184 ) ) ;
#8290 = DIRECTION ( 'NONE',  ( -0.000000000000000000, -0.000000000000000000, 1.000000000000000000 ) ) ;
#8291 = ORIENTED_EDGE ( 'NONE', *, *, #7855, .T. ) ;
#8292 = EDGE_CURVE ( 'NONE', #855, #2945, #10381, .T. ) ;
#8293 = CYLINDRICAL_SURFACE ( 'NONE', #7708, 1.000000000000000888 ) ;
#8294 = AXIS2_PLACEMENT_3D ( 'NONE', #4139, #5860, #2225 ) ;
#8295 = CYLINDRICAL_SURFACE ( 'NONE', #1707, 1.000000000000000888 ) ;
#8296 = EDGE_CURVE ( 'NONE', #755, #9956, #8683, .T. ) ;
#8297 = VERTEX_POINT ( 'NONE', #9536 ) ;
#8298 = DIRECTION ( 'NONE',  ( -2.787948443534154893E-16, 1.000000000000000000, 0.000000000000000000 ) ) ;
#8299 = CARTESIAN_POINT ( 'NONE',  ( 28.23428805434972588, -83.99999999999997158, 6.972062786343224516 ) ) ;
#8300 = VERTEX_POINT ( 'NONE', #1260 ) ;
#8301 = PLANE ( 'NONE',  #9825 ) ;
#8302 = CARTESIAN_POINT ( 'NONE',  ( 52.00000000000000711, -18.00000000000000355, 27.00100000000000122 ) ) ;
#8303 = VERTEX_POINT ( 'NONE', #4939 ) ;
#8304 = DIRECTION ( 'NONE',  ( -0.000000000000000000, -0.000000000000000000, -1.000000000000000000 ) ) ;
#8305 = VERTEX_POINT ( 'NONE', #8624 ) ;
#8306 = EDGE_CURVE ( 'NONE', #10499, #699, #342, .T. ) ;
#8307 = AXIS2_PLACEMENT_3D ( 'NONE', #5838, #502, #1296 ) ;
#8308 = LINE ( 'NONE', #4558, #10963 ) ;
#8309 = ADVANCED_FACE ( 'NONE', ( #7767 ), #6038, .F. ) ;
#8310 = ORIENTED_EDGE ( 'NONE', *, *, #2460, .T. ) ;
#8311 = ORIENTED_EDGE ( 'NONE', *, *, #6168, .F. ) ;
#8312 = DIRECTION ( 'NONE',  ( -0.000000000000000000, -0.000000000000000000, -1.000000000000000000 ) ) ;
#8313 = DIRECTION ( 'NONE',  ( 0.000000000000000000, 0.000000000000000000, -1.000000000000000000 ) ) ;
#8314 = VERTEX_POINT ( 'NONE', #11592 ) ;
#8315 = CIRCLE ( 'NONE', #3496, 1.000000000000000888 ) ;
#8316 = VERTEX_POINT ( 'NONE', #2514 ) ;
#8317 = LINE ( 'NONE', #5620, #7145 ) ;
#8318 = CARTESIAN_POINT ( 'NONE',  ( 52.10865196418003364, -83.70000000000001705, 4.409827637963545044 ) ) ;
#8319 = ORIENTED_EDGE ( 'NONE', *, *, #11139, .F. ) ;
#8320 = CARTESIAN_POINT ( 'NONE',  ( 53.52093266593442422, -84.00000000000000000, 4.798716526852432551 ) ) ;
#8321 = VERTEX_POINT ( 'NONE', #8802 ) ;
#8322 = EDGE_CURVE ( 'NONE', #3277, #8980, #7101, .T. ) ;
#8323 = CARTESIAN_POINT ( 'NONE',  ( 28.71676419352194287, -83.99999999999997158, 7.505037669827247626 ) ) ;
#8324 = CARTESIAN_POINT ( 'NONE',  ( 56.00000000000000711, -38.00000000000000000, 0.000000000000000000 ) ) ;
#8325 = ORIENTED_EDGE ( 'NONE', *, *, #8080, .T. ) ;
#8326 = AXIS2_PLACEMENT_3D ( 'NONE', #9297, #1027, #4702 ) ;
#8327 = DIRECTION ( 'NONE',  ( 1.000000000000000000, 0.000000000000000000, 0.000000000000000000 ) ) ;
#8328 = CIRCLE ( 'NONE', #6597, 1.000000000000000888 ) ;
#8329 = ORIENTED_EDGE ( 'NONE', *, *, #9435, .T. ) ;
#8330 = DIRECTION ( 'NONE',  ( 0.000000000000000000, 0.000000000000000000, -1.000000000000000000 ) ) ;
#8331 = DIRECTION ( 'NONE',  ( -1.000000000000000000, 0.000000000000000000, 0.000000000000000000 ) ) ;
#8332 = EDGE_LOOP ( 'NONE', ( #2444, #10311, #2435, #7458 ) ) ;
#8333 = DIRECTION ( 'NONE',  ( -1.000000000000000000, 0.000000000000000000, 0.000000000000000000 ) ) ;
#8334 = CARTESIAN_POINT ( 'NONE',  ( 54.91274553143149717, -84.00000000000000000, 6.047254538548339831 ) ) ;
#8335 = DIRECTION ( 'NONE',  ( -1.000000000000000000, 0.000000000000000000, 0.000000000000000000 ) ) ;
#8336 = DIRECTION ( 'NONE',  ( 1.000000000000000000, 0.000000000000000000, 0.000000000000000000 ) ) ;
#8337 = CIRCLE ( 'NONE', #4666, 1.000000000000000888 ) ;
#8338 = DIRECTION ( 'NONE',  ( -0.000000000000000000, -0.000000000000000000, 1.000000000000000000 ) ) ;
#8339 = CARTESIAN_POINT ( 'NONE',  ( 27.93169439241203378, -83.70000000000004547, 7.448979690485282745 ) ) ;
#8340 = ORIENTED_EDGE ( 'NONE', *, *, #10831, .T. ) ;
#8341 = FACE_OUTER_BOUND ( 'NONE', #642, .T. ) ;
#8342 = AXIS2_PLACEMENT_3D ( 'NONE', #7550, #244, #3923 ) ;
#8343 = ORIENTED_EDGE ( 'NONE', *, *, #11329, .F. ) ;
#8344 = LINE ( 'NONE', #7319, #6998 ) ;
#8345 = CARTESIAN_POINT ( 'NONE',  ( 2.999999999999999556, -4.000000000000000888, 27.00000000000000000 ) ) ;
#8346 = CARTESIAN_POINT ( 'NONE',  ( 30.34889109836274557, -83.70000000000001705, 4.411536531336170519 ) ) ;
#8347 = EDGE_CURVE ( 'NONE', #616, #5056, #11771, .T. ) ;
#8348 = EDGE_CURVE ( 'NONE', #11706, #6130, #10692, .T. ) ;
#8349 = CIRCLE ( 'NONE', #1793, 1.000000000000000888 ) ;
#8350 = CARTESIAN_POINT ( 'NONE',  ( 3.000000000000021316, -80.00000000000000000, 1.999999999999998224 ) ) ;
#8351 = ORIENTED_EDGE ( 'NONE', *, *, #335, .T. ) ;
#8352 = CARTESIAN_POINT ( 'NONE',  ( 28.21825136212247642, -83.99999999999998579, 6.030376166609516808 ) ) ;
#8353 = ORIENTED_EDGE ( 'NONE', *, *, #3141, .T. ) ;
#8354 = LINE ( 'NONE', #11213, #191 ) ;
#8355 = CARTESIAN_POINT ( 'NONE',  ( 29.98612331719632351, -83.70000000000001705, 7.355535631575552458 ) ) ;
#8356 = AXIS2_PLACEMENT_3D ( 'NONE', #9074, #9932, #1657 ) ;
#8357 = ORIENTED_EDGE ( 'NONE', *, *, #10520, .F. ) ;
#8358 = DIRECTION ( 'NONE',  ( -0.000000000000000000, -0.000000000000000000, -1.000000000000000000 ) ) ;
#8359 = CARTESIAN_POINT ( 'NONE',  ( 31.94462425842338504, -83.70000000000001705, 7.983552992241519597 ) ) ;
#8360 = VERTEX_POINT ( 'NONE', #10754 ) ;
#8361 = EDGE_CURVE ( 'NONE', #10481, #10904, #1174, .T. ) ;
#8362 = FACE_BOUND ( 'NONE', #5731, .T. ) ;
#8363 = PLANE ( 'NONE',  #6402 ) ;
#8364 = ORIENTED_EDGE ( 'NONE', *, *, #9933, .F. ) ;
#8365 = CARTESIAN_POINT ( 'NONE',  ( 65.00000000000000000, -14.00000000000000000, 27.00100000000000122 ) ) ;
#8366 = ADVANCED_FACE ( 'NONE', ( #3424 ), #2401, .T. ) ;
#8367 = EDGE_LOOP ( 'NONE', ( #6063, #1814 ) ) ;
#8368 = VECTOR ( 'NONE', #11501, 1000.000000000000000 ) ;
#8369 = AXIS2_PLACEMENT_3D ( 'NONE', #10040, #10957, #4412 ) ;
#8370 = EDGE_CURVE ( 'NONE', #7816, #3266, #8925, .T. ) ;
#8371 = CARTESIAN_POINT ( 'NONE',  ( 31.20091240210655315, -83.70000000000003126, 6.127605418313609498 ) ) ;
#8372 = ORIENTED_EDGE ( 'NONE', *, *, #1598, .F. ) ;
#8373 = VERTEX_POINT ( 'NONE', #11830 ) ;
#8374 = CARTESIAN_POINT ( 'NONE',  ( 46.56186833844904527, -83.70000000000001705, 4.368891965448924886 ) ) ;
#8375 = AXIS2_PLACEMENT_3D ( 'NONE', #2181, #5073, #6933 ) ;
#8376 = ORIENTED_EDGE ( 'NONE', *, *, #5723, .F. ) ;
#8377 = ADVANCED_FACE ( 'NONE', ( #6923 ), #2574, .T. ) ;
#8378 = DIRECTION ( 'NONE',  ( -1.000000000000000000, 0.000000000000000000, 0.000000000000000000 ) ) ;
#8379 = ORIENTED_EDGE ( 'NONE', *, *, #6897, .T. ) ;
#8380 = EDGE_CURVE ( 'NONE', #8321, #2521, #9896, .T. ) ;
#8381 = ADVANCED_FACE ( 'NONE', ( #1622 ), #1674, .F. ) ;
#8382 = EDGE_LOOP ( 'NONE', ( #2761, #5733, #10007, #9588 ) ) ;
#8383 = CARTESIAN_POINT ( 'NONE',  ( 61.00000000000000711, -30.00000000000000000, 1.999999999999998224 ) ) ;
#8384 = ORIENTED_EDGE ( 'NONE', *, *, #6620, .T. ) ;
#8385 = CARTESIAN_POINT ( 'NONE',  ( 30.92350664958648210, -84.00000000000000000, 5.424315392068247199 ) ) ;
#8386 = EDGE_LOOP ( 'NONE', ( #4938, #11031, #6932, #11690 ) ) ;
#8387 = VECTOR ( 'NONE', #7151, 1000.000000000000000 ) ;
#8388 = FACE_OUTER_BOUND ( 'NONE', #11210, .T. ) ;
#8389 = LINE ( 'NONE', #7536, #10774 ) ;
#8390 = VERTEX_POINT ( 'NONE', #5363 ) ;
#8391 = DIRECTION ( 'NONE',  ( -0.000000000000000000, -1.000000000000000000, -0.000000000000000000 ) ) ;
#8392 = ORIENTED_EDGE ( 'NONE', *, *, #7089, .F. ) ;
#8393 = DIRECTION ( 'NONE',  ( 0.000000000000000000, 1.000000000000000000, 0.000000000000000000 ) ) ;
#8394 = EDGE_CURVE ( 'NONE', #10941, #11873, #2896, .T. ) ;
#8395 = DIRECTION ( 'NONE',  ( -1.000000000000000000, 0.000000000000000000, 0.000000000000000000 ) ) ;
#8396 = VERTEX_POINT ( 'NONE', #8982 ) ;
#8397 = PLANE ( 'NONE',  #4796 ) ;
#8398 = CARTESIAN_POINT ( 'NONE',  ( 73.00000000000000000, -2.000000000000000000, 3.999999999999998224 ) ) ;
#8399 = DIRECTION ( 'NONE',  ( -1.000000000000000000, 0.000000000000000000, 0.000000000000000000 ) ) ;
#8400 = CARTESIAN_POINT ( 'NONE',  ( 10.00000000000000000, -82.00000000000000000, 0.000000000000000000 ) ) ;
#8401 = CARTESIAN_POINT ( 'NONE',  ( 54.00000000000000711, -30.00000000000000000, 27.00100000000000122 ) ) ;
#8402 = CARTESIAN_POINT ( 'NONE',  ( 29.92361494501641417, -83.70000000000001705, 7.091306945024713038 ) ) ;
#8403 = VECTOR ( 'NONE', #5509, 1000.000000000000000 ) ;
#8404 = ORIENTED_EDGE ( 'NONE', *, *, #8588, .T. ) ;
#8405 = CARTESIAN_POINT ( 'NONE',  ( 29.31716876171665476, -83.70000000000001705, 7.067605011937181381 ) ) ;
#8406 = DIRECTION ( 'NONE',  ( 0.000000000000000000, 0.000000000000000000, -1.000000000000000000 ) ) ;
#8407 = ORIENTED_EDGE ( 'NONE', *, *, #10285, .F. ) ;
#8408 = CARTESIAN_POINT ( 'NONE',  ( 31.48890751336434235, -84.00000000000001421, 5.138242760658766173 ) ) ;
#8409 = DIRECTION ( 'NONE',  ( 0.000000000000000000, -0.000000000000000000, -1.000000000000000000 ) ) ;
#8410 = CARTESIAN_POINT ( 'NONE',  ( 30.39390656354727938, -83.70000000000003126, 4.412360169606723836 ) ) ;
#8411 = DIRECTION ( 'NONE',  ( 0.000000000000000000, 0.000000000000000000, -1.000000000000000000 ) ) ;
#8412 = VERTEX_POINT ( 'NONE', #3365 ) ;
#8413 = DIRECTION ( 'NONE',  ( -1.000000000000000000, 0.000000000000000000, 0.000000000000000000 ) ) ;
#8414 = CYLINDRICAL_SURFACE ( 'NONE', #7674, 1.000000000000000888 ) ;
#8415 = ORIENTED_EDGE ( 'NONE', *, *, #6648, .T. ) ;
#8416 = CARTESIAN_POINT ( 'NONE',  ( 31.42991096104142557, -83.99999999999998579, 6.976614216662863299 ) ) ;
#8417 = EDGE_CURVE ( 'NONE', #9261, #1259, #204, .T. ) ;
#8418 = FACE_OUTER_BOUND ( 'NONE', #4394, .T. ) ;
#8419 = ORIENTED_EDGE ( 'NONE', *, *, #7871, .F. ) ;
#8420 = FACE_OUTER_BOUND ( 'NONE', #11579, .T. ) ;
#8421 = CARTESIAN_POINT ( 'NONE',  ( 30.23063248887606491, -83.70000000000001705, 6.069431268178275829 ) ) ;
#8422 = ORIENTED_EDGE ( 'NONE', *, *, #9116, .T. ) ;
#8423 = LINE ( 'NONE', #2984, #11757 ) ;
#8424 = CARTESIAN_POINT ( 'NONE',  ( 49.00000000000000711, -38.00000000000000000, 0.000000000000000000 ) ) ;
#8425 = VERTEX_POINT ( 'NONE', #4377 ) ;
#8426 = CARTESIAN_POINT ( 'NONE',  ( 48.00000000000000000, -26.00000000000000355, 27.00100000000000122 ) ) ;
#8427 = VECTOR ( 'NONE', #8882, 1000.000000000000000 ) ;
#8428 = ORIENTED_EDGE ( 'NONE', *, *, #4709, .F. ) ;
#8429 = EDGE_CURVE ( 'NONE', #6519, #898, #9775, .T. ) ;
#8430 = EDGE_CURVE ( 'NONE', #7307, #821, #9038, .T. ) ;
#8431 = CARTESIAN_POINT ( 'NONE',  ( 30.44759221025467255, -83.70000000000003126, 6.552971888447468807 ) ) ;
#8432 = ORIENTED_EDGE ( 'NONE', *, *, #5139, .F. ) ;
#8433 = CARTESIAN_POINT ( 'NONE',  ( 43.66353981678688001, -0.02128252777246488966, 1.663539816786883341 ) ) ;
#8434 = AXIS2_PLACEMENT_3D ( 'NONE', #5863, #2056, #4820 ) ;
#8435 = ORIENTED_EDGE ( 'NONE', *, *, #9792, .F. ) ;
#8436 = CARTESIAN_POINT ( 'NONE',  ( 30.28609112205922571, -83.70000000000001705, 6.045723362544951129 ) ) ;
#8437 = EDGE_LOOP ( 'NONE', ( #10707, #3471, #6129, #3160 ) ) ;
#8438 = ORIENTED_EDGE ( 'NONE', *, *, #565, .T. ) ;
#8439 = DIRECTION ( 'NONE',  ( -1.000000000000000000, -0.000000000000000000, -0.000000000000000000 ) ) ;
#8440 = CARTESIAN_POINT ( 'NONE',  ( 30.92350664958648210, -83.70000000000001705, 5.424315392068247199 ) ) ;
#8441 = VECTOR ( 'NONE', #1610, 1000.000000000000000 ) ;
#8442 = ORIENTED_EDGE ( 'NONE', *, *, #11881, .F. ) ;
#8443 = VECTOR ( 'NONE', #4730, 1000.000000000000000 ) ;
#8444 = CARTESIAN_POINT ( 'NONE',  ( 73.80000000000001137, -34.99999999999999289, 24.99999999999999289 ) ) ;
#8445 = VECTOR ( 'NONE', #11446, 1000.000000000000000 ) ;
#8446 = EDGE_CURVE ( 'NONE', #7842, #7799, #8500, .T. ) ;
#8447 = CARTESIAN_POINT ( 'NONE',  ( 29.92495146314843879, -83.70000000000000284, 7.125050753186684460 ) ) ;
#8448 = ORIENTED_EDGE ( 'NONE', *, *, #7653, .T. ) ;
#8449 = CARTESIAN_POINT ( 'NONE',  ( 57.99999999999999289, -10.00000000000000000, 0.000000000000000000 ) ) ;
#8450 = EDGE_CURVE ( 'NONE', #7399, #5071, #9833, .T. ) ;
#8451 = DIRECTION ( 'NONE',  ( -1.000000000000000000, 0.000000000000000000, -0.000000000000000000 ) ) ;
#8452 = PLANE ( 'NONE',  #3755 ) ;
#8453 = VECTOR ( 'NONE', #10946, 1000.000000000000000 ) ;
#8454 = DIRECTION ( 'NONE',  ( -0.000000000000000000, -1.000000000000000000, -0.000000000000000000 ) ) ;
#8455 = EDGE_LOOP ( 'NONE', ( #6856, #11104 ) ) ;
#8456 = LINE ( 'NONE', #2892, #11378 ) ;
#8457 = AXIS2_PLACEMENT_3D ( 'NONE', #5885, #2136, #3146 ) ;
#8458 = DIRECTION ( 'NONE',  ( 3.304235192336778963E-16, -1.000000000000000000, 0.000000000000000000 ) ) ;
#8459 = CARTESIAN_POINT ( 'NONE',  ( 29.23604726037270751, -83.70000000000001705, 5.444025160316027900 ) ) ;
#8460 = CARTESIAN_POINT ( 'NONE',  ( 53.00000000000000000, -10.00000000000000000, 1.999999999999998224 ) ) ;
#8461 = DIRECTION ( 'NONE',  ( 1.000000000000000000, 0.000000000000000000, 0.000000000000000000 ) ) ;
#8462 = CARTESIAN_POINT ( 'NONE',  ( 27.55995889130188559, -83.70000000000003126, 7.505212078228092665 ) ) ;
#8463 = EDGE_LOOP ( 'NONE', ( #7856, #6819, #2103, #178, #7100, #6661, #5177, #5844 ) ) ;
#8464 = CARTESIAN_POINT ( 'NONE',  ( 29.54982170308545619, -83.70000000000001705, 7.679001930236716511 ) ) ;
#8465 = CIRCLE ( 'NONE', #11760, 1.000000000000000888 ) ;
#8466 = CARTESIAN_POINT ( 'NONE',  ( 30.82268360431898913, -83.99999999999997158, 6.942725615156834174 ) ) ;
#8467 = EDGE_CURVE ( 'NONE', #734, #8051, #8188, .T. ) ;
#8468 = AXIS2_PLACEMENT_3D ( 'NONE', #9889, #4494, #6264 ) ;
#8469 = ADVANCED_FACE ( 'NONE', ( #2078 ), #1049, .T. ) ;
#8470 = ORIENTED_EDGE ( 'NONE', *, *, #5192, .T. ) ;
#8471 = CARTESIAN_POINT ( 'NONE',  ( 31.53004460225081118, -84.00000000000000000, 5.426275484039816632 ) ) ;
#8472 = UNCERTAINTY_MEASURE_WITH_UNIT (LENGTH_MEASURE( 1.000000000000000082E-05 ), #494, 'distance_accuracy_value', 'NONE');
#8473 = CARTESIAN_POINT ( 'NONE',  ( 30.66059600595683321, -84.00000000000000000, 6.465430962207526555 ) ) ;
#8474 = CARTESIAN_POINT ( 'NONE',  ( 30.48162744870636232, -83.70000000000000284, 4.413965179748190693 ) ) ;
#8475 = AXIS2_PLACEMENT_3D ( 'NONE', #2506, #1550, #11585 ) ;
#8476 = CARTESIAN_POINT ( 'NONE',  ( 42.82842712474618452, -1.949937921723922850E-15, 13.82842712474618629 ) ) ;
#8477 = ORIENTED_EDGE ( 'NONE', *, *, #8195, .T. ) ;
#8478 = CIRCLE ( 'NONE', #7316, 1.000000000000000888 ) ;
#8479 = DIRECTION ( 'NONE',  ( 0.000000000000000000, 0.000000000000000000, -1.000000000000000000 ) ) ;
#8480 = CARTESIAN_POINT ( 'NONE',  ( 28.43017107298203427, -83.70000000000001705, 7.792585846937366334 ) ) ;
#8481 = ORIENTED_EDGE ( 'NONE', *, *, #5972, .T. ) ;
#8482 = DIRECTION ( 'NONE',  ( -1.000000000000000000, -0.000000000000000000, -0.000000000000000000 ) ) ;
#8483 = EDGE_CURVE ( 'NONE', #1258, #2980, #11214, .T. ) ;
#8484 = VERTEX_POINT ( 'NONE', #3939 ) ;
#8485 = CARTESIAN_POINT ( 'NONE',  ( 53.00000000000001421, -58.00000000000000000, 0.000000000000000000 ) ) ;
#8486 = VECTOR ( 'NONE', #10401, 1000.000000000000000 ) ;
#8487 = DIRECTION ( 'NONE',  ( 1.000000000000000000, 0.000000000000000000, -0.000000000000000000 ) ) ;
#8488 = ORIENTED_EDGE ( 'NONE', *, *, #8322, .T. ) ;
#8489 = CARTESIAN_POINT ( 'NONE',  ( 28.21360226229580448, -83.99999999999998579, 7.129594185132496875 ) ) ;
#8490 = FACE_BOUND ( 'NONE', #4743, .T. ) ;
#8491 = DIRECTION ( 'NONE',  ( -0.000000000000000000, 1.000000000000000000, -0.000000000000000000 ) ) ;
#8492 = VERTEX_POINT ( 'NONE', #10008 ) ;
#8493 = DIRECTION ( 'NONE',  ( -0.000000000000000000, -0.000000000000000000, -1.000000000000000000 ) ) ;
#8494 = VERTEX_POINT ( 'NONE', #10991 ) ;
#8495 = AXIS2_PLACEMENT_3D ( 'NONE', #891, #4566, #8199 ) ;
#8496 = CARTESIAN_POINT ( 'NONE',  ( 66.00000000000001421, -50.00000000000000000, 1.999999999999998224 ) ) ;
#8497 = ORIENTED_EDGE ( 'NONE', *, *, #10681, .T. ) ;
#8498 = LINE ( 'NONE', #2045, #11564 ) ;
#8499 = VERTEX_POINT ( 'NONE', #11888 ) ;
#8500 = CIRCLE ( 'NONE', #7526, 1.000000000000000888 ) ;
#8501 = CARTESIAN_POINT ( 'NONE',  ( 12.00000000000000000, -84.00100000000000477, 3.000000000000000000 ) ) ;
#8502 = VERTEX_POINT ( 'NONE', #2688 ) ;
#8503 = EDGE_CURVE ( 'NONE', #6203, #4261, #4784, .T. ) ;
#8504 = VERTEX_POINT ( 'NONE', #2627 ) ;
#8505 = CARTESIAN_POINT ( 'NONE',  ( 53.00000000000000711, -38.00000000000000000, 27.00100000000000122 ) ) ;
#8506 = ORIENTED_EDGE ( 'NONE', *, *, #7174, .F. ) ;
#8507 = CARTESIAN_POINT ( 'NONE',  ( 0.000000000000000000, 0.000000000000000000, 27.00000000000000000 ) ) ;
#8508 = VERTEX_POINT ( 'NONE', #9095 ) ;
#8509 = DIRECTION ( 'NONE',  ( -0.000000000000000000, -0.000000000000000000, -1.000000000000000000 ) ) ;
#8510 = CYLINDRICAL_SURFACE ( 'NONE', #9012, 1.000000000000000888 ) ;
#8511 = LINE ( 'NONE', #7657, #3444 ) ;
#8512 = CARTESIAN_POINT ( 'NONE',  ( 30.05427525472178374, -83.70000000000003126, 6.763340909490167974 ) ) ;
#8513 = CARTESIAN_POINT ( 'NONE',  ( 30.34889109836274557, -84.00000000000000000, 8.023730596746609933 ) ) ;
#8514 = AXIS2_PLACEMENT_3D ( 'NONE', #1697, #5325, #9916 ) ;
#8515 = DIRECTION ( 'NONE',  ( 0.000000000000000000, 0.000000000000000000, -1.000000000000000000 ) ) ;
#8516 = ORIENTED_EDGE ( 'NONE', *, *, #9128, .F. ) ;
#8517 = CARTESIAN_POINT ( 'NONE',  ( 30.55933272506983656, -84.00000000000000000, 7.485208810114385436 ) ) ;
#8518 = ADVANCED_FACE ( 'NONE', ( #6384 ), #8414, .F. ) ;
#8519 = CARTESIAN_POINT ( 'NONE',  ( 53.00000000000000711, -30.00000000000000000, 27.00100000000000122 ) ) ;
#8520 = PLANE ( 'NONE',  #11391 ) ;
#8521 = DIRECTION ( 'NONE',  ( 0.000000000000000000, -0.000000000000000000, -1.000000000000000000 ) ) ;
#8522 = CARTESIAN_POINT ( 'NONE',  ( 28.14764879125311836, -83.70000000000001705, 7.278217416211550272 ) ) ;
#8523 = ORIENTED_EDGE ( 'NONE', *, *, #1511, .F. ) ;
#8524 = EDGE_CURVE ( 'NONE', #6091, #317, #3535, .T. ) ;
#8525 = CARTESIAN_POINT ( 'NONE',  ( 53.52093266593442422, -83.70000000000001705, 7.520938749074655760 ) ) ;
#8526 = AXIS2_PLACEMENT_3D ( 'NONE', #298, #2292, #7605 ) ;
#8527 = CARTESIAN_POINT ( 'NONE',  ( 51.16713149634377800, -84.00000000000000000, 6.149593719834889782 ) ) ;
#8528 = ORIENTED_EDGE ( 'NONE', *, *, #10301, .T. ) ;
#8529 = CARTESIAN_POINT ( 'NONE',  ( 53.00000000000000711, -22.00000000000000000, 1.999999999999998224 ) ) ;
#8530 = DIRECTION ( 'NONE',  ( -0.000000000000000000, -1.000000000000000000, -0.000000000000000000 ) ) ;
#8531 = DIRECTION ( 'NONE',  ( 0.000000000000000000, -0.000000000000000000, -1.000000000000000000 ) ) ;
#8532 = AXIS2_PLACEMENT_3D ( 'NONE', #7461, #3716, #8313 ) ;
#8533 = VECTOR ( 'NONE', #7769, 1000.000000000000000 ) ;
#8534 = EDGE_CURVE ( 'NONE', #8921, #8197, #2912, .T. ) ;
#8535 = DIRECTION ( 'NONE',  ( 0.000000000000000000, -0.000000000000000000, -1.000000000000000000 ) ) ;
#8536 = ORIENTED_EDGE ( 'NONE', *, *, #6622, .F. ) ;
#8537 = PLANE ( 'NONE',  #5510 ) ;
#8538 = CARTESIAN_POINT ( 'NONE',  ( 56.00000000000000711, -50.00000000000000000, 27.00100000000000122 ) ) ;
#8539 = VERTEX_POINT ( 'NONE', #7224 ) ;
#8540 = ADVANCED_FACE ( 'NONE', ( #1734 ), #9447, .T. ) ;
#8541 = EDGE_CURVE ( 'NONE', #2726, #9798, #3880, .T. ) ;
#8542 = CARTESIAN_POINT ( 'NONE',  ( 62.00000000000000711, -34.00000000000000000, 1.999999999999998224 ) ) ;
#8543 = AXIS2_PLACEMENT_3D ( 'NONE', #7887, #576, #8009 ) ;
#8544 = ORIENTED_EDGE ( 'NONE', *, *, #8065, .F. ) ;
#8545 = DIRECTION ( 'NONE',  ( -0.000000000000000000, -0.000000000000000000, -1.000000000000000000 ) ) ;
#8547 = ORIENTED_EDGE ( 'NONE', *, *, #4818, .F. ) ;
#8546 = CARTESIAN_POINT ( 'NONE',  ( 30.60317714534475186, -83.70000000000003126, 7.461167184113430828 ) ) ;
#8548 = CARTESIAN_POINT ( 'NONE',  ( 27.87026455727826146, -83.99999999999995737, 7.470562854726765956 ) ) ;
#8549 = EDGE_CURVE ( 'NONE', #3427, #5158, #3515, .T. ) ;
#8550 = FACE_BOUND ( 'NONE', #4786, .T. ) ;
#8551 = DIRECTION ( 'NONE',  ( -1.000000000000000000, 0.000000000000000000, 0.000000000000000000 ) ) ;
#8552 = EDGE_LOOP ( 'NONE', ( #7820, #1565 ) ) ;
#8553 = DIRECTION ( 'NONE',  ( -0.000000000000000000, -0.000000000000000000, -1.000000000000000000 ) ) ;
#8554 = VERTEX_POINT ( 'NONE', #10418 ) ;
#8555 = CIRCLE ( 'NONE', #5676, 1.000000000000000888 ) ;
#8556 = CARTESIAN_POINT ( 'NONE',  ( 30.54523071283101743, -84.00000000000004263, 6.513659121762855442 ) ) ;
#8557 = EDGE_LOOP ( 'NONE', ( #1678, #5738 ) ) ;
#8558 = DIRECTION ( 'NONE',  ( -0.000000000000000000, -1.000000000000000000, -0.000000000000000000 ) ) ;
#8559 = ORIENTED_EDGE ( 'NONE', *, *, #5072, .F. ) ;
#8560 = VECTOR ( 'NONE', #4026, 1000.000000000000000 ) ;
#8561 = LINE ( 'NONE', #3963, #6604 ) ;
#8562 = AXIS2_PLACEMENT_3D ( 'NONE', #2297, #9670, #10646 ) ;
#8563 = VERTEX_POINT ( 'NONE', #2141 ) ;
#8564 = ORIENTED_EDGE ( 'NONE', *, *, #5822, .F. ) ;
#8565 = DIRECTION ( 'NONE',  ( -0.000000000000000000, 0.000000000000000000, -1.000000000000000000 ) ) ;
#8566 = ORIENTED_EDGE ( 'NONE', *, *, #6390, .F. ) ;
#8567 = LINE ( 'NONE', #2283, #1429 ) ;
#8568 = ORIENTED_EDGE ( 'NONE', *, *, #6968, .T. ) ;
#8569 = DIRECTION ( 'NONE',  ( 0.000000000000000000, -0.000000000000000000, -1.000000000000000000 ) ) ;
#8570 = CARTESIAN_POINT ( 'NONE',  ( 52.00000000000000711, -38.00000000000000000, 1.999999999999998224 ) ) ;
#8571 = CIRCLE ( 'NONE', #8962, 1.000000000000000888 ) ;
#8572 = CARTESIAN_POINT ( 'NONE',  ( 41.99999999999999289, -2.000000000000001776, 2.999999999999993339 ) ) ;
#8573 = EDGE_CURVE ( 'NONE', #11673, #3588, #5830, .T. ) ;
#8574 = CARTESIAN_POINT ( 'NONE',  ( 30.44759221025467255, -83.70000000000003126, 6.552971888447468807 ) ) ;
#8575 = CARTESIAN_POINT ( 'NONE',  ( 73.00000000000002842, -82.00000000000000000, 2.000000000000000000 ) ) ;
#8576 = LINE ( 'NONE', #2233, #7170 ) ;
#8577 = ORIENTED_EDGE ( 'NONE', *, *, #3221, .T. ) ;
#8578 = DIRECTION ( 'NONE',  ( -1.000000000000000000, 0.000000000000000000, 0.000000000000000000 ) ) ;
#8579 = AXIS2_PLACEMENT_3D ( 'NONE', #2270, #6139, #9819 ) ;
#8580 = DIRECTION ( 'NONE',  ( -1.000000000000000000, 0.000000000000000000, 0.000000000000000000 ) ) ;
#8581 = DIRECTION ( 'NONE',  ( 1.000000000000000000, 0.000000000000000000, 0.000000000000000000 ) ) ;
#8582 = LINE ( 'NONE', #10220, #4116 ) ;
#8583 = CYLINDRICAL_SURFACE ( 'NONE', #4778, 1.000000000000000888 ) ;
#8584 = ORIENTED_EDGE ( 'NONE', *, *, #10538, .T. ) ;
#8585 = PLANE ( 'NONE',  #2165 ) ;
#8586 = CARTESIAN_POINT ( 'NONE',  ( 30.68201862176756123, -83.99999999999995737, 7.399583190628916007 ) ) ;
#8587 = EDGE_CURVE ( 'NONE', #3303, #8412, #4235, .T. ) ;
#8588 = EDGE_CURVE ( 'NONE', #8665, #3583, #7859, .T. ) ;
#8589 = AXIS2_PLACEMENT_3D ( 'NONE', #6776, #2140, #8413 ) ;
#8590 = VERTEX_POINT ( 'NONE', #5150 ) ;
#8591 = DIRECTION ( 'NONE',  ( 0.000000000000000000, 0.000000000000000000, -1.000000000000000000 ) ) ;
#8592 = CARTESIAN_POINT ( 'NONE',  ( 31.53071912522000630, -84.00000000000000000, 5.464492996573337535 ) ) ;
#8593 = CARTESIAN_POINT ( 'NONE',  ( 64.00000000000000000, -26.00000000000000355, 27.00100000000000122 ) ) ;
#8594 = CIRCLE ( 'NONE', #1457, 1.000000000000000888 ) ;
#8595 = CARTESIAN_POINT ( 'NONE',  ( 48.00000000000000711, -46.00000000000000711, 27.00100000000000122 ) ) ;
#8596 = ORIENTED_EDGE ( 'NONE', *, *, #5501, .T. ) ;
#8597 = CARTESIAN_POINT ( 'NONE',  ( 30.41958573756706841, -83.70000000000000284, 4.890887387587198987 ) ) ;
#8598 = CARTESIAN_POINT ( 'NONE',  ( 27.66078193656936790, -83.70000000000001705, 7.983552992241519597 ) ) ;
#8599 = ORIENTED_EDGE ( 'NONE', *, *, #498, .T. ) ;
#8600 = LINE ( 'NONE', #6840, #11914 ) ;
#8601 = ORIENTED_EDGE ( 'NONE', *, *, #4477, .F. ) ;
#8602 = CARTESIAN_POINT ( 'NONE',  ( 64.00000000000001421, -58.00000000000000000, 0.000000000000000000 ) ) ;
#8603 = EDGE_CURVE ( 'NONE', #4296, #7981, #4054, .T. ) ;
#8604 = ADVANCED_FACE ( 'NONE', ( #6835 ), #10601, .F. ) ;
#8605 = LINE ( 'NONE', #11512, #9894 ) ;
#8606 = ORIENTED_EDGE ( 'NONE', *, *, #10194, .T. ) ;
#8607 = CARTESIAN_POINT ( 'NONE',  ( 27.89099198468674601, -83.99999999999998579, 6.443081034972546028 ) ) ;
#8608 = DIRECTION ( 'NONE',  ( 1.000000000000000000, -0.000000000000000000, 0.000000000000000000 ) ) ;
#8609 = CARTESIAN_POINT ( 'NONE',  ( 30.01146288812770635, -83.99999999999992895, 6.159531851068830832 ) ) ;
#8610 = ORIENTED_EDGE ( 'NONE', *, *, #4534, .F. ) ;
#8611 = CARTESIAN_POINT ( 'NONE',  ( 2.775557561562891351E-14, -84.00000000000000000, 27.00000000000000000 ) ) ;
#8612 = VERTEX_POINT ( 'NONE', #1528 ) ;
#8613 = LINE ( 'NONE', #11167, #4979 ) ;
#8614 = EDGE_CURVE ( 'NONE', #6627, #2972, #7740, .T. ) ;
#8615 = VERTEX_POINT ( 'NONE', #8655 ) ;
#8616 = CARTESIAN_POINT ( 'NONE',  ( 53.00000000000000711, -22.00000000000000000, 27.00100000000000122 ) ) ;
#8617 = EDGE_CURVE ( 'NONE', #1275, #11128, #8250, .T. ) ;
#8618 = VECTOR ( 'NONE', #1691, 1000.000000000000000 ) ;
#8619 = VERTEX_POINT ( 'NONE', #10480 ) ;
#8620 = CARTESIAN_POINT ( 'NONE',  ( 49.16128354312740356, -83.70000000000001705, 5.883511848489860085 ) ) ;
#8621 = ORIENTED_EDGE ( 'NONE', *, *, #1654, .T. ) ;
#8622 = EDGE_LOOP ( 'NONE', ( #11769, #11149, #4437, #6224 ) ) ;
#8623 =( BOUNDED_CURVE ( )  B_SPLINE_CURVE ( 3, ( #750, #9192, #7387, #983 ),
 .UNSPECIFIED., .F., .F. ) 
 B_SPLINE_CURVE_WITH_KNOTS ( ( 4, 4 ),
 ( 4.712388980384689674, 6.283185307179586232 ),
 .UNSPECIFIED. ) 
 CURVE ( )  GEOMETRIC_REPRESENTATION_ITEM ( )  RATIONAL_B_SPLINE_CURVE ( ( 1.000000000000000000, 0.8047378541243649375, 0.8047378541243649375, 1.000000000000000000 ) ) 
 REPRESENTATION_ITEM ( '' )  );
#8624 = CARTESIAN_POINT ( 'NONE',  ( 32.74817634852518466, -83.70000000000001705, 4.451714135841259967 ) ) ;
#8625 = CARTESIAN_POINT ( 'NONE',  ( 71.00000000000000000, -4.000000000000000000, 1.999999999999998224 ) ) ;
#8626 = CARTESIAN_POINT ( 'NONE',  ( 53.00000000000002132, -66.00000000000000000, 27.00100000000000122 ) ) ;
#8627 = MANIFOLD_SOLID_BREP ( 'ÇÐ³ý-À­Éì12', #7728 ) ;
#8628 = AXIS2_PLACEMENT_3D ( 'NONE', #6171, #2363, #1458 ) ;
#8629 = DIRECTION ( 'NONE',  ( -0.000000000000000000, -0.000000000000000000, -1.000000000000000000 ) ) ;
#8630 = CARTESIAN_POINT ( 'NONE',  ( 30.54523071283101743, -83.70000000000003126, 6.513659121762855442 ) ) ;
#8631 = DIRECTION ( 'NONE',  ( 0.000000000000000000, -0.000000000000000000, -1.000000000000000000 ) ) ;
#8632 = ORIENTED_EDGE ( 'NONE', *, *, #2618, .T. ) ;
#8633 = VECTOR ( 'NONE', #5244, 1000.000000000000000 ) ;
#8634 = FACE_OUTER_BOUND ( 'NONE', #10678, .T. ) ;
#8635 = CARTESIAN_POINT ( 'NONE',  ( 54.91274553143149717, -84.00000000000000000, 6.047254538548339831 ) ) ;
#8636 = DIRECTION ( 'NONE',  ( -1.000000000000000000, 0.000000000000000000, 0.000000000000000000 ) ) ;
#8637 = AXIS2_PLACEMENT_3D ( 'NONE', #8638, #8815, #3132 ) ;
#8638 = CARTESIAN_POINT ( 'NONE',  ( 57.00000000000000000, -22.00000000000000000, 27.00100000000000122 ) ) ;
#8639 = ORIENTED_EDGE ( 'NONE', *, *, #2406, .F. ) ;
#8640 = CARTESIAN_POINT ( 'NONE',  ( 29.69860860972544714, -83.70000000000000284, 7.813702676014581350 ) ) ;
#8641 = LINE ( 'NONE', #8527, #3782 ) ;
#8642 = EDGE_CURVE ( 'NONE', #8612, #802, #3234, .T. ) ;
#8643 = CARTESIAN_POINT ( 'NONE',  ( 29.84421711895855722, -84.00000000000000000, 5.394539874569522553 ) ) ;
#8644 = AXIS2_PLACEMENT_3D ( 'NONE', #990, #11156, #6607 ) ;
#8645 = ORIENTED_EDGE ( 'NONE', *, *, #3994, .T. ) ;
#8646 = LINE ( 'NONE', #367, #6058 ) ;
#8647 = AXIS2_PLACEMENT_3D ( 'NONE', #4289, #1645, #2481 ) ;
#8648 = CARTESIAN_POINT ( 'NONE',  ( 61.00000000000000000, -10.00000000000000000, 27.00100000000000122 ) ) ;
#8649 = ORIENTED_EDGE ( 'NONE', *, *, #3140, .F. ) ;
#8650 = DIRECTION ( 'NONE',  ( 0.000000000000000000, 0.000000000000000000, -1.000000000000000000 ) ) ;
#8651 = CARTESIAN_POINT ( 'NONE',  ( 3.000000000000017319, -32.99999999999999289, 13.50000000000000178 ) ) ;
#8652 = DIRECTION ( 'NONE',  ( -1.000000000000000000, 0.000000000000000000, 0.000000000000000000 ) ) ;
#8653 = ORIENTED_EDGE ( 'NONE', *, *, #1125, .T. ) ;
#8654 = CARTESIAN_POINT ( 'NONE',  ( 62.00000000000000711, -26.00000000000000355, 0.000000000000000000 ) ) ;
#8655 = CARTESIAN_POINT ( 'NONE',  ( 51.47414904020342874, -83.70000000000001705, 6.538482608723778178 ) ) ;
#8656 = AXIS2_PLACEMENT_3D ( 'NONE', #9293, #11071, #1935 ) ;
#8657 = ORIENTED_EDGE ( 'NONE', *, *, #4498, .F. ) ;
#8658 = EDGE_CURVE ( 'NONE', #8300, #5164, #3211, .T. ) ;
#8659 = AXIS2_PLACEMENT_3D ( 'NONE', #1489, #11646, #11367 ) ;
#8660 = CARTESIAN_POINT ( 'NONE',  ( 73.00000000000002842, -82.00000000000000000, 1.999999999999998224 ) ) ;
#8661 = ORIENTED_EDGE ( 'NONE', *, *, #10469, .T. ) ;
#8662 = CARTESIAN_POINT ( 'NONE',  ( 48.00000000000000000, -14.00000000000000000, 1.999999999999998224 ) ) ;
#8663 = VECTOR ( 'NONE', #8312, 1000.000000000000000 ) ;
#8664 = CARTESIAN_POINT ( 'NONE',  ( 60.00000000000001421, -42.00000000000000000, 1.999999999999998224 ) ) ;
#8665 = VERTEX_POINT ( 'NONE', #5891 ) ;
#8666 = CARTESIAN_POINT ( 'NONE',  ( 27.58903181185505815, -83.70000000000001705, 7.504805817999110396 ) ) ;
#8667 = CIRCLE ( 'NONE', #6162, 2.000000000000001776 ) ;
#8668 = CARTESIAN_POINT ( 'NONE',  ( 75.00000000000000000, 0.000000000000000000, 27.00000000000000000 ) ) ;
#8669 = LINE ( 'NONE', #4982, #4651 ) ;
#8670 = ORIENTED_EDGE ( 'NONE', *, *, #9404, .T. ) ;
#8671 = DIRECTION ( 'NONE',  ( -1.000000000000000000, 0.000000000000000000, 0.000000000000000000 ) ) ;
#8672 = VERTEX_POINT ( 'NONE', #6011 ) ;
#8673 = EDGE_CURVE ( 'NONE', #4801, #8966, #7087, .T. ) ;
#8674 = ADVANCED_FACE ( 'NONE', ( #1471, #316, #9564, #3992, #7922, #2434, #2375, #6070, #9751, #3337, #7252, #6414, #2546, #5458, #8956, #1763, #10958, #11859, #9125, #6242, #796, #4532, #10102, #6294, #8041, #2602, #8104, #11684, #5333, #11916, #10845, #673, #9926, #9862, #1651, #1705, #3396, #10784, #613, #733, #9008, #1825, #3562, #8895, #11744, #1589, #4351, #11022, #3457, #4413, #5396, #4295, #7139, #10041, #11802, #3507, #7195, #854, #8217, #2656, #6356, #7984, #3617, #9070, #10903, #9979, #7071, #6185, #7313, #2721, #5273, #4472, #2486, #8161, #3798, #9305 ), #184, .F. ) ;
#8675 = CIRCLE ( 'NONE', #564, 1.000000000000000888 ) ;
#8676 = DIRECTION ( 'NONE',  ( 1.000000000000000000, 0.000000000000000000, 0.000000000000000000 ) ) ;
#8677 = ORIENTED_EDGE ( 'NONE', *, *, #11778, .T. ) ;
#8678 = CARTESIAN_POINT ( 'NONE',  ( 73.80000000000001137, -34.99999999999999289, 21.99999999999999645 ) ) ;
#8679 = CARTESIAN_POINT ( 'NONE',  ( 50.83964611622682384, -83.70000000000001705, 6.395207754922608956 ) ) ;
#8680 = ORIENTED_EDGE ( 'NONE', *, *, #2085, .T. ) ;
#8681 = AXIS2_PLACEMENT_3D ( 'NONE', #11542, #1684, #8876 ) ;
#8682 = VERTEX_POINT ( 'NONE', #5756 ) ;
#8683 = LINE ( 'NONE', #3058, #4430 ) ;
#8684 = EDGE_CURVE ( 'NONE', #8031, #3828, #4382, .T. ) ;
#8685 = FACE_OUTER_BOUND ( 'NONE', #34, .T. ) ;
#8686 = EDGE_CURVE ( 'NONE', #7613, #11316, #3013, .T. ) ;
#8687 = CARTESIAN_POINT ( 'NONE',  ( 31.46881275801256095, -83.70000000000001705, 5.775656167481522552 ) ) ;
#8688 = CARTESIAN_POINT ( 'NONE',  ( 53.00000000000001421, -54.00000000000000000, 0.000000000000000000 ) ) ;
#8689 = AXIS2_PLACEMENT_3D ( 'NONE', #4451, #7052, #3435 ) ;
#8690 = CARTESIAN_POINT ( 'NONE',  ( 47.42151746125605882, -84.00000000000000000, 7.909827637963544156 ) ) ;
#8691 = DIRECTION ( 'NONE',  ( -1.000000000000000000, 0.000000000000000000, 0.000000000000000000 ) ) ;
#8692 = LINE ( 'NONE', #5923, #8194 ) ;
#8693 = CARTESIAN_POINT ( 'NONE',  ( 49.00000000000001421, -66.00000000000000000, 0.000000000000000000 ) ) ;
#8694 = ORIENTED_EDGE ( 'NONE', *, *, #5976, .T. ) ;
#8695 = DIRECTION ( 'NONE',  ( -0.000000000000000000, -0.000000000000000000, -1.000000000000000000 ) ) ;
#8696 = LINE ( 'NONE', #5993, #7137 ) ;
#8697 = EDGE_CURVE ( 'NONE', #9811, #6387, #6527, .T. ) ;
#8698 = LINE ( 'NONE', #2357, #4698 ) ;
#8699 = CARTESIAN_POINT ( 'NONE',  ( 30.77000743289246998, -83.70000000000001705, 6.412814328894986815 ) ) ;
#8700 = VERTEX_POINT ( 'NONE', #4588 ) ;
#8701 = CARTESIAN_POINT ( 'NONE',  ( 29.23604726037270751, -83.70000000000001705, 5.633542162698526923 ) ) ;
#8702 = CARTESIAN_POINT ( 'NONE',  ( 30.51137869582762718, -83.99999999999997158, 7.502473557379402358 ) ) ;
#8703 = VECTOR ( 'NONE', #8078, 999.9999999999998863 ) ;
#8704 = CARTESIAN_POINT ( 'NONE',  ( 11.41886116991582156, -0.3007572608003351577, 2.418861169915821563 ) ) ;
#8705 = ORIENTED_EDGE ( 'NONE', *, *, #10506, .T. ) ;
#8706 = DIRECTION ( 'NONE',  ( 0.000000000000000000, 0.000000000000000000, -1.000000000000000000 ) ) ;
#8707 = CARTESIAN_POINT ( 'NONE',  ( 31.21088878707540104, -84.00000000000002842, 6.120278690291537593 ) ) ;
#8708 = ORIENTED_EDGE ( 'NONE', *, *, #5212, .F. ) ;
#8709 = CARTESIAN_POINT ( 'NONE',  ( 49.00000000000000000, -22.00000000000000000, 0.000000000000000000 ) ) ;
#8710 = CARTESIAN_POINT ( 'NONE',  ( 28.94267494068459712, -84.00000000000000000, 4.451714135841259967 ) ) ;
#8711 = ORIENTED_EDGE ( 'NONE', *, *, #6376, .T. ) ;
#8712 = VECTOR ( 'NONE', #2308, 1000.000000000000000 ) ;
#8713 = CARTESIAN_POINT ( 'NONE',  ( 27.00000000000003197, 0.001000000000001000089, 16.19999999999999929 ) ) ;
#8714 = AXIS2_PLACEMENT_3D ( 'NONE', #11224, #4005, #6847 ) ;
#8715 = ORIENTED_EDGE ( 'NONE', *, *, #1511, .T. ) ;
#8716 = DIRECTION ( 'NONE',  ( 1.000000000000000000, 0.000000000000000000, 0.000000000000000000 ) ) ;
#8717 = EDGE_LOOP ( 'NONE', ( #5602, #10493, #8649, #4096, #3817, #314, #10802, #5638 ) ) ;
#8718 = CARTESIAN_POINT ( 'NONE',  ( 12.00000000000000000, -2.000000000000001776, 1.000000000000000000 ) ) ;
#8719 = VECTOR ( 'NONE', #10517, 1000.000000000000000 ) ;
#8720 = CARTESIAN_POINT ( 'NONE',  ( 28.84157633639788543, -84.00000000000001421, 6.993811775779360751 ) ) ;
#8721 = AXIS2_PLACEMENT_3D ( 'NONE', #5560, #8146, #7300 ) ;
#8722 = ADVANCED_FACE ( 'NONE', ( #9431 ), #6584, .F. ) ;
#8723 = PLANE ( 'NONE',  #4281 ) ;
#8724 = ORIENTED_EDGE ( 'NONE', *, *, #1072, .F. ) ;
#8725 = CARTESIAN_POINT ( 'NONE',  ( 27.80152656754404816, -83.99999999999998579, 7.485973753950087684 ) ) ;
#8726 = DIRECTION ( 'NONE',  ( 0.000000000000000000, 0.000000000000000000, -1.000000000000000000 ) ) ;
#8727 = CARTESIAN_POINT ( 'NONE',  ( 29.31895147674704205, -83.99999999999994316, 6.953085919385602942 ) ) ;
#8728 = ORIENTED_EDGE ( 'NONE', *, *, #7161, .F. ) ;
#8729 = DIRECTION ( 'NONE',  ( 1.000000000000000000, 0.000000000000000000, -0.000000000000000000 ) ) ;
#8730 = ORIENTED_EDGE ( 'NONE', *, *, #9406, .F. ) ;
#8731 = AXIS2_PLACEMENT_3D ( 'NONE', #6626, #11348, #6681 ) ;
#8732 = ORIENTED_EDGE ( 'NONE', *, *, #2155, .F. ) ;
#8733 = FACE_OUTER_BOUND ( 'NONE', #5598, .T. ) ;
#8734 = VECTOR ( 'NONE', #5873, 1000.000000000000000 ) ;
#8735 = EDGE_LOOP ( 'NONE', ( #6429, #2859 ) ) ;
#8736 = DIRECTION ( 'NONE',  ( 0.000000000000000000, 0.000000000000000000, -1.000000000000000000 ) ) ;
#8737 = EDGE_CURVE ( 'NONE', #2299, #5198, #6713, .T. ) ;
#8738 = EDGE_CURVE ( 'NONE', #5114, #9087, #3633, .T. ) ;
#8739 = PLANE ( 'NONE',  #8731 ) ;
#8740 = EDGE_LOOP ( 'NONE', ( #7762, #8311 ) ) ;
#8741 = ORIENTED_EDGE ( 'NONE', *, *, #321, .F. ) ;
#8742 = ORIENTED_EDGE ( 'NONE', *, *, #9050, .F. ) ;
#8743 = VECTOR ( 'NONE', #11436, 1000.000000000000000 ) ;
#8744 = CARTESIAN_POINT ( 'NONE',  ( 46.97122506359524152, -83.70000000000001705, 7.909827637963544156 ) ) ;
#8745 = FACE_OUTER_BOUND ( 'NONE', #4755, .T. ) ;
#8746 = CARTESIAN_POINT ( 'NONE',  ( 52.64081570687010014, -84.00000000000000000, 4.409827637963545044 ) ) ;
#8747 = CARTESIAN_POINT ( 'NONE',  ( 28.21243267174497049, -83.70000000000001705, 6.754524400191493250 ) ) ;
#8748 = CARTESIAN_POINT ( 'NONE',  ( 65.00000000000000000, -42.00000000000000000, 1.999999999999998224 ) ) ;
#8749 = VECTOR ( 'NONE', #2477, 1000.000000000000000 ) ;
#8750 = ADVANCED_FACE ( 'NONE', ( #5701 ), #10221, .F. ) ;
#8751 = PLANE ( 'NONE',  #9472 ) ;
#8752 = ADVANCED_FACE ( 'NONE', ( #7372 ), #10342, .F. ) ;
#8753 = EDGE_CURVE ( 'NONE', #10561, #2067, #1121, .T. ) ;
#8754 = DIRECTION ( 'NONE',  ( -1.000000000000000000, 0.000000000000000000, 0.000000000000000000 ) ) ;
#8755 = VERTEX_POINT ( 'NONE', #8402 ) ;
#8756 = DIRECTION ( 'NONE',  ( -0.000000000000000000, -0.000000000000000000, -1.000000000000000000 ) ) ;
#8757 = DIRECTION ( 'NONE',  ( 1.000000000000000000, -0.000000000000000000, 0.000000000000000000 ) ) ;
#8758 = DIRECTION ( 'NONE',  ( 1.000000000000000000, 0.000000000000000000, 0.000000000000000000 ) ) ;
#8759 = CARTESIAN_POINT ( 'NONE',  ( 62.00000000000000000, -14.00000000000000000, 1.999999999999998224 ) ) ;
#8760 = VERTEX_POINT ( 'NONE', #7551 ) ;
#8761 = AXIS2_PLACEMENT_3D ( 'NONE', #1929, #1865, #164 ) ;
#8762 = CARTESIAN_POINT ( 'NONE',  ( 30.04939887156688627, -83.99999999999995737, 7.986888871481471419 ) ) ;
#8763 = CARTESIAN_POINT ( 'NONE',  ( 30.34889109836274557, -83.70000000000001705, 7.524921846475871590 ) ) ;
#8764 = DIRECTION ( 'NONE',  ( -0.000000000000000000, -1.000000000000000000, -0.000000000000000000 ) ) ;
#8765 = ADVANCED_FACE ( 'NONE', ( #124 ), #1092, .F. ) ;
#8766 = VERTEX_POINT ( 'NONE', #3074 ) ;
#8767 = CARTESIAN_POINT ( 'NONE',  ( 53.52093266593442422, -84.00000000000000000, 7.520938749074655760 ) ) ;
#8768 = CIRCLE ( 'NONE', #3548, 1.000000000000000888 ) ;
#8769 = LINE ( 'NONE', #486, #11236 ) ;
#8770 = EDGE_LOOP ( 'NONE', ( #8783, #1553, #10149, #8325 ) ) ;
#8771 = DIRECTION ( 'NONE',  ( 1.000000000000000000, 0.000000000000000000, 0.000000000000000000 ) ) ;
#8772 = CARTESIAN_POINT ( 'NONE',  ( 30.10363364157992905, -83.99999999999998579, 7.466026205616688394 ) ) ;
#8773 = CYLINDRICAL_SURFACE ( 'NONE', #9636, 1.000000000000000888 ) ;
#8774 = VERTEX_POINT ( 'NONE', #1274 ) ;
#8775 = DIRECTION ( 'NONE',  ( 0.000000000000000000, 0.000000000000000000, 1.000000000000000000 ) ) ;
#8776 = ORIENTED_EDGE ( 'NONE', *, *, #7770, .F. ) ;
#8777 = VECTOR ( 'NONE', #10619, 1000.000000000000000 ) ;
#8778 = CARTESIAN_POINT ( 'NONE',  ( 27.21503794696573308, -83.70000000000001705, 5.938285502529586424 ) ) ;
#8779 = ORIENTED_EDGE ( 'NONE', *, *, #7559, .T. ) ;
#8780 = DIRECTION ( 'NONE',  ( -0.000000000000000000, -0.000000000000000000, -1.000000000000000000 ) ) ;
#8781 = CARTESIAN_POINT ( 'NONE',  ( 62.00000000000000711, -22.00000000000000000, 0.000000000000000000 ) ) ;
#8782 = FACE_OUTER_BOUND ( 'NONE', #9278, .T. ) ;
#8783 = ORIENTED_EDGE ( 'NONE', *, *, #1689, .F. ) ;
#8784 = CARTESIAN_POINT ( 'NONE',  ( 27.68049170481715038, -83.70000000000001705, 6.416626416543015132 ) ) ;
#8785 = CIRCLE ( 'NONE', #11696, 1.000000000000000888 ) ;
#8786 = DIRECTION ( 'NONE',  ( 0.000000000000000000, 0.000000000000000000, -1.000000000000000000 ) ) ;
#8787 = CARTESIAN_POINT ( 'NONE',  ( 29.73869512655656777, -83.99999999999997158, 6.310181353018484707 ) ) ;
#8788 = ORIENTED_EDGE ( 'NONE', *, *, #1755, .F. ) ;
#8789 = CARTESIAN_POINT ( 'NONE',  ( 64.00000000000001421, -66.00000000000000000, 27.00100000000000122 ) ) ;
#8790 = VERTEX_POINT ( 'NONE', #6763 ) ;
#8791 = ADVANCED_FACE ( 'NONE', ( #2238, #9550 ), #5016, .F. ) ;
#8792 = ORIENTED_EDGE ( 'NONE', *, *, #9130, .T. ) ;
#8793 = CARTESIAN_POINT ( 'NONE',  ( 48.00000000000000000, -22.00000000000000000, 27.00100000000000122 ) ) ;
#8794 = ORIENTED_EDGE ( 'NONE', *, *, #3767, .F. ) ;
#8795 = LINE ( 'NONE', #11524, #7881 ) ;
#8796 = EDGE_LOOP ( 'NONE', ( #11233, #6015 ) ) ;
#8797 = DIRECTION ( 'NONE',  ( -1.000000000000000000, 0.000000000000000000, 0.000000000000000000 ) ) ;
#8798 = DIRECTION ( 'NONE',  ( 1.000000000000000000, -0.000000000000000000, 0.000000000000000000 ) ) ;
#8799 = ORIENTED_EDGE ( 'NONE', *, *, #8306, .T. ) ;
#8800 = ORIENTED_EDGE ( 'NONE', *, *, #7340, .T. ) ;
#8801 = ORIENTED_EDGE ( 'NONE', *, *, #7871, .T. ) ;
#8802 = CARTESIAN_POINT ( 'NONE',  ( 56.00000000000001421, -66.00000000000000000, 1.999999999999998224 ) ) ;
#8803 = ADVANCED_FACE ( 'NONE', ( #3320 ), #10583, .F. ) ;
#8804 = ADVANCED_FACE ( 'NONE', ( #3257 ), #304, .F. ) ;
#8805 = CARTESIAN_POINT ( 'NONE',  ( 30.23063248887606491, -84.00000000000000000, 6.069431268178275829 ) ) ;
#8806 = CARTESIAN_POINT ( 'NONE',  ( 46.19344728581746296, -84.00000000000000000, 6.988775006384597255 ) ) ;
#8807 = CARTESIAN_POINT ( 'NONE',  ( 30.19237849184836264, -83.70000000000003126, 6.084350109147665719 ) ) ;
#8808 = PLANE ( 'NONE',  #11032 ) ;
#8809 = CARTESIAN_POINT ( 'NONE',  ( 0.000000000000000000, 0.000000000000000000, 0.000000000000000000 ) ) ;
#8810 = CARTESIAN_POINT ( 'NONE',  ( 60.00000000000000000, -14.00000000000000000, 27.00100000000000122 ) ) ;
#8811 = EDGE_LOOP ( 'NONE', ( #5996, #4168, #10031, #1909 ) ) ;
#8812 = DIRECTION ( 'NONE',  ( 0.000000000000000000, 0.000000000000000000, -1.000000000000000000 ) ) ;
#8813 = DIRECTION ( 'NONE',  ( 0.9920109640538645746, -0.000000000000000000, 0.1261516832900868856 ) ) ;
#8814 = DIRECTION ( 'NONE',  ( -0.000000000000000000, -1.000000000000000000, -0.000000000000000000 ) ) ;
#8815 = DIRECTION ( 'NONE',  ( -0.000000000000000000, -0.000000000000000000, -1.000000000000000000 ) ) ;
#8816 = CIRCLE ( 'NONE', #2258, 1.000000000000000888 ) ;
#8817 = ORIENTED_EDGE ( 'NONE', *, *, #1213, .T. ) ;
#8818 = EDGE_CURVE ( 'NONE', #4237, #10164, #10185, .T. ) ;
#8819 = DIRECTION ( 'NONE',  ( -1.000000000000000000, 0.000000000000000000, -0.000000000000000000 ) ) ;
#8820 = ADVANCED_FACE ( 'NONE', ( #11488, #1333, #10461, #11428 ), #3980, .F. ) ;
#8821 = CYLINDRICAL_SURFACE ( 'NONE', #6873, 2.999999999999995559 ) ;
#8822 = LINE ( 'NONE', #542, #11938 ) ;
#8823 = EDGE_LOOP ( 'NONE', ( #450, #7254 ) ) ;
#8824 = CARTESIAN_POINT ( 'NONE',  ( 2.775557561562891351E-14, -84.00000000000000000, 27.00000000000000000 ) ) ;
#8825 = CIRCLE ( 'NONE', #9983, 1.000000000000000888 ) ;
#8826 = PLANE ( 'NONE',  #7940 ) ;
#8827 = ORIENTED_EDGE ( 'NONE', *, *, #8148, .T. ) ;
#8828 = CARTESIAN_POINT ( 'NONE',  ( 46.56186833844904527, -84.00000000000000000, 4.368891965448924886 ) ) ;
#8829 = CARTESIAN_POINT ( 'NONE',  ( 48.00000000000001421, -50.00000000000000000, 0.000000000000000000 ) ) ;
#8830 = DIRECTION ( 'NONE',  ( -0.000000000000000000, -0.000000000000000000, -1.000000000000000000 ) ) ;
#8831 = ORIENTED_EDGE ( 'NONE', *, *, #2232, .T. ) ;
#8832 = DIRECTION ( 'NONE',  ( -1.000000000000000000, 0.000000000000000000, -0.000000000000000000 ) ) ;
#8833 = CARTESIAN_POINT ( 'NONE',  ( 57.00000000000000711, -46.00000000000000711, 0.000000000000000000 ) ) ;
#8834 = EDGE_LOOP ( 'NONE', ( #10034, #7998, #4022, #8034 ) ) ;
#8835 = EDGE_CURVE ( 'NONE', #10669, #10127, #1396, .T. ) ;
#8836 = VERTEX_POINT ( 'NONE', #8759 ) ;
#8837 = VECTOR ( 'NONE', #4130, 1000.000000000000000 ) ;
#8838 = EDGE_CURVE ( 'NONE', #9256, #5035, #4217, .T. ) ;
#8839 = CARTESIAN_POINT ( 'NONE',  ( 49.00000000000000000, -34.00000000000000000, 0.000000000000000000 ) ) ;
#8840 = AXIS2_PLACEMENT_3D ( 'NONE', #9262, #143, #6727 ) ;
#8841 = ORIENTED_EDGE ( 'NONE', *, *, #2556, .T. ) ;
#8842 = CARTESIAN_POINT ( 'NONE',  ( 28.84260996342663930, -84.00000000000000000, 6.951064363261663992 ) ) ;
#8843 = CARTESIAN_POINT ( 'NONE',  ( 49.00000000000000711, -46.00000000000000711, 27.00100000000000122 ) ) ;
#8844 = ORIENTED_EDGE ( 'NONE', *, *, #3493, .F. ) ;
#8845 = DIRECTION ( 'NONE',  ( -0.000000000000000000, -1.000000000000000000, -0.000000000000000000 ) ) ;
#8846 = CIRCLE ( 'NONE', #2473, 1.000000000000000888 ) ;
#8847 = CARTESIAN_POINT ( 'NONE',  ( 50.00000000000000000, -14.00000000000000000, 0.000000000000000000 ) ) ;
#8848 = ORIENTED_EDGE ( 'NONE', *, *, #8219, .T. ) ;
#8849 = AXIS2_PLACEMENT_3D ( 'NONE', #2377, #7200, #5218 ) ;
#8850 = VECTOR ( 'NONE', #4228, 1000.000000000000000 ) ;
#8851 = CARTESIAN_POINT ( 'NONE',  ( 61.00000000000001421, -58.00000000000000000, 1.999999999999998224 ) ) ;
#8852 = ORIENTED_EDGE ( 'NONE', *, *, #4803, .T. ) ;
#8853 = EDGE_CURVE ( 'NONE', #8412, #6203, #5874, .T. ) ;
#8854 = EDGE_LOOP ( 'NONE', ( #426, #11123, #10055, #824 ) ) ;
#8855 = AXIS2_PLACEMENT_3D ( 'NONE', #395, #9649, #1308 ) ;
#8856 = LINE ( 'NONE', #11522, #5171 ) ;
#8857 = EDGE_LOOP ( 'NONE', ( #5229, #8202, #69, #11568, #3046, #7623, #3968, #5852 ) ) ;
#8858 = CARTESIAN_POINT ( 'NONE',  ( 53.05017243201628929, -84.00000000000000000, 4.409827637963545044 ) ) ;
#8859 = CIRCLE ( 'NONE', #11949, 1.000000000000000888 ) ;
#8860 = CARTESIAN_POINT ( 'NONE',  ( 30.39594274992870382, -83.70000000000001705, 8.022808290674177556 ) ) ;
#8861 = DIRECTION ( 'NONE',  ( 1.000000000000000000, 0.000000000000000000, -0.000000000000000000 ) ) ;
#8862 = EDGE_LOOP ( 'NONE', ( #2221, #2365, #6801, #11946, #2373, #6585, #10556, #420, #6920, #511, #7883, #8353, #3422, #2053, #10632, #11366 ) ) ;
#8863 = ORIENTED_EDGE ( 'NONE', *, *, #483, .F. ) ;
#8864 = EDGE_LOOP ( 'NONE', ( #11742, #7822, #6745, #817 ) ) ;
#8865 = DIRECTION ( 'NONE',  ( 0.000000000000000000, 0.000000000000000000, -1.000000000000000000 ) ) ;
#8866 = AXIS2_PLACEMENT_3D ( 'NONE', #7810, #1361, #5044 ) ;
#8867 = CARTESIAN_POINT ( 'NONE',  ( 58.00000000000000711, -42.00000000000000000, 1.999999999999998224 ) ) ;
#8868 = DIRECTION ( 'NONE',  ( -0.000000000000000000, -0.000000000000000000, -1.000000000000000000 ) ) ;
#8869 = LINE ( 'NONE', #7959, #7341 ) ;
#8870 = CARTESIAN_POINT ( 'NONE',  ( 29.40113519042408186, -83.99999999999992895, 4.861968292421465776 ) ) ;
#8871 = VECTOR ( 'NONE', #11256, 999.9999999999998863 ) ;
#8872 = EDGE_CURVE ( 'NONE', #4725, #10983, #10730, .T. ) ;
#8873 = LINE ( 'NONE', #8139, #10671 ) ;
#8874 = ORIENTED_EDGE ( 'NONE', *, *, #2609, .T. ) ;
#8875 = LINE ( 'NONE', #940, #7027 ) ;
#8876 = DIRECTION ( 'NONE',  ( 1.000000000000000000, 0.000000000000000000, -0.000000000000000000 ) ) ;
#8877 = CARTESIAN_POINT ( 'NONE',  ( 52.00000000000000711, -22.00000000000000000, 27.00100000000000122 ) ) ;
#8878 = DIRECTION ( 'NONE',  ( 1.000000000000000000, 0.000000000000000000, 0.000000000000000000 ) ) ;
#8879 = ORIENTED_EDGE ( 'NONE', *, *, #702, .F. ) ;
#8880 = DIRECTION ( 'NONE',  ( -1.000000000000000000, -3.304235192336776005E-16, -0.000000000000000000 ) ) ;
#8881 = AXIS2_PLACEMENT_3D ( 'NONE', #5061, #11412, #3115 ) ;
#8882 = DIRECTION ( 'NONE',  ( -0.000000000000000000, -1.000000000000000000, -0.000000000000000000 ) ) ;
#8883 = DIRECTION ( 'NONE',  ( 0.000000000000000000, 1.000000000000000000, 0.000000000000000000 ) ) ;
#8884 = ORIENTED_EDGE ( 'NONE', *, *, #10451, .T. ) ;
#8885 = DIRECTION ( 'NONE',  ( 0.000000000000000000, -0.000000000000000000, 1.000000000000000000 ) ) ;
#8886 = EDGE_CURVE ( 'NONE', #239, #11165, #5133, .T. ) ;
#8887 = DIRECTION ( 'NONE',  ( 0.000000000000000000, 0.000000000000000000, 1.000000000000000000 ) ) ;
#8888 = ORIENTED_EDGE ( 'NONE', *, *, #1755, .T. ) ;
#8889 = FACE_BOUND ( 'NONE', #1619, .T. ) ;
#8890 = ADVANCED_FACE ( 'NONE', ( #4895 ), #8583, .F. ) ;
#8891 = CARTESIAN_POINT ( 'NONE',  ( 52.00000000000000000, -14.00000000000000000, 0.000000000000000000 ) ) ;
#8892 = CYLINDRICAL_SURFACE ( 'NONE', #2503, 1.000000000000000888 ) ;
#8893 = VERTEX_POINT ( 'NONE', #6166 ) ;
#8894 = DIRECTION ( 'NONE',  ( 0.9906635023000298634, 0.000000000000000000, -0.1363298397660571426 ) ) ;
#8895 = FACE_BOUND ( 'NONE', #9715, .T. ) ;
#8896 = EDGE_LOOP ( 'NONE', ( #2924, #4380, #3302, #11171 ) ) ;
#8898 = ORIENTED_EDGE ( 'NONE', *, *, #11127, .T. ) ;
#8897 = VECTOR ( 'NONE', #9838, 1000.000000000000000 ) ;
#8899 = DIRECTION ( 'NONE',  ( -1.000000000000000000, 0.000000000000000000, 0.000000000000000000 ) ) ;
#8900 = ORIENTED_EDGE ( 'NONE', *, *, #452, .T. ) ;
#8901 = CARTESIAN_POINT ( 'NONE',  ( 65.00000000000001421, -46.00000000000000711, 27.00100000000000122 ) ) ;
#8902 = ADVANCED_FACE ( 'NONE', ( #1570 ), #3546, .F. ) ;
#8903 = DIRECTION ( 'NONE',  ( 0.000000000000000000, 0.000000000000000000, 1.000000000000000000 ) ) ;
#8904 = ORIENTED_EDGE ( 'NONE', *, *, #6767, .F. ) ;
#8905 = CARTESIAN_POINT ( 'NONE',  ( 31.21784492273404865, -83.70000000000000284, 4.701894686864033446 ) ) ;
#8906 = AXIS2_PLACEMENT_3D ( 'NONE', #11854, #7248, #3859 ) ;
#8907 = EDGE_CURVE ( 'NONE', #10000, #1914, #11545, .T. ) ;
#8908 = CARTESIAN_POINT ( 'NONE',  ( 29.33352749087713462, -83.70000000000003126, 7.241654911040369846 ) ) ;
#8909 = VERTEX_POINT ( 'NONE', #4337 ) ;
#8910 = LINE ( 'NONE', #7025, #859 ) ;
#8911 = ORIENTED_EDGE ( 'NONE', *, *, #6188, .F. ) ;
#8912 = AXIS2_PLACEMENT_3D ( 'NONE', #1, #3669, #9234 ) ;
#8913 = VECTOR ( 'NONE', #10528, 1000.000000000000000 ) ;
#8914 = DIRECTION ( 'NONE',  ( -0.000000000000000000, -0.000000000000000000, -1.000000000000000000 ) ) ;
#8915 = VERTEX_POINT ( 'NONE', #7178 ) ;
#8916 = PLANE ( 'NONE',  #10610 ) ;
#8917 = EDGE_CURVE ( 'NONE', #146, #1656, #9053, .T. ) ;
#8918 = ORIENTED_EDGE ( 'NONE', *, *, #1461, .F. ) ;
#8919 = CARTESIAN_POINT ( 'NONE',  ( 30.40579744769071269, -83.99999999999998579, 7.524096912399974357 ) ) ;
#8920 = LINE ( 'NONE', #3362, #243 ) ;
#8921 = VERTEX_POINT ( 'NONE', #8026 ) ;
#8922 = ORIENTED_EDGE ( 'NONE', *, *, #116, .T. ) ;
#8923 = AXIS2_PLACEMENT_3D ( 'NONE', #4825, #409, #3185 ) ;
#8924 = ORIENTED_EDGE ( 'NONE', *, *, #5152, .T. ) ;
#8925 = LINE ( 'NONE', #6097, #7917 ) ;
#8926 = CIRCLE ( 'NONE', #3355, 1.000000000000000888 ) ;
#8927 = DIRECTION ( 'NONE',  ( -0.000000000000000000, 0.000000000000000000, -1.000000000000000000 ) ) ;
#8928 = AXIS2_PLACEMENT_3D ( 'NONE', #457, #3237, #6919 ) ;
#8929 = ORIENTED_EDGE ( 'NONE', *, *, #2051, .F. ) ;
#8930 = CARTESIAN_POINT ( 'NONE',  ( 50.04140050219173474, -83.70000000000001705, 4.409827637963545044 ) ) ;
#8931 = DIRECTION ( 'NONE',  ( -0.000000000000000000, -0.000000000000000000, -1.000000000000000000 ) ) ;
#8932 = CIRCLE ( 'NONE', #7198, 1.000000000000000888 ) ;
#8933 = CARTESIAN_POINT ( 'NONE',  ( 52.00000000000000711, -34.00000000000000000, 27.00100000000000122 ) ) ;
#8934 = ORIENTED_EDGE ( 'NONE', *, *, #9116, .F. ) ;
#8935 = LINE ( 'NONE', #2525, #11788 ) ;
#8936 = ORIENTED_EDGE ( 'NONE', *, *, #7315, .F. ) ;
#8937 = FACE_OUTER_BOUND ( 'NONE', #8864, .T. ) ;
#8938 = CARTESIAN_POINT ( 'NONE',  ( 30.41958573756706841, -83.99999999999997158, 4.890887387587198987 ) ) ;
#8939 = ORIENTED_EDGE ( 'NONE', *, *, #10362, .T. ) ;
#8940 = CARTESIAN_POINT ( 'NONE',  ( 30.34889109836274557, -83.70000000000001705, 8.023730596746609933 ) ) ;
#8941 = EDGE_CURVE ( 'NONE', #4419, #5180, #10898, .T. ) ;
#8942 = FACE_OUTER_BOUND ( 'NONE', #5154, .T. ) ;
#8943 = AXIS2_PLACEMENT_3D ( 'NONE', #10773, #2307, #2425 ) ;
#8944 = CARTESIAN_POINT ( 'NONE',  ( 29.84325973600623527, -83.99999999999991473, 5.464492996573337535 ) ) ;
#8945 = ORIENTED_EDGE ( 'NONE', *, *, #10399, .F. ) ;
#8946 = LINE ( 'NONE', #3328, #8743 ) ;
#8947 = DIRECTION ( 'NONE',  ( 0.000000000000000000, -0.000000000000000000, -1.000000000000000000 ) ) ;
#8948 = ORIENTED_EDGE ( 'NONE', *, *, #6916, .T. ) ;
#8949 = DIRECTION ( 'NONE',  ( 0.000000000000000000, 0.000000000000000000, 1.000000000000000000 ) ) ;
#8950 = CIRCLE ( 'NONE', #3728, 1.000000000000000888 ) ;
#8951 = CARTESIAN_POINT ( 'NONE',  ( 43.00000000000000000, -83.00000000000000000, 0.2679491924311215856 ) ) ;
#8952 = LINE ( 'NONE', #609, #5211 ) ;
#8953 = VERTEX_POINT ( 'NONE', #9847 ) ;
#8954 = AXIS2_PLACEMENT_3D ( 'NONE', #6293, #909, #2655 ) ;
#8955 = CARTESIAN_POINT ( 'NONE',  ( 64.00000000000000000, -38.00000000000000000, 0.000000000000000000 ) ) ;
#8956 = FACE_BOUND ( 'NONE', #11471, .T. ) ;
#8957 = ORIENTED_EDGE ( 'NONE', *, *, #5788, .T. ) ;
#8958 = ORIENTED_EDGE ( 'NONE', *, *, #11042, .T. ) ;
#8959 = ADVANCED_FACE ( 'NONE', ( #778 ), #11726, .T. ) ;
#8960 = EDGE_CURVE ( 'NONE', #6951, #10551, #2962, .T. ) ;
#8961 = CARTESIAN_POINT ( 'NONE',  ( 54.00000000000000711, -38.00000000000000000, 27.00100000000000122 ) ) ;
#8962 = AXIS2_PLACEMENT_3D ( 'NONE', #1702, #5269, #8100 ) ;
#8963 = ORIENTED_EDGE ( 'NONE', *, *, #6218, .T. ) ;
#8964 = CARTESIAN_POINT ( 'NONE',  ( 48.07648822148998136, -83.70000000000001705, 4.409827637963545044 ) ) ;
#8965 = CARTESIAN_POINT ( 'NONE',  ( 28.17510513430301700, -83.99999999999998579, 7.232541915283673184 ) ) ;
#8966 = VERTEX_POINT ( 'NONE', #1747 ) ;
#8967 = DIRECTION ( 'NONE',  ( -1.000000000000000000, 0.000000000000000000, 0.000000000000000000 ) ) ;
#8968 = DIRECTION ( 'NONE',  ( 1.000000000000000000, 0.000000000000000000, 0.000000000000000000 ) ) ;
#8969 = VERTEX_POINT ( 'NONE', #5439 ) ;
#8970 = DIRECTION ( 'NONE',  ( -1.000000000000000000, 0.000000000000000000, 0.000000000000000000 ) ) ;
#8971 = ORIENTED_EDGE ( 'NONE', *, *, #648, .F. ) ;
#8972 = AXIS2_PLACEMENT_3D ( 'NONE', #8365, #4274, #2685 ) ;
#8973 = LINE ( 'NONE', #8060, #4774 ) ;
#8974 = ADVANCED_FACE ( 'NONE', ( #1509 ), #5351, .T. ) ;
#8975 = EDGE_LOOP ( 'NONE', ( #6789, #8404, #201, #6408 ) ) ;
#8976 = CARTESIAN_POINT ( 'NONE',  ( 28.52438137916295702, -83.70000000000001705, 6.200129019447453871 ) ) ;
#8977 = AXIS2_PLACEMENT_3D ( 'NONE', #4789, #10547, #262 ) ;
#8978 = DIRECTION ( 'NONE',  ( 0.000000000000000000, -0.000000000000000000, 1.000000000000000000 ) ) ;
#8979 = CYLINDRICAL_SURFACE ( 'NONE', #4871, 1.000000000000000888 ) ;
#8980 = VERTEX_POINT ( 'NONE', #9964 ) ;
#8981 = EDGE_LOOP ( 'NONE', ( #4353, #7812 ) ) ;
#8982 = CARTESIAN_POINT ( 'NONE',  ( 60.00000000000000711, -22.00000000000000000, 0.000000000000000000 ) ) ;
#8983 = EDGE_CURVE ( 'NONE', #471, #1137, #954, .T. ) ;
#8984 = CARTESIAN_POINT ( 'NONE',  ( 28.33318826102248167, -83.70000000000001705, 4.451714135841259967 ) ) ;
#8985 = EDGE_CURVE ( 'NONE', #5471, #8700, #7006, .T. ) ;
#8986 = ORIENTED_EDGE ( 'NONE', *, *, #3733, .F. ) ;
#8987 = CARTESIAN_POINT ( 'NONE',  ( 30.01146288812770635, -83.69999999999998863, 6.159531851068830832 ) ) ;
#8988 = FACE_OUTER_BOUND ( 'NONE', #3407, .T. ) ;
#8989 = CARTESIAN_POINT ( 'NONE',  ( 61.00000000000000000, -10.00000000000000000, 0.000000000000000000 ) ) ;
#8990 = ORIENTED_EDGE ( 'NONE', *, *, #9727, .T. ) ;
#8991 = FACE_BOUND ( 'NONE', #391, .T. ) ;
#8992 = LINE ( 'NONE', #2638, #2752 ) ;
#8993 = CARTESIAN_POINT ( 'NONE',  ( 30.92203191917490912, -83.70000000000003126, 5.388530742933160589 ) ) ;
#8994 = VERTEX_POINT ( 'NONE', #1138 ) ;
#8995 = PLANE ( 'NONE',  #7171 ) ;
#8996 = LINE ( 'NONE', #11608, #3418 ) ;
#8997 = CARTESIAN_POINT ( 'NONE',  ( 29.84421711895855722, -83.99999999999991473, 5.394539874569522553 ) ) ;
#8998 = VERTEX_POINT ( 'NONE', #8320 ) ;
#8999 = LINE ( 'NONE', #3608, #4727 ) ;
#9000 = CARTESIAN_POINT ( 'NONE',  ( 48.00000000000001421, -62.00000000000000711, 0.000000000000000000 ) ) ;
#9001 = VERTEX_POINT ( 'NONE', #11961 ) ;
#9002 = DIRECTION ( 'NONE',  ( 0.000000000000000000, 0.000000000000000000, -1.000000000000000000 ) ) ;
#9003 = CARTESIAN_POINT ( 'NONE',  ( 29.88169992186303858, -83.70000000000000284, 5.208618058946289153 ) ) ;
#9004 = CARTESIAN_POINT ( 'NONE',  ( 30.39594274992870382, -84.00000000000000000, 8.022808290674177556 ) ) ;
#9005 = DIRECTION ( 'NONE',  ( -0.000000000000000000, 0.000000000000000000, 1.000000000000000000 ) ) ;
#9006 = VERTEX_POINT ( 'NONE', #2764 ) ;
#9007 = CARTESIAN_POINT ( 'NONE',  ( 12.00000000000000000, -4.000000000000000000, 3.999999999999998224 ) ) ;
#9008 = FACE_BOUND ( 'NONE', #4478, .T. ) ;
#9009 = ORIENTED_EDGE ( 'NONE', *, *, #3621, .F. ) ;
#9010 = VERTEX_POINT ( 'NONE', #2878 ) ;
#9011 = DIRECTION ( 'NONE',  ( 0.1363298397660571148, 0.000000000000000000, 0.9906635023000297524 ) ) ;
#9012 = AXIS2_PLACEMENT_3D ( 'NONE', #2228, #8629, #229 ) ;
#9013 = EDGE_LOOP ( 'NONE', ( #9828, #10433 ) ) ;
#9014 = CARTESIAN_POINT ( 'NONE',  ( 58.00000000000000000, -14.00000000000000000, 27.00100000000000122 ) ) ;
#9015 = LINE ( 'NONE', #7204, #10856 ) ;
#9016 = ORIENTED_EDGE ( 'NONE', *, *, #10519, .T. ) ;
#9017 = CARTESIAN_POINT ( 'NONE',  ( 30.94783543880574683, -83.70000000000003126, 4.522846427015654314 ) ) ;
#9018 = ADVANCED_FACE ( 'NONE', ( #4691 ), #1993, .F. ) ;
#9019 = LINE ( 'NONE', #10857, #5399 ) ;
#9020 = EDGE_LOOP ( 'NONE', ( #762, #2941 ) ) ;
#9021 = CARTESIAN_POINT ( 'NONE',  ( 28.52438137916295702, -83.70000000000001705, 6.200129019447453871 ) ) ;
#9022 = VECTOR ( 'NONE', #6852, 1000.000000000000000 ) ;
#9023 = ORIENTED_EDGE ( 'NONE', *, *, #8617, .T. ) ;
#9024 = AXIS2_PLACEMENT_3D ( 'NONE', #2834, #9241, #3676 ) ;
#9025 = CARTESIAN_POINT ( 'NONE',  ( 31.49637569029996342, -83.69999999999998863, 5.700671637856705054 ) ) ;
#9026 = CARTESIAN_POINT ( 'NONE',  ( 31.94462425842338504, -83.70000000000001705, 7.983552992241519597 ) ) ;
#9027 = EDGE_LOOP ( 'NONE', ( #4273, #6434 ) ) ;
#9028 = DIRECTION ( 'NONE',  ( 0.000000000000000000, -0.000000000000000000, -1.000000000000000000 ) ) ;
#9029 = AXIS2_PLACEMENT_3D ( 'NONE', #9852, #10833, #4284 ) ;
#9030 = AXIS2_PLACEMENT_3D ( 'NONE', #8171, #1714, #8967 ) ;
#9031 = VECTOR ( 'NONE', #6480, 1000.000000000000000 ) ;
#9032 = EDGE_CURVE ( 'NONE', #4401, #4870, #3539, .T. ) ;
#9033 = CARTESIAN_POINT ( 'NONE',  ( 64.00000000000001421, -62.00000000000000711, 27.00100000000000122 ) ) ;
#9034 = CARTESIAN_POINT ( 'NONE',  ( 2.200000000000008615, -35.00000000000000000, 25.00000000000000000 ) ) ;
#9035 = VERTEX_POINT ( 'NONE', #3724 ) ;
#9036 = EDGE_CURVE ( 'NONE', #2442, #6383, #7533, .T. ) ;
#9037 = ORIENTED_EDGE ( 'NONE', *, *, #4839, .T. ) ;
#9038 = LINE ( 'NONE', #765, #10639 ) ;
#9039 = AXIS2_PLACEMENT_3D ( 'NONE', #947, #9101, #6501 ) ;
#9040 = VECTOR ( 'NONE', #505, 1000.000000000000000 ) ;
#9041 = LINE ( 'NONE', #2516, #6502 ) ;
#9042 = EDGE_LOOP ( 'NONE', ( #847, #4000, #9535, #1926 ) ) ;
#9043 = CARTESIAN_POINT ( 'NONE',  ( 30.23063248887606491, -84.00000000000000000, 6.069431268178275829 ) ) ;
#9044 = DIRECTION ( 'NONE',  ( 0.000000000000000000, -0.000000000000000000, -1.000000000000000000 ) ) ;
#9045 = VECTOR ( 'NONE', #1372, 1000.000000000000000 ) ;
#9046 = EDGE_CURVE ( 'NONE', #10152, #9267, #7414, .T. ) ;
#9047 = DIRECTION ( 'NONE',  ( 0.000000000000000000, -0.000000000000000000, -1.000000000000000000 ) ) ;
#9048 = ORIENTED_EDGE ( 'NONE', *, *, #10194, .F. ) ;
#9049 = AXIS2_PLACEMENT_3D ( 'NONE', #17, #1895, #3688 ) ;
#9050 = EDGE_CURVE ( 'NONE', #11838, #1536, #7784, .T. ) ;
#9051 = DIRECTION ( 'NONE',  ( 0.000000000000000000, -0.000000000000000000, -1.000000000000000000 ) ) ;
#9052 = FACE_OUTER_BOUND ( 'NONE', #3030, .T. ) ;
#9053 = LINE ( 'NONE', #7118, #2578 ) ;
#9054 = ORIENTED_EDGE ( 'NONE', *, *, #5179, .F. ) ;
#9055 = CARTESIAN_POINT ( 'NONE',  ( 62.00000000000001421, -42.00000000000000000, 0.000000000000000000 ) ) ;
#9056 = DIRECTION ( 'NONE',  ( -0.000000000000000000, -0.000000000000000000, -1.000000000000000000 ) ) ;
#9057 = CIRCLE ( 'NONE', #4041, 1.000000000000000888 ) ;
#9058 = DIRECTION ( 'NONE',  ( -0.000000000000000000, -0.000000000000000000, -1.000000000000000000 ) ) ;
#9059 = ORIENTED_EDGE ( 'NONE', *, *, #8280, .F. ) ;
#9060 = LINE ( 'NONE', #7186, #1227 ) ;
#9061 = EDGE_CURVE ( 'NONE', #118, #4605, #11004, .T. ) ;
#9062 = LINE ( 'NONE', #4464, #4079 ) ;
#9063 = ORIENTED_EDGE ( 'NONE', *, *, #3804, .T. ) ;
#9064 = CARTESIAN_POINT ( 'NONE',  ( 3.000000000000008882, -35.00000000000000000, 22.00000000000000355 ) ) ;
#9065 = CARTESIAN_POINT ( 'NONE',  ( 30.25503991994079200, -83.70000000000003126, 4.895250670848655616 ) ) ;
#9066 = CARTESIAN_POINT ( 'NONE',  ( 31.42843148024376632, -84.00000000000000000, 7.044077103583869182 ) ) ;
#9067 = CARTESIAN_POINT ( 'NONE',  ( 45.59988003435547199, -84.00000000000000000, 5.678833485916761070 ) ) ;
#9068 = VECTOR ( 'NONE', #10022, 1000.000000000000114 ) ;
#9069 = LINE ( 'NONE', #4471, #2579 ) ;
#9070 = FACE_BOUND ( 'NONE', #6452, .T. ) ;
#9071 = ORIENTED_EDGE ( 'NONE', *, *, #6807, .T. ) ;
#9072 = LINE ( 'NONE', #800, #11525 ) ;
#9073 = ORIENTED_EDGE ( 'NONE', *, *, #6662, .T. ) ;
#9074 = CARTESIAN_POINT ( 'NONE',  ( 53.00000000000000711, -22.00000000000000000, 1.999999999999998224 ) ) ;
#9075 = VECTOR ( 'NONE', #7040, 1000.000000000000000 ) ;
#9076 = DIRECTION ( 'NONE',  ( 0.6204030726835847442, 0.000000000000000000, 0.7842831296188683687 ) ) ;
#9077 = CARTESIAN_POINT ( 'NONE',  ( 31.45462915946934501, -83.99999999999997158, 5.039445020905520600 ) ) ;
#9078 = VERTEX_POINT ( 'NONE', #2705 ) ;
#9079 = LINE ( 'NONE', #5470, #8279 ) ;
#9080 = VERTEX_POINT ( 'NONE', #9287 ) ;
#9081 = CARTESIAN_POINT ( 'NONE',  ( 28.29833475694925227, -83.70000000000003126, 6.052945767397737598 ) ) ;
#9082 = VERTEX_POINT ( 'NONE', #2816 ) ;
#9083 = CARTESIAN_POINT ( 'NONE',  ( 53.00000000000000711, -38.00000000000000000, 0.000000000000000000 ) ) ;
#9084 = EDGE_CURVE ( 'NONE', #6905, #10096, #6508, .T. ) ;
#9085 = CARTESIAN_POINT ( 'NONE',  ( 52.00000000000000711, -26.00000000000000355, 0.000000000000000000 ) ) ;
#9086 = CIRCLE ( 'NONE', #4447, 1.000000000000000888 ) ;
#9087 = VERTEX_POINT ( 'NONE', #10263 ) ;
#9088 = LINE ( 'NONE', #10981, #11571 ) ;
#9089 = AXIS2_PLACEMENT_3D ( 'NONE', #3810, #5526, #9187 ) ;
#9090 = FACE_BOUND ( 'NONE', #9110, .T. ) ;
#9091 = DIRECTION ( 'NONE',  ( -0.000000000000000000, -0.000000000000000000, -1.000000000000000000 ) ) ;
#9092 = ORIENTED_EDGE ( 'NONE', *, *, #11855, .F. ) ;
#9093 = CARTESIAN_POINT ( 'NONE',  ( 29.27606182237592947, -83.70000000000003126, 5.132955299151009676 ) ) ;
#9094 = ORIENTED_EDGE ( 'NONE', *, *, #9995, .F. ) ;
#9095 = CARTESIAN_POINT ( 'NONE',  ( 75.00000000000002842, -82.00000000000000000, 1.999999999999998224 ) ) ;
#9096 = CIRCLE ( 'NONE', #1399, 1.000000000000000888 ) ;
#9097 = CIRCLE ( 'NONE', #4069, 2.000000000000001776 ) ;
#9098 = ADVANCED_FACE ( 'NONE', ( #1076 ), #10202, .T. ) ;
#9099 = CYLINDRICAL_SURFACE ( 'NONE', #2089, 1.000000000000000888 ) ;
#9100 = VERTEX_POINT ( 'NONE', #8385 ) ;
#9101 = DIRECTION ( 'NONE',  ( 0.000000000000000000, -0.000000000000000000, -1.000000000000000000 ) ) ;
#9102 = CARTESIAN_POINT ( 'NONE',  ( 49.00000000000001421, -50.00000000000000000, 27.00100000000000122 ) ) ;
#9103 = AXIS2_PLACEMENT_3D ( 'NONE', #6333, #4507, #8252 ) ;
#9104 = CIRCLE ( 'NONE', #7746, 2.000000000000001776 ) ;
#9105 = CARTESIAN_POINT ( 'NONE',  ( 65.00000000000001421, -66.00000000000000000, 0.000000000000000000 ) ) ;
#9106 = VERTEX_POINT ( 'NONE', #5681 ) ;
#9107 = DIRECTION ( 'NONE',  ( 0.000000000000000000, 0.000000000000000000, -1.000000000000000000 ) ) ;
#9108 = CARTESIAN_POINT ( 'NONE',  ( 60.00000000000001421, -54.00000000000000000, 0.000000000000000000 ) ) ;
#9109 = CARTESIAN_POINT ( 'NONE',  ( 30.48701502151793363, -83.70000000000003126, 4.898674919890882329 ) ) ;
#9110 = EDGE_LOOP ( 'NONE', ( #3133, #4521 ) ) ;
#9111 = CARTESIAN_POINT ( 'NONE',  ( 28.33842183556960137, -83.70000000000003126, 7.843714332574958981 ) ) ;
#9112 = AXIS2_PLACEMENT_3D ( 'NONE', #7702, #10564, #5977 ) ;
#9113 = CARTESIAN_POINT ( 'NONE',  ( 45.78409056067126670, -83.70000000000001705, 4.368891965448924886 ) ) ;
#9114 = CARTESIAN_POINT ( 'NONE',  ( 48.00000000000001421, -66.00000000000000000, 27.00100000000000122 ) ) ;
#9115 = EDGE_CURVE ( 'NONE', #1713, #6979, #5499, .T. ) ;
#9116 = EDGE_CURVE ( 'NONE', #10369, #2863, #4750, .T. ) ;
#9117 = LINE ( 'NONE', #3552, #3486 ) ;
#9118 = FACE_OUTER_BOUND ( 'NONE', #4782, .T. ) ;
#9119 = ORIENTED_EDGE ( 'NONE', *, *, #7564, .F. ) ;
#9120 = CARTESIAN_POINT ( 'NONE',  ( 61.00000000000000000, -14.00000000000000000, 1.999999999999998224 ) ) ;
#9121 = DIRECTION ( 'NONE',  ( -1.000000000000000000, 0.000000000000000000, 0.000000000000000000 ) ) ;
#9122 = CARTESIAN_POINT ( 'NONE',  ( 43.30580519699202569, -82.69419480300798853, 0.09139247962818904114 ) ) ;
#9123 = DIRECTION ( 'NONE',  ( 0.4374657188493064619, 0.000000000000000000, -0.8992350887457960518 ) ) ;
#9124 = CYLINDRICAL_SURFACE ( 'NONE', #8954, 1.000000000000000888 ) ;
#9125 = FACE_BOUND ( 'NONE', #5480, .T. ) ;
#9126 = VERTEX_POINT ( 'NONE', #10084 ) ;
#9127 = CIRCLE ( 'NONE', #6433, 1.000000000000000888 ) ;
#9128 = EDGE_CURVE ( 'NONE', #8128, #9100, #1805, .T. ) ;
#9129 = DIRECTION ( 'NONE',  ( 0.000000000000000000, 0.000000000000000000, -1.000000000000000000 ) ) ;
#9130 = EDGE_CURVE ( 'NONE', #6404, #7411, #11240, .T. ) ;
#9131 = ORIENTED_EDGE ( 'NONE', *, *, #9274, .F. ) ;
#9132 = CARTESIAN_POINT ( 'NONE',  ( 48.83379816301044940, -83.70000000000001705, 7.132049860185766477 ) ) ;
#9133 = AXIS2_PLACEMENT_3D ( 'NONE', #8143, #6339, #8878 ) ;
#9134 = CARTESIAN_POINT ( 'NONE',  ( 61.00000000000001421, -42.00000000000000000, 1.999999999999998224 ) ) ;
#9135 = EDGE_LOOP ( 'NONE', ( #8155, #11216, #7148, #3224 ) ) ;
#9136 = CARTESIAN_POINT ( 'NONE',  ( 56.00000000000000711, -50.00000000000000000, 1.999999999999998224 ) ) ;
#9137 = CARTESIAN_POINT ( 'NONE',  ( 30.23063248887606491, -84.00000000000000000, 6.069431268178275829 ) ) ;
#9138 = VERTEX_POINT ( 'NONE', #2944 ) ;
#9139 = CARTESIAN_POINT ( 'NONE',  ( 33.35538882415871598, -83.70000000000001705, 4.451714135841259967 ) ) ;
#9140 = ORIENTED_EDGE ( 'NONE', *, *, #2102, .T. ) ;
#9141 = VECTOR ( 'NONE', #10954, 1000.000000000000000 ) ;
#9142 = CARTESIAN_POINT ( 'NONE',  ( 73.80000000000001137, 2.775557561562891351E-16, 0.000000000000000000 ) ) ;
#9143 = FACE_OUTER_BOUND ( 'NONE', #9899, .T. ) ;
#9144 = ORIENTED_EDGE ( 'NONE', *, *, #7642, .F. ) ;
#9145 = CARTESIAN_POINT ( 'NONE',  ( 11.17157287525381193, -65.06970393754366455, -1.516257052729721471E-15 ) ) ;
#9146 =( BOUNDED_CURVE ( )  B_SPLINE_CURVE ( 3, ( #5479, #9145, #11823, #7217 ),
 .UNSPECIFIED., .F., .F. ) 
 B_SPLINE_CURVE_WITH_KNOTS ( ( 4, 4 ),
 ( 4.712388980384689674, 6.283185307179586232 ),
 .UNSPECIFIED. ) 
 CURVE ( )  GEOMETRIC_REPRESENTATION_ITEM ( )  RATIONAL_B_SPLINE_CURVE ( ( 1.000000000000000000, 0.8047378541243649375, 0.8047378541243649375, 1.000000000000000000 ) ) 
 REPRESENTATION_ITEM ( '' )  );
#9147 = VERTEX_POINT ( 'NONE', #6630 ) ;
#9148 = AXIS2_PLACEMENT_3D ( 'NONE', #2443, #7997, #1481 ) ;
#9149 = FACE_BOUND ( 'NONE', #3087, .T. ) ;
#9150 = CARTESIAN_POINT ( 'NONE',  ( 0.000000000000000000, -82.00000000000000000, 0.000000000000000000 ) ) ;
#9151 = EDGE_LOOP ( 'NONE', ( #7014, #8173 ) ) ;
#9152 = CARTESIAN_POINT ( 'NONE',  ( 48.07648822148998136, -83.70000000000001705, 4.409827637963545044 ) ) ;
#9153 = ADVANCED_FACE ( 'NONE', ( #10325 ), #4568, .F. ) ;
#9154 = ORIENTED_EDGE ( 'NONE', *, *, #2774, .T. ) ;
#9155 = EDGE_CURVE ( 'NONE', #8665, #11231, #2016, .T. ) ;
#9156 = LINE ( 'NONE', #11831, #9403 ) ;
#9157 = VECTOR ( 'NONE', #3938, 1000.000000000000000 ) ;
#9158 = VERTEX_POINT ( 'NONE', #11474 ) ;
#9159 = CARTESIAN_POINT ( 'NONE',  ( 2.200000000000008615, -35.00000000000000000, 22.00000000000000355 ) ) ;
#9160 = DIRECTION ( 'NONE',  ( 1.000000000000000000, 0.000000000000000000, 0.000000000000000000 ) ) ;
#9161 = DIRECTION ( 'NONE',  ( -1.000000000000000000, 0.000000000000000000, 0.000000000000000000 ) ) ;
#9162 = ORIENTED_EDGE ( 'NONE', *, *, #4074, .T. ) ;
#9163 = EDGE_CURVE ( 'NONE', #1983, #517, #11414, .T. ) ;
#9164 = LINE ( 'NONE', #3845, #1945 ) ;
#9165 = DIRECTION ( 'NONE',  ( -1.000000000000000000, 0.000000000000000000, 0.000000000000000000 ) ) ;
#9166 = CARTESIAN_POINT ( 'NONE',  ( 66.00000000000000000, -30.00000000000000000, 27.00100000000000122 ) ) ;
#9167 = ORIENTED_EDGE ( 'NONE', *, *, #8225, .T. ) ;
#9168 = LINE ( 'NONE', #5382, #7563 ) ;
#9169 = DIRECTION ( 'NONE',  ( 1.000000000000000000, 0.000000000000000000, 0.000000000000000000 ) ) ;
#9170 = CARTESIAN_POINT ( 'NONE',  ( 30.16379603509039953, -83.99999999999990052, 4.922501976949311242 ) ) ;
#9171 = ORIENTED_EDGE ( 'NONE', *, *, #9642, .F. ) ;
#9172 = DIRECTION ( 'NONE',  ( 0.000000000000000000, -0.000000000000000000, 1.000000000000000000 ) ) ;
#9173 = CARTESIAN_POINT ( 'NONE',  ( 54.91274553143149717, -84.00000000000000000, 6.436143427437228226 ) ) ;
#9174 = EDGE_LOOP ( 'NONE', ( #5371, #1472, #6548, #8470 ) ) ;
#9175 = FACE_OUTER_BOUND ( 'NONE', #4595, .T. ) ;
#9176 = DIRECTION ( 'NONE',  ( -0.000000000000000000, -0.000000000000000000, -1.000000000000000000 ) ) ;
#9177 = ADVANCED_FACE ( 'NONE', ( #1200 ), #288, .T. ) ;
#9178 = CARTESIAN_POINT ( 'NONE',  ( 44.00000000000000000, -82.00000000000000000, 0.000000000000000000 ) ) ;
#9179 = LINE ( 'NONE', #2781, #8871 ) ;
#9180 = DIRECTION ( 'NONE',  ( -0.000000000000000000, -0.000000000000000000, -1.000000000000000000 ) ) ;
#9181 = CARTESIAN_POINT ( 'NONE',  ( 27.80152656754404816, -83.70000000000001705, 7.485973753950087684 ) ) ;
#9182 = ORIENTED_EDGE ( 'NONE', *, *, #2188, .T. ) ;
#9183 = ADVANCED_FACE ( 'NONE', ( #6749 ), #7826, .F. ) ;
#9184 = CYLINDRICAL_SURFACE ( 'NONE', #7075, 1.000000000000000888 ) ;
#9185 = VERTEX_POINT ( 'NONE', #5003 ) ;
#9186 = CARTESIAN_POINT ( 'NONE',  ( 53.05017243201628929, -83.70000000000001705, 4.409827637963545044 ) ) ;
#9187 = DIRECTION ( 'NONE',  ( 1.000000000000000000, 4.336808689942013792E-16, 0.000000000000000000 ) ) ;
#9188 = DIRECTION ( 'NONE',  ( -0.4806234841567049165, 0.000000000000000000, 0.8769270588122307641 ) ) ;
#9189 = EDGE_CURVE ( 'NONE', #10271, #9841, #8567, .T. ) ;
#9190 = CARTESIAN_POINT ( 'NONE',  ( 29.91269368556428887, -84.00000000000004263, 6.207922196308472529 ) ) ;
#9191 = VERTEX_POINT ( 'NONE', #7768 ) ;
#9192 = CARTESIAN_POINT ( 'NONE',  ( 11.17157287525381193, -1.519509030229690944E-15, 13.82842712474618629 ) ) ;
#9193 = EDGE_LOOP ( 'NONE', ( #3981, #1375 ) ) ;
#9194 = EDGE_CURVE ( 'NONE', #2784, #8314, #10569, .T. ) ;
#9195 = VECTOR ( 'NONE', #9056, 1000.000000000000000 ) ;
#9196 = CARTESIAN_POINT ( 'NONE',  ( 66.00000000000000000, -34.00000000000000000, 0.000000000000000000 ) ) ;
#9197 = CARTESIAN_POINT ( 'NONE',  ( 3.000000000000021760, -84.00000000000000000, 1.999999999999998224 ) ) ;
#9198 = EDGE_LOOP ( 'NONE', ( #374, #955, #2513, #340 ) ) ;
#9199 = FACE_OUTER_BOUND ( 'NONE', #10811, .T. ) ;
#9200 = CARTESIAN_POINT ( 'NONE',  ( 30.53385184869781810, -84.00000000000001421, 5.925185334711404295 ) ) ;
#9201 = VERTEX_POINT ( 'NONE', #5983 ) ;
#9202 = AXIS2_PLACEMENT_3D ( 'NONE', #3605, #2767, #7301 ) ;
#9203 = EDGE_CURVE ( 'NONE', #1875, #1896, #10445, .T. ) ;
#9204 = CARTESIAN_POINT ( 'NONE',  ( 53.52093266593442422, -83.70000000000001705, 7.520938749074655760 ) ) ;
#9205 = CARTESIAN_POINT ( 'NONE',  ( 29.23690956070042901, -84.00000000000001421, 5.407851136329481889 ) ) ;
#9206 = ORIENTED_EDGE ( 'NONE', *, *, #3056, .F. ) ;
#9207 = CARTESIAN_POINT ( 'NONE',  ( 62.00000000000002132, -66.00000000000000000, 1.999999999999998224 ) ) ;
#9208 = ORIENTED_EDGE ( 'NONE', *, *, #5299, .T. ) ;
#9209 = B_SPLINE_CURVE_WITH_KNOTS ( 'NONE', 3,
 ( #10192, #9957, #830, #1679, #1921, #1798, #9279, #5372, #6388, #10074, #9043 ),
 .UNSPECIFIED., .F., .F.,
 ( 4, 1, 1, 1, 1, 1, 1, 1, 4 ),
 ( 0.000000000000000000, 0.08942261484839612862, 0.1816197872416817904, 0.2805659334418186268, 0.3906771138371669672, 0.5152471289244904273, 0.6573284607874102514, 0.8189258490273162439, 1.000000000000000000 ),
 .UNSPECIFIED. ) ;
#9210 = VECTOR ( 'NONE', #3536, 1000.000000000000000 ) ;
#9211 = DIRECTION ( 'NONE',  ( -1.000000000000000000, 0.000000000000000000, 0.000000000000000000 ) ) ;
#9212 = VECTOR ( 'NONE', #7081, 1000.000000000000000 ) ;
#9213 = ORIENTED_EDGE ( 'NONE', *, *, #10464, .T. ) ;
#9214 = DIRECTION ( 'NONE',  ( -0.6204030726835848553, 0.000000000000000000, -0.7842831296188682577 ) ) ;
#9215 = AXIS2_PLACEMENT_3D ( 'NONE', #1155, #4834, #6705 ) ;
#9216 = CYLINDRICAL_SURFACE ( 'NONE', #4865, 1.000000000000000888 ) ;
#9217 = ORIENTED_EDGE ( 'NONE', *, *, #6142, .F. ) ;
#9218 = AXIS2_PLACEMENT_3D ( 'NONE', #2884, #11417, #5745 ) ;
#9219 = ORIENTED_EDGE ( 'NONE', *, *, #496, .F. ) ;
#9220 = FACE_OUTER_BOUND ( 'NONE', #11447, .T. ) ;
#9221 = DIRECTION ( 'NONE',  ( -0.000000000000000000, 1.000000000000000000, -0.000000000000000000 ) ) ;
#9222 = AXIS2_PLACEMENT_3D ( 'NONE', #11269, #6423, #9315 ) ;
#9223 = CARTESIAN_POINT ( 'NONE',  ( 65.00000000000001421, -46.00000000000000711, 27.00100000000000122 ) ) ;
#9224 = EDGE_LOOP ( 'NONE', ( #628, #2734 ) ) ;
#9225 = CARTESIAN_POINT ( 'NONE',  ( 28.59246547599502009, -83.99999999999995737, 7.666999653768137080 ) ) ;
#9226 = DIRECTION ( 'NONE',  ( 0.000000000000000000, 0.000000000000000000, -1.000000000000000000 ) ) ;
#9227 = ORIENTED_EDGE ( 'NONE', *, *, #1853, .T. ) ;
#9228 = DIRECTION ( 'NONE',  ( 0.000000000000000000, -0.000000000000000000, -1.000000000000000000 ) ) ;
#9229 = AXIS2_PLACEMENT_3D ( 'NONE', #5170, #4995, #7761 ) ;
#9230 = ADVANCED_FACE ( 'NONE', ( #8685 ), #4140, .F. ) ;
#9231 = EDGE_LOOP ( 'NONE', ( #7173, #3775, #2798, #3712 ) ) ;
#9232 = CARTESIAN_POINT ( 'NONE',  ( 66.00000000000001421, -62.00000000000000711, 27.00100000000000122 ) ) ;
#9233 = CIRCLE ( 'NONE', #8866, 1.000000000000000888 ) ;
#9234 = DIRECTION ( 'NONE',  ( -1.000000000000000000, 0.000000000000000000, 0.000000000000000000 ) ) ;
#9235 = EDGE_LOOP ( 'NONE', ( #10837, #5823 ) ) ;
#9236 = FACE_OUTER_BOUND ( 'NONE', #3330, .T. ) ;
#9237 = CARTESIAN_POINT ( 'NONE',  ( 64.00000000000001421, -62.00000000000000711, 1.999999999999998224 ) ) ;
#9238 = CARTESIAN_POINT ( 'NONE',  ( 53.00000000000002132, -62.00000000000000711, 27.00100000000000122 ) ) ;
#9239 = CARTESIAN_POINT ( 'NONE',  ( 45.37473383552506334, -83.70000000000001705, 7.909827637963544156 ) ) ;
#9240 = CARTESIAN_POINT ( 'NONE',  ( 54.00000000000000711, -22.00000000000000000, 1.999999999999998224 ) ) ;
#9241 = DIRECTION ( 'NONE',  ( -0.000000000000000000, -0.000000000000000000, -1.000000000000000000 ) ) ;
#9242 = ORIENTED_EDGE ( 'NONE', *, *, #10806, .T. ) ;
#9243 = VECTOR ( 'NONE', #10598, 1000.000000000000000 ) ;
#9244 = CARTESIAN_POINT ( 'NONE',  ( 57.00000000000000711, -50.00000000000000000, 0.000000000000000000 ) ) ;
#9245 = EDGE_CURVE ( 'NONE', #643, #1770, #7590, .T. ) ;
#9246 = EDGE_CURVE ( 'NONE', #2694, #1086, #461, .T. ) ;
#9247 = ORIENTED_EDGE ( 'NONE', *, *, #3431, .T. ) ;
#9248 = DIRECTION ( 'NONE',  ( 0.000000000000000000, 0.000000000000000000, -1.000000000000000000 ) ) ;
#9249 = EDGE_CURVE ( 'NONE', #2863, #9001, #4940, .T. ) ;
#9250 = PLANE ( 'NONE',  #6020 ) ;
#9251 = DIRECTION ( 'NONE',  ( -0.000000000000000000, -1.000000000000000000, -0.000000000000000000 ) ) ;
#9252 = AXIS2_PLACEMENT_3D ( 'NONE', #5814, #4093, #6870 ) ;
#9253 = CYLINDRICAL_SURFACE ( 'NONE', #6358, 1.000000000000000888 ) ;
#9254 = VERTEX_POINT ( 'NONE', #9658 ) ;
#9255 = CARTESIAN_POINT ( 'NONE',  ( 28.21825136212247642, -83.70000000000001705, 6.030376166609516808 ) ) ;
#9256 = VERTEX_POINT ( 'NONE', #7595 ) ;
#9257 = DIRECTION ( 'NONE',  ( 1.000000000000000000, 0.000000000000000000, 0.000000000000000000 ) ) ;
#9258 = AXIS2_PLACEMENT_3D ( 'NONE', #3598, #7464, #9347 ) ;
#9259 = CARTESIAN_POINT ( 'NONE',  ( 29.96186005496573301, -84.00000000000001421, 5.065701839048957211 ) ) ;
#9260 = ADVANCED_FACE ( 'NONE', ( #8745 ), #2999, .F. ) ;
#9261 = VERTEX_POINT ( 'NONE', #403 ) ;
#9262 = CARTESIAN_POINT ( 'NONE',  ( 65.00000000000000000, -14.00000000000000000, 0.000000000000000000 ) ) ;
#9263 = EDGE_CURVE ( 'NONE', #6568, #2186, #9337, .T. ) ;
#9264 = EDGE_CURVE ( 'NONE', #763, #9444, #7735, .T. ) ;
#9265 = EDGE_CURVE ( 'NONE', #2624, #7299, #8950, .T. ) ;
#9266 = CARTESIAN_POINT ( 'NONE',  ( 28.19720649916428457, -84.00000000000001421, 7.182893680312834483 ) ) ;
#9267 = VERTEX_POINT ( 'NONE', #7979 ) ;
#9268 = FACE_BOUND ( 'NONE', #1061, .T. ) ;
#9269 = CARTESIAN_POINT ( 'NONE',  ( 30.22373239490927332, -83.99999999999998579, 4.414029036619405488 ) ) ;
#9270 = ORIENTED_EDGE ( 'NONE', *, *, #3190, .F. ) ;
#9271 = CARTESIAN_POINT ( 'NONE',  ( 73.00000000000000000, -3.999999999999999112, 1.999999999999998224 ) ) ;
#9272 = EDGE_LOOP ( 'NONE', ( #869, #8053 ) ) ;
#9273 = EDGE_CURVE ( 'NONE', #8774, #7912, #3085, .T. ) ;
#9274 = EDGE_CURVE ( 'NONE', #5356, #8235, #5292, .T. ) ;
#9275 = CIRCLE ( 'NONE', #6227, 1.000000000000000888 ) ;
#9276 = DIRECTION ( 'NONE',  ( -0.000000000000000000, -0.000000000000000000, -1.000000000000000000 ) ) ;
#9277 = EDGE_CURVE ( 'NONE', #6203, #2397, #7007, .T. ) ;
#9278 = EDGE_LOOP ( 'NONE', ( #7119, #4615, #11344, #8528 ) ) ;
#9279 = CARTESIAN_POINT ( 'NONE',  ( 30.65407208785928006, -84.00000000000001421, 5.848139695764561274 ) ) ;
#9280 = VERTEX_POINT ( 'NONE', #8829 ) ;
#9281 = FACE_OUTER_BOUND ( 'NONE', #11155, .T. ) ;
#9282 = ORIENTED_EDGE ( 'NONE', *, *, #113, .T. ) ;
#9283 = CIRCLE ( 'NONE', #7164, 1.000000000000000888 ) ;
#9284 = VECTOR ( 'NONE', #4643, 1000.000000000000000 ) ;
#9285 = ORIENTED_EDGE ( 'NONE', *, *, #3510, .T. ) ;
#9286 = DIRECTION ( 'NONE',  ( 1.000000000000000000, 0.000000000000000000, 0.000000000000000000 ) ) ;
#9287 = CARTESIAN_POINT ( 'NONE',  ( 71.00000000000002842, -82.00000000000000000, 27.00000000000000000 ) ) ;
#9288 = ORIENTED_EDGE ( 'NONE', *, *, #10507, .T. ) ;
#9289 = CARTESIAN_POINT ( 'NONE',  ( 30.87212956031355304, -83.70000000000001705, 6.358356057392994032 ) ) ;
#9290 = DIRECTION ( 'NONE',  ( -1.000000000000000000, 0.000000000000000000, 0.000000000000000000 ) ) ;
#9291 = ORIENTED_EDGE ( 'NONE', *, *, #6041, .T. ) ;
#9292 = VECTOR ( 'NONE', #8454, 1000.000000000000000 ) ;
#9293 = CARTESIAN_POINT ( 'NONE',  ( 65.00000000000000000, -34.00000000000000000, 0.000000000000000000 ) ) ;
#9294 = VECTOR ( 'NONE', #8203, 1000.000000000000000 ) ;
#9295 = VERTEX_POINT ( 'NONE', #8651 ) ;
#9296 = DIRECTION ( 'NONE',  ( 1.000000000000000000, -0.000000000000000000, 0.000000000000000000 ) ) ;
#9297 = CARTESIAN_POINT ( 'NONE',  ( 61.00000000000000000, -18.00000000000000355, 27.00100000000000122 ) ) ;
#9298 = ORIENTED_EDGE ( 'NONE', *, *, #10992, .F. ) ;
#9299 = CARTESIAN_POINT ( 'NONE',  ( 52.10865196418003364, -83.70000000000001705, 4.409827637963545044 ) ) ;
#9300 = CARTESIAN_POINT ( 'NONE',  ( 49.00000000000001421, -58.00000000000000000, 1.999999999999998224 ) ) ;
#9301 = DIRECTION ( 'NONE',  ( 0.000000000000000000, 0.000000000000000000, 1.000000000000000000 ) ) ;
#9302 = CARTESIAN_POINT ( 'NONE',  ( 64.00000000000000000, -34.00000000000000000, 1.999999999999998224 ) ) ;
#9303 = AXIS2_PLACEMENT_3D ( 'NONE', #6564, #10195, #3596 ) ;
#9304 = PLANE ( 'NONE',  #7982 ) ;
#9305 = FACE_BOUND ( 'NONE', #10404, .T. ) ;
#9306 = ORIENTED_EDGE ( 'NONE', *, *, #11461, .T. ) ;
#9307 = EDGE_CURVE ( 'NONE', #4660, #949, #6066, .T. ) ;
#9308 = CARTESIAN_POINT ( 'NONE',  ( 50.04140050219173474, -83.70000000000001705, 4.409827637963545044 ) ) ;
#9309 = B_SPLINE_CURVE_WITH_KNOTS ( 'NONE', 3,
 ( #7451, #1850, #9269, #2747, #6318, #5540, #4436, #3585, #2862, #10986, #2683, #10005, #10183, #4495, #8184, #1913, #11883, #9205, #11825 ),
 .UNSPECIFIED., .F., .F.,
 ( 4, 1, 1, 1, 1, 1, 1, 1, 1, 1, 1, 1, 1, 1, 1, 1, 4 ),
 ( 0.000000000000000000, 0.07456366008174571125, 0.1450976384992603285, 0.2126015856181748820, 0.2774325413280351871, 0.3400420512316727484, 0.4013897991263318255, 0.4618199284065850341, 0.5224499454441378088, 0.5824209209843980162, 0.6414145422376549277, 0.6993022979421195107, 0.7574494626233130301, 0.8155187568926939301, 0.8752283624476200341, 0.9365167542186020322, 1.000000000000000000 ),
 .UNSPECIFIED. ) ;
#9310 = DIRECTION ( 'NONE',  ( -2.787948443534154893E-16, 1.000000000000000000, -0.000000000000000000 ) ) ;
#9311 = VECTOR ( 'NONE', #8338, 1000.000000000000000 ) ;
#9312 = ORIENTED_EDGE ( 'NONE', *, *, #3284, .F. ) ;
#9313 = DIRECTION ( 'NONE',  ( -0.000000000000000000, -0.000000000000000000, -1.000000000000000000 ) ) ;
#9314 = LINE ( 'NONE', #3625, #9874 ) ;
#9315 = DIRECTION ( 'NONE',  ( -1.000000000000000000, 0.000000000000000000, 0.000000000000000000 ) ) ;
#9316 = VECTOR ( 'NONE', #8200, 1000.000000000000000 ) ;
#9317 = DIRECTION ( 'NONE',  ( -1.000000000000000000, 0.000000000000000000, 0.000000000000000000 ) ) ;
#9318 = VERTEX_POINT ( 'NONE', #2311 ) ;
#9319 = CARTESIAN_POINT ( 'NONE',  ( 65.00000000000000000, -42.00000000000000000, 0.000000000000000000 ) ) ;
#9320 = DIRECTION ( 'NONE',  ( 0.000000000000000000, 0.000000000000000000, -1.000000000000000000 ) ) ;
#9322 = EDGE_CURVE ( 'NONE', #5035, #4747, #2768, .T. ) ;
#9321 = ORIENTED_EDGE ( 'NONE', *, *, #7046, .T. ) ;
#9323 = ADVANCED_FACE ( 'NONE', ( #1523 ), #433, .T. ) ;
#9324 = DIRECTION ( 'NONE',  ( -0.000000000000000000, -1.000000000000000000, -0.000000000000000000 ) ) ;
#9325 = CARTESIAN_POINT ( 'NONE',  ( 29.93008992868893614, -83.99999999999998579, 5.108619507828207063 ) ) ;
#9326 = CIRCLE ( 'NONE', #9719, 1.000000000000000888 ) ;
#9327 = EDGE_LOOP ( 'NONE', ( #10248, #3677, #3735, #7643 ) ) ;
#9328 = LINE ( 'NONE', #1054, #8443 ) ;
#9329 = CARTESIAN_POINT ( 'NONE',  ( 28.11531658691566449, -83.70000000000001705, 7.320120654760146728 ) ) ;
#9330 = VERTEX_POINT ( 'NONE', #8891 ) ;
#9331 = FACE_BOUND ( 'NONE', #683, .T. ) ;
#9332 = CARTESIAN_POINT ( 'NONE',  ( 48.00000000000000000, -14.00000000000000000, 0.000000000000000000 ) ) ;
#9333 = ORIENTED_EDGE ( 'NONE', *, *, #7005, .T. ) ;
#9334 = CARTESIAN_POINT ( 'NONE',  ( 48.83379816301044940, -84.00000000000000000, 7.132049860185766477 ) ) ;
#9335 = EDGE_LOOP ( 'NONE', ( #7426, #1672, #2913, #7128 ) ) ;
#9336 = EDGE_CURVE ( 'NONE', #8953, #11305, #6820, .T. ) ;
#9337 = CIRCLE ( 'NONE', #5486, 1.000000000000000888 ) ;
#9338 = EDGE_CURVE ( 'NONE', #539, #4449, #2430, .T. ) ;
#9339 = CARTESIAN_POINT ( 'NONE',  ( 30.35672234539380199, -84.00000000000001421, 6.591320836775837577 ) ) ;
#9340 = ORIENTED_EDGE ( 'NONE', *, *, #8165, .F. ) ;
#9341 = CARTESIAN_POINT ( 'NONE',  ( 30.41958573756706841, -83.99999999999998579, 4.890887387587198987 ) ) ;
#9342 = AXIS2_PLACEMENT_3D ( 'NONE', #9238, #2780, #8335 ) ;
#9343 = EDGE_LOOP ( 'NONE', ( #2613, #8516, #11045, #6071 ) ) ;
#9344 = CARTESIAN_POINT ( 'NONE',  ( 44.99999999999999289, -1.200000000000000178, 22.00000000000000355 ) ) ;
#9345 = ORIENTED_EDGE ( 'NONE', *, *, #8835, .T. ) ;
#9346 = EDGE_LOOP ( 'NONE', ( #10613, #9612 ) ) ;
#9347 = DIRECTION ( 'NONE',  ( -1.000000000000000000, 0.000000000000000000, 0.000000000000000000 ) ) ;
#9348 = EDGE_CURVE ( 'NONE', #4355, #2624, #5886, .T. ) ;
#9349 = CARTESIAN_POINT ( 'NONE',  ( 57.00000000000000000, -14.00000000000000000, 27.00100000000000122 ) ) ;
#9350 = VERTEX_POINT ( 'NONE', #11559 ) ;
#9351 = ADVANCED_FACE ( 'NONE', ( #1467 ), #6831, .T. ) ;
#9352 = VECTOR ( 'NONE', #5785, 1000.000000000000000 ) ;
#9353 = CARTESIAN_POINT ( 'NONE',  ( 2.000000000000027089, -82.00000000000000000, 1.999999999999998224 ) ) ;
#9354 = DIRECTION ( 'NONE',  ( -1.000000000000000000, 0.000000000000000000, 0.000000000000000000 ) ) ;
#9355 = ORIENTED_EDGE ( 'NONE', *, *, #3118, .T. ) ;
#9356 = DIRECTION ( 'NONE',  ( 1.000000000000000000, 3.469446951953614189E-16, 0.000000000000000000 ) ) ;
#9357 = ORIENTED_EDGE ( 'NONE', *, *, #7161, .T. ) ;
#9358 = CARTESIAN_POINT ( 'NONE',  ( 29.54982170308545619, -84.00000000000000000, 7.679001930236716511 ) ) ;
#9359 = FACE_OUTER_BOUND ( 'NONE', #5524, .T. ) ;
#9360 = ORIENTED_EDGE ( 'NONE', *, *, #2976, .F. ) ;
#9361 = DIRECTION ( 'NONE',  ( -1.000000000000000000, 0.000000000000000000, 0.000000000000000000 ) ) ;
#9362 = CARTESIAN_POINT ( 'NONE',  ( 52.00000000000002132, -66.00000000000000000, 27.00100000000000122 ) ) ;
#9363 = DIRECTION ( 'NONE',  ( 1.000000000000000000, 0.000000000000000000, 0.000000000000000000 ) ) ;
#9364 = CARTESIAN_POINT ( 'NONE',  ( 61.00000000000001421, -46.00000000000000711, 1.999999999999998224 ) ) ;
#9365 = EDGE_CURVE ( 'NONE', #4113, #6519, #9618, .T. ) ;
#9366 = ORIENTED_EDGE ( 'NONE', *, *, #3573, .F. ) ;
#9367 = CARTESIAN_POINT ( 'NONE',  ( 45.00000000000002842, -82.79999999999999716, 22.00000000000000355 ) ) ;
#9368 = DIRECTION ( 'NONE',  ( -1.000000000000000000, 0.000000000000000000, 0.000000000000000000 ) ) ;
#9369 = ORIENTED_EDGE ( 'NONE', *, *, #7639, .T. ) ;
#9370 = DIRECTION ( 'NONE',  ( 0.000000000000000000, -0.000000000000000000, -1.000000000000000000 ) ) ;
#9371 = DIRECTION ( 'NONE',  ( -1.000000000000000000, 0.000000000000000000, 0.000000000000000000 ) ) ;
#9372 = ORIENTED_EDGE ( 'NONE', *, *, #2851, .T. ) ;
#9373 = DIRECTION ( 'NONE',  ( -3.304235192336776005E-16, 1.000000000000000000, -0.000000000000000000 ) ) ;
#9374 = CARTESIAN_POINT ( 'NONE',  ( 53.20000000000002416, -84.00000000000000000, 16.19999999999999929 ) ) ;
#9375 = LINE ( 'NONE', #2791, #9031 ) ;
#9376 = EDGE_CURVE ( 'NONE', #3828, #8031, #6258, .T. ) ;
#9377 = CARTESIAN_POINT ( 'NONE',  ( 41.99999999999999289, -2.000000000000000000, 12.99999999999999645 ) ) ;
#9378 = ORIENTED_EDGE ( 'NONE', *, *, #3721, .T. ) ;
#9379 = PLANE ( 'NONE',  #3171 ) ;
#9380 = CARTESIAN_POINT ( 'NONE',  ( 28.71676419352194287, -83.70000000000000284, 7.505037669827247626 ) ) ;
#9381 = ORIENTED_EDGE ( 'NONE', *, *, #9322, .F. ) ;
#9382 = DIRECTION ( 'NONE',  ( 0.000000000000000000, -0.000000000000000000, -1.000000000000000000 ) ) ;
#9383 = CARTESIAN_POINT ( 'NONE',  ( 30.10363364157992905, -83.70000000000000284, 7.466026205616688394 ) ) ;
#9384 = AXIS2_PLACEMENT_3D ( 'NONE', #6245, #10788, #4173 ) ;
#9385 = ORIENTED_EDGE ( 'NONE', *, *, #2524, .T. ) ;
#9386 = DIRECTION ( 'NONE',  ( 0.000000000000000000, -1.000000000000000000, 0.000000000000000000 ) ) ;
#9387 = EDGE_CURVE ( 'NONE', #8071, #2776, #9684, .T. ) ;
#9388 = DIRECTION ( 'NONE',  ( 0.000000000000000000, 0.000000000000000000, -1.000000000000000000 ) ) ;
#9389 = VERTEX_POINT ( 'NONE', #1285 ) ;
#9390 = CARTESIAN_POINT ( 'NONE',  ( 30.82812939956012954, -84.00000000000000000, 5.687633205622326216 ) ) ;
#9391 = ORIENTED_EDGE ( 'NONE', *, *, #623, .F. ) ;
#9392 = FACE_BOUND ( 'NONE', #8823, .T. ) ;
#9393 = DIRECTION ( 'NONE',  ( 0.000000000000000000, 0.000000000000000000, -1.000000000000000000 ) ) ;
#9394 = EDGE_LOOP ( 'NONE', ( #4239, #11529, #4749, #9817, #6781, #2198, #6126, #4223, #3772, #993, #2745, #8329, #7009, #5046, #8670, #8584 ) ) ;
#9395 = B_SPLINE_CURVE_WITH_KNOTS ( 'NONE', 3,
 ( #7323, #6254, #4485, #8908, #11698, #9938, #8172, #9877, #1606, #1660, #747, #5288, #4425, #8116, #11815, #7208, #8227, #11870, #10969 ),
 .UNSPECIFIED., .F., .F.,
 ( 4, 1, 1, 1, 1, 1, 1, 1, 1, 1, 1, 1, 1, 1, 1, 1, 4 ),
 ( 0.000000000000000000, 0.06782023126237929356, 0.1324204886883981191, 0.1953998284012642972, 0.2568544116604291050, 0.3170390131052315819, 0.3780241345681025211, 0.4396702366188464661, 0.5026620533119818823, 0.5659419357082913216, 0.6279783504838333252, 0.6890536091183362410, 0.7499668934226952910, 0.8108045651498396733, 0.8724288094636788449, 0.9354936560413514846, 1.000000000000000000 ),
 .UNSPECIFIED. ) ;
#9396 = DIRECTION ( 'NONE',  ( 0.000000000000000000, 0.000000000000000000, -1.000000000000000000 ) ) ;
#9397 = AXIS2_PLACEMENT_3D ( 'NONE', #5020, #11319, #3016 ) ;
#9398 = VERTEX_POINT ( 'NONE', #5029 ) ;
#9399 = CIRCLE ( 'NONE', #9977, 1.000000000000000888 ) ;
#9400 = CARTESIAN_POINT ( 'NONE',  ( 53.05017243201628929, -84.00000000000000000, 4.409827637963545044 ) ) ;
#9401 = ORIENTED_EDGE ( 'NONE', *, *, #6341, .F. ) ;
#9402 = DIRECTION ( 'NONE',  ( -1.000000000000000000, -3.304235192336776005E-16, -0.000000000000000000 ) ) ;
#9403 = VECTOR ( 'NONE', #9898, 1000.000000000000000 ) ;
#9404 = EDGE_CURVE ( 'NONE', #1290, #11184, #11876, .T. ) ;
#9405 = ORIENTED_EDGE ( 'NONE', *, *, #801, .F. ) ;
#9406 = EDGE_CURVE ( 'NONE', #6499, #6627, #6159, .T. ) ;
#9407 = CARTESIAN_POINT ( 'NONE',  ( 27.55995889130188559, -84.00000000000000000, 7.505212078228092665 ) ) ;
#9408 = ORIENTED_EDGE ( 'NONE', *, *, #50, .T. ) ;
#9409 = VERTEX_POINT ( 'NONE', #4468 ) ;
#9410 = DIRECTION ( 'NONE',  ( 1.000000000000000000, 0.000000000000000000, 0.000000000000000000 ) ) ;
#9411 = DIRECTION ( 'NONE',  ( -0.000000000000000000, -1.000000000000000000, -0.000000000000000000 ) ) ;
#9412 = AXIS2_PLACEMENT_3D ( 'NONE', #510, #7942, #1430 ) ;
#9413 = ORIENTED_EDGE ( 'NONE', *, *, #11607, .T. ) ;
#9414 = AXIS2_PLACEMENT_3D ( 'NONE', #3998, #8358, #6666 ) ;
#9415 = CARTESIAN_POINT ( 'NONE',  ( 31.21088878707540104, -83.70000000000003126, 6.120278690291537593 ) ) ;
#9416 = AXIS2_PLACEMENT_3D ( 'NONE', #2418, #8201, #7236 ) ;
#9417 = CARTESIAN_POINT ( 'NONE',  ( 29.94949971688109969, -84.00000000000000000, 7.278546219018191543 ) ) ;
#9418 = VERTEX_POINT ( 'NONE', #907 ) ;
#9419 = CARTESIAN_POINT ( 'NONE',  ( 42.82842712474618452, -65.06970393754366455, -1.085828161235489368E-15 ) ) ;
#9420 = EDGE_CURVE ( 'NONE', #6230, #5811, #2653, .T. ) ;
#9421 = CARTESIAN_POINT ( 'NONE',  ( 30.35672234539380199, -83.70000000000000284, 6.591320836775837577 ) ) ;
#9422 = CARTESIAN_POINT ( 'NONE',  ( 49.00000000000001421, -66.00000000000000000, 0.000000000000000000 ) ) ;
#9423 = EDGE_CURVE ( 'NONE', #1123, #7842, #8158, .T. ) ;
#9424 = CARTESIAN_POINT ( 'NONE',  ( 30.34889109836274557, -84.00000000000000000, 7.524921846475871590 ) ) ;
#9425 = ORIENTED_EDGE ( 'NONE', *, *, #10527, .T. ) ;
#9426 = CARTESIAN_POINT ( 'NONE',  ( 31.11623163273323911, -83.70000000000001705, 7.769110153257123841 ) ) ;
#9427 = AXIS2_PLACEMENT_3D ( 'NONE', #5087, #9617, #3021 ) ;
#9428 = DIRECTION ( 'NONE',  ( -0.000000000000000000, 1.000000000000000000, -0.000000000000000000 ) ) ;
#9429 = DIRECTION ( 'NONE',  ( -0.1004074352716142066, 0.000000000000000000, 0.9949464040551010413 ) ) ;
#9430 = DIRECTION ( 'NONE',  ( -1.000000000000000000, 0.000000000000000000, 0.000000000000000000 ) ) ;
#9431 = FACE_OUTER_BOUND ( 'NONE', #3292, .T. ) ;
#9432 = VERTEX_POINT ( 'NONE', #6411 ) ;
#9433 = CARTESIAN_POINT ( 'NONE',  ( 12.00000000000000000, -82.00000000000000000, 1.999999999999998224 ) ) ;
#9434 = DIRECTION ( 'NONE',  ( 0.000000000000000000, -0.000000000000000000, -1.000000000000000000 ) ) ;
#9435 = EDGE_CURVE ( 'NONE', #4514, #2224, #7109, .T. ) ;
#9436 = VECTOR ( 'NONE', #11043, 1000.000000000000000 ) ;
#9437 = ADVANCED_FACE ( 'NONE', ( #5329 ), #7192, .F. ) ;
#9438 = ORIENTED_EDGE ( 'NONE', *, *, #7714, .F. ) ;
#9439 = CARTESIAN_POINT ( 'NONE',  ( 31.13599105747009332, -83.99999999999998579, 4.633099866944936807 ) ) ;
#9440 = DIRECTION ( 'NONE',  ( -0.2776535470382515136, 0.000000000000000000, 0.9606812727523512674 ) ) ;
#9441 = CARTESIAN_POINT ( 'NONE',  ( 49.01800868932623700, -83.70000000000001705, 7.950763310478163426 ) ) ;
#9442 = AXIS2_PLACEMENT_3D ( 'NONE', #1846, #5536, #8298 ) ;
#9443 = DIRECTION ( 'NONE',  ( -1.000000000000000000, 0.000000000000000000, 0.000000000000000000 ) ) ;
#9444 = VERTEX_POINT ( 'NONE', #4409 ) ;
#9445 = AXIS2_PLACEMENT_3D ( 'NONE', #6125, #670, #8038 ) ;
#9446 = CARTESIAN_POINT ( 'NONE',  ( 53.52093266593442422, -83.70000000000001705, 6.047254538548339831 ) ) ;
#9447 = PLANE ( 'NONE',  #1312 ) ;
#9448 = ORIENTED_EDGE ( 'NONE', *, *, #4129, .T. ) ;
#9449 = CARTESIAN_POINT ( 'NONE',  ( 53.00000000000000711, -42.00000000000000000, 1.999999999999998224 ) ) ;
#9450 = ORIENTED_EDGE ( 'NONE', *, *, #9727, .F. ) ;
#9451 = PLANE ( 'NONE',  #1868 ) ;
#9452 = CIRCLE ( 'NONE', #10623, 1.000000000000000888 ) ;
#9453 = CIRCLE ( 'NONE', #8287, 1.000000000000000888 ) ;
#9454 = CARTESIAN_POINT ( 'NONE',  ( 30.77366059440503676, -83.70000000000003126, 7.274299741200700886 ) ) ;
#9455 = CARTESIAN_POINT ( 'NONE',  ( 45.00000000000000000, -1.200000000000000178, 25.00000000000000000 ) ) ;
#9456 = LINE ( 'NONE', #7634, #1136 ) ;
#9457 = PLANE ( 'NONE',  #11621 ) ;
#9458 = VERTEX_POINT ( 'NONE', #2482 ) ;
#9459 = FACE_OUTER_BOUND ( 'NONE', #1698, .T. ) ;
#9460 = ORIENTED_EDGE ( 'NONE', *, *, #10694, .T. ) ;
#9461 = VECTOR ( 'NONE', #7176, 1000.000000000000000 ) ;
#9462 = EDGE_CURVE ( 'NONE', #10724, #4589, #2216, .T. ) ;
#9463 = CARTESIAN_POINT ( 'NONE',  ( 30.20560434046323195, -83.70000000000000284, 6.664632703847670925 ) ) ;
#9464 = ORIENTED_EDGE ( 'NONE', *, *, #4761, .T. ) ;
#9465 = DIRECTION ( 'NONE',  ( 1.000000000000000000, 2.818925648462311035E-16, 0.000000000000000000 ) ) ;
#9466 = VERTEX_POINT ( 'NONE', #1584 ) ;
#9467 = VERTEX_POINT ( 'NONE', #7134 ) ;
#9468 = CARTESIAN_POINT ( 'NONE',  ( 66.00000000000000000, -10.00000000000000000, 1.999999999999998224 ) ) ;
#9469 = ORIENTED_EDGE ( 'NONE', *, *, #5710, .T. ) ;
#9470 = ORIENTED_EDGE ( 'NONE', *, *, #5530, .T. ) ;
#9471 = PLANE ( 'NONE',  #579 ) ;
#9472 = AXIS2_PLACEMENT_3D ( 'NONE', #4147, #11719, #5247 ) ;
#9473 = CARTESIAN_POINT ( 'NONE',  ( 57.00000000000000000, -26.00000000000000355, 1.999999999999998224 ) ) ;
#9474 = EDGE_LOOP ( 'NONE', ( #161, #7279, #3227, #6149 ) ) ;
#9475 = EDGE_CURVE ( 'NONE', #2424, #8682, #8571, .T. ) ;
#9476 = EDGE_CURVE ( 'NONE', #11733, #10720, #3503, .T. ) ;
#9477 = CARTESIAN_POINT ( 'NONE',  ( 28.82453695535300042, -83.70000000000000284, 7.196984002360554911 ) ) ;
#9478 = DIRECTION ( 'NONE',  ( 1.000000000000000000, 0.000000000000000000, 0.000000000000000000 ) ) ;
#9479 = CARTESIAN_POINT ( 'NONE',  ( 49.00000000000000000, -26.00000000000000355, 1.999999999999998224 ) ) ;
#9480 = PLANE ( 'NONE',  #622 ) ;
#9481 = CARTESIAN_POINT ( 'NONE',  ( 29.86678410520425331, -83.99999999999997158, 7.917416998833356701 ) ) ;
#9482 = AXIS2_PLACEMENT_3D ( 'NONE', #11693, #9934, #1658 ) ;
#9483 = AXIS2_PLACEMENT_3D ( 'NONE', #9300, #906, #2893 ) ;
#9484 = LINE ( 'NONE', #10456, #3505 ) ;
#9485 = ORIENTED_EDGE ( 'NONE', *, *, #10993, .T. ) ;
#9486 = FACE_BOUND ( 'NONE', #764, .T. ) ;
#9487 = FACE_OUTER_BOUND ( 'NONE', #10634, .T. ) ;
#9488 = FACE_OUTER_BOUND ( 'NONE', #9335, .T. ) ;
#9489 = DIRECTION ( 'NONE',  ( 0.000000000000000000, 0.000000000000000000, -1.000000000000000000 ) ) ;
#9490 = CARTESIAN_POINT ( 'NONE',  ( 62.00000000000001421, -50.00000000000000000, 27.00100000000000122 ) ) ;
#9491 = ORIENTED_EDGE ( 'NONE', *, *, #7327, .T. ) ;
#9492 = CARTESIAN_POINT ( 'NONE',  ( 29.33352749087713462, -83.99999999999997158, 7.241654911040369846 ) ) ;
#9493 = AXIS2_PLACEMENT_3D ( 'NONE', #6121, #10033, #604 ) ;
#9494 = EDGE_CURVE ( 'NONE', #5180, #4419, #4505, .T. ) ;
#9495 = VECTOR ( 'NONE', #1398, 1000.000000000000000 ) ;
#9496 = EDGE_CURVE ( 'NONE', #78, #10561, #2599, .T. ) ;
#9497 = CARTESIAN_POINT ( 'NONE',  ( 30.55933272506983656, -83.70000000000001705, 7.485208810114385436 ) ) ;
#9498 = ORIENTED_EDGE ( 'NONE', *, *, #8209, .F. ) ;
#9499 = CARTESIAN_POINT ( 'NONE',  ( 31.52872558386706103, -84.00000000000002842, 5.351541777530971267 ) ) ;
#9500 = CARTESIAN_POINT ( 'NONE',  ( 31.49637569029996342, -83.99999999999997158, 5.700671637856705054 ) ) ;
#9501 = DIRECTION ( 'NONE',  ( 0.000000000000000000, -1.000000000000000000, 0.000000000000000000 ) ) ;
#9502 = VECTOR ( 'NONE', #6106, 1000.000000000000000 ) ;
#9503 = CIRCLE ( 'NONE', #11050, 1.000000000000000888 ) ;
#9504 = CARTESIAN_POINT ( 'NONE',  ( 45.94783325072974378, -84.00000000000000000, 7.909827637963544156 ) ) ;
#9505 = EDGE_LOOP ( 'NONE', ( #11285, #2499 ) ) ;
#9506 = CARTESIAN_POINT ( 'NONE',  ( 30.37291836272448009, -83.70000000000003126, 4.890220698379900810 ) ) ;
#9507 = CARTESIAN_POINT ( 'NONE',  ( 33.35538882415871598, -83.70000000000001705, 7.505212078228091777 ) ) ;
#9508 = ORIENTED_EDGE ( 'NONE', *, *, #635, .T. ) ;
#9509 = EDGE_CURVE ( 'NONE', #3658, #9082, #4904, .T. ) ;
#9510 = EDGE_CURVE ( 'NONE', #10, #1139, #65, .T. ) ;
#9511 = DIRECTION ( 'NONE',  ( -1.000000000000000000, 0.000000000000000000, 0.000000000000000000 ) ) ;
#9512 = VECTOR ( 'NONE', #9949, 1000.000000000000000 ) ;
#9513 = ORIENTED_EDGE ( 'NONE', *, *, #6538, .T. ) ;
#9514 = CARTESIAN_POINT ( 'NONE',  ( 5.000000000000000000, -4.000000000000000000, 3.999999999999998224 ) ) ;
#9515 = VECTOR ( 'NONE', #5378, 1000.000000000000000 ) ;
#9516 = CARTESIAN_POINT ( 'NONE',  ( 46.15251161330284901, -83.70000000000001705, 6.988775006384597255 ) ) ;
#9517 = EDGE_LOOP ( 'NONE', ( #9606, #3844, #3095, #3723, #10006, #2079, #6094, #4864 ) ) ;
#9518 = CARTESIAN_POINT ( 'NONE',  ( 27.64524147717915881, -83.99999999999997158, 7.504020353344336591 ) ) ;
#9519 = FACE_BOUND ( 'NONE', #9577, .T. ) ;
#9520 = CARTESIAN_POINT ( 'NONE',  ( 3.000000000000011990, -47.99999999999998579, 16.50000000000000000 ) ) ;
#9521 = VERTEX_POINT ( 'NONE', #8274 ) ;
#9522 = DIRECTION ( 'NONE',  ( 0.000000000000000000, -0.000000000000000000, -1.000000000000000000 ) ) ;
#9523 = ORIENTED_EDGE ( 'NONE', *, *, #11434, .T. ) ;
#9524 = VECTOR ( 'NONE', #9373, 1000.000000000000000 ) ;
#9525 = CARTESIAN_POINT ( 'NONE',  ( 57.00000000000000711, -54.00000000000000000, 1.999999999999998224 ) ) ;
#9526 = ORIENTED_EDGE ( 'NONE', *, *, #7855, .F. ) ;
#9527 = CARTESIAN_POINT ( 'NONE',  ( 75.00100000000003320, -35.99999999999997158, 16.49999999999999645 ) ) ;
#9528 = ORIENTED_EDGE ( 'NONE', *, *, #900, .F. ) ;
#9529 = EDGE_CURVE ( 'NONE', #3238, #5791, #10339, .T. ) ;
#9530 = AXIS2_PLACEMENT_3D ( 'NONE', #8709, #4050, #9800 ) ;
#9531 = ORIENTED_EDGE ( 'NONE', *, *, #8080, .F. ) ;
#9532 = FACE_OUTER_BOUND ( 'NONE', #3689, .T. ) ;
#9533 = AXIS2_PLACEMENT_3D ( 'NONE', #11021, #7194, #10157 ) ;
#9534 = ORIENTED_EDGE ( 'NONE', *, *, #4690, .F. ) ;
#9535 = ORIENTED_EDGE ( 'NONE', *, *, #4919, .T. ) ;
#9536 = CARTESIAN_POINT ( 'NONE',  ( 45.37473383552506334, -83.70000000000001705, 7.909827637963544156 ) ) ;
#9537 = DIRECTION ( 'NONE',  ( -1.000000000000000000, 0.000000000000000000, 0.000000000000000000 ) ) ;
#9538 = CARTESIAN_POINT ( 'NONE',  ( 65.00000000000000000, -14.00000000000000000, 27.00100000000000122 ) ) ;
#9539 = CARTESIAN_POINT ( 'NONE',  ( 30.17772348077848932, -83.70000000000003126, 7.500386390115946433 ) ) ;
#9540 = AXIS2_PLACEMENT_3D ( 'NONE', #1031, #7609, #9301 ) ;
#9541 = DIRECTION ( 'NONE',  ( -0.000000000000000000, -0.000000000000000000, -1.000000000000000000 ) ) ;
#9542 = CARTESIAN_POINT ( 'NONE',  ( 29.94596348587013779, -83.70000000000000284, 6.928748990884614933 ) ) ;
#9543 = EDGE_CURVE ( 'NONE', #6565, #11965, #3795, .T. ) ;
#9544 = DIRECTION ( 'NONE',  ( 1.000000000000000000, 0.000000000000000000, 0.000000000000000000 ) ) ;
#9545 = ORIENTED_EDGE ( 'NONE', *, *, #2203, .F. ) ;
#9546 = VECTOR ( 'NONE', #330, 1000.000000000000000 ) ;
#9547 = DIRECTION ( 'NONE',  ( 1.000000000000000000, 0.000000000000000000, 0.000000000000000000 ) ) ;
#9548 = CARTESIAN_POINT ( 'NONE',  ( 27.00000000000003197, -84.00000000000000000, 16.19999999999999929 ) ) ;
#9549 = FACE_OUTER_BOUND ( 'NONE', #4559, .T. ) ;
#9550 = FACE_OUTER_BOUND ( 'NONE', #4912, .T. ) ;
#9551 = ORIENTED_EDGE ( 'NONE', *, *, #4156, .T. ) ;
#9552 = CARTESIAN_POINT ( 'NONE',  ( 29.35774972214514023, -83.99999999999995737, 7.339660000220116665 ) ) ;
#9553 = FACE_BOUND ( 'NONE', #9517, .T. ) ;
#9554 = ORIENTED_EDGE ( 'NONE', *, *, #5443, .F. ) ;
#9555 = LINE ( 'NONE', #5882, #6619 ) ;
#9556 = EDGE_CURVE ( 'NONE', #10720, #3766, #2779, .T. ) ;
#9557 = CARTESIAN_POINT ( 'NONE',  ( 64.00000000000001421, -54.00000000000000000, 1.999999999999998224 ) ) ;
#9558 = FACE_OUTER_BOUND ( 'NONE', #6647, .T. ) ;
#9559 = EDGE_CURVE ( 'NONE', #11305, #8953, #4128, .T. ) ;
#9560 = DIRECTION ( 'NONE',  ( 0.4806234841567049720, 0.000000000000000000, -0.8769270588122307641 ) ) ;
#9561 = LINE ( 'NONE', #373, #2497 ) ;
#9562 = EDGE_LOOP ( 'NONE', ( #10136, #8779, #3791, #9987, #7452, #4415, #3753, #9073 ) ) ;
#9563 = CARTESIAN_POINT ( 'NONE',  ( 2.000000000000000888, 0.000000000000000000, 1.999999999999998224 ) ) ;
#9564 = FACE_BOUND ( 'NONE', #10274, .T. ) ;
#9565 = VERTEX_POINT ( 'NONE', #3010 ) ;
#9566 = B_SPLINE_CURVE_WITH_KNOTS ( 'NONE', 3,
 ( #501, #442, #5099, #6075, #7807, #8048, #11751, #3462, #7018, #3218, #7144, #5956, #6134, #4176, #2380, #5037, #1476, #8720, #8842 ),
 .UNSPECIFIED., .F., .F.,
 ( 4, 1, 1, 1, 1, 1, 1, 1, 1, 1, 1, 1, 1, 1, 1, 1, 4 ),
 ( 0.000000000000000000, 0.07179748673693052419, 0.1409257242605322369, 0.2068288286564006762, 0.2702726554977399331, 0.3313767291922461444, 0.3912661259946253467, 0.4496290484683984068, 0.5075873516065321223, 0.5644732051349433677, 0.6210395753798210183, 0.6782793690818547105, 0.7365820096433719488, 0.7968840018956409033, 0.8605420635469782642, 0.9281723800132535285, 1.000000000000000000 ),
 .UNSPECIFIED. ) ;
#9567 = DIRECTION ( 'NONE',  ( 0.000000000000000000, 0.000000000000000000, -1.000000000000000000 ) ) ;
#9568 = EDGE_LOOP ( 'NONE', ( #5111, #10689 ) ) ;
#9569 = DIRECTION ( 'NONE',  ( 0.000000000000000000, 0.000000000000000000, -1.000000000000000000 ) ) ;
#9570 = ADVANCED_FACE ( 'NONE', ( #11191 ), #4707, .F. ) ;
#9571 = DIRECTION ( 'NONE',  ( -0.000000000000000000, -0.000000000000000000, -1.000000000000000000 ) ) ;
#9572 = DIRECTION ( 'NONE',  ( 0.000000000000000000, 0.000000000000000000, 1.000000000000000000 ) ) ;
#9573 = ADVANCED_FACE ( 'NONE', ( #1089 ), #2894, .F. ) ;
#9574 = ADVANCED_FACE ( 'NONE', ( #10218 ), #6580, .T. ) ;
#9575 = CARTESIAN_POINT ( 'NONE',  ( 2.000000000000027089, -82.00000000000000000, 0.000000000000000000 ) ) ;
#9576 = CARTESIAN_POINT ( 'NONE',  ( 49.00000000000001421, -54.00000000000000000, 27.00100000000000122 ) ) ;
#9577 = EDGE_LOOP ( 'NONE', ( #2083, #4288 ) ) ;
#9578 = DIRECTION ( 'NONE',  ( 0.000000000000000000, -0.000000000000000000, 1.000000000000000000 ) ) ;
#9579 = VERTEX_POINT ( 'NONE', #241 ) ;
#9580 = B_SPLINE_SURFACE_WITH_KNOTS ( 'NONE', 3, 1, ( 
 ( #2472, #8944 ),
 ( #662, #9912 ),
 ( #5322, #8997 ),
 ( #8091, #11790 ),
 ( #3495, #11182 ),
 ( #7302, #2770 ),
 ( #4519, #4636 ),
 ( #9968, #3551 ),
 ( #1811, #4699 ),
 ( #6284, #5507 ),
 ( #5627, #8205 ),
 ( #10089, #9170 ),
 ( #11967, #4458 ),
 ( #3606, #11010 ),
 ( #1752, #10207 ) ),
 .UNSPECIFIED., .F., .F., .F.,
 ( 4, 1, 1, 1, 1, 1, 1, 1, 1, 1, 1, 1, 4 ),
 ( 2, 2 ),
 ( 0.000000000000000000, 0.08284489907591102709, 0.1608612525122075088, 0.2344556181061245304, 0.3027167303623405914, 0.3686475396765521162, 0.4313634889539827988, 0.4930251038558994270, 0.5540669883063797929, 0.6710484112269661239, 0.7829340695326693078, 0.8902605667251450861, 1.000000000000000000 ),
 ( 0.000000000000000000, 1.000000000000000000 ),
 .UNSPECIFIED. ) ;
#9581 = DIRECTION ( 'NONE',  ( 0.000000000000000000, -0.000000000000000000, -1.000000000000000000 ) ) ;
#9582 = EDGE_CURVE ( 'NONE', #9599, #9010, #968, .T. ) ;
#9583 = VERTEX_POINT ( 'NONE', #181 ) ;
#9584 = CARTESIAN_POINT ( 'NONE',  ( 53.52093266593442422, -84.00000000000000000, 6.047254538548339831 ) ) ;
#9585 = EDGE_CURVE ( 'NONE', #1875, #6091, #9736, .T. ) ;
#9586 = VECTOR ( 'NONE', #1514, 1000.000000000000000 ) ;
#9587 = CARTESIAN_POINT ( 'NONE',  ( 61.00000000000001421, -54.00000000000000000, 1.999999999999998224 ) ) ;
#9588 = ORIENTED_EDGE ( 'NONE', *, *, #7507, .F. ) ;
#9589 = ORIENTED_EDGE ( 'NONE', *, *, #10394, .F. ) ;
#9590 = DIRECTION ( 'NONE',  ( -1.000000000000000000, 0.000000000000000000, 0.000000000000000000 ) ) ;
#9591 = DIRECTION ( 'NONE',  ( -0.000000000000000000, -0.000000000000000000, -1.000000000000000000 ) ) ;
#9592 = CARTESIAN_POINT ( 'NONE',  ( 30.84883463402049131, -83.70000000000001705, 7.943424345131065323 ) ) ;
#9593 = VECTOR ( 'NONE', #1443, 1000.000000000000000 ) ;
#9594 = DIRECTION ( 'NONE',  ( 0.000000000000000000, -0.000000000000000000, -1.000000000000000000 ) ) ;
#9595 = CARTESIAN_POINT ( 'NONE',  ( 50.00000000000000711, -46.00000000000000711, 0.000000000000000000 ) ) ;
#9596 = CARTESIAN_POINT ( 'NONE',  ( 66.00000000000000000, -18.00000000000000355, 27.00100000000000122 ) ) ;
#9597 = CARTESIAN_POINT ( 'NONE',  ( 66.00000000000001421, -46.00000000000000711, 1.999999999999998224 ) ) ;
#9598 = DIRECTION ( 'NONE',  ( -0.000000000000000000, -1.000000000000000000, -0.000000000000000000 ) ) ;
#9599 = VERTEX_POINT ( 'NONE', #6701 ) ;
#9600 = AXIS2_PLACEMENT_3D ( 'NONE', #277, #10436, #10316 ) ;
#9601 = DIRECTION ( 'NONE',  ( 0.2776535470382515136, 0.000000000000000000, 0.9606812727523512674 ) ) ;
#9602 = DIRECTION ( 'NONE',  ( 0.000000000000000000, -0.000000000000000000, 1.000000000000000000 ) ) ;
#9603 = CARTESIAN_POINT ( 'NONE',  ( 55.99999999999999289, -10.00000000000000000, 27.00100000000000122 ) ) ;
#9604 = AXIS2_PLACEMENT_3D ( 'NONE', #68, #5637, #4711 ) ;
#9605 = DIRECTION ( 'NONE',  ( 0.000000000000000000, -0.000000000000000000, -1.000000000000000000 ) ) ;
#9606 = ORIENTED_EDGE ( 'NONE', *, *, #1952, .T. ) ;
#9607 = LINE ( 'NONE', #10712, #8913 ) ;
#9608 = ADVANCED_FACE ( 'NONE', ( #9487 ), #6643, .T. ) ;
#9609 = FACE_BOUND ( 'NONE', #2869, .T. ) ;
#9610 = CARTESIAN_POINT ( 'NONE',  ( 52.00000000000000000, -10.00000000000000000, 1.999999999999998224 ) ) ;
#9611 = VECTOR ( 'NONE', #141, 1000.000000000000114 ) ;
#9612 = ORIENTED_EDGE ( 'NONE', *, *, #6252, .F. ) ;
#9613 = CARTESIAN_POINT ( 'NONE',  ( 61.00000000000001421, -50.00000000000000000, 1.999999999999998224 ) ) ;
#9614 = AXIS2_PLACEMENT_3D ( 'NONE', #4165, #6005, #6884 ) ;
#9615 = CARTESIAN_POINT ( 'NONE',  ( 65.00000000000000000, -34.00000000000000000, 27.00100000000000122 ) ) ;
#9616 = ORIENTED_EDGE ( 'NONE', *, *, #1952, .F. ) ;
#9617 = DIRECTION ( 'NONE',  ( -4.336808689942013792E-16, 1.000000000000000000, 0.000000000000000000 ) ) ;
#9618 = LINE ( 'NONE', #6007, #11467 ) ;
#9619 = CARTESIAN_POINT ( 'NONE',  ( 66.00000000000000000, -18.00000000000000355, 0.000000000000000000 ) ) ;
#9620 = ORIENTED_EDGE ( 'NONE', *, *, #9626, .T. ) ;
#9621 = CARTESIAN_POINT ( 'NONE',  ( 52.00000000000000711, -42.00000000000000000, 0.000000000000000000 ) ) ;
#9622 = DIRECTION ( 'NONE',  ( -0.000000000000000000, -0.000000000000000000, -1.000000000000000000 ) ) ;
#9623 = AXIS2_PLACEMENT_3D ( 'NONE', #5547, #11834, #3481 ) ;
#9624 = ORIENTED_EDGE ( 'NONE', *, *, #4459, .F. ) ;
#9625 = VECTOR ( 'NONE', #4924, 1000.000000000000000 ) ;
#9626 = EDGE_CURVE ( 'NONE', #3611, #6499, #4993, .T. ) ;
#9627 = CARTESIAN_POINT ( 'NONE',  ( 27.21503794696573308, -84.00000000000000000, 5.938285502529586424 ) ) ;
#9628 = EDGE_CURVE ( 'NONE', #2772, #10260, #10277, .T. ) ;
#9629 = ORIENTED_EDGE ( 'NONE', *, *, #5431, .F. ) ;
#9630 = PLANE ( 'NONE',  #6710 ) ;
#9631 = LINE ( 'NONE', #6959, #1414 ) ;
#9632 = VECTOR ( 'NONE', #466, 1000.000000000000000 ) ;
#9633 = ADVANCED_FACE ( 'NONE', ( #3673 ), #11080, .F. ) ;
#9634 = DIRECTION ( 'NONE',  ( -0.000000000000000000, -1.000000000000000000, -0.000000000000000000 ) ) ;
#9635 = DIRECTION ( 'NONE',  ( 0.000000000000000000, -0.000000000000000000, 1.000000000000000000 ) ) ;
#9636 = AXIS2_PLACEMENT_3D ( 'NONE', #9748, #491, #1346 ) ;
#9637 = CARTESIAN_POINT ( 'NONE',  ( 49.00000000000001421, -54.00000000000000000, 0.000000000000000000 ) ) ;
#9638 = CARTESIAN_POINT ( 'NONE',  ( 53.00000000000000711, -26.00000000000000355, 27.00100000000000122 ) ) ;
#9639 = ORIENTED_EDGE ( 'NONE', *, *, #988, .T. ) ;
#9640 = LINE ( 'NONE', #3350, #10521 ) ;
#9641 = VERTEX_POINT ( 'NONE', #10155 ) ;
#9642 = EDGE_CURVE ( 'NONE', #8235, #9330, #1880, .T. ) ;
#9643 = VERTEX_POINT ( 'NONE', #4214 ) ;
#9644 = AXIS2_PLACEMENT_3D ( 'NONE', #4410, #7008, #10038 ) ;
#9645 = EDGE_CURVE ( 'NONE', #5101, #10751, #4320, .T. ) ;
#9646 = CARTESIAN_POINT ( 'NONE',  ( 54.00000000000001421, -58.00000000000000000, 1.999999999999998224 ) ) ;
#9647 = EDGE_CURVE ( 'NONE', #11277, #5914, #11098, .T. ) ;
#9648 = ORIENTED_EDGE ( 'NONE', *, *, #4987, .F. ) ;
#9649 = DIRECTION ( 'NONE',  ( -0.000000000000000000, -0.000000000000000000, -1.000000000000000000 ) ) ;
#9650 = LINE ( 'NONE', #6148, #231 ) ;
#9651 = ORIENTED_EDGE ( 'NONE', *, *, #10734, .F. ) ;
#9652 = ORIENTED_EDGE ( 'NONE', *, *, #5179, .T. ) ;
#9653 = VECTOR ( 'NONE', #5001, 1000.000000000000000 ) ;
#9654 = ORIENTED_EDGE ( 'NONE', *, *, #1812, .T. ) ;
#9655 = DIRECTION ( 'NONE',  ( 0.000000000000000000, 0.000000000000000000, -1.000000000000000000 ) ) ;
#9656 = ADVANCED_FACE ( 'NONE', ( #1330 ), #10522, .F. ) ;
#9657 = VECTOR ( 'NONE', #3578, 1000.000000000000000 ) ;
#9658 = CARTESIAN_POINT ( 'NONE',  ( 12.00000000000000000, -65.89813106228984907, 1.999999999999998224 ) ) ;
#9659 = ADVANCED_FACE ( 'NONE', ( #4092 ), #11369, .F. ) ;
#9660 = CARTESIAN_POINT ( 'NONE',  ( 30.94860980696513053, -83.70000000000001705, 7.895878767714980206 ) ) ;
#9661 = DIRECTION ( 'NONE',  ( 0.000000000000000000, 0.000000000000000000, 1.000000000000000000 ) ) ;
#9662 = VECTOR ( 'NONE', #4911, 1000.000000000000000 ) ;
#9663 = CARTESIAN_POINT ( 'NONE',  ( 34.15894091426051205, -83.70000000000001705, 7.505212078228091777 ) ) ;
#9664 = FACE_OUTER_BOUND ( 'NONE', #9562, .T. ) ;
#9665 = FILL_AREA_STYLE_COLOUR ( '', #5716 ) ;
#9666 = DIRECTION ( 'NONE',  ( -1.000000000000000000, 0.000000000000000000, 0.000000000000000000 ) ) ;
#9667 = ORIENTED_EDGE ( 'NONE', *, *, #5748, .T. ) ;
#9668 = DIRECTION ( 'NONE',  ( 0.000000000000000000, 0.000000000000000000, -1.000000000000000000 ) ) ;
#9669 = LINE ( 'NONE', #5074, #1934 ) ;
#9670 = DIRECTION ( 'NONE',  ( -0.000000000000000000, -0.000000000000000000, -1.000000000000000000 ) ) ;
#9671 = CARTESIAN_POINT ( 'NONE',  ( 31.27729368541266197, -83.70000000000000284, 6.055203230373494172 ) ) ;
#9672 = ORIENTED_EDGE ( 'NONE', *, *, #3733, .T. ) ;
#9673 = DIRECTION ( 'NONE',  ( 0.000000000000000000, -0.000000000000000000, -1.000000000000000000 ) ) ;
#9674 = DIRECTION ( 'NONE',  ( -1.000000000000000000, -0.000000000000000000, 2.478176394252580648E-16 ) ) ;
#9675 = AXIS2_PLACEMENT_3D ( 'NONE', #10359, #11281, #8487 ) ;
#9676 = DIRECTION ( 'NONE',  ( 0.000000000000000000, -0.000000000000000000, -1.000000000000000000 ) ) ;
#9677 = EDGE_LOOP ( 'NONE', ( #6462, #3993, #8922, #11584 ) ) ;
#9678 = CARTESIAN_POINT ( 'NONE',  ( 52.00000000000000711, -30.00000000000000000, 0.000000000000000000 ) ) ;
#9679 = CARTESIAN_POINT ( 'NONE',  ( 2.200000000000012612, -49.00000000000000000, 22.00000000000000355 ) ) ;
#9680 = ORIENTED_EDGE ( 'NONE', *, *, #4744, .F. ) ;
#9681 = FACE_OUTER_BOUND ( 'NONE', #278, .T. ) ;
#9682 = B_SPLINE_SURFACE_WITH_KNOTS ( 'NONE', 3, 1, ( 
 ( #11007, #7180 ),
 ( #2529, #6281 ),
 ( #2708, #11845 ),
 ( #8261, #3549 ),
 ( #11963, #10942 ),
 ( #10027, #3664 ),
 ( #1749, #5441 ),
 ( #9111, #11067 ),
 ( #6398, #5503 ),
 ( #1807, #2766 ),
 ( #6457, #9225 ),
 ( #10145, #1867 ),
 ( #956, #8323 ),
 ( #1263, #1078 ),
 ( #3062, #6689 ),
 ( #9477, #4819 ),
 ( #7417, #3781 ),
 ( #3002, #11180 ),
 ( #1140, #6511 ) ),
 .UNSPECIFIED., .F., .F., .F.,
 ( 4, 1, 1, 1, 1, 1, 1, 1, 1, 1, 1, 1, 1, 1, 1, 1, 4 ),
 ( 2, 2 ),
 ( 0.000000000000000000, 0.07179748673693052419, 0.1409257242605322369, 0.2068288286564006762, 0.2702726554977399331, 0.3313767291922461444, 0.3912661259946253467, 0.4496290484683984068, 0.5075873516065321223, 0.5644732051349433677, 0.6210395753798210183, 0.6782793690818547105, 0.7365820096433719488, 0.7968840018956409033, 0.8605420635469782642, 0.9281723800132535285, 1.000000000000000000 ),
 ( 0.000000000000000000, 1.000000000000000000 ),
 .UNSPECIFIED. ) ;
#9683 = ADVANCED_FACE ( 'NONE', ( #6990 ), #4892, .F. ) ;
#9684 = LINE ( 'NONE', #7854, #7408 ) ;
#9685 = CARTESIAN_POINT ( 'NONE',  ( 34.15894091426051205, -83.70000000000001705, 7.505212078228091777 ) ) ;
#9686 = ORIENTED_EDGE ( 'NONE', *, *, #5903, .T. ) ;
#9687 = CARTESIAN_POINT ( 'NONE',  ( 30.34889109836274557, -84.00000000000000000, 4.411536531336170519 ) ) ;
#9688 = DIRECTION ( 'NONE',  ( -1.000000000000000000, -3.304235192336776005E-16, -0.000000000000000000 ) ) ;
#9689 = VECTOR ( 'NONE', #5725, 1000.000000000000000 ) ;
#9690 = EDGE_LOOP ( 'NONE', ( #9531, #2145 ) ) ;
#9691 = DIRECTION ( 'NONE',  ( 0.000000000000000000, 0.000000000000000000, -1.000000000000000000 ) ) ;
#9692 = VERTEX_POINT ( 'NONE', #1271 ) ;
#9693 = CARTESIAN_POINT ( 'NONE',  ( 53.00000000000000000, -10.00000000000000000, 1.999999999999998224 ) ) ;
#9694 = VECTOR ( 'NONE', #5265, 1000.000000000000000 ) ;
#9695 = CARTESIAN_POINT ( 'NONE',  ( 58.00000000000000000, -22.00000000000000000, 0.000000000000000000 ) ) ;
#9696 = VECTOR ( 'NONE', #8088, 1000.000000000000000 ) ;
#9697 = CARTESIAN_POINT ( 'NONE',  ( 53.52093266593442422, -84.00000000000000000, 6.436143427437228226 ) ) ;
#9698 = ORIENTED_EDGE ( 'NONE', *, *, #3221, .F. ) ;
#9699 = DIRECTION ( 'NONE',  ( 0.000000000000000000, 0.000000000000000000, 1.000000000000000000 ) ) ;
#9700 = ADVANCED_FACE ( 'NONE', ( #6760 ), #2235, .F. ) ;
#9701 = ADVANCED_FACE ( 'NONE', ( #5992 ), #10704, .T. ) ;
#9702 = LINE ( 'NONE', #5103, #2670 ) ;
#9703 = CARTESIAN_POINT ( 'NONE',  ( 30.01119111809923368, -83.70000000000001705, 5.017563587909124045 ) ) ;
#9704 = ORIENTED_EDGE ( 'NONE', *, *, #5028, .F. ) ;
#9705 = DIRECTION ( 'NONE',  ( 1.000000000000000000, 0.000000000000000000, 0.000000000000000000 ) ) ;
#9706 = VERTEX_POINT ( 'NONE', #5871 ) ;
#9707 = CIRCLE ( 'NONE', #11440, 1.000000000000000888 ) ;
#9708 = PLANE ( 'NONE',  #10383 ) ;
#9709 = ORIENTED_EDGE ( 'NONE', *, *, #1653, .F. ) ;
#9710 = DIRECTION ( 'NONE',  ( 0.000000000000000000, -0.000000000000000000, -1.000000000000000000 ) ) ;
#9711 = ADVANCED_FACE ( 'NONE', ( #8634 ), #10644, .T. ) ;
#9712 = ORIENTED_EDGE ( 'NONE', *, *, #1304, .T. ) ;
#9713 = DIRECTION ( 'NONE',  ( 0.000000000000000000, 1.000000000000000000, 0.000000000000000000 ) ) ;
#9714 = DIRECTION ( 'NONE',  ( -1.000000000000000000, 0.000000000000000000, 0.000000000000000000 ) ) ;
#9715 = EDGE_LOOP ( 'NONE', ( #9629, #8271 ) ) ;
#9716 = VERTEX_POINT ( 'NONE', #2415 ) ;
#9717 = EDGE_CURVE ( 'NONE', #1866, #2123, #9930, .T. ) ;
#9718 = ORIENTED_EDGE ( 'NONE', *, *, #2904, .F. ) ;
#9719 = AXIS2_PLACEMENT_3D ( 'NONE', #3081, #6712, #1040 ) ;
#9720 = DIRECTION ( 'NONE',  ( 0.000000000000000000, -0.000000000000000000, -1.000000000000000000 ) ) ;
#9721 = DIRECTION ( 'NONE',  ( -0.000000000000000000, -0.000000000000000000, -1.000000000000000000 ) ) ;
#9722 = DIRECTION ( 'NONE',  ( 0.000000000000000000, 0.000000000000000000, -1.000000000000000000 ) ) ;
#9723 = CARTESIAN_POINT ( 'NONE',  ( 5.000000000000000000, -2.000000000000000000, 3.999999999999998224 ) ) ;
#9724 = AXIS2_PLACEMENT_3D ( 'NONE', #2168, #5861, #9537 ) ;
#9725 = DIRECTION ( 'NONE',  ( 0.000000000000000000, 0.000000000000000000, -1.000000000000000000 ) ) ;
#9726 = DIRECTION ( 'NONE',  ( 0.000000000000000000, 0.000000000000000000, -1.000000000000000000 ) ) ;
#9727 = EDGE_CURVE ( 'NONE', #2877, #3944, #5926, .T. ) ;
#9728 = CARTESIAN_POINT ( 'NONE',  ( 31.53071912522000630, -83.70000000000001705, 5.464492996573337535 ) ) ;
#9729 = ORIENTED_EDGE ( 'NONE', *, *, #8092, .T. ) ;
#9730 = ADVANCED_FACE ( 'NONE', ( #5013 ), #301, .F. ) ;
#9731 = CARTESIAN_POINT ( 'NONE',  ( 57.00000000000000000, -26.00000000000000355, 27.00100000000000122 ) ) ;
#9732 = LINE ( 'NONE', #1393, #766 ) ;
#9733 = DIRECTION ( 'NONE',  ( -0.000000000000000000, -0.000000000000000000, -1.000000000000000000 ) ) ;
#9734 = CARTESIAN_POINT ( 'NONE',  ( 31.53071912522000630, -83.70000000000001705, 5.464492996573337535 ) ) ;
#9735 = ORIENTED_EDGE ( 'NONE', *, *, #8983, .T. ) ;
#9736 = CIRCLE ( 'NONE', #7793, 1.000000000000000888 ) ;
#9737 = CARTESIAN_POINT ( 'NONE',  ( 54.00000000000001421, -50.00000000000000000, 27.00100000000000122 ) ) ;
#9738 = CARTESIAN_POINT ( 'NONE',  ( 75.00100000000003320, -53.99999999999997158, 13.50000000000000178 ) ) ;
#9739 = PLANE ( 'NONE',  #6901 ) ;
#9740 = ORIENTED_EDGE ( 'NONE', *, *, #6497, .T. ) ;
#9741 = CARTESIAN_POINT ( 'NONE',  ( 0.000000000000000000, -83.70000000000001705, 0.000000000000000000 ) ) ;
#9742 = VECTOR ( 'NONE', #2095, 1000.000000000000000 ) ;
#9743 = EDGE_CURVE ( 'NONE', #9458, #8162, #3977, .T. ) ;
#9744 = CARTESIAN_POINT ( 'NONE',  ( 62.00000000000001421, -54.00000000000000000, 1.999999999999998224 ) ) ;
#9745 = ORIENTED_EDGE ( 'NONE', *, *, #4649, .F. ) ;
#9746 = CARTESIAN_POINT ( 'NONE',  ( 10.00000000000000000, -2.000000000000001776, 3.000000000000000000 ) ) ;
#9747 = CARTESIAN_POINT ( 'NONE',  ( 62.00000000000001421, -42.00000000000000000, 27.00100000000000122 ) ) ;
#9748 = CARTESIAN_POINT ( 'NONE',  ( 49.00000000000000000, -14.00000000000000000, 27.00100000000000122 ) ) ;
#9749 = ORIENTED_EDGE ( 'NONE', *, *, #10628, .F. ) ;
#9750 = DIRECTION ( 'NONE',  ( 1.000000000000000000, 4.336808689942017736E-16, 0.000000000000000000 ) ) ;
#9751 = FACE_BOUND ( 'NONE', #4057, .T. ) ;
#9752 = ORIENTED_EDGE ( 'NONE', *, *, #7032, .T. ) ;
#9753 = ORIENTED_EDGE ( 'NONE', *, *, #936, .T. ) ;
#9754 = AXIS2_PLACEMENT_3D ( 'NONE', #493, #4169, #8832 ) ;
#9755 = LINE ( 'NONE', #1474, #10944 ) ;
#9756 = ORIENTED_EDGE ( 'NONE', *, *, #3280, .T. ) ;
#9757 = DIRECTION ( 'NONE',  ( -0.000000000000000000, -0.000000000000000000, -1.000000000000000000 ) ) ;
#9758 = CARTESIAN_POINT ( 'NONE',  ( 54.00000000000000711, -18.00000000000000355, 27.00100000000000122 ) ) ;
#9759 = EDGE_CURVE ( 'NONE', #1438, #9467, #1824, .T. ) ;
#9760 = CARTESIAN_POINT ( 'NONE',  ( 27.68049170481715038, -83.99999999999998579, 6.416626416543015132 ) ) ;
#9761 = CARTESIAN_POINT ( 'NONE',  ( 52.00631278289348813, -84.00000000000000000, 7.909827637963544156 ) ) ;
#9762 = ORIENTED_EDGE ( 'NONE', *, *, #8348, .T. ) ;
#9763 = CARTESIAN_POINT ( 'NONE',  ( 73.00000000000000000, 0.000000000000000000, 27.00000000000000000 ) ) ;
#9764 = ORIENTED_EDGE ( 'NONE', *, *, #8737, .F. ) ;
#9765 = ORIENTED_EDGE ( 'NONE', *, *, #9582, .T. ) ;
#9766 = ADVANCED_FACE ( 'NONE', ( #5484 ), #4616, .F. ) ;
#9767 = CARTESIAN_POINT ( 'NONE',  ( 71.00000000000000000, 2.463307335887066074E-14, 3.999999999999998224 ) ) ;
#9768 = ORIENTED_EDGE ( 'NONE', *, *, #530, .T. ) ;
#9769 = DIRECTION ( 'NONE',  ( -1.000000000000000000, 0.000000000000000000, 0.000000000000000000 ) ) ;
#9770 = CARTESIAN_POINT ( 'NONE',  ( 31.24086518040318339, -83.70000000000000284, 7.605661725581913224 ) ) ;
#9771 = CARTESIAN_POINT ( 'NONE',  ( 64.00000000000001421, -62.00000000000000711, 0.000000000000000000 ) ) ;
#9772 = EDGE_LOOP ( 'NONE', ( #151, #9869 ) ) ;
#9773 = ORIENTED_EDGE ( 'NONE', *, *, #1666, .F. ) ;
#9774 = ORIENTED_EDGE ( 'NONE', *, *, #3353, .F. ) ;
#9775 = LINE ( 'NONE', #9952, #9075 ) ;
#9776 = CARTESIAN_POINT ( 'NONE',  ( 31.53006338478749626, -83.99999999999998579, 5.491326579858799128 ) ) ;
#9777 = EDGE_CURVE ( 'NONE', #735, #11673, #7963, .T. ) ;
#9778 = CARTESIAN_POINT ( 'NONE',  ( 54.00000000000001421, -54.00000000000000000, 27.00100000000000122 ) ) ;
#9779 = PLANE ( 'NONE',  #7112 ) ;
#9780 = EDGE_CURVE ( 'NONE', #5025, #78, #8768, .T. ) ;
#9781 = CARTESIAN_POINT ( 'NONE',  ( 60.00000000000000711, -22.00000000000000000, 27.00100000000000122 ) ) ;
#9782 = CARTESIAN_POINT ( 'NONE',  ( 29.25231331760350173, -83.70000000000003126, 5.232308591671918307 ) ) ;
#9783 = CARTESIAN_POINT ( 'NONE',  ( 30.72965053079946429, -83.70000000000000284, 4.450300915725983408 ) ) ;
#9784 = VERTEX_POINT ( 'NONE', #2805 ) ;
#9785 = DIRECTION ( 'NONE',  ( -1.000000000000000000, 0.000000000000000000, 0.000000000000000000 ) ) ;
#9786 = CARTESIAN_POINT ( 'NONE',  ( 60.00000000000001421, -50.00000000000000000, 1.999999999999998224 ) ) ;
#9787 = DIRECTION ( 'NONE',  ( -0.000000000000000000, -0.000000000000000000, -1.000000000000000000 ) ) ;
#9788 = DIRECTION ( 'NONE',  ( -1.000000000000000000, 0.000000000000000000, 0.000000000000000000 ) ) ;
#9789 = ORIENTED_EDGE ( 'NONE', *, *, #2121, .T. ) ;
#9790 = CARTESIAN_POINT ( 'NONE',  ( 50.00000000000000000, -18.00000000000000355, 0.000000000000000000 ) ) ;
#9791 = DIRECTION ( 'NONE',  ( -1.000000000000000000, 0.000000000000000000, 0.000000000000000000 ) ) ;
#9792 = EDGE_CURVE ( 'NONE', #1983, #11292, #93, .T. ) ;
#9793 = DIRECTION ( 'NONE',  ( 0.000000000000000000, 0.000000000000000000, -1.000000000000000000 ) ) ;
#9794 = EDGE_CURVE ( 'NONE', #1710, #6628, #5609, .T. ) ;
#9795 = ORIENTED_EDGE ( 'NONE', *, *, #9509, .F. ) ;
#9796 = CARTESIAN_POINT ( 'NONE',  ( 3.000000000000021760, -82.00000000000000000, 27.00000000000000000 ) ) ;
#9797 = CARTESIAN_POINT ( 'NONE',  ( 64.00000000000000000, -22.00000000000000000, 27.00100000000000122 ) ) ;
#9798 = VERTEX_POINT ( 'NONE', #8186 ) ;
#9799 = CARTESIAN_POINT ( 'NONE',  ( 49.00000000000001421, -62.00000000000000711, 0.000000000000000000 ) ) ;
#9800 = DIRECTION ( 'NONE',  ( -1.000000000000000000, 0.000000000000000000, 0.000000000000000000 ) ) ;
#9801 = DIRECTION ( 'NONE',  ( -0.000000000000000000, -1.000000000000000000, -0.000000000000000000 ) ) ;
#9802 = EDGE_LOOP ( 'NONE', ( #11814, #6141 ) ) ;
#9803 = PLANE ( 'NONE',  #7031 ) ;
#9804 = CARTESIAN_POINT ( 'NONE',  ( 49.00000000000001421, -66.00000000000000000, 27.00100000000000122 ) ) ;
#9805 = VERTEX_POINT ( 'NONE', #11164 ) ;
#9806 = VECTOR ( 'NONE', #5168, 1000.000000000000000 ) ;
#9807 = CARTESIAN_POINT ( 'NONE',  ( 48.79286249049582125, -84.00000000000000000, 7.132049860185766477 ) ) ;
#9808 = ADVANCED_FACE ( 'NONE', ( #11885 ), #7280, .F. ) ;
#9809 = AXIS2_PLACEMENT_3D ( 'NONE', #3220, #9635, #2383 ) ;
#9810 = COLOUR_RGB ( '',1.000000000000000000, 1.000000000000000000, 1.000000000000000000 ) ;
#9811 = VERTEX_POINT ( 'NONE', #6381 ) ;
#9812 = DIRECTION ( 'NONE',  ( -0.000000000000000000, -0.000000000000000000, -1.000000000000000000 ) ) ;
#9813 = FACE_OUTER_BOUND ( 'NONE', #2129, .T. ) ;
#9814 = CARTESIAN_POINT ( 'NONE',  ( 31.04510560161707033, -83.70000000000001705, 4.574410439946457352 ) ) ;
#9815 = VECTOR ( 'NONE', #2057, 1000.000000000000000 ) ;
#9816 = DIRECTION ( 'NONE',  ( -1.000000000000000000, -3.304235192336776005E-16, -0.000000000000000000 ) ) ;
#9817 = ORIENTED_EDGE ( 'NONE', *, *, #11881, .T. ) ;
#9818 = VECTOR ( 'NONE', #9501, 1000.000000000000000 ) ;
#9819 = DIRECTION ( 'NONE',  ( -1.000000000000000000, 0.000000000000000000, 0.000000000000000000 ) ) ;
#9820 = ORIENTED_EDGE ( 'NONE', *, *, #7379, .T. ) ;
#9821 = AXIS2_PLACEMENT_3D ( 'NONE', #4869, #2935, #6797 ) ;
#9822 = DIRECTION ( 'NONE',  ( -1.000000000000000000, 0.000000000000000000, 0.000000000000000000 ) ) ;
#9823 = ORIENTED_EDGE ( 'NONE', *, *, #11711, .F. ) ;
#9824 = DIRECTION ( 'NONE',  ( 0.000000000000000000, 0.000000000000000000, -1.000000000000000000 ) ) ;
#9825 = AXIS2_PLACEMENT_3D ( 'NONE', #2926, #90, #10429 ) ;
#9826 = DIRECTION ( 'NONE',  ( 0.000000000000000000, 3.906864752500472168E-12, -1.000000000000000000 ) ) ;
#9827 = LINE ( 'NONE', #1552, #9512 ) ;
#9828 = ORIENTED_EDGE ( 'NONE', *, *, #1073, .T. ) ;
#9829 = ORIENTED_EDGE ( 'NONE', *, *, #2658, .F. ) ;
#9830 = ORIENTED_EDGE ( 'NONE', *, *, #6120, .T. ) ;
#9831 = EDGE_CURVE ( 'NONE', #2863, #9798, #6441, .T. ) ;
#9832 = VERTEX_POINT ( 'NONE', #4556 ) ;
#9833 = LINE ( 'NONE', #1557, #4438 ) ;
#9834 = VECTOR ( 'NONE', #2612, 1000.000000000000000 ) ;
#9835 = DIRECTION ( 'NONE',  ( 0.000000000000000000, 0.000000000000000000, -1.000000000000000000 ) ) ;
#9836 = ORIENTED_EDGE ( 'NONE', *, *, #6322, .F. ) ;
#9837 = CARTESIAN_POINT ( 'NONE',  ( 29.53694222365527011, -83.69999999999998863, 6.476313655444466022 ) ) ;
#9838 = DIRECTION ( 'NONE',  ( -0.000000000000000000, -0.000000000000000000, -1.000000000000000000 ) ) ;
#9839 = CIRCLE ( 'NONE', #7898, 1.000000000000000888 ) ;
#9840 = CYLINDRICAL_SURFACE ( 'NONE', #7755, 1.000000000000000888 ) ;
#9841 = VERTEX_POINT ( 'NONE', #7453 ) ;
#9842 = ADVANCED_FACE ( 'NONE', ( #8243 ), #5542, .F. ) ;
#9843 = EDGE_CURVE ( 'NONE', #11673, #7486, #5194, .T. ) ;
#9844 = CARTESIAN_POINT ( 'NONE',  ( 53.00000000000000711, -34.00000000000000000, 27.00100000000000122 ) ) ;
#9845 = CARTESIAN_POINT ( 'NONE',  ( 57.00000000000001421, -66.00000000000000000, 0.000000000000000000 ) ) ;
#9846 = DIRECTION ( 'NONE',  ( 1.000000000000000000, 0.000000000000000000, 0.000000000000000000 ) ) ;
#9847 = CARTESIAN_POINT ( 'NONE',  ( 48.00000000000001421, -58.00000000000000000, 0.000000000000000000 ) ) ;
#9848 = ORIENTED_EDGE ( 'NONE', *, *, #2692, .F. ) ;
#9849 = CARTESIAN_POINT ( 'NONE',  ( 57.00000000000000000, -14.00000000000000000, 0.000000000000000000 ) ) ;
#9850 = VECTOR ( 'NONE', #5195, 1000.000000000000000 ) ;
#9851 = DIRECTION ( 'NONE',  ( -1.000000000000000000, -0.000000000000000000, 1.734723475976807341E-16 ) ) ;
#9852 = CARTESIAN_POINT ( 'NONE',  ( 49.00000000000000000, -26.00000000000000355, 0.000000000000000000 ) ) ;
#9853 = ORIENTED_EDGE ( 'NONE', *, *, #11537, .T. ) ;
#9854 = LINE ( 'NONE', #485, #1999 ) ;
#9855 = LINE ( 'NONE', #1520, #5057 ) ;
#9856 = ORIENTED_EDGE ( 'NONE', *, *, #10106, .F. ) ;
#9857 = LINE ( 'NONE', #3331, #4593 ) ;
#9858 = CARTESIAN_POINT ( 'NONE',  ( 53.00000000000001421, -50.00000000000000000, 1.999999999999998224 ) ) ;
#9859 = DIRECTION ( 'NONE',  ( -0.000000000000000000, -1.000000000000000000, -0.000000000000000000 ) ) ;
#9860 = VERTEX_POINT ( 'NONE', #9207 ) ;
#9861 = DIRECTION ( 'NONE',  ( 0.000000000000000000, -0.000000000000000000, 1.000000000000000000 ) ) ;
#9862 = FACE_BOUND ( 'NONE', #10244, .T. ) ;
#9863 = EDGE_LOOP ( 'NONE', ( #1056, #10890, #11400, #889 ) ) ;
#9864 = EDGE_CURVE ( 'NONE', #10834, #1571, #6557, .T. ) ;
#9865 = ORIENTED_EDGE ( 'NONE', *, *, #6757, .F. ) ;
#9867 = ORIENTED_EDGE ( 'NONE', *, *, #10960, .T. ) ;
#9866 = VECTOR ( 'NONE', #4944, 1000.000000000000000 ) ;
#9868 = DIRECTION ( 'NONE',  ( -0.000000000000000000, -1.000000000000000000, -0.000000000000000000 ) ) ;
#9869 = ORIENTED_EDGE ( 'NONE', *, *, #6262, .F. ) ;
#9870 = CARTESIAN_POINT ( 'NONE',  ( 2.000000000000000888, -2.000000000000000000, 2.000000000000000000 ) ) ;
#9871 = DIRECTION ( 'NONE',  ( 1.000000000000000000, 0.000000000000000000, 0.000000000000000000 ) ) ;
#9872 = ORIENTED_EDGE ( 'NONE', *, *, #1278, .T. ) ;
#9873 = CYLINDRICAL_SURFACE ( 'NONE', #9030, 1.000000000000000888 ) ;
#9874 = VECTOR ( 'NONE', #7499, 1000.000000000000000 ) ;
#9875 = VECTOR ( 'NONE', #5607, 1000.000000000000000 ) ;
#9876 = EDGE_CURVE ( 'NONE', #7515, #10904, #8875, .T. ) ;
#9877 = CARTESIAN_POINT ( 'NONE',  ( 29.48733814288273436, -83.70000000000001705, 7.602012663651934510 ) ) ;
#9878 = VERTEX_POINT ( 'NONE', #35 ) ;
#9879 = CARTESIAN_POINT ( 'NONE',  ( 46.19344728581746296, -83.70000000000001705, 6.988775006384597255 ) ) ;
#9880 = VERTEX_POINT ( 'NONE', #1504 ) ;
#9881 = ADVANCED_FACE ( 'NONE', ( #11663 ), #3378, .F. ) ;
#9882 = B_SPLINE_SURFACE_WITH_KNOTS ( 'NONE', 3, 1, ( 
 ( #10608, #5036 ),
 ( #2379, #1294 ),
 ( #4976, #381 ),
 ( #11451, #6436 ),
 ( #994, #9390 ),
 ( #30, #3760 ),
 ( #1179, #11105 ),
 ( #1973, #9200 ),
 ( #2923, #145 ),
 ( #6551, #10243 ),
 ( #8421, #933 ) ),
 .UNSPECIFIED., .F., .F., .F.,
 ( 4, 1, 1, 1, 1, 1, 1, 1, 4 ),
 ( 2, 2 ),
 ( 0.000000000000000000, 0.08942261484839612862, 0.1816197872416817904, 0.2805659334418186268, 0.3906771138371669672, 0.5152471289244904273, 0.6573284607874102514, 0.8189258490273162439, 1.000000000000000000 ),
 ( 0.000000000000000000, 1.000000000000000000 ),
 .UNSPECIFIED. ) ;
#9883 = ORIENTED_EDGE ( 'NONE', *, *, #1972, .T. ) ;
#9884 = AXIS2_PLACEMENT_3D ( 'NONE', #4524, #3610, #8395 ) ;
#9885 = VECTOR ( 'NONE', #9909, 1000.000000000000000 ) ;
#9886 = DIRECTION ( 'NONE',  ( -1.000000000000000000, 0.000000000000000000, 0.000000000000000000 ) ) ;
#9887 = EDGE_LOOP ( 'NONE', ( #9366, #149, #2793, #2368 ) ) ;
#9888 = CARTESIAN_POINT ( 'NONE',  ( 73.00000000000000000, -6.608470384673552010E-16, 1.999999999999998224 ) ) ;
#9889 = CARTESIAN_POINT ( 'NONE',  ( 73.00000000000002842, -82.00000000000000000, 27.00000000000000000 ) ) ;
#9890 = DIRECTION ( 'NONE',  ( 0.000000000000000000, 1.000000000000000000, 0.000000000000000000 ) ) ;
#9891 = ORIENTED_EDGE ( 'NONE', *, *, #9194, .T. ) ;
#9892 = AXIS2_PLACEMENT_3D ( 'NONE', #9105, #1923, #4745 ) ;
#9893 = ORIENTED_EDGE ( 'NONE', *, *, #1598, .T. ) ;
#9894 = VECTOR ( 'NONE', #3285, 1000.000000000000000 ) ;
#9895 = EDGE_LOOP ( 'NONE', ( #11061, #2113 ) ) ;
#9896 = LINE ( 'NONE', #7890, #8112 ) ;
#9897 = VECTOR ( 'NONE', #7371, 1000.000000000000000 ) ;
#9898 = DIRECTION ( 'NONE',  ( 1.000000000000000000, 0.000000000000000000, -0.000000000000000000 ) ) ;
#9899 = EDGE_LOOP ( 'NONE', ( #3364, #5491, #11702, #11005 ) ) ;
#9900 = CARTESIAN_POINT ( 'NONE',  ( 49.00000000000000711, -46.00000000000000711, 1.999999999999998224 ) ) ;
#9901 = CARTESIAN_POINT ( 'NONE',  ( 49.00000000000000000, -26.00000000000000355, 27.00100000000000122 ) ) ;
#9902 = AXIS2_PLACEMENT_3D ( 'NONE', #4037, #7723, #11603 ) ;
#9903 = CARTESIAN_POINT ( 'NONE',  ( 30.84233801453563117, -83.70000000000001705, 4.482182675849115228 ) ) ;
#9904 = ORIENTED_EDGE ( 'NONE', *, *, #1366, .F. ) ;
#9905 = CARTESIAN_POINT ( 'NONE',  ( 61.00000000000000000, -18.00000000000000355, 1.999999999999998224 ) ) ;
#9906 = DIRECTION ( 'NONE',  ( 1.000000000000000000, 0.000000000000000000, 0.000000000000000000 ) ) ;
#9907 = CARTESIAN_POINT ( 'NONE',  ( 30.84834689229120031, -84.00000000000000000, 5.125722092857299295 ) ) ;
#9908 = ORIENTED_EDGE ( 'NONE', *, *, #10816, .T. ) ;
#9909 = DIRECTION ( 'NONE',  ( -0.000000000000000000, -0.000000000000000000, -1.000000000000000000 ) ) ;
#9910 = CARTESIAN_POINT ( 'NONE',  ( 30.40579744769071269, -83.99999999999995737, 7.524096912399974357 ) ) ;
#9911 = AXIS2_PLACEMENT_3D ( 'NONE', #10654, #4162, #427 ) ;
#9912 = CARTESIAN_POINT ( 'NONE',  ( 29.84358518652746639, -83.99999999999991473, 5.440713295918732761 ) ) ;
#9913 = EDGE_CURVE ( 'NONE', #9692, #3303, #10763, .T. ) ;
#9914 = ORIENTED_EDGE ( 'NONE', *, *, #8941, .F. ) ;
#9915 = CARTESIAN_POINT ( 'NONE',  ( 61.00000000000000711, -38.00000000000000000, 0.000000000000000000 ) ) ;
#9916 = DIRECTION ( 'NONE',  ( -1.000000000000000000, 0.000000000000000000, 0.000000000000000000 ) ) ;
#9917 = VERTEX_POINT ( 'NONE', #3955 ) ;
#9918 = CARTESIAN_POINT ( 'NONE',  ( 48.00000000000000000, -18.00000000000000355, 1.999999999999998224 ) ) ;
#9919 = CARTESIAN_POINT ( 'NONE',  ( 65.00000000000001421, -62.00000000000000711, 0.000000000000000000 ) ) ;
#9920 = VECTOR ( 'NONE', #10597, 1000.000000000000000 ) ;
#9921 = CARTESIAN_POINT ( 'NONE',  ( 61.00000000000000000, -14.00000000000000000, 0.000000000000000000 ) ) ;
#9922 = DIRECTION ( 'NONE',  ( 0.000000000000000000, 0.000000000000000000, -1.000000000000000000 ) ) ;
#9923 = ORIENTED_EDGE ( 'NONE', *, *, #3604, .F. ) ;
#9924 = AXIS2_PLACEMENT_3D ( 'NONE', #5132, #6993, #3193 ) ;
#9925 = CARTESIAN_POINT ( 'NONE',  ( 30.51158474662117825, -84.00000000000000000, 6.527206195761162455 ) ) ;
#9926 = FACE_BOUND ( 'NONE', #6913, .T. ) ;
#9927 = VERTEX_POINT ( 'NONE', #6736 ) ;
#9928 = FACE_OUTER_BOUND ( 'NONE', #1231, .T. ) ;
#9929 = EDGE_CURVE ( 'NONE', #2442, #10271, #10312, .T. ) ;
#9930 = CIRCLE ( 'NONE', #2027, 1.000000000000000888 ) ;
#9931 = ORIENTED_EDGE ( 'NONE', *, *, #7212, .F. ) ;
#9932 = DIRECTION ( 'NONE',  ( 0.000000000000000000, -0.000000000000000000, -1.000000000000000000 ) ) ;
#9933 = EDGE_CURVE ( 'NONE', #7024, #3896, #1978, .T. ) ;
#9934 = DIRECTION ( 'NONE',  ( -0.000000000000000000, -0.000000000000000000, -1.000000000000000000 ) ) ;
#9935 = EDGE_LOOP ( 'NONE', ( #8601, #1192, #9872, #7661 ) ) ;
#9936 = CARTESIAN_POINT ( 'NONE',  ( 31.13599105747009332, -83.99999999999995737, 4.633099866944936807 ) ) ;
#9937 = VERTEX_POINT ( 'NONE', #2929 ) ;
#9938 = CARTESIAN_POINT ( 'NONE',  ( 29.39106259890010620, -83.70000000000001705, 7.432495722501656132 ) ) ;
#9939 = ORIENTED_EDGE ( 'NONE', *, *, #558, .F. ) ;
#9940 = CARTESIAN_POINT ( 'NONE',  ( 28.76030191709122263, -83.70000000000003126, 6.508511262990002599 ) ) ;
#9941 = VERTEX_POINT ( 'NONE', #2214 ) ;
#9942 = CIRCLE ( 'NONE', #4133, 1.000000000000000888 ) ;
#9943 = CARTESIAN_POINT ( 'NONE',  ( 2.000000000000000888, -2.000000000000000000, 27.00000000000000000 ) ) ;
#9944 = EDGE_CURVE ( 'NONE', #9201, #3588, #4008, .T. ) ;
#9945 = ORIENTED_EDGE ( 'NONE', *, *, #2203, .T. ) ;
#9946 = CARTESIAN_POINT ( 'NONE',  ( 50.36888588230869601, -84.00000000000000000, 7.909827637963544156 ) ) ;
#9947 = EDGE_CURVE ( 'NONE', #2841, #246, #5907, .T. ) ;
#9948 = FACE_BOUND ( 'NONE', #4334, .T. ) ;
#9949 = DIRECTION ( 'NONE',  ( 0.000000000000000000, 0.000000000000000000, -1.000000000000000000 ) ) ;
#9950 = ORIENTED_EDGE ( 'NONE', *, *, #7999, .T. ) ;
#9951 = EDGE_LOOP ( 'NONE', ( #11927, #1223, #10206, #6891 ) ) ;
#9952 = CARTESIAN_POINT ( 'NONE',  ( 27.60999137993086094, -83.70000000000001705, 5.938285502529586424 ) ) ;
#9953 = CARTESIAN_POINT ( 'NONE',  ( 52.00000000000002132, -62.00000000000000711, 27.00100000000000122 ) ) ;
#9954 = ORIENTED_EDGE ( 'NONE', *, *, #6662, .F. ) ;
#9955 = ADVANCED_FACE ( 'NONE', ( #9459 ), #3042, .F. ) ;
#9956 = VERTEX_POINT ( 'NONE', #10432 ) ;
#9957 = CARTESIAN_POINT ( 'NONE',  ( 30.92142193803482542, -84.00000000000001421, 5.454159919465545237 ) ) ;
#9958 = CARTESIAN_POINT ( 'NONE',  ( 0.000000000000000000, 0.000000000000000000, 27.00000000000000000 ) ) ;
#9959 = DIRECTION ( 'NONE',  ( 0.000000000000000000, -0.000000000000000000, -1.000000000000000000 ) ) ;
#9960 = EDGE_LOOP ( 'NONE', ( #5544, #2928, #3959, #6726 ) ) ;
#9961 = B_SPLINE_CURVE_WITH_KNOTS ( 'NONE', 3,
 ( #4829, #4258, #7033, #1151, #10686, #5175, #515, #2450, #2395, #8517, #10397, #3920, #8919, #1436, #5116 ),
 .UNSPECIFIED., .F., .F.,
 ( 4, 1, 1, 1, 1, 1, 1, 1, 1, 1, 1, 1, 4 ),
 ( 0.000000000000000000, 0.1414542082868565365, 0.2712472310191822999, 0.3945902606219660047, 0.5150123570715937626, 0.5745609901938049102, 0.6327823197126848376, 0.6906535640577259327, 0.7487942917896615036, 0.8072567599225205504, 0.8683665061512230166, 0.9327582373790048731, 1.000000000000000000 ),
 .UNSPECIFIED. ) ;
#9962 = CARTESIAN_POINT ( 'NONE',  ( 57.00000000000001421, -58.00000000000000000, 0.000000000000000000 ) ) ;
#9963 = CARTESIAN_POINT ( 'NONE',  ( 62.00000000000001421, -50.00000000000000000, 0.000000000000000000 ) ) ;
#9964 = CARTESIAN_POINT ( 'NONE',  ( 52.10865196418003364, -83.70000000000001705, 4.409827637963545044 ) ) ;
#9965 = ORIENTED_EDGE ( 'NONE', *, *, #11761, .T. ) ;
#9966 = CARTESIAN_POINT ( 'NONE',  ( 30.23063248887606491, -83.70000000000001705, 6.069431268178275829 ) ) ;
#9967 = DIRECTION ( 'NONE',  ( -1.000000000000000000, 0.000000000000000000, -0.000000000000000000 ) ) ;
#9968 = CARTESIAN_POINT ( 'NONE',  ( 29.93008992868893614, -83.70000000000000284, 5.108619507828207063 ) ) ;
#9969 = ORIENTED_EDGE ( 'NONE', *, *, #6885, .F. ) ;
#9970 = CARTESIAN_POINT ( 'NONE',  ( 66.00000000000001421, -62.00000000000000711, 0.000000000000000000 ) ) ;
#9971 = FACE_OUTER_BOUND ( 'NONE', #4738, .T. ) ;
#9972 = VERTEX_POINT ( 'NONE', #2039 ) ;
#9973 = DIRECTION ( 'NONE',  ( 1.000000000000000000, 0.000000000000000000, 0.000000000000000000 ) ) ;
#9974 = CARTESIAN_POINT ( 'NONE',  ( 29.93008992868893614, -83.70000000000000284, 5.108619507828207063 ) ) ;
#9975 = CARTESIAN_POINT ( 'NONE',  ( 29.92361494501641417, -84.00000000000000000, 7.091306945024713038 ) ) ;
#9976 = PLANE ( 'NONE',  #2680 ) ;
#9977 = AXIS2_PLACEMENT_3D ( 'NONE', #11388, #7628, #9511 ) ;
#9978 = CARTESIAN_POINT ( 'NONE',  ( 31.00000000000002132, -82.79999999999999716, 25.00000000000000000 ) ) ;
#9979 = FACE_BOUND ( 'NONE', #10731, .T. ) ;
#9980 = VERTEX_POINT ( 'NONE', #1301 ) ;
#9981 = EDGE_CURVE ( 'NONE', #7185, #1397, #7582, .T. ) ;
#9982 = DIRECTION ( 'NONE',  ( -1.000000000000000000, 0.000000000000000000, 0.000000000000000000 ) ) ;
#9983 = AXIS2_PLACEMENT_3D ( 'NONE', #11534, #9835, #582 ) ;
#9984 = ORIENTED_EDGE ( 'NONE', *, *, #1861, .T. ) ;
#9985 = DIRECTION ( 'NONE',  ( -0.000000000000000000, -1.000000000000000000, -0.000000000000000000 ) ) ;
#9986 = CARTESIAN_POINT ( 'NONE',  ( 27.93169439241203378, -84.00000000000004263, 7.448979690485282745 ) ) ;
#9987 = ORIENTED_EDGE ( 'NONE', *, *, #3573, .T. ) ;
#9988 = CARTESIAN_POINT ( 'NONE',  ( 31.52872558386706103, -83.70000000000003126, 5.351541777530971267 ) ) ;
#9989 = EDGE_LOOP ( 'NONE', ( #4033, #5271 ) ) ;
#9990 = DIRECTION ( 'NONE',  ( 0.000000000000000000, 0.000000000000000000, -1.000000000000000000 ) ) ;
#9991 = ORIENTED_EDGE ( 'NONE', *, *, #11840, .F. ) ;
#9992 = CARTESIAN_POINT ( 'NONE',  ( 28.79031171663141109, -83.99999999999997158, 6.586946591849436317 ) ) ;
#9993 = CIRCLE ( 'NONE', #1116, 1.000000000000000888 ) ;
#9994 = VERTEX_POINT ( 'NONE', #5667 ) ;
#9995 = EDGE_CURVE ( 'NONE', #7017, #7515, #7802, .T. ) ;
#9996 = AXIS2_PLACEMENT_3D ( 'NONE', #9693, #4058, #5955 ) ;
#9997 = EDGE_CURVE ( 'NONE', #1884, #9860, #2404, .T. ) ;
#9998 = CARTESIAN_POINT ( 'NONE',  ( 31.51600743344776134, -84.00000000000002842, 5.623718608081254011 ) ) ;
#9999 = CYLINDRICAL_SURFACE ( 'NONE', #723, 2.000000000000000000 ) ;
#10000 = VERTEX_POINT ( 'NONE', #1249 ) ;
#10001 = CARTESIAN_POINT ( 'NONE',  ( 48.00000000000001421, -66.00000000000000000, 1.999999999999998224 ) ) ;
#10002 = AXIS2_PLACEMENT_3D ( 'NONE', #1402, #9793, #2590 ) ;
#10003 = AXIS2_PLACEMENT_3D ( 'NONE', #10795, #2496, #10912 ) ;
#10004 = FACE_BOUND ( 'NONE', #9989, .T. ) ;
#10005 = CARTESIAN_POINT ( 'NONE',  ( 29.40113519042408186, -83.99999999999995737, 4.861968292421465776 ) ) ;
#10006 = ORIENTED_EDGE ( 'NONE', *, *, #8208, .T. ) ;
#10007 = ORIENTED_EDGE ( 'NONE', *, *, #9263, .T. ) ;
#10008 = CARTESIAN_POINT ( 'NONE',  ( 66.00000000000000000, -26.00000000000000355, 1.999999999999998224 ) ) ;
#10009 = EDGE_CURVE ( 'NONE', #2948, #9280, #472, .T. ) ;
#10010 = EDGE_CURVE ( 'NONE', #11260, #8396, #6642, .T. ) ;
#10011 = CIRCLE ( 'NONE', #1529, 1.000000000000000888 ) ;
#10012 = ADVANCED_FACE ( 'NONE', ( #1122 ), #4800, .F. ) ;
#10013 = AXIS2_PLACEMENT_3D ( 'NONE', #6080, #10616, #327 ) ;
#10014 = DIRECTION ( 'NONE',  ( 3.304235192336777484E-16, -1.000000000000000000, -2.891205793294679312E-16 ) ) ;
#10015 = VERTEX_POINT ( 'NONE', #390 ) ;
#10016 = ORIENTED_EDGE ( 'NONE', *, *, #4915, .T. ) ;
#10017 = DIRECTION ( 'NONE',  ( 1.000000000000000000, 0.000000000000000000, 0.000000000000000000 ) ) ;
#10018 = FACE_OUTER_BOUND ( 'NONE', #8289, .T. ) ;
#10019 = VECTOR ( 'NONE', #756, 1000.000000000000000 ) ;
#10020 = CARTESIAN_POINT ( 'NONE',  ( 30.23063248887606491, -83.70000000000001705, 6.069431268178275829 ) ) ;
#10021 = ORIENTED_EDGE ( 'NONE', *, *, #2333, .F. ) ;
#10022 = DIRECTION ( 'NONE',  ( -0.1261516832900868579, 0.000000000000000000, 0.9920109640538644635 ) ) ;
#10023 = EDGE_CURVE ( 'NONE', #548, #9389, #8000, .T. ) ;
#10024 = CARTESIAN_POINT ( 'NONE',  ( 30.34889109836274557, -83.70000000000001705, 7.524921846475871590 ) ) ;
#10025 = DIRECTION ( 'NONE',  ( -1.000000000000000000, 0.000000000000000000, 0.000000000000000000 ) ) ;
#10026 = VERTEX_POINT ( 'NONE', #3165 ) ;
#10027 = CARTESIAN_POINT ( 'NONE',  ( 28.13678254942243839, -83.70000000000001705, 7.922753137747394092 ) ) ;
#10028 = CARTESIAN_POINT ( 'NONE',  ( 61.00000000000000711, -26.00000000000000355, 1.999999999999998224 ) ) ;
#10029 = CIRCLE ( 'NONE', #187, 2.000000000000000000 ) ;
#10030 = CARTESIAN_POINT ( 'NONE',  ( 66.00000000000000000, -26.00000000000000355, 0.000000000000000000 ) ) ;
#10031 = ORIENTED_EDGE ( 'NONE', *, *, #10363, .F. ) ;
#10032 = DIRECTION ( 'NONE',  ( -0.000000000000000000, -0.000000000000000000, -1.000000000000000000 ) ) ;
#10033 = DIRECTION ( 'NONE',  ( 0.000000000000000000, -0.000000000000000000, -1.000000000000000000 ) ) ;
#10034 = ORIENTED_EDGE ( 'NONE', *, *, #10960, .F. ) ;
#10035 = DIRECTION ( 'NONE',  ( 0.000000000000000000, 0.000000000000000000, -1.000000000000000000 ) ) ;
#10036 = FACE_OUTER_BOUND ( 'NONE', #8055, .T. ) ;
#10037 = CARTESIAN_POINT ( 'NONE',  ( 31.03814912925179925, -84.00000000000000000, 7.838429966572931562 ) ) ;
#10038 = DIRECTION ( 'NONE',  ( -1.000000000000000000, 0.000000000000000000, 0.000000000000000000 ) ) ;
#10039 = AXIS2_PLACEMENT_3D ( 'NONE', #11121, #4689, #2876 ) ;
#10040 = CARTESIAN_POINT ( 'NONE',  ( 31.94462425842338504, -83.70000000000001705, 7.983552992241519597 ) ) ;
#10041 = FACE_BOUND ( 'NONE', #7877, .T. ) ;
#10042 = VERTEX_POINT ( 'NONE', #11286 ) ;
#10043 = ORIENTED_EDGE ( 'NONE', *, *, #10922, .T. ) ;
#10044 = CYLINDRICAL_SURFACE ( 'NONE', #5930, 1.000000000000000888 ) ;
#10045 = ORIENTED_EDGE ( 'NONE', *, *, #10363, .T. ) ;
#10046 = CARTESIAN_POINT ( 'NONE',  ( 53.00000000000000711, -18.00000000000000355, 27.00100000000000122 ) ) ;
#10047 = VECTOR ( 'NONE', #11713, 1000.000000000000000 ) ;
#10048 = EDGE_CURVE ( 'NONE', #10396, #7076, #10249, .T. ) ;
#10049 = CARTESIAN_POINT ( 'NONE',  ( 27.98736302558678091, -83.99999999999995737, 7.424308682026691919 ) ) ;
#10050 = ORIENTED_EDGE ( 'NONE', *, *, #5821, .F. ) ;
#10051 = CARTESIAN_POINT ( 'NONE',  ( 31.40962685786739783, -83.99999999999997158, 4.946884018761910085 ) ) ;
#10052 = CYLINDRICAL_SURFACE ( 'NONE', #2304, 2.000000000000000000 ) ;
#10053 = VERTEX_POINT ( 'NONE', #4737 ) ;
#10054 = LINE ( 'NONE', #4604, #2220 ) ;
#10055 = ORIENTED_EDGE ( 'NONE', *, *, #10399, .T. ) ;
#10056 = CARTESIAN_POINT ( 'NONE',  ( 2.999999999999999112, -2.000000000000000000, 27.00000000000000000 ) ) ;
#10057 = CARTESIAN_POINT ( 'NONE',  ( 66.00000000000000000, -14.00000000000000000, 1.999999999999998224 ) ) ;
#10058 = ORIENTED_EDGE ( 'NONE', *, *, #9365, .T. ) ;
#10059 = FACE_OUTER_BOUND ( 'NONE', #4197, .T. ) ;
#10060 = CIRCLE ( 'NONE', #1186, 1.000000000000000888 ) ;
#10061 = EDGE_CURVE ( 'NONE', #10415, #8619, #10367, .T. ) ;
#10062 = EDGE_CURVE ( 'NONE', #1620, #4622, #11294, .T. ) ;
#10063 = EDGE_LOOP ( 'NONE', ( #10548, #9624 ) ) ;
#10064 = CARTESIAN_POINT ( 'NONE',  ( 64.00000000000000000, -10.00000000000000000, 0.000000000000000000 ) ) ;
#10065 = DIRECTION ( 'NONE',  ( -0.000000000000000000, -1.000000000000000000, -0.000000000000000000 ) ) ;
#10066 = ORIENTED_EDGE ( 'NONE', *, *, #5900, .T. ) ;
#10067 = CARTESIAN_POINT ( 'NONE',  ( 29.25231331760350173, -83.70000000000003126, 5.232308591671918307 ) ) ;
#10068 = EDGE_LOOP ( 'NONE', ( #6504, #5663, #10980, #3691 ) ) ;
#10069 = ORIENTED_EDGE ( 'NONE', *, *, #7122, .T. ) ;
#10070 = CIRCLE ( 'NONE', #4270, 1.000000000000000888 ) ;
#10071 = VECTOR ( 'NONE', #11189, 1000.000000000000000 ) ;
#10072 = DIRECTION ( 'NONE',  ( -0.000000000000000000, -0.000000000000000000, -1.000000000000000000 ) ) ;
#10073 = ORIENTED_EDGE ( 'NONE', *, *, #2399, .F. ) ;
#10074 = CARTESIAN_POINT ( 'NONE',  ( 30.28609112205922571, -84.00000000000000000, 6.045723362544951129 ) ) ;
#10075 = ADVANCED_FACE ( 'NONE', ( #4249 ), #5047, .F. ) ;
#10076 = CARTESIAN_POINT ( 'NONE',  ( 41.99999999999999289, -4.000000000000000000, 3.999999999999998224 ) ) ;
#10077 = APPLICATION_PROTOCOL_DEFINITION ( 'draft international standard', 'automotive_design', 1998, #4011 ) ;
#10078 = CIRCLE ( 'NONE', #2552, 1.000000000000000888 ) ;
#10079 = ADVANCED_FACE ( 'NONE', ( #4310 ), #1544, .T. ) ;
#10080 = CARTESIAN_POINT ( 'NONE',  ( 45.00000000000000000, -1.200000000000000178, 25.00000000000000000 ) ) ;
#10081 = ORIENTED_EDGE ( 'NONE', *, *, #4838, .T. ) ;
#10082 = CARTESIAN_POINT ( 'NONE',  ( 44.00000000000000000, 0.000000000000000000, 14.99999999999999645 ) ) ;
#10083 = LINE ( 'NONE', #10939, #9515 ) ;
#10084 = CARTESIAN_POINT ( 'NONE',  ( 64.00000000000000000, -42.00000000000000000, 0.000000000000000000 ) ) ;
#10085 = VERTEX_POINT ( 'NONE', #4363 ) ;
#10086 = CARTESIAN_POINT ( 'NONE',  ( 64.00000000000000000, -42.00000000000000000, 27.00100000000000122 ) ) ;
#10087 = AXIS2_PLACEMENT_3D ( 'NONE', #4373, #2569, #516 ) ;
#10088 = FACE_OUTER_BOUND ( 'NONE', #5169, .T. ) ;
#10089 = CARTESIAN_POINT ( 'NONE',  ( 30.16379603509039953, -83.70000000000000284, 4.922501976949311242 ) ) ;
#10090 = AXIS2_PLACEMENT_3D ( 'NONE', #7378, #14, #11865 ) ;
#10091 = EDGE_CURVE ( 'NONE', #6552, #6268, #9942, .T. ) ;
#10092 = ORIENTED_EDGE ( 'NONE', *, *, #7939, .F. ) ;
#10093 = LINE ( 'NONE', #1815, #8403 ) ;
#10094 = EDGE_CURVE ( 'NONE', #4078, #11277, #11700, .T. ) ;
#10095 = DIRECTION ( 'NONE',  ( 1.000000000000000000, 0.000000000000000000, -0.000000000000000000 ) ) ;
#10096 = VERTEX_POINT ( 'NONE', #11637 ) ;
#10097 = CARTESIAN_POINT ( 'NONE',  ( 53.00000000000000711, -22.00000000000000000, 0.000000000000000000 ) ) ;
#10098 = CARTESIAN_POINT ( 'NONE',  ( 48.83379816301044940, -83.70000000000001705, 7.132049860185766477 ) ) ;
#10099 = CARTESIAN_POINT ( 'NONE',  ( 65.00000000000001421, -58.00000000000000000, 27.00100000000000122 ) ) ;
#10100 = LINE ( 'NONE', #1822, #5989 ) ;
#10101 = DIRECTION ( 'NONE',  ( -1.000000000000000000, 0.000000000000000000, 0.000000000000000000 ) ) ;
#10102 = FACE_BOUND ( 'NONE', #6299, .T. ) ;
#10103 = ORIENTED_EDGE ( 'NONE', *, *, #10843, .F. ) ;
#10104 = CIRCLE ( 'NONE', #1621, 1.000000000000000888 ) ;
#10105 = FACE_OUTER_BOUND ( 'NONE', #10544, .T. ) ;
#10106 = EDGE_CURVE ( 'NONE', #3700, #3813, #11517, .T. ) ;
#10107 = ORIENTED_EDGE ( 'NONE', *, *, #2692, .T. ) ;
#10108 = LINE ( 'NONE', #9014, #5275 ) ;
#10109 = AXIS2_PLACEMENT_3D ( 'NONE', #9473, #5917, #1261 ) ;
#10110 = DIRECTION ( 'NONE',  ( 0.000000000000000000, -0.000000000000000000, 1.000000000000000000 ) ) ;
#10111 = CIRCLE ( 'NONE', #4312, 2.000000000000000000 ) ;
#10112 = CARTESIAN_POINT ( 'NONE',  ( 5.000000000000022204, -82.00000000000000000, 1.999999999999998224 ) ) ;
#10113 = CARTESIAN_POINT ( 'NONE',  ( 29.73869512655656777, -84.00000000000001421, 6.310181353018484707 ) ) ;
#10114 = ORIENTED_EDGE ( 'NONE', *, *, #1266, .T. ) ;
#10115 = CARTESIAN_POINT ( 'NONE',  ( 28.17930045508789050, -84.00000000000000000, 6.019398779549296030 ) ) ;
#10116 = VERTEX_POINT ( 'NONE', #6024 ) ;
#10117 = VECTOR ( 'NONE', #5393, 1000.000000000000000 ) ;
#10118 = CARTESIAN_POINT ( 'NONE',  ( 31.33485021469418896, -83.99999999999997158, 7.428464109337636678 ) ) ;
#10119 = FACE_OUTER_BOUND ( 'NONE', #8185, .T. ) ;
#10120 = ORIENTED_EDGE ( 'NONE', *, *, #11839, .F. ) ;
#10121 = DIRECTION ( 'NONE',  ( 0.000000000000000000, 0.000000000000000000, 1.000000000000000000 ) ) ;
#10122 = DIRECTION ( 'NONE',  ( -1.000000000000000000, 0.000000000000000000, 0.000000000000000000 ) ) ;
#10123 = ORIENTED_EDGE ( 'NONE', *, *, #3678, .T. ) ;
#10124 = AXIS2_PLACEMENT_3D ( 'NONE', #8851, #7084, #568 ) ;
#10125 = FACE_BOUND ( 'NONE', #11759, .T. ) ;
#10126 = CARTESIAN_POINT ( 'NONE',  ( 64.00000000000000000, -26.00000000000000355, 0.000000000000000000 ) ) ;
#10127 = VERTEX_POINT ( 'NONE', #7879 ) ;
#10128 = DIRECTION ( 'NONE',  ( -0.000000000000000000, -1.000000000000000000, -0.000000000000000000 ) ) ;
#10129 = ORIENTED_EDGE ( 'NONE', *, *, #11029, .T. ) ;
#10130 = ADVANCED_FACE ( 'NONE', ( #3225 ), #508, .F. ) ;
#10131 = LINE ( 'NONE', #704, #5752 ) ;
#10132 = VECTOR ( 'NONE', #7800, 1000.000000000000000 ) ;
#10133 = EDGE_LOOP ( 'NONE', ( #1198, #1928, #2492, #9762 ) ) ;
#10134 = LINE ( 'NONE', #7289, #7494 ) ;
#10135 = DIRECTION ( 'NONE',  ( -1.000000000000000000, 0.000000000000000000, 0.000000000000000000 ) ) ;
#10136 = ORIENTED_EDGE ( 'NONE', *, *, #9046, .T. ) ;
#10137 = ORIENTED_EDGE ( 'NONE', *, *, #9462, .F. ) ;
#10138 = DIRECTION ( 'NONE',  ( -0.000000000000000000, -1.000000000000000000, -0.000000000000000000 ) ) ;
#10139 = CARTESIAN_POINT ( 'NONE',  ( 29.92361494501641417, -84.00000000000000000, 7.091306945024713038 ) ) ;
#10140 = EDGE_CURVE ( 'NONE', #8087, #3944, #9640, .T. ) ;
#10141 = VERTEX_POINT ( 'NONE', #5106 ) ;
#10142 = DIRECTION ( 'NONE',  ( 1.000000000000000000, 0.000000000000000000, 0.000000000000000000 ) ) ;
#10143 = EDGE_LOOP ( 'NONE', ( #6829, #8827 ) ) ;
#10144 = ADVANCED_FACE ( 'NONE', ( #7813 ), #3291, .F. ) ;
#10145 = CARTESIAN_POINT ( 'NONE',  ( 28.65963895757398916, -83.70000000000003126, 7.590374603088732464 ) ) ;
#10146 = EDGE_CURVE ( 'NONE', #7060, #8790, #5228, .T. ) ;
#10147 = CARTESIAN_POINT ( 'NONE',  ( 30.34889109836274557, -84.00000000000000000, 7.524921846475871590 ) ) ;
#10148 = DIRECTION ( 'NONE',  ( -1.000000000000000000, 0.000000000000000000, 0.000000000000000000 ) ) ;
#10149 = ORIENTED_EDGE ( 'NONE', *, *, #4400, .T. ) ;
#10150 = CARTESIAN_POINT ( 'NONE',  ( 11.00000000000000178, -83.00000000000000000, 0.2679491924311221962 ) ) ;
#10151 = PLANE ( 'NONE',  #7554 ) ;
#10152 = VERTEX_POINT ( 'NONE', #9763 ) ;
#10153 = DIRECTION ( 'NONE',  ( -1.000000000000000000, 0.000000000000000000, -0.000000000000000000 ) ) ;
#10154 = PLANE ( 'NONE',  #5050 ) ;
#10155 = CARTESIAN_POINT ( 'NONE',  ( 54.00000000000000711, -42.00000000000000000, 0.000000000000000000 ) ) ;
#10156 = LINE ( 'NONE', #4768, #3648 ) ;
#10157 = DIRECTION ( 'NONE',  ( 1.000000000000000000, 0.000000000000000000, 0.000000000000000000 ) ) ;
#10158 = CARTESIAN_POINT ( 'NONE',  ( 28.23463941978357994, -83.70000000000001705, 6.951064363261663992 ) ) ;
#10159 = ORIENTED_EDGE ( 'NONE', *, *, #4210, .F. ) ;
#10160 = PRODUCT_DEFINITION ( 'Î´Öª', '', #5320, #6421 ) ;
#10161 = EDGE_CURVE ( 'NONE', #1525, #10967, #8910, .T. ) ;
#10162 = ADVANCED_FACE ( 'NONE', ( #5290 ), #10740, .F. ) ;
#10163 = CARTESIAN_POINT ( 'NONE',  ( 58.00000000000001421, -66.00000000000000000, 1.999999999999998224 ) ) ;
#10164 = VERTEX_POINT ( 'NONE', #5165 ) ;
#10165 = CARTESIAN_POINT ( 'NONE',  ( 53.00000000000000000, -14.00000000000000000, 1.999999999999998224 ) ) ;
#10166 = AXIS2_PLACEMENT_3D ( 'NONE', #719, #9226, #7418 ) ;
#10167 = DIRECTION ( 'NONE',  ( 1.000000000000000000, -0.000000000000000000, 0.000000000000000000 ) ) ;
#10168 = CARTESIAN_POINT ( 'NONE',  ( 31.00000000000000000, -1.200000000000000178, 25.00000000000000355 ) ) ;
#10169 = DIRECTION ( 'NONE',  ( 1.000000000000000000, 0.000000000000000000, 0.000000000000000000 ) ) ;
#10170 = ORIENTED_EDGE ( 'NONE', *, *, #9476, .F. ) ;
#10171 = CARTESIAN_POINT ( 'NONE',  ( 49.00000000000001421, -50.00000000000000000, 0.000000000000000000 ) ) ;
#10172 = ORIENTED_EDGE ( 'NONE', *, *, #4316, .F. ) ;
#10173 = EDGE_CURVE ( 'NONE', #7679, #10967, #5308, .T. ) ;
#10174 = AXIS2_PLACEMENT_3D ( 'NONE', #6447, #10994, #4379 ) ;
#10175 = DIRECTION ( 'NONE',  ( -0.000000000000000000, -1.000000000000000000, -0.000000000000000000 ) ) ;
#10176 = DIRECTION ( 'NONE',  ( -0.9920109640538645746, 0.000000000000000000, 0.1261516832900868856 ) ) ;
#10177 = ORIENTED_EDGE ( 'NONE', *, *, #6475, .T. ) ;
#10178 = CARTESIAN_POINT ( 'NONE',  ( 56.00000000000001421, -58.00000000000000000, 27.00100000000000122 ) ) ;
#10179 = CARTESIAN_POINT ( 'NONE',  ( 28.19720649916428457, -83.70000000000003126, 7.182893680312834483 ) ) ;
#10180 = EDGE_LOOP ( 'NONE', ( #7480, #1916, #1731, #10352 ) ) ;
#10181 = VECTOR ( 'NONE', #8189, 1000.000000000000000 ) ;
#10182 = FACE_BOUND ( 'NONE', #9013, .T. ) ;
#10183 = CARTESIAN_POINT ( 'NONE',  ( 29.34961930503926197, -84.00000000000002842, 4.947526531759794288 ) ) ;
#10184 = ORIENTED_EDGE ( 'NONE', *, *, #4229, .F. ) ;
#10185 = CIRCLE ( 'NONE', #4973, 1.000000000000000888 ) ;
#10186 = CARTESIAN_POINT ( 'NONE',  ( 29.30788842992751242, -83.70000000000003126, 5.037751047725838482 ) ) ;
#10187 = ORIENTED_EDGE ( 'NONE', *, *, #4534, .T. ) ;
#10188 = AXIS2_PLACEMENT_3D ( 'NONE', #2334, #9581, #6085 ) ;
#10189 = DIRECTION ( 'NONE',  ( -1.000000000000000000, 0.000000000000000000, 0.000000000000000000 ) ) ;
#10190 = VECTOR ( 'NONE', #10307, 1000.000000000000000 ) ;
#10191 = ORIENTED_EDGE ( 'NONE', *, *, #2609, .F. ) ;
#10192 = CARTESIAN_POINT ( 'NONE',  ( 30.92350664958648210, -84.00000000000000000, 5.424315392068247199 ) ) ;
#10193 = AXIS2_PLACEMENT_3D ( 'NONE', #1283, #11439, #11678 ) ;
#10194 = EDGE_CURVE ( 'NONE', #4926, #9784, #3371, .T. ) ;
#10195 = DIRECTION ( 'NONE',  ( -0.000000000000000000, -0.000000000000000000, -1.000000000000000000 ) ) ;
#10196 = ORIENTED_EDGE ( 'NONE', *, *, #10914, .T. ) ;
#10197 = AXIS2_PLACEMENT_3D ( 'NONE', #7789, #10176, #7390 ) ;
#10198 = ORIENTED_EDGE ( 'NONE', *, *, #4059, .T. ) ;
#10199 = CARTESIAN_POINT ( 'NONE',  ( 47.00000000000002842, -84.00000000000000000, 16.19999999999999929 ) ) ;
#10200 = VECTOR ( 'NONE', #10926, 1000.000000000000000 ) ;
#10201 = ORIENTED_EDGE ( 'NONE', *, *, #7773, .F. ) ;
#10202 = PLANE ( 'NONE',  #8761 ) ;
#10203 = ORIENTED_EDGE ( 'NONE', *, *, #9929, .T. ) ;
#10204 = CARTESIAN_POINT ( 'NONE',  ( 30.96768895929945131, -83.70000000000000284, 6.302374381796002289 ) ) ;
#10205 = LINE ( 'NONE', #9113, #7276 ) ;
#10206 = ORIENTED_EDGE ( 'NONE', *, *, #3982, .T. ) ;
#10207 = CARTESIAN_POINT ( 'NONE',  ( 30.34889109836274557, -83.99999999999991473, 4.889877445349599228 ) ) ;
#10208 = AXIS2_PLACEMENT_3D ( 'NONE', #1190, #156, #279 ) ;
#10209 = ORIENTED_EDGE ( 'NONE', *, *, #2707, .F. ) ;
#10210 = CARTESIAN_POINT ( 'NONE',  ( 29.60697422837513670, -84.00000000000000000, 4.636031733426433377 ) ) ;
#10211 = VECTOR ( 'NONE', #11514, 1000.000000000000000 ) ;
#10212 = ADVANCED_FACE ( 'NONE', ( #2500 ), #1364, .T. ) ;
#10213 = EDGE_CURVE ( 'NONE', #5119, #118, #8056, .T. ) ;
#10214 = CARTESIAN_POINT ( 'NONE',  ( 57.00000000000000000, -26.00000000000000355, 0.000000000000000000 ) ) ;
#10215 = ORIENTED_EDGE ( 'NONE', *, *, #6881, .T. ) ;
#10216 = LINE ( 'NONE', #1758, #7115 ) ;
#10217 = CARTESIAN_POINT ( 'NONE',  ( 9.912705577010328508E-15, -30.00000000000000000, 13.50000000000000178 ) ) ;
#10218 = FACE_OUTER_BOUND ( 'NONE', #3866, .T. ) ;
#10219 = CARTESIAN_POINT ( 'NONE',  ( 49.00000000000000000, -14.00000000000000000, 1.999999999999998224 ) ) ;
#10220 = CARTESIAN_POINT ( 'NONE',  ( 2.200000000000008615, -35.00000000000000000, 22.00000000000000355 ) ) ;
#10221 = CYLINDRICAL_SURFACE ( 'NONE', #9024, 1.000000000000000888 ) ;
#10222 = ORIENTED_EDGE ( 'NONE', *, *, #8587, .T. ) ;
#10223 = AXIS2_PLACEMENT_3D ( 'NONE', #10232, #6598, #9317 ) ;
#10224 = LINE ( 'NONE', #8281, #1292 ) ;
#10225 = ORIENTED_EDGE ( 'NONE', *, *, #7627, .T. ) ;
#10226 = CARTESIAN_POINT ( 'NONE',  ( 2.000000000000000000, 6.608470384673552010E-16, 0.000000000000000000 ) ) ;
#10227 = ADVANCED_FACE ( 'NONE', ( #868, #11872 ), #7210, .F. ) ;
#10228 = CARTESIAN_POINT ( 'NONE',  ( 46.39812564839056108, -83.70000000000001705, 7.909827637963544156 ) ) ;
#10229 = DIRECTION ( 'NONE',  ( 0.000000000000000000, 0.000000000000000000, 1.000000000000000000 ) ) ;
#10230 = CIRCLE ( 'NONE', #5019, 1.000000000000000888 ) ;
#10231 = EDGE_CURVE ( 'NONE', #5251, #9521, #3690, .T. ) ;
#10232 = CARTESIAN_POINT ( 'NONE',  ( 61.00000000000000711, -34.00000000000000000, 27.00100000000000122 ) ) ;
#10233 = ORIENTED_EDGE ( 'NONE', *, *, #8049, .F. ) ;
#10234 = DIRECTION ( 'NONE',  ( -0.000000000000000000, -1.000000000000000000, -0.000000000000000000 ) ) ;
#10235 = DIRECTION ( 'NONE',  ( -1.000000000000000000, 0.000000000000000000, 0.000000000000000000 ) ) ;
#10236 = ORIENTED_EDGE ( 'NONE', *, *, #2567, .F. ) ;
#10237 = CARTESIAN_POINT ( 'NONE',  ( 31.41701628642293898, -83.70000000000001705, 7.144049432218567475 ) ) ;
#10238 = CIRCLE ( 'NONE', #5616, 1.000000000000000888 ) ;
#10239 = CARTESIAN_POINT ( 'NONE',  ( 65.00000000000000000, -22.00000000000000000, 27.00100000000000122 ) ) ;
#10240 = ORIENTED_EDGE ( 'NONE', *, *, #128, .T. ) ;
#10241 = DIRECTION ( 'NONE',  ( 1.000000000000000000, 0.000000000000000000, 0.000000000000000000 ) ) ;
#10242 = EDGE_CURVE ( 'NONE', #9280, #2948, #11107, .T. ) ;
#10243 = CARTESIAN_POINT ( 'NONE',  ( 30.28609112205922571, -84.00000000000000000, 6.045723362544951129 ) ) ;
#10244 = EDGE_LOOP ( 'NONE', ( #10676, #6698 ) ) ;
#10245 = EDGE_CURVE ( 'NONE', #4262, #4311, #8623, .T. ) ;
#10246 = FACE_BOUND ( 'NONE', #7069, .T. ) ;
#10247 = CARTESIAN_POINT ( 'NONE',  ( 49.00000000000001421, -58.00000000000000000, 27.00100000000000122 ) ) ;
#10248 = ORIENTED_EDGE ( 'NONE', *, *, #11113, .F. ) ;
#10249 = LINE ( 'NONE', #4863, #4329 ) ;
#10250 = ORIENTED_EDGE ( 'NONE', *, *, #9759, .F. ) ;
#10251 = VECTOR ( 'NONE', #844, 1000.000000000000000 ) ;
#10252 = DIRECTION ( 'NONE',  ( -1.000000000000000000, 0.000000000000000000, 0.000000000000000000 ) ) ;
#10253 = VERTEX_POINT ( 'NONE', #11817 ) ;
#10254 = CARTESIAN_POINT ( 'NONE',  ( 30.34889109836274557, -84.00000000000000000, 4.889877445349599228 ) ) ;
#10255 = EDGE_CURVE ( 'NONE', #11890, #6905, #8229, .T. ) ;
#10256 = DIRECTION ( 'NONE',  ( -0.000000000000000000, -0.000000000000000000, -1.000000000000000000 ) ) ;
#10257 = ORIENTED_EDGE ( 'NONE', *, *, #10061, .F. ) ;
#10258 = VECTOR ( 'NONE', #1225, 1000.000000000000000 ) ;
#10259 = AXIS2_PLACEMENT_3D ( 'NONE', #10247, #1729, #5482 ) ;
#10260 = VERTEX_POINT ( 'NONE', #11033 ) ;
#10261 = DIRECTION ( 'NONE',  ( -1.000000000000000000, 0.000000000000000000, 0.000000000000000000 ) ) ;
#10262 = ORIENTED_EDGE ( 'NONE', *, *, #2979, .F. ) ;
#10263 = CARTESIAN_POINT ( 'NONE',  ( 27.55995889130188559, -83.70000000000003126, 7.505212078228092665 ) ) ;
#10264 = ORIENTED_EDGE ( 'NONE', *, *, #10520, .T. ) ;
#10265 = DIRECTION ( 'NONE',  ( 1.000000000000000000, 0.000000000000000000, 0.000000000000000000 ) ) ;
#10266 = CARTESIAN_POINT ( 'NONE',  ( 30.03890211766120188, -84.00000000000000000, 7.417894147361797863 ) ) ;
#10267 = EDGE_LOOP ( 'NONE', ( #2309, #11940, #7927, #6976 ) ) ;
#10268 = VECTOR ( 'NONE', #2427, 1000.000000000000000 ) ;
#10269 = AXIS2_PLACEMENT_3D ( 'NONE', #4752, #10386, #291 ) ;
#10270 = ADVANCED_FACE ( 'NONE', ( #10971 ), #2249, .T. ) ;
#10271 = VERTEX_POINT ( 'NONE', #3468 ) ;
#10272 = DIRECTION ( 'NONE',  ( -1.000000000000000000, 0.000000000000000000, 0.000000000000000000 ) ) ;
#10273 = CARTESIAN_POINT ( 'NONE',  ( 46.97122506359524152, -83.70000000000001705, 7.909827637963544156 ) ) ;
#10274 = EDGE_LOOP ( 'NONE', ( #9923, #1307 ) ) ;
#10275 = DIRECTION ( 'NONE',  ( -1.000000000000000000, 0.000000000000000000, 0.000000000000000000 ) ) ;
#10276 = CARTESIAN_POINT ( 'NONE',  ( 60.00000000000000000, -18.00000000000000355, 1.999999999999998224 ) ) ;
#10277 = LINE ( 'NONE', #2957, #5300 ) ;
#10278 = CARTESIAN_POINT ( 'NONE',  ( 10.69419480300797787, -82.69419480300798853, 0.09139247962818927706 ) ) ;
#10279 = B_SPLINE_CURVE_WITH_KNOTS ( 'NONE', 3,
 ( #4266, #4084, #11478, #3182, #1383, #3426, #5064, #6100, #8016, #11714, #8747, #464, #7955, #4144, #7893 ),
 .UNSPECIFIED., .F., .F.,
 ( 4, 1, 1, 1, 1, 1, 1, 1, 1, 1, 1, 1, 4 ),
 ( 0.000000000000000000, 0.1245479305419946725, 0.2428448981356574887, 0.3570854518610468431, 0.4708787250766763299, 0.5284372090939553068, 0.5859050803510962302, 0.6452655862638015938, 0.7074019161192128813, 0.7726190116541616915, 0.8431873578094400967, 0.9188519178769075646, 1.000000000000000000 ),
 .UNSPECIFIED. ) ;
#10280 = VECTOR ( 'NONE', #11468, 999.9999999999998863 ) ;
#10281 = CARTESIAN_POINT ( 'NONE',  ( 56.00000000000000000, -22.00000000000000000, 27.00100000000000122 ) ) ;
#10282 = CARTESIAN_POINT ( 'NONE',  ( 28.17510513430301700, -83.70000000000000284, 7.232541915283673184 ) ) ;
#10283 = ORIENTED_EDGE ( 'NONE', *, *, #3875, .T. ) ;
#10284 = CARTESIAN_POINT ( 'NONE',  ( 29.48733814288273436, -83.99999999999995737, 7.602012663651934510 ) ) ;
#10285 = EDGE_CURVE ( 'NONE', #7026, #5421, #3576, .T. ) ;
#10286 = CARTESIAN_POINT ( 'NONE',  ( 30.82748359559121099, -83.70000000000000284, 7.060825226418555367 ) ) ;
#10287 = VECTOR ( 'NONE', #4392, 1000.000000000000000 ) ;
#10288 = EDGE_LOOP ( 'NONE', ( #5370, #1340, #3662, #435 ) ) ;
#10289 = CARTESIAN_POINT ( 'NONE',  ( 73.00000000000002842, -82.00000000000000000, 2.000000000000000000 ) ) ;
#10290 = LINE ( 'NONE', #9374, #2344 ) ;
#10291 = CARTESIAN_POINT ( 'NONE',  ( 51.47414904020342874, -83.70000000000001705, 6.538482608723778178 ) ) ;
#10292 = AXIS2_PLACEMENT_3D ( 'NONE', #8111, #5525, #5402 ) ;
#10293 = LINE ( 'NONE', #1046, #1925 ) ;
#10294 = ORIENTED_EDGE ( 'NONE', *, *, #3510, .F. ) ;
#10295 = LINE ( 'NONE', #9446, #6271 ) ;
#10296 = CARTESIAN_POINT ( 'NONE',  ( 28.13678254942243839, -83.70000000000001705, 7.922753137747394092 ) ) ;
#10297 = ORIENTED_EDGE ( 'NONE', *, *, #10161, .F. ) ;
#10298 = EDGE_CURVE ( 'NONE', #3641, #4138, #10054, .T. ) ;
#10299 = CARTESIAN_POINT ( 'NONE',  ( 49.16128354312739646, -84.00000000000000000, 5.883511848489860974 ) ) ;
#10300 = CARTESIAN_POINT ( 'NONE',  ( 30.26056406396405407, -83.70000000000001705, 7.521468294471389981 ) ) ;
#10301 = EDGE_CURVE ( 'NONE', #7486, #2865, #5472, .T. ) ;
#10302 = VECTOR ( 'NONE', #10142, 1000.000000000000000 ) ;
#10303 = EDGE_LOOP ( 'NONE', ( #8728, #7048, #4549, #2669 ) ) ;
#10304 = FACE_OUTER_BOUND ( 'NONE', #9198, .T. ) ;
#10305 = DIRECTION ( 'NONE',  ( -1.000000000000000000, 0.000000000000000000, 0.000000000000000000 ) ) ;
#10306 = ORIENTED_EDGE ( 'NONE', *, *, #3582, .F. ) ;
#10307 = DIRECTION ( 'NONE',  ( -0.000000000000000000, -1.000000000000000000, -0.000000000000000000 ) ) ;
#10308 = ORIENTED_EDGE ( 'NONE', *, *, #2250, .T. ) ;
#10309 = DIRECTION ( 'NONE',  ( 1.000000000000000000, 0.000000000000000000, 0.000000000000000000 ) ) ;
#10310 = LINE ( 'NONE', #1119, #992 ) ;
#10311 = ORIENTED_EDGE ( 'NONE', *, *, #6249, .F. ) ;
#10312 = LINE ( 'NONE', #150, #3941 ) ;
#10313 = ORIENTED_EDGE ( 'NONE', *, *, #2394, .T. ) ;
#10314 = VECTOR ( 'NONE', #6396, 1000.000000000000000 ) ;
#10315 = ADVANCED_FACE ( 'NONE', ( #10860 ), #9379, .T. ) ;
#10316 = DIRECTION ( 'NONE',  ( -1.000000000000000000, 0.000000000000000000, 0.000000000000000000 ) ) ;
#10317 = EDGE_CURVE ( 'NONE', #3277, #2776, #1961, .T. ) ;
#10318 = VERTEX_POINT ( 'NONE', #9563 ) ;
#10319 = DIRECTION ( 'NONE',  ( 0.000000000000000000, 0.000000000000000000, 1.000000000000000000 ) ) ;
#10320 = VECTOR ( 'NONE', #11046, 1000.000000000000000 ) ;
#10321 = FACE_OUTER_BOUND ( 'NONE', #4198, .T. ) ;
#10322 = ORIENTED_EDGE ( 'NONE', *, *, #9246, .T. ) ;
#10323 = VERTEX_POINT ( 'NONE', #259 ) ;
#10324 = DIRECTION ( 'NONE',  ( -1.000000000000000000, 0.000000000000000000, 0.000000000000000000 ) ) ;
#10325 = FACE_OUTER_BOUND ( 'NONE', #8228, .T. ) ;
#10326 = ORIENTED_EDGE ( 'NONE', *, *, #11139, .T. ) ;
#10327 = AXIS2_PLACEMENT_3D ( 'NONE', #6965, #6198, #10677 ) ;
#10328 = ADVANCED_FACE ( 'NONE', ( #1232 ), #10417, .F. ) ;
#10329 = CARTESIAN_POINT ( 'NONE',  ( 30.77000743289246998, -83.70000000000001705, 6.412814328894986815 ) ) ;
#10330 = FACE_OUTER_BOUND ( 'NONE', #7502, .T. ) ;
#10331 = VERTEX_POINT ( 'NONE', #6720 ) ;
#10332 = CARTESIAN_POINT ( 'NONE',  ( 53.52093266593442422, -83.70000000000001705, 7.520938749074655760 ) ) ;
#10333 = CARTESIAN_POINT ( 'NONE',  ( 28.21243267174497049, -84.00000000000000000, 6.754524400191493250 ) ) ;
#10334 = DIRECTION ( 'NONE',  ( 0.000000000000000000, 0.000000000000000000, -1.000000000000000000 ) ) ;
#10335 = CIRCLE ( 'NONE', #6098, 2.000000000000000000 ) ;
#10336 = DIRECTION ( 'NONE',  ( -0.000000000000000000, -0.000000000000000000, -1.000000000000000000 ) ) ;
#10337 = ORIENTED_EDGE ( 'NONE', *, *, #7126, .F. ) ;
#10338 = CARTESIAN_POINT ( 'NONE',  ( 31.29221532329694355, -83.70000000000001705, 7.518616256435525891 ) ) ;
#10339 = LINE ( 'NONE', #7484, #2968 ) ;
#10340 = LINE ( 'NONE', #1032, #6550 ) ;
#10341 = DIRECTION ( 'NONE',  ( -1.000000000000000000, 0.000000000000000000, 0.000000000000000000 ) ) ;
#10342 = PLANE ( 'NONE',  #338 ) ;
#10343 = ORIENTED_EDGE ( 'NONE', *, *, #8446, .F. ) ;
#10344 = DIRECTION ( 'NONE',  ( -1.000000000000000000, 0.000000000000000000, 0.000000000000000000 ) ) ;
#10345 = DIRECTION ( 'NONE',  ( 0.000000000000000000, 0.000000000000000000, 1.000000000000000000 ) ) ;
#10346 = ORIENTED_EDGE ( 'NONE', *, *, #10760, .F. ) ;
#10347 = DIRECTION ( 'NONE',  ( 0.000000000000000000, 0.000000000000000000, -1.000000000000000000 ) ) ;
#10348 = CARTESIAN_POINT ( 'NONE',  ( 56.00000000000000711, -38.00000000000000000, 27.00100000000000122 ) ) ;
#10349 = CARTESIAN_POINT ( 'NONE',  ( 28.94267494068459712, -83.70000000000001705, 4.451714135841259967 ) ) ;
#10350 = EDGE_CURVE ( 'NONE', #8242, #10622, #10295, .T. ) ;
#10351 = LINE ( 'NONE', #8350, #7124 ) ;
#10352 = ORIENTED_EDGE ( 'NONE', *, *, #691, .F. ) ;
#10353 = DIRECTION ( 'NONE',  ( 0.000000000000000000, -0.000000000000000000, -1.000000000000000000 ) ) ;
#10354 = CARTESIAN_POINT ( 'NONE',  ( 28.51492147217717132, -83.70000000000003126, 7.733665082092485932 ) ) ;
#10355 = ORIENTED_EDGE ( 'NONE', *, *, #601, .F. ) ;
#10356 = LINE ( 'NONE', #1108, #1051 ) ;
#10357 = ORIENTED_EDGE ( 'NONE', *, *, #3883, .F. ) ;
#10358 = DIRECTION ( 'NONE',  ( -0.000000000000000000, -1.000000000000000000, -0.000000000000000000 ) ) ;
#10360 = ORIENTED_EDGE ( 'NONE', *, *, #7046, .F. ) ;
#10359 = CARTESIAN_POINT ( 'NONE',  ( 28.94267494068459712, -83.70000000000001705, 4.451714135841259967 ) ) ;
#10361 = DIRECTION ( 'NONE',  ( 1.000000000000000000, 0.000000000000000000, 0.000000000000000000 ) ) ;
#10362 = EDGE_CURVE ( 'NONE', #9126, #6606, #8190, .T. ) ;
#10363 = EDGE_CURVE ( 'NONE', #9158, #11706, #5829, .T. ) ;
#10364 = CARTESIAN_POINT ( 'NONE',  ( 65.00000000000000000, -34.00000000000000000, 0.000000000000000000 ) ) ;
#10365 = DIRECTION ( 'NONE',  ( 0.000000000000000000, 0.000000000000000000, 1.000000000000000000 ) ) ;
#10366 = ORIENTED_EDGE ( 'NONE', *, *, #4758, .F. ) ;
#10367 = LINE ( 'NONE', #8426, #5502 ) ;
#10368 = AXIS2_PLACEMENT_3D ( 'NONE', #2839, #5643, #127 ) ;
#10369 = VERTEX_POINT ( 'NONE', #6542 ) ;
#10370 = CARTESIAN_POINT ( 'NONE',  ( 30.09444436924261268, -84.00000000000001421, 6.731877411042066939 ) ) ;
#10371 = ORIENTED_EDGE ( 'NONE', *, *, #2407, .T. ) ;
#10372 = DIRECTION ( 'NONE',  ( 0.000000000000000000, 0.000000000000000000, -1.000000000000000000 ) ) ;
#10373 = VECTOR ( 'NONE', #9661, 1000.000000000000000 ) ;
#10374 = VERTEX_POINT ( 'NONE', #2911 ) ;
#10375 = ORIENTED_EDGE ( 'NONE', *, *, #6609, .F. ) ;
#10376 = CARTESIAN_POINT ( 'NONE',  ( 73.00000000000000000, -2.000000000000000000, 0.000000000000000000 ) ) ;
#10377 = EDGE_LOOP ( 'NONE', ( #9654, #7518 ) ) ;
#10378 = ADVANCED_FACE ( 'NONE', ( #315 ), #2199, .T. ) ;
#10379 = EDGE_CURVE ( 'NONE', #6484, #9706, #4723, .T. ) ;
#10380 = ORIENTED_EDGE ( 'NONE', *, *, #7823, .T. ) ;
#10381 = LINE ( 'NONE', #11352, #9653 ) ;
#10382 = CARTESIAN_POINT ( 'NONE',  ( 3.000000000000016431, -53.99999999999999289, 13.50000000000000178 ) ) ;
#10383 = AXIS2_PLACEMENT_3D ( 'NONE', #693, #3527, #4490 ) ;
#10384 = EDGE_LOOP ( 'NONE', ( #884, #6260 ) ) ;
#10385 = AXIS2_PLACEMENT_3D ( 'NONE', #6900, #445, #10552 ) ;
#10386 = DIRECTION ( 'NONE',  ( 0.000000000000000000, 0.000000000000000000, -1.000000000000000000 ) ) ;
#10387 = AXIS2_PLACEMENT_3D ( 'NONE', #2316, #10664, #11386 ) ;
#10388 = CARTESIAN_POINT ( 'NONE',  ( 52.00000000000000711, -26.00000000000000355, 1.999999999999998224 ) ) ;
#10389 = LINE ( 'NONE', #2116, #9815 ) ;
#10390 = ADVANCED_FACE ( 'NONE', ( #4966 ), #5712, .T. ) ;
#10391 = CARTESIAN_POINT ( 'NONE',  ( 30.27672845341658459, -83.70000000000003126, 6.629571646069893021 ) ) ;
#10392 = CARTESIAN_POINT ( 'NONE',  ( 29.95642302710347948, -84.00000000000001421, 7.956042561108343847 ) ) ;
#10393 = VECTOR ( 'NONE', #11215, 1000.000000000000000 ) ;
#10394 = EDGE_CURVE ( 'NONE', #9880, #11331, #7617, .T. ) ;
#10395 = DIRECTION ( 'NONE',  ( -0.000000000000000000, -0.000000000000000000, -1.000000000000000000 ) ) ;
#10396 = VERTEX_POINT ( 'NONE', #4910 ) ;
#10397 = CARTESIAN_POINT ( 'NONE',  ( 30.51137869582762718, -84.00000000000000000, 7.502473557379402358 ) ) ;
#10398 = CIRCLE ( 'NONE', #7682, 1.000000000000000888 ) ;
#10399 = EDGE_CURVE ( 'NONE', #763, #8128, #5268, .T. ) ;
#10400 = CARTESIAN_POINT ( 'NONE',  ( 49.00000000000001421, -58.00000000000000000, 0.000000000000000000 ) ) ;
#10401 = DIRECTION ( 'NONE',  ( -0.000000000000000000, -1.000000000000000000, -0.000000000000000000 ) ) ;
#10402 = DIRECTION ( 'NONE',  ( -3.469446951953614189E-16, 1.000000000000000000, 0.000000000000000000 ) ) ;
#10403 = CARTESIAN_POINT ( 'NONE',  ( 28.23359980807192215, -83.70000000000001705, 7.013193999414675694 ) ) ;
#10404 = EDGE_LOOP ( 'NONE', ( #3529, #8248 ) ) ;
#10405 = CARTESIAN_POINT ( 'NONE',  ( 48.00000000000000000, -14.00000000000000000, 27.00100000000000122 ) ) ;
#10406 = VECTOR ( 'NONE', #3713, 1000.000000000000000 ) ;
#10407 = CARTESIAN_POINT ( 'NONE',  ( 30.77366059440503676, -83.70000000000003126, 7.274299741200700886 ) ) ;
#10408 = B_SPLINE_CURVE_WITH_KNOTS ( 'NONE', 3,
 ( #1477, #5160, #562, #4243, #8169, #6362, #8965, #5341, #4538, #4357, #1599, #10049, #9986, #3403, #804, #1769, #11866, #7079, #4421 ),
 .UNSPECIFIED., .F., .F.,
 ( 4, 1, 1, 1, 1, 1, 1, 1, 1, 1, 1, 1, 1, 1, 1, 1, 4 ),
 ( 0.000000000000000000, 0.06295144345314515610, 0.1233077942933871879, 0.1806926360816505928, 0.2363082356285184649, 0.2902564022880934624, 0.3432916745052979612, 0.3957442136167765301, 0.4488282091076621905, 0.5032798569707896963, 0.5604842113030472639, 0.6205160632821402622, 0.6854751630780794303, 0.7555236015984889697, 0.8314176898367430235, 0.9128053853054074462, 1.000000000000000000 ),
 .UNSPECIFIED. ) ;
#10409 = AXIS2_PLACEMENT_3D ( 'NONE', #6137, #9816, #4980 ) ;
#10410 = ORIENTED_EDGE ( 'NONE', *, *, #9307, .F. ) ;
#10411 = CARTESIAN_POINT ( 'NONE',  ( 65.00000000000000000, -42.00000000000000000, 27.00100000000000122 ) ) ;
#10412 = CARTESIAN_POINT ( 'NONE',  ( 73.80000000000001137, -34.99999999999999289, 21.99999999999999645 ) ) ;
#10413 = CARTESIAN_POINT ( 'NONE',  ( 49.55017243201629640, -83.70000000000001705, 4.409827637963545044 ) ) ;
#10414 = CYLINDRICAL_SURFACE ( 'NONE', #1338, 1.000000000000000888 ) ;
#10415 = VERTEX_POINT ( 'NONE', #4848 ) ;
#10416 = CIRCLE ( 'NONE', #1726, 1.000000000000000888 ) ;
#10417 = CYLINDRICAL_SURFACE ( 'NONE', #1058, 1.000000000000000888 ) ;
#10418 = CARTESIAN_POINT ( 'NONE',  ( 51.16713149634377800, -83.70000000000001705, 6.149593719834889782 ) ) ;
#10419 = ORIENTED_EDGE ( 'NONE', *, *, #11371, .T. ) ;
#10420 = CARTESIAN_POINT ( 'NONE',  ( 56.00000000000000711, -34.00000000000000000, 1.999999999999998224 ) ) ;
#10421 = EDGE_CURVE ( 'NONE', #2534, #3949, #10728, .T. ) ;
#10422 = ORIENTED_EDGE ( 'NONE', *, *, #2964, .F. ) ;
#10423 = DIRECTION ( 'NONE',  ( -0.000000000000000000, -0.000000000000000000, -1.000000000000000000 ) ) ;
#10424 = CIRCLE ( 'NONE', #1735, 1.000000000000000888 ) ;
#10425 = DIRECTION ( 'NONE',  ( -0.000000000000000000, -0.000000000000000000, -1.000000000000000000 ) ) ;
#10426 = ORIENTED_EDGE ( 'NONE', *, *, #4300, .F. ) ;
#10427 = FACE_OUTER_BOUND ( 'NONE', #8115, .T. ) ;
#10428 = AXIS2_PLACEMENT_3D ( 'NONE', #9083, #5656, #7508 ) ;
#10429 = DIRECTION ( 'NONE',  ( 1.000000000000000000, 0.000000000000000000, 0.000000000000000000 ) ) ;
#10430 = CARTESIAN_POINT ( 'NONE',  ( 53.52093266593442422, -84.00000000000000000, 4.798716526852432551 ) ) ;
#10431 = ORIENTED_EDGE ( 'NONE', *, *, #5364, .F. ) ;
#10432 = CARTESIAN_POINT ( 'NONE',  ( 45.64081570687010014, -83.70000000000001705, 5.678833485916761070 ) ) ;
#10433 = ORIENTED_EDGE ( 'NONE', *, *, #8907, .T. ) ;
#10434 = AXIS2_PLACEMENT_3D ( 'NONE', #8256, #3722, #162 ) ;
#10435 = ADVANCED_FACE ( 'NONE', ( #1169 ), #8537, .T. ) ;
#10436 = DIRECTION ( 'NONE',  ( 0.000000000000000000, 0.000000000000000000, -1.000000000000000000 ) ) ;
#10437 = ORIENTED_EDGE ( 'NONE', *, *, #11855, .T. ) ;
#10438 = CYLINDRICAL_SURFACE ( 'NONE', #6728, 1.000000000000000888 ) ;
#10439 = VERTEX_POINT ( 'NONE', #9687 ) ;
#10440 = DIRECTION ( 'NONE',  ( 0.000000000000000000, -0.000000000000000000, -1.000000000000000000 ) ) ;
#10441 = EDGE_LOOP ( 'NONE', ( #1465, #8415, #47, #11728 ) ) ;
#10442 = ORIENTED_EDGE ( 'NONE', *, *, #9061, .T. ) ;
#10443 = DIRECTION ( 'NONE',  ( 1.000000000000000000, 0.000000000000000000, 0.000000000000000000 ) ) ;
#10444 = VECTOR ( 'NONE', #7230, 1000.000000000000000 ) ;
#10445 = LINE ( 'NONE', #4880, #1809 ) ;
#10446 = VERTEX_POINT ( 'NONE', #8654 ) ;
#10447 = DIRECTION ( 'NONE',  ( 0.000000000000000000, 0.000000000000000000, -1.000000000000000000 ) ) ;
#10448 = ADVANCED_FACE ( 'NONE', ( #10542 ), #6184, .T. ) ;
#10449 = CYLINDRICAL_SURFACE ( 'NONE', #11919, 1.000000000000000888 ) ;
#10450 = FACE_OUTER_BOUND ( 'NONE', #6375, .T. ) ;
#10451 = EDGE_CURVE ( 'NONE', #10000, #3658, #554, .T. ) ;
#10452 = LINE ( 'NONE', #2177, #7756 ) ;
#10453 = CARTESIAN_POINT ( 'NONE',  ( 50.83964611622682384, -84.00000000000000000, 6.395207754922608956 ) ) ;
#10454 = AXIS2_PLACEMENT_3D ( 'NONE', #7869, #4060, #4920 ) ;
#10455 = AXIS2_PLACEMENT_3D ( 'NONE', #9576, #3831, #2985 ) ;
#10456 = CARTESIAN_POINT ( 'NONE',  ( 75.00100000000003320, -47.99999999999996447, 16.50000000000000000 ) ) ;
#10457 = ORIENTED_EDGE ( 'NONE', *, *, #3958, .T. ) ;
#10458 = CARTESIAN_POINT ( 'NONE',  ( 2.200000000000008615, -35.00000000000000000, 25.00000000000000000 ) ) ;
#10459 = FACE_OUTER_BOUND ( 'NONE', #6009, .T. ) ;
#10460 = CARTESIAN_POINT ( 'NONE',  ( 31.53071912522000630, -83.70000000000001705, 5.464492996573337535 ) ) ;
#10461 = FACE_BOUND ( 'NONE', #2592, .T. ) ;
#10462 = ORIENTED_EDGE ( 'NONE', *, *, #7394, .F. ) ;
#10463 = FACE_OUTER_BOUND ( 'NONE', #6682, .T. ) ;
#10464 = EDGE_CURVE ( 'NONE', #6687, #7150, #5149, .T. ) ;
#10465 = CIRCLE ( 'NONE', #611, 1.000000000000000888 ) ;
#10466 = CIRCLE ( 'NONE', #11630, 1.000000000000000888 ) ;
#10467 = DIRECTION ( 'NONE',  ( 0.000000000000000000, -0.000000000000000000, -1.000000000000000000 ) ) ;
#10468 = ADVANCED_FACE ( 'NONE', ( #7739 ), #9803, .F. ) ;
#10469 = EDGE_CURVE ( 'NONE', #2997, #11890, #6069, .T. ) ;
#10470 = ORIENTED_EDGE ( 'NONE', *, *, #7022, .T. ) ;
#10471 = CARTESIAN_POINT ( 'NONE',  ( 30.48162744870636232, -83.99999999999998579, 4.413965179748190693 ) ) ;
#10472 = CARTESIAN_POINT ( 'NONE',  ( 31.33703000702238484, -84.00000000000000000, 5.988412850961646328 ) ) ;
#10473 = CARTESIAN_POINT ( 'NONE',  ( 28.83002007727973393, -83.99999999999998579, 6.759559191758645724 ) ) ;
#10474 = VECTOR ( 'NONE', #11234, 1000.000000000000000 ) ;
#10475 = VECTOR ( 'NONE', #7044, 1000.000000000000000 ) ;
#10476 = DIRECTION ( 'NONE',  ( 0.000000000000000000, -0.000000000000000000, -1.000000000000000000 ) ) ;
#10477 = DIRECTION ( 'NONE',  ( 1.000000000000000000, 0.000000000000000000, 0.000000000000000000 ) ) ;
#10478 = ORIENTED_EDGE ( 'NONE', *, *, #2250, .F. ) ;
#10479 = CARTESIAN_POINT ( 'NONE',  ( 30.48701502151793363, -83.70000000000003126, 4.898674919890882329 ) ) ;
#10480 = CARTESIAN_POINT ( 'NONE',  ( 48.00000000000000000, -26.00000000000000355, 0.000000000000000000 ) ) ;
#10481 = VERTEX_POINT ( 'NONE', #4234 ) ;
#10482 = VECTOR ( 'NONE', #3797, 1000.000000000000000 ) ;
#10483 = EDGE_CURVE ( 'NONE', #8058, #4682, #11619, .T. ) ;
#10484 = CYLINDRICAL_SURFACE ( 'NONE', #6311, 1.000000000000000888 ) ;
#10485 = EDGE_CURVE ( 'NONE', #8412, #5294, #11302, .T. ) ;
#10486 = VECTOR ( 'NONE', #9714, 1000.000000000000000 ) ;
#10487 = EDGE_LOOP ( 'NONE', ( #11138, #10584, #11864, #4916 ) ) ;
#10488 = PLANE ( 'NONE',  #3609 ) ;
#10489 = CARTESIAN_POINT ( 'NONE',  ( 64.00000000000000000, -34.00000000000000000, 27.00100000000000122 ) ) ;
#10490 = DIRECTION ( 'NONE',  ( -0.000000000000000000, -0.000000000000000000, -1.000000000000000000 ) ) ;
#10491 = CARTESIAN_POINT ( 'NONE',  ( 48.46537711037886709, -83.70000000000001705, 5.883511848489860085 ) ) ;
#10492 = CARTESIAN_POINT ( 'NONE',  ( 52.00000000000000711, -34.00000000000000000, 0.000000000000000000 ) ) ;
#10493 = ORIENTED_EDGE ( 'NONE', *, *, #5936, .F. ) ;
#10494 = DIRECTION ( 'NONE',  ( -1.000000000000000000, 0.000000000000000000, 0.000000000000000000 ) ) ;
#10495 = ORIENTED_EDGE ( 'NONE', *, *, #2188, .F. ) ;
#10496 = CIRCLE ( 'NONE', #8356, 1.000000000000000888 ) ;
#10497 = EDGE_CURVE ( 'NONE', #4164, #898, #5213, .T. ) ;
#10498 = DIRECTION ( 'NONE',  ( -1.000000000000000000, 0.000000000000000000, 0.000000000000000000 ) ) ;
#10499 = VERTEX_POINT ( 'NONE', #2433 ) ;
#10500 = CARTESIAN_POINT ( 'NONE',  ( 71.00000000000000000, -4.000000000000000000, 3.999999999999998224 ) ) ;
#10501 = AXIS2_PLACEMENT_3D ( 'NONE', #11899, #5254, #2639 ) ;
#10502 = VERTEX_POINT ( 'NONE', #10600 ) ;
#10503 = DIRECTION ( 'NONE',  ( 0.000000000000000000, -0.000000000000000000, -1.000000000000000000 ) ) ;
#10504 = AXIS2_PLACEMENT_3D ( 'NONE', #9978, #8276, #6355 ) ;
#10505 = VERTEX_POINT ( 'NONE', #9621 ) ;
#10506 = EDGE_CURVE ( 'NONE', #250, #671, #3395, .T. ) ;
#10507 = EDGE_CURVE ( 'NONE', #2274, #2442, #6010, .T. ) ;
#10508 = ORIENTED_EDGE ( 'NONE', *, *, #9543, .F. ) ;
#10509 = CARTESIAN_POINT ( 'NONE',  ( 2.000000000000000888, -2.000000000000000000, 1.999999999999998224 ) ) ;
#10510 = DIRECTION ( 'NONE',  ( 1.000000000000000000, 2.818925648462311528E-16, 0.000000000000000000 ) ) ;
#10511 = DIRECTION ( 'NONE',  ( -1.000000000000000000, 0.000000000000000000, 0.000000000000000000 ) ) ;
#10512 = CARTESIAN_POINT ( 'NONE',  ( 48.00000000000001421, -50.00000000000000000, 1.999999999999998224 ) ) ;
#10513 = AXIS2_PLACEMENT_3D ( 'NONE', #3317, #1392, #9785 ) ;
#10514 = CARTESIAN_POINT ( 'NONE',  ( 58.00000000000000000, -18.00000000000000355, 27.00100000000000122 ) ) ;
#10515 = DIRECTION ( 'NONE',  ( -1.000000000000000000, 0.000000000000000000, 0.000000000000000000 ) ) ;
#10516 = CARTESIAN_POINT ( 'NONE',  ( 29.23690956070042901, -83.99999999999998579, 5.407851136329481889 ) ) ;
#10517 = DIRECTION ( 'NONE',  ( -0.000000000000000000, -1.000000000000000000, -0.000000000000000000 ) ) ;
#10518 = EDGE_LOOP ( 'NONE', ( #3102, #10306 ) ) ;
#10519 = EDGE_CURVE ( 'NONE', #10318, #171, #8006, .T. ) ;
#10520 = EDGE_CURVE ( 'NONE', #332, #7029, #10725, .T. ) ;
#10521 = VECTOR ( 'NONE', #1427, 1000.000000000000000 ) ;
#10522 = CYLINDRICAL_SURFACE ( 'NONE', #10513, 1.000000000000000888 ) ;
#10523 = DIRECTION ( 'NONE',  ( 1.000000000000000000, 0.000000000000000000, 0.000000000000000000 ) ) ;
#10524 = CARTESIAN_POINT ( 'NONE',  ( 1.189524669241239263E-14, -36.00000000000000000, 16.49999999999999645 ) ) ;
#10525 = CARTESIAN_POINT ( 'NONE',  ( 30.66059600595683321, -83.70000000000001705, 6.465430962207526555 ) ) ;
#10526 = ORIENTED_EDGE ( 'NONE', *, *, #3416, .F. ) ;
#10527 = EDGE_CURVE ( 'NONE', #8170, #9035, #4053, .T. ) ;
#10528 = DIRECTION ( 'NONE',  ( -0.000000000000000000, -0.000000000000000000, -1.000000000000000000 ) ) ;
#10529 = CARTESIAN_POINT ( 'NONE',  ( 57.00000000000000711, -54.00000000000000000, 27.00100000000000122 ) ) ;
#10530 = LINE ( 'NONE', #5717, #9611 ) ;
#10531 = EDGE_LOOP ( 'NONE', ( #9291, #258, #674, #2152 ) ) ;
#10532 = CARTESIAN_POINT ( 'NONE',  ( 61.00000000000000000, -10.00000000000000000, 1.999999999999998224 ) ) ;
#10533 = DIRECTION ( 'NONE',  ( -1.000000000000000000, 0.000000000000000000, 0.000000000000000000 ) ) ;
#10534 = EDGE_LOOP ( 'NONE', ( #2419, #9991, #3776, #1413 ) ) ;
#10535 = SPHERICAL_SURFACE ( 'NONE', #9427, 2.000000000000000000 ) ;
#10536 =( GEOMETRIC_REPRESENTATION_CONTEXT ( 3 ) GLOBAL_UNCERTAINTY_ASSIGNED_CONTEXT ( ( #5222 ) ) GLOBAL_UNIT_ASSIGNED_CONTEXT ( ( #7897, #1268, #11482 ) ) REPRESENTATION_CONTEXT ( 'NONE', 'WORKASPACE' ) );
#10537 = DIRECTION ( 'NONE',  ( 0.000000000000000000, 0.000000000000000000, 1.000000000000000000 ) ) ;
#10538 = EDGE_CURVE ( 'NONE', #11184, #1074, #5854, .T. ) ;
#10539 = CARTESIAN_POINT ( 'NONE',  ( 73.00000000000002842, -80.00000000000000000, 3.999999999999998224 ) ) ;
#10540 = ORIENTED_EDGE ( 'NONE', *, *, #2302, .F. ) ;
#10541 = ADVANCED_FACE ( 'NONE', ( #3616 ), #9124, .F. ) ;
#10542 = FACE_OUTER_BOUND ( 'NONE', #8211, .T. ) ;
#10543 = DIRECTION ( 'NONE',  ( -1.000000000000000000, 0.000000000000000000, 0.000000000000000000 ) ) ;
#10544 = EDGE_LOOP ( 'NONE', ( #9526, #1940, #11295, #8376 ) ) ;
#10545 = EDGE_CURVE ( 'NONE', #5198, #2299, #1605, .T. ) ;
#10546 = B_SPLINE_CURVE_WITH_KNOTS ( 'NONE', 3,
 ( #10573, #8807, #525, #8987, #6927, #3428, #706, #7108, #3372, #9837, #10640, #3310, #1561, #2348, #4206, #7042, #5185, #6984, #5246 ),
 .UNSPECIFIED., .F., .F.,
 ( 4, 1, 1, 1, 1, 1, 1, 1, 1, 1, 1, 1, 1, 1, 1, 1, 4 ),
 ( 0.000000000000000000, 0.08659616089190834420, 0.1679844716386573178, 0.2452092609585236338, 0.3184567823742679438, 0.3869261338631642677, 0.4518545283086292663, 0.5127908283089626096, 0.5704606160709542184, 0.6256102496611767316, 0.6794489979908360233, 0.7324663818182812758, 0.7846902817929576335, 0.8371069055649802415, 0.8902366768460984181, 0.9445089270364361855, 1.000000000000000000 ),
 .UNSPECIFIED. ) ;
#10547 = DIRECTION ( 'NONE',  ( 0.000000000000000000, -1.000000000000000000, 0.000000000000000000 ) ) ;
#10548 = ORIENTED_EDGE ( 'NONE', *, *, #1727, .F. ) ;
#10549 = DIRECTION ( 'NONE',  ( 0.000000000000000000, 0.000000000000000000, 1.000000000000000000 ) ) ;
#10550 = CARTESIAN_POINT ( 'NONE',  ( 50.00000000000000000, -34.00000000000000000, 1.999999999999998224 ) ) ;
#10551 = VERTEX_POINT ( 'NONE', #1650 ) ;
#10552 = DIRECTION ( 'NONE',  ( -1.000000000000000000, 0.000000000000000000, 0.000000000000000000 ) ) ;
#10553 = ADVANCED_FACE ( 'NONE', ( #5272 ), #2782, .F. ) ;
#10554 = CARTESIAN_POINT ( 'NONE',  ( 46.70514319225021183, -83.70000000000001705, 5.678833485916761070 ) ) ;
#10555 = FACE_OUTER_BOUND ( 'NONE', #3682, .T. ) ;
#10556 = ORIENTED_EDGE ( 'NONE', *, *, #7939, .T. ) ;
#10557 = DIRECTION ( 'NONE',  ( -0.000000000000000000, -0.000000000000000000, -1.000000000000000000 ) ) ;
#10558 = ORIENTED_EDGE ( 'NONE', *, *, #1892, .F. ) ;
#10559 = VERTEX_POINT ( 'NONE', #11743 ) ;
#10560 = CYLINDRICAL_SURFACE ( 'NONE', #6892, 1.000000000000000888 ) ;
#10561 = VERTEX_POINT ( 'NONE', #7312 ) ;
#10562 = CYLINDRICAL_SURFACE ( 'NONE', #9229, 1.000000000000000888 ) ;
#10563 = AXIS2_PLACEMENT_3D ( 'NONE', #7908, #7121, #2422 ) ;
#10564 = DIRECTION ( 'NONE',  ( 0.000000000000000000, -0.000000000000000000, -1.000000000000000000 ) ) ;
#10565 = VERTEX_POINT ( 'NONE', #4587 ) ;
#10566 = ORIENTED_EDGE ( 'NONE', *, *, #3264, .F. ) ;
#10567 = ORIENTED_EDGE ( 'NONE', *, *, #5936, .T. ) ;
#10568 = DIRECTION ( 'NONE',  ( -0.1363298397660601402, 0.000000000000000000, 0.9906635023000293083 ) ) ;
#10569 = LINE ( 'NONE', #11300, #842 ) ;
#10570 = CARTESIAN_POINT ( 'NONE',  ( 30.61767106742791000, -84.00000000000001421, 8.004718943620941829 ) ) ;
#10571 = AXIS2_PLACEMENT_3D ( 'NONE', #4518, #6512, #8204 ) ;
#10572 = LINE ( 'NONE', #6861, #4765 ) ;
#10573 = CARTESIAN_POINT ( 'NONE',  ( 30.23063248887606491, -83.70000000000001705, 6.069431268178275829 ) ) ;
#10574 = EDGE_CURVE ( 'NONE', #78, #5025, #7785, .T. ) ;
#10575 = CARTESIAN_POINT ( 'NONE',  ( 47.00000000000002842, 0.001000000000001000089, 9.999999999999998224 ) ) ;
#10576 = CARTESIAN_POINT ( 'NONE',  ( 3.000000000000008882, -35.00000000000000000, 25.00000000000000000 ) ) ;
#10577 = VERTEX_POINT ( 'NONE', #8955 ) ;
#10578 = VECTOR ( 'NONE', #10864, 1000.000000000000000 ) ;
#10579 = CARTESIAN_POINT ( 'NONE',  ( 60.00000000000000711, -30.00000000000000000, 27.00100000000000122 ) ) ;
#10580 = DIRECTION ( 'NONE',  ( -0.000000000000000000, -1.000000000000000000, -0.000000000000000000 ) ) ;
#10581 = CARTESIAN_POINT ( 'NONE',  ( 48.00000000000000711, -38.00000000000000000, 0.000000000000000000 ) ) ;
#10582 = VECTOR ( 'NONE', #7666, 1000.000000000000000 ) ;
#10583 = CYLINDRICAL_SURFACE ( 'NONE', #8637, 1.000000000000000888 ) ;
#10584 = ORIENTED_EDGE ( 'NONE', *, *, #6497, .F. ) ;
#10585 = DIRECTION ( 'NONE',  ( 1.000000000000000000, 0.000000000000000000, 0.000000000000000000 ) ) ;
#10586 = LINE ( 'NONE', #2303, #3215 ) ;
#10587 = CARTESIAN_POINT ( 'NONE',  ( 29.84358518652746639, -84.00000000000000000, 5.440713295918732761 ) ) ;
#10588 = EDGE_CURVE ( 'NONE', #10629, #9811, #10111, .T. ) ;
#10589 = ADVANCED_FACE ( 'NONE', ( #672 ), #3675, .T. ) ;
#10590 = CIRCLE ( 'NONE', #4981, 1.000000000000000888 ) ;
#10591 = EDGE_LOOP ( 'NONE', ( #11803, #3937, #10203, #863 ) ) ;
#10592 = CARTESIAN_POINT ( 'NONE',  ( 45.00000000000002132, -82.79999999999999716, 25.00000000000000000 ) ) ;
#10593 = AXIS2_PLACEMENT_3D ( 'NONE', #11323, #11381, #11499 ) ;
#10594 = CARTESIAN_POINT ( 'NONE',  ( 31.38851966838697294, -84.00000000000001421, 5.919266527963109148 ) ) ;
#10595 = EDGE_LOOP ( 'NONE', ( #6556, #5563, #797, #11207 ) ) ;
#10596 = CARTESIAN_POINT ( 'NONE',  ( 28.72237443793679645, -83.99999999999998579, 6.436096349305517883 ) ) ;
#10597 = DIRECTION ( 'NONE',  ( 1.000000000000000000, 0.000000000000000000, 0.000000000000000000 ) ) ;
#10598 = DIRECTION ( 'NONE',  ( -0.000000000000000000, -0.000000000000000000, -1.000000000000000000 ) ) ;
#10599 = EDGE_LOOP ( 'NONE', ( #110, #1688, #4080, #5326 ) ) ;
#10600 = CARTESIAN_POINT ( 'NONE',  ( 48.00000000000001421, -58.00000000000000000, 1.999999999999998224 ) ) ;
#10601 = CYLINDRICAL_SURFACE ( 'NONE', #4007, 1.000000000000000888 ) ;
#10602 = CIRCLE ( 'NONE', #6537, 2.000000000000000000 ) ;
#10603 = EDGE_LOOP ( 'NONE', ( #5535, #10930, #7973, #4810 ) ) ;
#10604 = VECTOR ( 'NONE', #11882, 1000.000000000000000 ) ;
#10605 = DIRECTION ( 'NONE',  ( -0.000000000000000000, -0.000000000000000000, -1.000000000000000000 ) ) ;
#10606 = ADVANCED_FACE ( 'NONE', ( #4350 ), #853, .F. ) ;
#10607 = ORIENTED_EDGE ( 'NONE', *, *, #7491, .F. ) ;
#10608 = CARTESIAN_POINT ( 'NONE',  ( 30.92350664958648210, -83.70000000000001705, 5.424315392068247199 ) ) ;
#10609 = DIRECTION ( 'NONE',  ( -0.000000000000000000, -1.000000000000000000, -0.000000000000000000 ) ) ;
#10610 = AXIS2_PLACEMENT_3D ( 'NONE', #4318, #3530, #10121 ) ;
#10611 = ADVANCED_FACE ( 'NONE', ( #8103 ), #8040, .F. ) ;
#10612 = CYLINDRICAL_SURFACE ( 'NONE', #1388, 1.000000000000000888 ) ;
#10613 = ORIENTED_EDGE ( 'NONE', *, *, #11407, .F. ) ;
#10614 = CARTESIAN_POINT ( 'NONE',  ( 47.00000000000002842, -82.00000000000000000, 16.19999999999999929 ) ) ;
#10615 = VECTOR ( 'NONE', #6716, 1000.000000000000000 ) ;
#10616 = DIRECTION ( 'NONE',  ( -0.000000000000000000, -0.000000000000000000, -1.000000000000000000 ) ) ;
#10617 = CARTESIAN_POINT ( 'NONE',  ( 29.66368797434885352, -83.99999999999992895, 6.363840052850044948 ) ) ;
#10618 = ORIENTED_EDGE ( 'NONE', *, *, #408, .F. ) ;
#10619 = DIRECTION ( 'NONE',  ( -0.000000000000000000, -0.000000000000000000, -1.000000000000000000 ) ) ;
#10620 = ORIENTED_EDGE ( 'NONE', *, *, #6445, .F. ) ;
#10621 = EDGE_CURVE ( 'NONE', #1343, #7307, #11801, .T. ) ;
#10622 = VERTEX_POINT ( 'NONE', #6241 ) ;
#10623 = AXIS2_PLACEMENT_3D ( 'NONE', #8460, #3674, #8336 ) ;
#10624 = LINE ( 'NONE', #5051, #1695 ) ;
#10625 = EDGE_CURVE ( 'NONE', #10042, #7399, #795, .T. ) ;
#10626 = VERTEX_POINT ( 'NONE', #1704 ) ;
#10627 = DIRECTION ( 'NONE',  ( -0.000000000000000000, -0.000000000000000000, -1.000000000000000000 ) ) ;
#10628 = EDGE_CURVE ( 'NONE', #8061, #1210, #9069, .T. ) ;
#10629 = VERTEX_POINT ( 'NONE', #6413 ) ;
#10630 = CARTESIAN_POINT ( 'NONE',  ( 53.00000000000000711, -30.00000000000000000, 27.00100000000000122 ) ) ;
#10631 = CARTESIAN_POINT ( 'NONE',  ( 60.00000000000002132, -66.00000000000000000, 1.999999999999998224 ) ) ;
#10632 = ORIENTED_EDGE ( 'NONE', *, *, #4300, .T. ) ;
#10633 = CIRCLE ( 'NONE', #8495, 1.000000000000000888 ) ;
#10634 = EDGE_LOOP ( 'NONE', ( #3931, #5784, #7953, #9378 ) ) ;
#10635 = CARTESIAN_POINT ( 'NONE',  ( 52.64081570687010014, -83.70000000000001705, 4.409827637963545044 ) ) ;
#10636 = CARTESIAN_POINT ( 'NONE',  ( 31.51600743344776134, -83.70000000000003126, 5.623718608081254011 ) ) ;
#10637 = PLANE ( 'NONE',  #4569 ) ;
#10638 = EDGE_CURVE ( 'NONE', #283, #1866, #11858, .T. ) ;
#10639 = VECTOR ( 'NONE', #1440, 1000.000000000000000 ) ;
#10640 = CARTESIAN_POINT ( 'NONE',  ( 29.48490329970920243, -83.70000000000003126, 6.535927140588293938 ) ) ;
#10641 = CARTESIAN_POINT ( 'NONE',  ( 48.79286249049582125, -84.00000000000000000, 7.132049860185766477 ) ) ;
#10642 = LINE ( 'NONE', #1449, #822 ) ;
#10643 = ORIENTED_EDGE ( 'NONE', *, *, #1433, .F. ) ;
#10644 = PLANE ( 'NONE',  #3167 ) ;
#10645 = DIRECTION ( 'NONE',  ( 1.000000000000000000, 0.000000000000000000, -0.000000000000000000 ) ) ;
#10646 = DIRECTION ( 'NONE',  ( -1.000000000000000000, 0.000000000000000000, 0.000000000000000000 ) ) ;
#10647 = DIRECTION ( 'NONE',  ( -3.469446951953614189E-16, 1.000000000000000000, 0.000000000000000000 ) ) ;
#10648 = EDGE_LOOP ( 'NONE', ( #2741, #8221, #11565, #4323 ) ) ;
#10649 = PLANE ( 'NONE',  #6978 ) ;
#10650 = CARTESIAN_POINT ( 'NONE',  ( 66.00000000000000000, -14.00000000000000000, 0.000000000000000000 ) ) ;
#10651 = AXIS2_PLACEMENT_3D ( 'NONE', #7560, #2073, #11146 ) ;
#10652 = LINE ( 'NONE', #1639, #8073 ) ;
#10653 = ORIENTED_EDGE ( 'NONE', *, *, #5353, .T. ) ;
#10654 = CARTESIAN_POINT ( 'NONE',  ( 53.00000000000000711, -34.00000000000000000, 0.000000000000000000 ) ) ;
#10655 = CARTESIAN_POINT ( 'NONE',  ( 31.05533498843708884, -84.00000000000000000, 6.243032717060458481 ) ) ;
#10656 = ORIENTED_EDGE ( 'NONE', *, *, #8239, .F. ) ;
#10657 = CARTESIAN_POINT ( 'NONE',  ( 28.29833475694925227, -84.00000000000001421, 6.052945767397737598 ) ) ;
#10658 = B_SPLINE_SURFACE_WITH_KNOTS ( 'NONE', 3, 1, ( 
 ( #11415, #1442 ),
 ( #7892, #2286 ),
 ( #752, #3180 ),
 ( #8120, #10570 ),
 ( #5918, #10920 ),
 ( #9592, #5984 ),
 ( #9660, #2616 ),
 ( #1320, #6310 ),
 ( #1382, #5063 ),
 ( #462, #6925 ),
 ( #2346, #5122 ),
 ( #3307, #6982 ),
 ( #10695, #10118 ),
 ( #3754, #7329 ),
 ( #872, #813 ),
 ( #10237, #8232 ),
 ( #5474, #11153 ),
 ( #1964, #8416 ),
 ( #7389, #6603 ) ),
 .UNSPECIFIED., .F., .F., .F.,
 ( 4, 1, 1, 1, 1, 1, 1, 1, 1, 1, 1, 1, 1, 1, 1, 1, 4 ),
 ( 2, 2 ),
 ( 0.000000000000000000, 0.08141717969972633862, 0.1572116076462120315, 0.2279055754489791585, 0.2947159386965617633, 0.3577161525031226641, 0.4187432866014492716, 0.4782448780058930482, 0.5377882576269492620, 0.5972399862306214668, 0.6554575585886702749, 0.7125903291362304381, 0.7696225432481785811, 0.8261018844480086942, 0.8832346549955675252, 0.9413453170007024529, 1.000000000000000000 ),
 ( 0.000000000000000000, 1.000000000000000000 ),
 .UNSPECIFIED. ) ;
#10659 = CARTESIAN_POINT ( 'NONE',  ( 3.000000000000021760, -82.00000000000000000, 1.999999999999998224 ) ) ;
#10660 = LINE ( 'NONE', #8595, #11957 ) ;
#10661 = ORIENTED_EDGE ( 'NONE', *, *, #2457, .T. ) ;
#10662 = VECTOR ( 'NONE', #3251, 1000.000000000000000 ) ;
#10663 = CARTESIAN_POINT ( 'NONE',  ( 29.92665738345869997, -84.00000000000001421, 7.007672748455656020 ) ) ;
#10664 = DIRECTION ( 'NONE',  ( 0.000000000000000000, 0.000000000000000000, -1.000000000000000000 ) ) ;
#10665 = CIRCLE ( 'NONE', #9483, 1.000000000000000888 ) ;
#10666 = ORIENTED_EDGE ( 'NONE', *, *, #8853, .F. ) ;
#10667 = EDGE_CURVE ( 'NONE', #11331, #9880, #10873, .T. ) ;
#10668 = CARTESIAN_POINT ( 'NONE',  ( 33.20000000000003126, -81.99999999999997158, 16.19999999999999929 ) ) ;
#10669 = VERTEX_POINT ( 'NONE', #4531 ) ;
#10670 = DIRECTION ( 'NONE',  ( -1.000000000000000000, 0.000000000000000000, 2.168404344971009608E-16 ) ) ;
#10671 = VECTOR ( 'NONE', #7113, 1000.000000000000000 ) ;
#10672 = CARTESIAN_POINT ( 'NONE',  ( 3.000000000000017319, -56.99999999999998579, 13.50000000000000178 ) ) ;
#10673 = LINE ( 'NONE', #6843, #6587 ) ;
#10674 = CARTESIAN_POINT ( 'NONE',  ( 50.00000000000001421, -54.00000000000000000, 0.000000000000000000 ) ) ;
#10675 = CARTESIAN_POINT ( 'NONE',  ( 56.00000000000000711, -30.00000000000000000, 1.999999999999998224 ) ) ;
#10676 = ORIENTED_EDGE ( 'NONE', *, *, #974, .F. ) ;
#10677 = DIRECTION ( 'NONE',  ( -1.000000000000000000, 0.000000000000000000, 0.000000000000000000 ) ) ;
#10678 = EDGE_LOOP ( 'NONE', ( #5276, #1989, #289, #11807 ) ) ;
#10679 = EDGE_CURVE ( 'NONE', #8554, #9185, #1823, .T. ) ;
#10680 = CIRCLE ( 'NONE', #10087, 1.000000000000000888 ) ;
#10681 = EDGE_CURVE ( 'NONE', #9185, #8170, #1154, .T. ) ;
#10682 = DIRECTION ( 'NONE',  ( -0.000000000000000000, -1.000000000000000000, -0.000000000000000000 ) ) ;
#10683 = AXIS2_PLACEMENT_3D ( 'NONE', #1395, #4276, #3256 ) ;
#10684 = ORIENTED_EDGE ( 'NONE', *, *, #11828, .F. ) ;
#10685 = CARTESIAN_POINT ( 'NONE',  ( 55.99999999999999289, -10.00000000000000000, 0.000000000000000000 ) ) ;
#10686 = CARTESIAN_POINT ( 'NONE',  ( 30.77366059440503676, -84.00000000000002842, 7.274299741200700886 ) ) ;
#10687 = CARTESIAN_POINT ( 'NONE',  ( 49.00000000000000711, -42.00000000000000000, 0.000000000000000000 ) ) ;
#10688 = ORIENTED_EDGE ( 'NONE', *, *, #1579, .F. ) ;
#10689 = ORIENTED_EDGE ( 'NONE', *, *, #8985, .F. ) ;
#10690 = EDGE_LOOP ( 'NONE', ( #11454, #7419, #3203, #142 ) ) ;
#10691 = AXIS2_PLACEMENT_3D ( 'NONE', #10411, #9313, #11201 ) ;
#10692 = LINE ( 'NONE', #3477, #6006 ) ;
#10693 = EDGE_CURVE ( 'NONE', #5251, #6437, #8582, .T. ) ;
#10694 = EDGE_CURVE ( 'NONE', #9318, #5471, #2833, .T. ) ;
#10695 = CARTESIAN_POINT ( 'NONE',  ( 31.33485021469418896, -83.70000000000001705, 7.428464109337636678 ) ) ;
#10696 = LINE ( 'NONE', #647, #10373 ) ;
#10697 = CARTESIAN_POINT ( 'NONE',  ( 28.23463941978357994, -83.70000000000001705, 6.951064363261663992 ) ) ;
#10698 = AXIS2_PLACEMENT_3D ( 'NONE', #6805, #9591, #1317 ) ;
#10699 = VECTOR ( 'NONE', #123, 1000.000000000000000 ) ;
#10700 = DIRECTION ( 'NONE',  ( -0.1004074352716142066, 0.000000000000000000, -0.9949464040551010413 ) ) ;
#10701 = CARTESIAN_POINT ( 'NONE',  ( 29.30788842992751242, -83.70000000000003126, 5.037751047725838482 ) ) ;
#10702 = CARTESIAN_POINT ( 'NONE',  ( 31.21784492273404865, -83.70000000000000284, 4.701894686864033446 ) ) ;
#10703 = ORIENTED_EDGE ( 'NONE', *, *, #3247, .T. ) ;
#10704 = PLANE ( 'NONE',  #8375 ) ;
#10705 = LINE ( 'NONE', #7964, #2324 ) ;
#10706 = ADVANCED_FACE ( 'NONE', ( #2959 ), #9304, .F. ) ;
#10707 = ORIENTED_EDGE ( 'NONE', *, *, #11720, .F. ) ;
#10708 = DIRECTION ( 'NONE',  ( 1.000000000000000000, 0.000000000000000000, 0.000000000000000000 ) ) ;
#10709 = CARTESIAN_POINT ( 'NONE',  ( 30.34889109836274557, -83.99999999999998579, 4.889877445349599228 ) ) ;
#10710 = ORIENTED_EDGE ( 'NONE', *, *, #11461, .F. ) ;
#10711 = AXIS2_PLACEMENT_3D ( 'NONE', #9921, #11799, #10899 ) ;
#10712 = CARTESIAN_POINT ( 'NONE',  ( 64.00000000000000000, -10.00000000000000000, 27.00100000000000122 ) ) ;
#10713 = CARTESIAN_POINT ( 'NONE',  ( 2.000000000000027089, -82.00000000000000000, 27.00000000000000000 ) ) ;
#10714 = FACE_OUTER_BOUND ( 'NONE', #5968, .T. ) ;
#10715 = B_SPLINE_CURVE_WITH_KNOTS ( 'NONE', 3,
 ( #4086, #7603, #1207, #9542, #11249, #2290, #8512, #11307, #3005, #2951, #10391, #9421, #8574, #7775, #8630 ),
 .UNSPECIFIED., .F., .F.,
 ( 4, 1, 1, 1, 1, 1, 1, 1, 1, 1, 1, 1, 4 ),
 ( 0.000000000000000000, 0.09295658952157113963, 0.1807019760103419914, 0.2640860494286545457, 0.3474413505830815097, 0.3931014325017179734, 0.4490846277372104178, 0.5142966959837583785, 0.5906934502464786796, 0.6769579285337230523, 0.7739837263565787495, 0.8811652680505512869, 1.000000000000000000 ),
 .UNSPECIFIED. ) ;
#10716 = ORIENTED_EDGE ( 'NONE', *, *, #4803, .F. ) ;
#10717 = DIRECTION ( 'NONE',  ( -0.000000000000000000, 1.000000000000000000, 0.000000000000000000 ) ) ;
#10718 = AXIS2_PLACEMENT_3D ( 'NONE', #6617, #7695, #5845 ) ;
#10719 = DIRECTION ( 'NONE',  ( -0.000000000000000000, -0.000000000000000000, -1.000000000000000000 ) ) ;
#10720 = VERTEX_POINT ( 'NONE', #11372 ) ;
#10721 = DIRECTION ( 'NONE',  ( 2.818925648462311528E-16, -1.000000000000000000, 0.000000000000000000 ) ) ;
#10722 = DIRECTION ( 'NONE',  ( 0.000000000000000000, 0.000000000000000000, -1.000000000000000000 ) ) ;
#10723 = CARTESIAN_POINT ( 'NONE',  ( 46.97122506359524152, -83.70000000000001705, 4.368891965448924886 ) ) ;
#10724 = VERTEX_POINT ( 'NONE', #67 ) ;
#10725 = LINE ( 'NONE', #1349, #11092 ) ;
#10726 = CARTESIAN_POINT ( 'NONE',  ( 75.00100000000003320, -50.99999999999997868, 13.50000000000000178 ) ) ;
#10727 = VERTEX_POINT ( 'NONE', #303 ) ;
#10728 = CIRCLE ( 'NONE', #3377, 1.000000000000000888 ) ;
#10729 = DIRECTION ( 'NONE',  ( -1.000000000000000000, 0.000000000000000000, 0.000000000000000000 ) ) ;
#10730 = B_SPLINE_CURVE_WITH_KNOTS ( 'NONE', 3,
 ( #7724, #6818, #10525, #8699, #419, #4095, #2358, #7782, #3194, #9671, #1454, #5076, #6054, #11546, #477, #6994, #11604, #4154, #9734 ),
 .UNSPECIFIED., .F., .F.,
 ( 4, 1, 1, 1, 1, 1, 1, 1, 1, 1, 1, 1, 1, 1, 1, 1, 4 ),
 ( 0.000000000000000000, 0.08308166384969623008, 0.1622612176051349275, 0.2381294452492994651, 0.3101605418572249140, 0.3794761100389464903, 0.4457245189982473876, 0.5087079151549809275, 0.5697221887858852085, 0.6280328804947660215, 0.6843638871447594862, 0.7387132236194431378, 0.7917157550438260749, 0.8434861832067579446, 0.8952019623493535638, 0.9473792556590049374, 1.000000000000000000 ),
 .UNSPECIFIED. ) ;
#10731 = EDGE_LOOP ( 'NONE', ( #4338, #4317 ) ) ;
#10732 = CARTESIAN_POINT ( 'NONE',  ( 56.00000000000000000, -14.00000000000000000, 0.000000000000000000 ) ) ;
#10733 =( GEOMETRIC_REPRESENTATION_CONTEXT ( 3 ) GLOBAL_UNCERTAINTY_ASSIGNED_CONTEXT ( ( #11267 ) ) GLOBAL_UNIT_ASSIGNED_CONTEXT ( ( #4148, #3374, #7045 ) ) REPRESENTATION_CONTEXT ( 'NONE', 'WORKASPACE' ) );
#10734 = EDGE_CURVE ( 'NONE', #9467, #8760, #7487, .T. ) ;
#10735 = CARTESIAN_POINT ( 'NONE',  ( 29.23604726037270751, -84.00000000000000000, 5.444025160316027900 ) ) ;
#10736 = ORIENTED_EDGE ( 'NONE', *, *, #10667, .F. ) ;
#10737 = CARTESIAN_POINT ( 'NONE',  ( 28.17141148520101623, -83.70000000000003126, 6.649616688402138820 ) ) ;
#10738 = LINE ( 'NONE', #8668, #11766 ) ;
#10739 = ORIENTED_EDGE ( 'NONE', *, *, #11371, .F. ) ;
#10740 = PLANE ( 'NONE',  #9148 ) ;
#10741 = ORIENTED_EDGE ( 'NONE', *, *, #5299, .F. ) ;
#10742 = ORIENTED_EDGE ( 'NONE', *, *, #985, .F. ) ;
#10743 = FACE_OUTER_BOUND ( 'NONE', #588, .T. ) ;
#10744 = ORIENTED_EDGE ( 'NONE', *, *, #8347, .F. ) ;
#10745 = DIRECTION ( 'NONE',  ( 1.000000000000000000, 0.000000000000000000, -1.734723475976807341E-16 ) ) ;
#10746 = EDGE_CURVE ( 'NONE', #10253, #171, #75, .T. ) ;
#10747 = EDGE_CURVE ( 'NONE', #6387, #10669, #6762, .T. ) ;
#10748 = DIRECTION ( 'NONE',  ( 0.000000000000000000, -0.000000000000000000, 1.000000000000000000 ) ) ;
#10749 = DIRECTION ( 'NONE',  ( -0.000000000000000000, -0.000000000000000000, -1.000000000000000000 ) ) ;
#10750 = ORIENTED_EDGE ( 'NONE', *, *, #9155, .F. ) ;
#10751 = VERTEX_POINT ( 'NONE', #1091 ) ;
#10752 = ORIENTED_EDGE ( 'NONE', *, *, #11679, .F. ) ;
#10753 = ORIENTED_EDGE ( 'NONE', *, *, #1604, .F. ) ;
#10754 = CARTESIAN_POINT ( 'NONE',  ( 55.03555254897536031, -83.70000000000001705, 7.520938749074655760 ) ) ;
#10755 = CARTESIAN_POINT ( 'NONE',  ( 57.00000000000001421, -66.00000000000000000, 0.000000000000000000 ) ) ;
#10756 = CARTESIAN_POINT ( 'NONE',  ( 50.00000000000001421, -50.00000000000000000, 1.999999999999998224 ) ) ;
#10757 = CARTESIAN_POINT ( 'NONE',  ( 47.42151746125605882, -83.70000000000001705, 7.909827637963544156 ) ) ;
#10758 = CARTESIAN_POINT ( 'NONE',  ( 29.34961930503926197, -83.70000000000003126, 4.947526531759794288 ) ) ;
#10759 = EDGE_CURVE ( 'NONE', #9035, #1656, #2065, .T. ) ;
#10760 = EDGE_CURVE ( 'NONE', #6833, #911, #5577, .T. ) ;
#10761 = DIRECTION ( 'NONE',  ( 0.000000000000000000, 0.000000000000000000, 1.000000000000000000 ) ) ;
#10762 = VERTEX_POINT ( 'NONE', #7665 ) ;
#10763 = LINE ( 'NONE', #7637, #9742 ) ;
#10764 = CARTESIAN_POINT ( 'NONE',  ( 45.00000000000000000, -1.200000000000000178, 25.00000000000000000 ) ) ;
#10765 = CARTESIAN_POINT ( 'NONE',  ( 31.00000000000002132, -82.79999999999999716, 25.00000000000000000 ) ) ;
#10766 = DIRECTION ( 'NONE',  ( -0.000000000000000000, -0.000000000000000000, -1.000000000000000000 ) ) ;
#10767 = EDGE_LOOP ( 'NONE', ( #5033, #6868, #1979, #4368 ) ) ;
#10768 = CARTESIAN_POINT ( 'NONE',  ( 75.00100000000003320, -26.99999999999997513, 13.50000000000000178 ) ) ;
#10769 = DIRECTION ( 'NONE',  ( 1.000000000000000000, 0.000000000000000000, 0.000000000000000000 ) ) ;
#10770 = CARTESIAN_POINT ( 'NONE',  ( 31.00000000000000000, -1.200000000000000178, 22.00000000000000000 ) ) ;
#10771 = EDGE_CURVE ( 'NONE', #8303, #8539, #8926, .T. ) ;
#10772 = ORIENTED_EDGE ( 'NONE', *, *, #6182, .F. ) ;
#10773 = CARTESIAN_POINT ( 'NONE',  ( 53.00000000000000711, -38.00000000000000000, 1.999999999999998224 ) ) ;
#10774 = VECTOR ( 'NONE', #6633, 1000.000000000000227 ) ;
#10775 = EDGE_CURVE ( 'NONE', #6796, #9330, #5262, .T. ) ;
#10776 = DIRECTION ( 'NONE',  ( 0.000000000000000000, 0.000000000000000000, -1.000000000000000000 ) ) ;
#10777 = VERTEX_POINT ( 'NONE', #9240 ) ;
#10778 = CARTESIAN_POINT ( 'NONE',  ( 2.999999999999999112, -2.000000000000000000, 1.999999999999998224 ) ) ;
#10779 = VECTOR ( 'NONE', #6601, 1000.000000000000000 ) ;
#10780 = CARTESIAN_POINT ( 'NONE',  ( 31.42991096104142557, -84.00000000000001421, 6.976614216662863299 ) ) ;
#10781 = DIRECTION ( 'NONE',  ( -1.000000000000000000, 0.000000000000000000, 0.000000000000000000 ) ) ;
#10782 = VERTEX_POINT ( 'NONE', #971 ) ;
#10783 = CARTESIAN_POINT ( 'NONE',  ( 30.05427525472178374, -84.00000000000001421, 6.763340909490167974 ) ) ;
#10784 = FACE_BOUND ( 'NONE', #6611, .T. ) ;
#10785 = ORIENTED_EDGE ( 'NONE', *, *, #3280, .F. ) ;
#10786 = ORIENTED_EDGE ( 'NONE', *, *, #1003, .T. ) ;
#10787 = CIRCLE ( 'NONE', #5567, 1.000000000000000888 ) ;
#10788 = DIRECTION ( 'NONE',  ( -1.000000000000000000, -3.304235192336776005E-16, -0.000000000000000000 ) ) ;
#10789 = VECTOR ( 'NONE', #7511, 1000.000000000000000 ) ;
#10790 = VECTOR ( 'NONE', #7432, 1000.000000000000000 ) ;
#10791 = VERTEX_POINT ( 'NONE', #4646 ) ;
#10792 = CARTESIAN_POINT ( 'NONE',  ( 65.00000000000000000, -42.00000000000000000, 27.00100000000000122 ) ) ;
#10793 = FACE_OUTER_BOUND ( 'NONE', #2992, .T. ) ;
#10794 = ORIENTED_EDGE ( 'NONE', *, *, #8524, .F. ) ;
#10795 = CARTESIAN_POINT ( 'NONE',  ( 49.00000000000000000, -30.00000000000000000, 27.00100000000000122 ) ) ;
#10796 = VECTOR ( 'NONE', #1265, 1000.000000000000000 ) ;
#10797 =( BOUNDED_CURVE ( )  B_SPLINE_CURVE ( 3, ( #3047, #8433, #11345, #2219 ),
 .UNSPECIFIED., .F., .F. ) 
 B_SPLINE_CURVE_WITH_KNOTS ( ( 4, 4 ),
 ( 1.318116071652816412, 1.570796326794896558 ),
 .UNSPECIFIED. ) 
 CURVE ( )  GEOMETRIC_REPRESENTATION_ITEM ( )  RATIONAL_B_SPLINE_CURVE ( ( 1.000000000000000000, 0.9946864641781110183, 0.9946864641781110183, 1.000000000000000000 ) ) 
 REPRESENTATION_ITEM ( '' )  );
#10798 = CARTESIAN_POINT ( 'NONE',  ( 61.00000000000000711, -30.00000000000000000, 0.000000000000000000 ) ) ;
#10799 = ORIENTED_EDGE ( 'NONE', *, *, #6676, .F. ) ;
#10800 = AXIS2_PLACEMENT_3D ( 'NONE', #7796, #2248, #8771 ) ;
#10801 = DIRECTION ( 'NONE',  ( -0.000000000000000000, -0.000000000000000000, -1.000000000000000000 ) ) ;
#10802 = ORIENTED_EDGE ( 'NONE', *, *, #9843, .F. ) ;
#10803 = ORIENTED_EDGE ( 'NONE', *, *, #11384, .F. ) ;
#10804 = VECTOR ( 'NONE', #3170, 1000.000000000000000 ) ;
#10805 = CARTESIAN_POINT ( 'NONE',  ( 57.00000000000000711, -46.00000000000000711, 0.000000000000000000 ) ) ;
#10806 = EDGE_CURVE ( 'NONE', #10318, #9267, #3012, .T. ) ;
#10807 = ORIENTED_EDGE ( 'NONE', *, *, #2320, .T. ) ;
#10808 = CARTESIAN_POINT ( 'NONE',  ( 49.00000000000000000, -18.00000000000000355, 1.999999999999998224 ) ) ;
#10809 = CARTESIAN_POINT ( 'NONE',  ( 54.00000000000000000, -14.00000000000000000, 0.000000000000000000 ) ) ;
#10810 = CARTESIAN_POINT ( 'NONE',  ( 33.20000000000003126, 0.001000000000001000089, 16.19999999999999929 ) ) ;
#10811 = EDGE_LOOP ( 'NONE', ( #4776, #1997, #5529, #9144 ) ) ;
#10812 = ORIENTED_EDGE ( 'NONE', *, *, #2345, .T. ) ;
#10813 = ORIENTED_EDGE ( 'NONE', *, *, #3649, .F. ) ;
#10814 = CARTESIAN_POINT ( 'NONE',  ( 53.00000000000001421, -46.00000000000000711, 0.000000000000000000 ) ) ;
#10815 = VECTOR ( 'NONE', #6067, 1000.000000000000000 ) ;
#10816 = EDGE_CURVE ( 'NONE', #11706, #3238, #7431, .T. ) ;
#10817 = DIRECTION ( 'NONE',  ( -1.000000000000000000, 0.000000000000000000, 0.000000000000000000 ) ) ;
#10818 = EDGE_LOOP ( 'NONE', ( #2722, #9119, #7993, #8379 ) ) ;
#10819 = DIRECTION ( 'NONE',  ( -0.1261516832900868579, 0.000000000000000000, -0.9920109640538644635 ) ) ;
#10820 = CYLINDRICAL_SURFACE ( 'NONE', #4062, 1.000000000000000888 ) ;
#10821 = CIRCLE ( 'NONE', #9252, 1.000000000000000888 ) ;
#10822 = CARTESIAN_POINT ( 'NONE',  ( 58.00000000000000711, -34.00000000000000000, 0.000000000000000000 ) ) ;
#10823 = ORIENTED_EDGE ( 'NONE', *, *, #918, .T. ) ;
#10824 = DIRECTION ( 'NONE',  ( 1.000000000000000000, 0.000000000000000000, 0.000000000000000000 ) ) ;
#10825 = LINE ( 'NONE', #714, #6987 ) ;
#10826 = CARTESIAN_POINT ( 'NONE',  ( 30.79831341905913433, -83.99999999999997158, 5.056413266584272037 ) ) ;
#10827 = ORIENTED_EDGE ( 'NONE', *, *, #10010, .T. ) ;
#10828 = EDGE_CURVE ( 'NONE', #1720, #7026, #1033, .T. ) ;
#10829 = DIRECTION ( 'NONE',  ( -1.000000000000000000, 0.000000000000000000, -2.478176394252583113E-16 ) ) ;
#10830 = AXIS2_PLACEMENT_3D ( 'NONE', #3318, #4390, #11783 ) ;
#10831 = EDGE_CURVE ( 'NONE', #448, #7288, #6583, .T. ) ;
#10832 = DIRECTION ( 'NONE',  ( 0.000000000000000000, -1.000000000000000000, 0.000000000000000000 ) ) ;
#10833 = DIRECTION ( 'NONE',  ( 0.000000000000000000, 0.000000000000000000, -1.000000000000000000 ) ) ;
#10834 = VERTEX_POINT ( 'NONE', #4769 ) ;
#10835 = CARTESIAN_POINT ( 'NONE',  ( 52.64081570687010014, -83.70000000000001705, 4.409827637963545044 ) ) ;
#10836 = CARTESIAN_POINT ( 'NONE',  ( 57.00000000000001421, -66.00000000000000000, 1.999999999999998224 ) ) ;
#10837 = ORIENTED_EDGE ( 'NONE', *, *, #5520, .T. ) ;
#10838 = LINE ( 'NONE', #5327, #348 ) ;
#10839 = CARTESIAN_POINT ( 'NONE',  ( 29.40198086427448487, -83.70000000000003126, 6.663650993257203226 ) ) ;
#10840 = CARTESIAN_POINT ( 'NONE',  ( 64.00000000000001421, -58.00000000000000000, 27.00100000000000122 ) ) ;
#10841 = DIRECTION ( 'NONE',  ( -0.000000000000000000, -0.000000000000000000, -1.000000000000000000 ) ) ;
#10842 = EDGE_LOOP ( 'NONE', ( #1132, #9242, #1300, #5203, #10322, #8653, #1462, #592 ) ) ;
#10843 = EDGE_CURVE ( 'NONE', #3027, #8300, #1810, .T. ) ;
#10844 = CARTESIAN_POINT ( 'NONE',  ( 49.00000000000000000, -10.00000000000000000, 27.00100000000000122 ) ) ;
#10845 = FACE_BOUND ( 'NONE', #3575, .T. ) ;
#10846 = ORIENTED_EDGE ( 'NONE', *, *, #5488, .F. ) ;
#10847 = ADVANCED_FACE ( 'NONE', ( #183 ), #3864, .F. ) ;
#10848 = VECTOR ( 'NONE', #3032, 1000.000000000000000 ) ;
#10849 = EDGE_CURVE ( 'NONE', #2873, #5424, #5994, .T. ) ;
#10850 = EDGE_CURVE ( 'NONE', #1607, #11699, #5878, .T. ) ;
#10851 = CARTESIAN_POINT ( 'NONE',  ( 37.50000000000000000, -0.06350832689629268279, 1.499999999999993117 ) ) ;
#10852 = ORIENTED_EDGE ( 'NONE', *, *, #3070, .T. ) ;
#10853 = CARTESIAN_POINT ( 'NONE',  ( 64.00000000000001421, -66.00000000000000000, 0.000000000000000000 ) ) ;
#10854 = CARTESIAN_POINT ( 'NONE',  ( 55.13789173026190582, -83.70000000000001705, 4.409827637963545044 ) ) ;
#10855 = CYLINDRICAL_SURFACE ( 'NONE', #10003, 1.000000000000000888 ) ;
#10856 = VECTOR ( 'NONE', #10910, 1000.000000000000000 ) ;
#10857 = CARTESIAN_POINT ( 'NONE',  ( 53.52093266593442422, -83.70000000000001705, 4.798716526852432551 ) ) ;
#10858 = ORIENTED_EDGE ( 'NONE', *, *, #1394, .F. ) ;
#10859 = EDGE_CURVE ( 'NONE', #4812, #5119, #6110, .T. ) ;
#10860 = FACE_OUTER_BOUND ( 'NONE', #2715, .T. ) ;
#10861 = EDGE_LOOP ( 'NONE', ( #3446, #5654 ) ) ;
#10862 = EDGE_CURVE ( 'NONE', #548, #9994, #1273, .T. ) ;
#10863 = AXIS2_PLACEMENT_3D ( 'NONE', #6342, #10886, #4516 ) ;
#10864 = DIRECTION ( 'NONE',  ( 1.000000000000000000, 0.000000000000000000, 0.000000000000000000 ) ) ;
#10865 = EDGE_LOOP ( 'NONE', ( #7462, #1609, #2454, #5954 ) ) ;
#10866 = CARTESIAN_POINT ( 'NONE',  ( 28.17930045508789050, -83.70000000000003126, 6.019398779549296030 ) ) ;
#10867 = FACE_BOUND ( 'NONE', #571, .T. ) ;
#10868 = DIRECTION ( 'NONE',  ( 1.000000000000000000, 0.000000000000000000, 0.000000000000000000 ) ) ;
#10869 = ORIENTED_EDGE ( 'NONE', *, *, #5670, .F. ) ;
#10870 = VECTOR ( 'NONE', #4874, 1000.000000000000000 ) ;
#10871 = ORIENTED_EDGE ( 'NONE', *, *, #2524, .F. ) ;
#10872 = DIRECTION ( 'NONE',  ( 0.000000000000000000, 0.000000000000000000, -1.000000000000000000 ) ) ;
#10873 = CIRCLE ( 'NONE', #264, 1.000000000000000888 ) ;
#10874 = LINE ( 'NONE', #1796, #6509 ) ;
#10875 = EDGE_LOOP ( 'NONE', ( #4791, #2765, #6582, #667, #1985 ) ) ;
#10876 = LINE ( 'NONE', #6449, #3458 ) ;
#10877 = CARTESIAN_POINT ( 'NONE',  ( 46.74607886476483287, -83.70000000000001705, 5.678833485916761070 ) ) ;
#10878 = ADVANCED_FACE ( 'NONE', ( #4949 ), #7965, .F. ) ;
#10879 = AXIS2_PLACEMENT_3D ( 'NONE', #2466, #1569, #6278 ) ;
#10880 = DIRECTION ( 'NONE',  ( -1.000000000000000000, 0.000000000000000000, 0.000000000000000000 ) ) ;
#10881 = ORIENTED_EDGE ( 'NONE', *, *, #7022, .F. ) ;
#10882 = DIRECTION ( 'NONE',  ( 0.000000000000000000, -1.000000000000000000, 0.000000000000000000 ) ) ;
#10883 = PLANE ( 'NONE',  #58 ) ;
#10884 = DIRECTION ( 'NONE',  ( -0.000000000000000000, -1.000000000000000000, -0.000000000000000000 ) ) ;
#10885 = ORIENTED_EDGE ( 'NONE', *, *, #7843, .T. ) ;
#10886 = DIRECTION ( 'NONE',  ( -0.000000000000000000, -0.000000000000000000, -1.000000000000000000 ) ) ;
#10887 = CARTESIAN_POINT ( 'NONE',  ( 64.00000000000000000, -14.00000000000000000, 27.00100000000000122 ) ) ;
#10888 = CIRCLE ( 'NONE', #9911, 1.000000000000000888 ) ;
#10889 = DIRECTION ( 'NONE',  ( 1.000000000000000000, 0.000000000000000000, 0.000000000000000000 ) ) ;
#10890 = ORIENTED_EDGE ( 'NONE', *, *, #4087, .F. ) ;
#10891 = DIRECTION ( 'NONE',  ( 0.000000000000000000, 0.000000000000000000, -1.000000000000000000 ) ) ;
#10892 = EDGE_CURVE ( 'NONE', #10505, #9641, #1238, .T. ) ;
#10893 = LINE ( 'NONE', #4226, #2361 ) ;
#10894 = ORIENTED_EDGE ( 'NONE', *, *, #6572, .T. ) ;
#10895 = CARTESIAN_POINT ( 'NONE',  ( 61.00000000000000000, -10.00000000000000000, 27.00100000000000122 ) ) ;
#10896 = CARTESIAN_POINT ( 'NONE',  ( 29.73869512655656777, -83.70000000000003126, 6.310181353018484707 ) ) ;
#10897 = EDGE_CURVE ( 'NONE', #10559, #6068, #7781, .T. ) ;
#10898 = CIRCLE ( 'NONE', #4115, 1.000000000000000888 ) ;
#10899 = DIRECTION ( 'NONE',  ( -1.000000000000000000, 0.000000000000000000, 0.000000000000000000 ) ) ;
#10900 = CARTESIAN_POINT ( 'NONE',  ( 2.000000000000000888, -2.000000000000000000, 27.00000000000000000 ) ) ;
#10901 = AXIS2_PLACEMENT_3D ( 'NONE', #5815, #9489, #9430 ) ;
#10902 = DIRECTION ( 'NONE',  ( -0.000000000000000000, -1.000000000000000000, -0.000000000000000000 ) ) ;
#10903 = FACE_BOUND ( 'NONE', #11969, .T. ) ;
#10904 = VERTEX_POINT ( 'NONE', #3381 ) ;
#10905 = ORIENTED_EDGE ( 'NONE', *, *, #8941, .T. ) ;
#10906 = CARTESIAN_POINT ( 'NONE',  ( 65.00000000000001421, -50.00000000000000000, 27.00100000000000122 ) ) ;
#10907 = VECTOR ( 'NONE', #1791, 1000.000000000000000 ) ;
#10908 = ORIENTED_EDGE ( 'NONE', *, *, #4552, .F. ) ;
#10909 = CARTESIAN_POINT ( 'NONE',  ( 51.16713149634377800, -83.70000000000001705, 6.149593719834889782 ) ) ;
#10910 = DIRECTION ( 'NONE',  ( -0.000000000000000000, -0.000000000000000000, -1.000000000000000000 ) ) ;
#10911 = ORIENTED_EDGE ( 'NONE', *, *, #2920, .F. ) ;
#10912 = DIRECTION ( 'NONE',  ( -1.000000000000000000, 0.000000000000000000, 0.000000000000000000 ) ) ;
#10913 = EDGE_CURVE ( 'NONE', #6012, #2835, #7214, .T. ) ;
#10914 = EDGE_CURVE ( 'NONE', #4306, #471, #8698, .T. ) ;
#10915 = DIRECTION ( 'NONE',  ( 0.000000000000000000, 0.000000000000000000, -1.000000000000000000 ) ) ;
#10916 = ORIENTED_EDGE ( 'NONE', *, *, #11211, .F. ) ;
#10917 = CARTESIAN_POINT ( 'NONE',  ( 28.84260996342664285, -83.70000000000003126, 6.951064363261664880 ) ) ;
#10918 = ORIENTED_EDGE ( 'NONE', *, *, #2132, .T. ) ;
#10919 = VECTOR ( 'NONE', #10494, 1000.000000000000000 ) ;
#10920 = CARTESIAN_POINT ( 'NONE',  ( 30.73841409011030734, -83.99999999999995737, 7.979397596245377144 ) ) ;
#10921 = DIRECTION ( 'NONE',  ( 0.000000000000000000, 0.000000000000000000, -1.000000000000000000 ) ) ;
#10922 = EDGE_CURVE ( 'NONE', #802, #8612, #11469, .T. ) ;
#10923 = VERTEX_POINT ( 'NONE', #4216 ) ;
#10924 = DIRECTION ( 'NONE',  ( -0.000000000000000000, -0.000000000000000000, -1.000000000000000000 ) ) ;
#10925 = EDGE_CURVE ( 'NONE', #4759, #2784, #3319, .T. ) ;
#10926 = DIRECTION ( 'NONE',  ( -0.000000000000000000, -0.000000000000000000, -1.000000000000000000 ) ) ;
#10927 = DIRECTION ( 'NONE',  ( -1.000000000000000000, 0.000000000000000000, 0.000000000000000000 ) ) ;
#10928 = ORIENTED_EDGE ( 'NONE', *, *, #7274, .T. ) ;
#10929 = VECTOR ( 'NONE', #2119, 1000.000000000000000 ) ;
#10930 = ORIENTED_EDGE ( 'NONE', *, *, #5216, .T. ) ;
#10931 = CARTESIAN_POINT ( 'NONE',  ( 27.70351686378219469, -83.70000000000001705, 7.982917308934267986 ) ) ;
#10932 = CYLINDRICAL_SURFACE ( 'NONE', #11355, 1.000000000000000888 ) ;
#10933 = ORIENTED_EDGE ( 'NONE', *, *, #1057, .F. ) ;
#10934 = PLANE ( 'NONE',  #11376 ) ;
#10935 = LINE ( 'NONE', #2633, #10848 ) ;
#10936 = FACE_OUTER_BOUND ( 'NONE', #1977, .T. ) ;
#10937 = VERTEX_POINT ( 'NONE', #7839 ) ;
#10938 = CARTESIAN_POINT ( 'NONE',  ( 45.94783325072974378, -83.70000000000001705, 7.909827637963544156 ) ) ;
#10939 = CARTESIAN_POINT ( 'NONE',  ( 66.00000000000001421, -66.00000000000000000, 27.00100000000000122 ) ) ;
#10940 = CARTESIAN_POINT ( 'NONE',  ( 61.00000000000000000, -14.00000000000000000, 0.000000000000000000 ) ) ;
#10941 = VERTEX_POINT ( 'NONE', #3131 ) ;
#10942 = CARTESIAN_POINT ( 'NONE',  ( 28.02651614446034856, -84.00000000000000000, 7.949578531162566186 ) ) ;
#10943 = ADVANCED_FACE ( 'NONE', ( #9549 ), #11544, .T. ) ;
#10944 = VECTOR ( 'NONE', #9868, 1000.000000000000000 ) ;
#10945 = DIRECTION ( 'NONE',  ( 1.000000000000000000, 0.000000000000000000, 0.000000000000000000 ) ) ;
#10946 = DIRECTION ( 'NONE',  ( 1.000000000000000000, 0.000000000000000000, 0.000000000000000000 ) ) ;
#10947 = ORIENTED_EDGE ( 'NONE', *, *, #8165, .T. ) ;
#10948 = LINE ( 'NONE', #7129, #7239 ) ;
#10949 = DIRECTION ( 'NONE',  ( -1.000000000000000000, 0.000000000000000000, 0.000000000000000000 ) ) ;
#10950 = ORIENTED_EDGE ( 'NONE', *, *, #7843, .F. ) ;
#10951 = FACE_OUTER_BOUND ( 'NONE', #3053, .T. ) ;
#10952 = VECTOR ( 'NONE', #11671, 1000.000000000000000 ) ;
#10953 = CARTESIAN_POINT ( 'NONE',  ( 29.82211491178202678, -83.69999999999997442, 6.258707315035533014 ) ) ;
#10954 = DIRECTION ( 'NONE',  ( -0.000000000000000000, -0.000000000000000000, -1.000000000000000000 ) ) ;
#10955 = DIRECTION ( 'NONE',  ( -0.000000000000000000, -0.000000000000000000, -1.000000000000000000 ) ) ;
#10956 = CIRCLE ( 'NONE', #4177, 1.000000000000000888 ) ;
#10957 = DIRECTION ( 'NONE',  ( 0.000000000000000000, 0.000000000000000000, -1.000000000000000000 ) ) ;
#10958 = FACE_BOUND ( 'NONE', #663, .T. ) ;
#10959 = EDGE_LOOP ( 'NONE', ( #5786, #1848, #9491, #934 ) ) ;
#10960 = EDGE_CURVE ( 'NONE', #4330, #1150, #5196, .T. ) ;
#10961 = EDGE_CURVE ( 'NONE', #3363, #4117, #11487, .T. ) ;
#10962 = DIRECTION ( 'NONE',  ( 0.000000000000000000, 0.000000000000000000, -1.000000000000000000 ) ) ;
#10963 = VECTOR ( 'NONE', #1676, 1000.000000000000000 ) ;
#10964 = ORIENTED_EDGE ( 'NONE', *, *, #270, .F. ) ;
#10965 = LINE ( 'NONE', #6247, #1222 ) ;
#10966 = LINE ( 'NONE', #6135, #3306 ) ;
#10967 = VERTEX_POINT ( 'NONE', #10581 ) ;
#10968 = CARTESIAN_POINT ( 'NONE',  ( 31.48890751336434235, -83.99999999999998579, 5.138242760658766173 ) ) ;
#10969 = CARTESIAN_POINT ( 'NONE',  ( 30.34889109836274557, -83.70000000000001705, 8.023730596746609933 ) ) ;
#10970 = ORIENTED_EDGE ( 'NONE', *, *, #4974, .F. ) ;
#10971 = FACE_OUTER_BOUND ( 'NONE', #10690, .T. ) ;
#10972 = VECTOR ( 'NONE', #10682, 1000.000000000000000 ) ;
#10973 = ORIENTED_EDGE ( 'NONE', *, *, #7090, .T. ) ;
#10974 = VECTOR ( 'NONE', #10423, 1000.000000000000000 ) ;
#10975 = PRESENTATION_LAYER_ASSIGNMENT (  '', '', ( #7471 ) ) ;
#10976 = EDGE_CURVE ( 'NONE', #11886, #7064, #7382, .T. ) ;
#10977 = DIRECTION ( 'NONE',  ( -0.000000000000000000, -0.000000000000000000, -1.000000000000000000 ) ) ;
#10978 = DIRECTION ( 'NONE',  ( 0.000000000000000000, 0.000000000000000000, 1.000000000000000000 ) ) ;
#10979 = EDGE_CURVE ( 'NONE', #9006, #539, #2564, .T. ) ;
#10980 = ORIENTED_EDGE ( 'NONE', *, *, #9265, .T. ) ;
#10981 = CARTESIAN_POINT ( 'NONE',  ( 73.80000000000001137, -34.99999999999999289, 21.99999999999999645 ) ) ;
#10982 = AXIS2_PLACEMENT_3D ( 'NONE', #5384, #9058, #784 ) ;
#10983 = VERTEX_POINT ( 'NONE', #10460 ) ;
#10984 = CIRCLE ( 'NONE', #11368, 1.000000000000000888 ) ;
#10985 = FACE_BOUND ( 'NONE', #3602, .T. ) ;
#10986 = CARTESIAN_POINT ( 'NONE',  ( 29.52996811732127824, -83.99999999999998579, 4.704913579401059032 ) ) ;
#10987 = EDGE_LOOP ( 'NONE', ( #4846, #6379, #7923, #11956 ) ) ;
#10988 = CARTESIAN_POINT ( 'NONE',  ( 29.46092601743925243, -83.70000000000004547, 4.780676657220314318 ) ) ;
#10989 = ORIENTED_EDGE ( 'NONE', *, *, #11392, .T. ) ;
#10990 = ORIENTED_EDGE ( 'NONE', *, *, #86, .F. ) ;
#10991 = CARTESIAN_POINT ( 'NONE',  ( 56.00000000000000711, -38.00000000000000000, 1.999999999999998224 ) ) ;
#10992 = EDGE_CURVE ( 'NONE', #3040, #1532, #2184, .T. ) ;
#10993 = EDGE_CURVE ( 'NONE', #1530, #11838, #6053, .T. ) ;
#10994 = DIRECTION ( 'NONE',  ( 0.000000000000000000, 0.000000000000000000, -1.000000000000000000 ) ) ;
#10995 = ADVANCED_FACE ( 'NONE', ( #3545 ), #10883, .F. ) ;
#10996 = ORIENTED_EDGE ( 'NONE', *, *, #3541, .T. ) ;
#10997 = CARTESIAN_POINT ( 'NONE',  ( 31.00000000000000000, -1.200000000000000178, 25.00000000000000355 ) ) ;
#10998 = CARTESIAN_POINT ( 'NONE',  ( 31.00000000000000000, -1.200000000000000178, 25.00000000000000355 ) ) ;
#10999 = DIRECTION ( 'NONE',  ( -0.000000000000000000, -0.000000000000000000, -1.000000000000000000 ) ) ;
#11000 = EDGE_LOOP ( 'NONE', ( #2148, #4564, #3351, #4105 ) ) ;
#11001 = VECTOR ( 'NONE', #6180, 1000.000000000000000 ) ;
#11002 = DIRECTION ( 'NONE',  ( -1.000000000000000000, 0.000000000000000000, 0.000000000000000000 ) ) ;
#11003 = CARTESIAN_POINT ( 'NONE',  ( 53.00000000000000711, -42.00000000000000000, 1.999999999999998224 ) ) ;
#11004 = LINE ( 'NONE', #8259, #5686 ) ;
#11005 = ORIENTED_EDGE ( 'NONE', *, *, #4326, .F. ) ;
#11006 = EDGE_CURVE ( 'NONE', #10937, #5294, #8257, .T. ) ;
#11007 = CARTESIAN_POINT ( 'NONE',  ( 27.66078193656936790, -83.70000000000001705, 7.983552992241519597 ) ) ;
#11008 = FACE_OUTER_BOUND ( 'NONE', #8386, .T. ) ;
#11009 = AXIS2_PLACEMENT_3D ( 'NONE', #2356, #4893, #7664 ) ;
#11010 = CARTESIAN_POINT ( 'NONE',  ( 30.31737639182834698, -83.99999999999991473, 4.891681744747787164 ) ) ;
#11011 = CIRCLE ( 'NONE', #11968, 1.000000000000000888 ) ;
#11012 = ORIENTED_EDGE ( 'NONE', *, *, #3368, .T. ) ;
#11013 = DIRECTION ( 'NONE',  ( 1.000000000000000000, 0.000000000000000000, -0.000000000000000000 ) ) ;
#11014 = PLANE ( 'NONE',  #6216 ) ;
#11015 = EDGE_LOOP ( 'NONE', ( #1194, #9340, #1851, #1539 ) ) ;
#11016 = CARTESIAN_POINT ( 'NONE',  ( 48.46537711037886709, -83.70000000000001705, 5.883511848489860085 ) ) ;
#11017 = LINE ( 'NONE', #5639, #2724 ) ;
#11018 = CARTESIAN_POINT ( 'NONE',  ( 29.92748615984581306, -83.99999999999997158, 7.189045634404609864 ) ) ;
#11019 = DIRECTION ( 'NONE',  ( -1.000000000000000000, 0.000000000000000000, 0.000000000000000000 ) ) ;
#11020 = VECTOR ( 'NONE', #533, 1000.000000000000000 ) ;
#11021 = CARTESIAN_POINT ( 'NONE',  ( 65.00000000000001421, -62.00000000000000711, 1.999999999999998224 ) ) ;
#11022 = FACE_BOUND ( 'NONE', #5323, .T. ) ;
#11023 = EDGE_LOOP ( 'NONE', ( #1920, #8794 ) ) ;
#11024 = CARTESIAN_POINT ( 'NONE',  ( 65.00000000000000000, -38.00000000000000000, 0.000000000000000000 ) ) ;
#11025 = VERTEX_POINT ( 'NONE', #10024 ) ;
#11026 = LINE ( 'NONE', #10909, #8151 ) ;
#11027 = FACE_OUTER_BOUND ( 'NONE', #5303, .T. ) ;
#11028 = FACE_OUTER_BOUND ( 'NONE', #11944, .T. ) ;
#11029 = EDGE_CURVE ( 'NONE', #3832, #5097, #443, .T. ) ;
#11030 = DIRECTION ( 'NONE',  ( 0.000000000000000000, -0.000000000000000000, -1.000000000000000000 ) ) ;
#11031 = ORIENTED_EDGE ( 'NONE', *, *, #3568, .F. ) ;
#11032 = AXIS2_PLACEMENT_3D ( 'NONE', #5186, #9725, #4384 ) ;
#11033 = CARTESIAN_POINT ( 'NONE',  ( 27.21503794696573308, -83.70000000000001705, 6.416626416543015132 ) ) ;
#11034 = ORIENTED_EDGE ( 'NONE', *, *, #2808, .T. ) ;
#11035 = CARTESIAN_POINT ( 'NONE',  ( 48.83379816301044940, -84.00000000000000000, 7.132049860185764700 ) ) ;
#11036 = DIRECTION ( 'NONE',  ( -1.000000000000000000, 0.000000000000000000, 0.000000000000000000 ) ) ;
#11037 = ORIENTED_EDGE ( 'NONE', *, *, #6529, .F. ) ;
#11038 = DIRECTION ( 'NONE',  ( -1.000000000000000000, 0.000000000000000000, 0.000000000000000000 ) ) ;
#11039 = CIRCLE ( 'NONE', #4457, 2.000000000000000000 ) ;
#11040 = CIRCLE ( 'NONE', #11237, 2.000000000000000000 ) ;
#11041 = EDGE_LOOP ( 'NONE', ( #8971, #6295 ) ) ;
#11042 = EDGE_CURVE ( 'NONE', #1649, #8499, #7184, .T. ) ;
#11043 = DIRECTION ( 'NONE',  ( -0.000000000000000000, -1.000000000000000000, -0.000000000000000000 ) ) ;
#11044 = FACE_OUTER_BOUND ( 'NONE', #1594, .T. ) ;
#11045 = ORIENTED_EDGE ( 'NONE', *, *, #1513, .T. ) ;
#11046 = DIRECTION ( 'NONE',  ( -1.000000000000000000, 0.000000000000000000, 0.000000000000000000 ) ) ;
#11047 = EDGE_CURVE ( 'NONE', #1012, #1018, #6047, .T. ) ;
#11048 = EDGE_LOOP ( 'NONE', ( #7422, #11087 ) ) ;
#11049 = AXIS2_PLACEMENT_3D ( 'NONE', #10214, #4640, #2002 ) ;
#11050 = AXIS2_PLACEMENT_3D ( 'NONE', #926, #4606, #9257 ) ;
#11051 = DIRECTION ( 'NONE',  ( -0.000000000000000000, -0.000000000000000000, -1.000000000000000000 ) ) ;
#11052 = VERTEX_POINT ( 'NONE', #1632 ) ;
#11053 = EDGE_LOOP ( 'NONE', ( #7293, #11530, #96, #5651 ) ) ;
#11054 = PLANE ( 'NONE',  #1336 ) ;
#11055 = VECTOR ( 'NONE', #9598, 1000.000000000000000 ) ;
#11056 = VECTOR ( 'NONE', #7808, 1000.000000000000000 ) ;
#11057 = ADVANCED_FACE ( 'NONE', ( #4452 ), #5253, .F. ) ;
#11058 = CARTESIAN_POINT ( 'NONE',  ( 50.00000000000000000, -26.00000000000000355, 0.000000000000000000 ) ) ;
#11059 = ORIENTED_EDGE ( 'NONE', *, *, #5501, .F. ) ;
#11060 = EDGE_CURVE ( 'NONE', #9158, #3304, #7235, .T. ) ;
#11061 = ORIENTED_EDGE ( 'NONE', *, *, #4024, .F. ) ;
#11062 = EDGE_CURVE ( 'NONE', #4155, #4935, #4567, .T. ) ;
#11063 = CARTESIAN_POINT ( 'NONE',  ( 73.00000000000001421, -34.99999999999999289, 24.99999999999999289 ) ) ;
#11064 = ORIENTED_EDGE ( 'NONE', *, *, #4546, .T. ) ;
#11065 = DIRECTION ( 'NONE',  ( 0.000000000000000000, 0.000000000000000000, -1.000000000000000000 ) ) ;
#11066 = ORIENTED_EDGE ( 'NONE', *, *, #8684, .T. ) ;
#11067 = CARTESIAN_POINT ( 'NONE',  ( 28.33842183556960137, -84.00000000000001421, 7.843714332574958981 ) ) ;
#11068 = VECTOR ( 'NONE', #8126, 1000.000000000000000 ) ;
#11069 = CYLINDRICAL_SURFACE ( 'NONE', #10571, 1.000000000000000888 ) ;
#11070 = ORIENTED_EDGE ( 'NONE', *, *, #1830, .T. ) ;
#11071 = DIRECTION ( 'NONE',  ( 0.000000000000000000, 0.000000000000000000, -1.000000000000000000 ) ) ;
#11072 = AXIS2_PLACEMENT_3D ( 'NONE', #8901, #1418, #7077 ) ;
#11073 = ORIENTED_EDGE ( 'NONE', *, *, #3154, .T. ) ;
#11074 = DIRECTION ( 'NONE',  ( 0.000000000000000000, 0.000000000000000000, -1.000000000000000000 ) ) ;
#11075 = EDGE_CURVE ( 'NONE', #8672, #5914, #10083, .T. ) ;
#11076 = LINE ( 'NONE', #11186, #2164 ) ;
#11077 = ORIENTED_EDGE ( 'NONE', *, *, #10681, .F. ) ;
#11078 = CARTESIAN_POINT ( 'NONE',  ( 58.00000000000000711, -54.00000000000000000, 0.000000000000000000 ) ) ;
#11079 = CARTESIAN_POINT ( 'NONE',  ( 49.00000000000000711, -46.00000000000000711, 1.999999999999998224 ) ) ;
#11080 = CYLINDRICAL_SURFACE ( 'NONE', #9342, 1.000000000000000888 ) ;
#11081 = CARTESIAN_POINT ( 'NONE',  ( 48.00000000000000000, -10.00000000000000000, 0.000000000000000000 ) ) ;
#11082 = CARTESIAN_POINT ( 'NONE',  ( 30.44759221025467255, -84.00000000000002842, 6.552971888447468807 ) ) ;
#11083 = DIRECTION ( 'NONE',  ( 0.000000000000000000, -0.000000000000000000, -1.000000000000000000 ) ) ;
#11084 = ORIENTED_EDGE ( 'NONE', *, *, #10527, .F. ) ;
#11085 = AXIS2_PLACEMENT_3D ( 'NONE', #10289, #2071, #8591 ) ;
#11086 = CARTESIAN_POINT ( 'NONE',  ( 71.00000000000000000, -4.000000000000000000, 1.999999999999998224 ) ) ;
#11087 = ORIENTED_EDGE ( 'NONE', *, *, #1378, .T. ) ;
#11088 = CYLINDRICAL_SURFACE ( 'NONE', #10292, 1.000000000000000888 ) ;
#11089 = AXIS2_PLACEMENT_3D ( 'NONE', #3333, #10722, #5208 ) ;
#11090 = AXIS2_PLACEMENT_3D ( 'NONE', #559, #5155, #10729 ) ;
#11091 = CARTESIAN_POINT ( 'NONE',  ( 31.00000000000000000, -2.000000000000000000, 25.00000000000000355 ) ) ;
#11092 = VECTOR ( 'NONE', #3275, 1000.000000000000000 ) ;
#11093 = DIRECTION ( 'NONE',  ( -0.000000000000000000, -0.000000000000000000, -1.000000000000000000 ) ) ;
#11094 = CARTESIAN_POINT ( 'NONE',  ( 62.00000000000000711, -26.00000000000000355, 1.999999999999998224 ) ) ;
#11095 = ORIENTED_EDGE ( 'NONE', *, *, #1732, .T. ) ;
#11096 = DIRECTION ( 'NONE',  ( 0.000000000000000000, -0.000000000000000000, 1.000000000000000000 ) ) ;
#11097 = VERTEX_POINT ( 'NONE', #9108 ) ;
#11098 = CIRCLE ( 'NONE', #5883, 1.000000000000000888 ) ;
#11099 = LINE ( 'NONE', #10056, #3079 ) ;
#11100 = EDGE_CURVE ( 'NONE', #4121, #1720, #8992, .T. ) ;
#11101 = CARTESIAN_POINT ( 'NONE',  ( 29.94949971688109969, -83.70000000000001705, 7.278546219018191543 ) ) ;
#11102 = ORIENTED_EDGE ( 'NONE', *, *, #8614, .F. ) ;
#11103 = CARTESIAN_POINT ( 'NONE',  ( 28.67957180904414827, -83.70000000000001705, 6.367733550351792005 ) ) ;
#11104 = ORIENTED_EDGE ( 'NONE', *, *, #1185, .F. ) ;
#11105 = CARTESIAN_POINT ( 'NONE',  ( 30.65407208785928006, -84.00000000000001421, 5.848139695764561274 ) ) ;
#11106 = ORIENTED_EDGE ( 'NONE', *, *, #7788, .F. ) ;
#11107 = CIRCLE ( 'NONE', #5894, 1.000000000000000888 ) ;
#11108 = DIRECTION ( 'NONE',  ( 0.000000000000000000, 0.000000000000000000, -1.000000000000000000 ) ) ;
#11109 = CARTESIAN_POINT ( 'NONE',  ( 5.000000000000000000, -4.000000000000000000, 3.999999999999998224 ) ) ;
#11110 = ORIENTED_EDGE ( 'NONE', *, *, #3478, .F. ) ;
#11111 = DIRECTION ( 'NONE',  ( -1.000000000000000000, 0.000000000000000000, 0.000000000000000000 ) ) ;
#11112 = ORIENTED_EDGE ( 'NONE', *, *, #7770, .T. ) ;
#11113 = EDGE_CURVE ( 'NONE', #3944, #5173, #1804, .T. ) ;
#11114 = ADVANCED_FACE ( 'NONE', ( #8937 ), #3437, .F. ) ;
#11115 = CARTESIAN_POINT ( 'NONE',  ( 30.51158474662117825, -84.00000000000002842, 6.527206195761162455 ) ) ;
#11116 = ORIENTED_EDGE ( 'NONE', *, *, #3176, .T. ) ;
#11117 = DIRECTION ( 'NONE',  ( -1.000000000000000000, 0.000000000000000000, 0.000000000000000000 ) ) ;
#11118 = FACE_OUTER_BOUND ( 'NONE', #8180, .T. ) ;
#11119 = ORIENTED_EDGE ( 'NONE', *, *, #1831, .F. ) ;
#11120 = EDGE_LOOP ( 'NONE', ( #2922, #11131, #995, #9753 ) ) ;
#11121 = CARTESIAN_POINT ( 'NONE',  ( 1.784287003861859131E-14, -54.00000000000000000, 13.50000000000000178 ) ) ;
#11122 = DIRECTION ( 'NONE',  ( 0.000000000000000000, 0.000000000000000000, -1.000000000000000000 ) ) ;
#11123 = ORIENTED_EDGE ( 'NONE', *, *, #9264, .F. ) ;
#11124 = DIRECTION ( 'NONE',  ( -0.000000000000000000, -0.000000000000000000, -1.000000000000000000 ) ) ;
#11125 = DIRECTION ( 'NONE',  ( -0.000000000000000000, -0.000000000000000000, -1.000000000000000000 ) ) ;
#11126 = DIRECTION ( 'NONE',  ( -0.000000000000000000, -0.000000000000000000, -1.000000000000000000 ) ) ;
#11127 = EDGE_CURVE ( 'NONE', #192, #4358, #10825, .T. ) ;
#11128 = VERTEX_POINT ( 'NONE', #5498 ) ;
#11129 = CARTESIAN_POINT ( 'NONE',  ( 30.34889109836274557, -83.70000000000001705, 4.411536531336170519 ) ) ;
#11130 = CARTESIAN_POINT ( 'NONE',  ( 53.00000000000000711, -26.00000000000000355, 27.00100000000000122 ) ) ;
#11131 = ORIENTED_EDGE ( 'NONE', *, *, #11586, .F. ) ;
#11132 = CARTESIAN_POINT ( 'NONE',  ( 27.66078193656936790, -83.70000000000001705, 7.983552992241519597 ) ) ;
#11133 = FACE_OUTER_BOUND ( 'NONE', #10959, .T. ) ;
#11134 = DIRECTION ( 'NONE',  ( -0.000000000000000000, -0.000000000000000000, -1.000000000000000000 ) ) ;
#11135 = CARTESIAN_POINT ( 'NONE',  ( 58.00000000000000711, -54.00000000000000000, 1.999999999999998224 ) ) ;
#11136 = CARTESIAN_POINT ( 'NONE',  ( 55.13789173026190582, -83.70000000000001705, 4.409827637963545044 ) ) ;
#11137 = CARTESIAN_POINT ( 'NONE',  ( 28.22573136667521254, -83.70000000000001705, 7.073041621055264017 ) ) ;
#11138 = ORIENTED_EDGE ( 'NONE', *, *, #5447, .F. ) ;
#11139 = EDGE_CURVE ( 'NONE', #7271, #250, #7117, .T. ) ;
#11140 = DIRECTION ( 'NONE',  ( -0.000000000000000000, -0.000000000000000000, -1.000000000000000000 ) ) ;
#11141 = EDGE_CURVE ( 'NONE', #9078, #9418, #1024, .T. ) ;
#11142 = ADVANCED_FACE ( 'NONE', ( #7054 ), #7177, .F. ) ;
#11143 = ORIENTED_EDGE ( 'NONE', *, *, #1461, .T. ) ;
#11144 = DIRECTION ( 'NONE',  ( -1.000000000000000000, 0.000000000000000000, 0.000000000000000000 ) ) ;
#11145 = AXIS2_PLACEMENT_3D ( 'NONE', #6359, #8220, #6474 ) ;
#11146 = DIRECTION ( 'NONE',  ( -1.000000000000000000, 0.000000000000000000, 0.000000000000000000 ) ) ;
#11147 = CARTESIAN_POINT ( 'NONE',  ( 53.00000000000000711, -30.00000000000000000, 0.000000000000000000 ) ) ;
#11148 = CARTESIAN_POINT ( 'NONE',  ( 49.00000000000001421, -62.00000000000000711, 0.000000000000000000 ) ) ;
#11149 = ORIENTED_EDGE ( 'NONE', *, *, #11205, .F. ) ;
#11150 = CARTESIAN_POINT ( 'NONE',  ( 30.92203191917490912, -83.70000000000003126, 5.388530742933160589 ) ) ;
#11151 = ORIENTED_EDGE ( 'NONE', *, *, #11062, .F. ) ;
#11152 = AXIS2_PLACEMENT_3D ( 'NONE', #6983, #9594, #11594 ) ;
#11153 = CARTESIAN_POINT ( 'NONE',  ( 31.42843148024376632, -83.99999999999997158, 7.044077103583869182 ) ) ;
#11154 = DIRECTION ( 'NONE',  ( -0.000000000000000000, -0.000000000000000000, -1.000000000000000000 ) ) ;
#11155 = EDGE_LOOP ( 'NONE', ( #1376, #4484, #5608, #9513 ) ) ;
#11156 = DIRECTION ( 'NONE',  ( 0.000000000000000000, 0.000000000000000000, -1.000000000000000000 ) ) ;
#11157 = CARTESIAN_POINT ( 'NONE',  ( 28.17510513430301700, -83.70000000000000284, 7.232541915283673184 ) ) ;
#11158 = ORIENTED_EDGE ( 'NONE', *, *, #8209, .T. ) ;
#11159 = VECTOR ( 'NONE', #10252, 1000.000000000000000 ) ;
#11160 = CARTESIAN_POINT ( 'NONE',  ( 31.00000000000002132, -82.00000000000000000, 25.00000000000000000 ) ) ;
#11161 = LINE ( 'NONE', #997, #1389 ) ;
#11162 = ORIENTED_EDGE ( 'NONE', *, *, #918, .F. ) ;
#11163 = VECTOR ( 'NONE', #5769, 1000.000000000000000 ) ;
#11164 = CARTESIAN_POINT ( 'NONE',  ( 33.20000000000003126, -84.00000000000000000, 16.19999999999999929 ) ) ;
#11165 = VERTEX_POINT ( 'NONE', #9963 ) ;
#11166 = AXIS2_PLACEMENT_3D ( 'NONE', #7360, #4574, #8327 ) ;
#11167 = CARTESIAN_POINT ( 'NONE',  ( 49.55017243201629640, -83.70000000000001705, 4.409827637963545044 ) ) ;
#11168 = CIRCLE ( 'NONE', #4193, 2.000000000000000000 ) ;
#11169 = VERTEX_POINT ( 'NONE', #1685 ) ;
#11170 = CIRCLE ( 'NONE', #739, 1.000000000000000888 ) ;
#11171 = ORIENTED_EDGE ( 'NONE', *, *, #7641, .F. ) ;
#11172 = LINE ( 'NONE', #9344, #1595 ) ;
#11173 = ORIENTED_EDGE ( 'NONE', *, *, #1084, .T. ) ;
#11174 = ADVANCED_FACE ( 'NONE', ( #9052 ), #777, .T. ) ;
#11175 = ORIENTED_EDGE ( 'NONE', *, *, #7861, .T. ) ;
#11176 = CARTESIAN_POINT ( 'NONE',  ( 51.47414904020342874, -84.00000000000000000, 6.538482608723776401 ) ) ;
#11177 = AXIS2_PLACEMENT_3D ( 'NONE', #10895, #791, #7308 ) ;
#11178 = DIRECTION ( 'NONE',  ( -1.000000000000000000, 0.000000000000000000, 0.000000000000000000 ) ) ;
#11179 = ORIENTED_EDGE ( 'NONE', *, *, #11100, .F. ) ;
#11180 = CARTESIAN_POINT ( 'NONE',  ( 28.84157633639788543, -84.00000000000000000, 6.993811775779360751 ) ) ;
#11181 = FACE_OUTER_BOUND ( 'NONE', #10648, .T. ) ;
#11182 = CARTESIAN_POINT ( 'NONE',  ( 29.86361570324096704, -83.99999999999992895, 5.265537446075247097 ) ) ;
#11183 = AXIS2_PLACEMENT_3D ( 'NONE', #8236, #1668, #1614 ) ;
#11184 = VERTEX_POINT ( 'NONE', #10139 ) ;
#11185 = CYLINDRICAL_SURFACE ( 'NONE', #681, 1.000000000000000888 ) ;
#11186 = CARTESIAN_POINT ( 'NONE',  ( 44.00000000000000000, 0.000000000000000000, 27.00000000000000000 ) ) ;
#11187 = ORIENTED_EDGE ( 'NONE', *, *, #2936, .F. ) ;
#11188 = CARTESIAN_POINT ( 'NONE',  ( 49.00000000000000000, -14.00000000000000000, 0.000000000000000000 ) ) ;
#11189 = DIRECTION ( 'NONE',  ( 3.469446951953614189E-16, -1.000000000000000000, -0.000000000000000000 ) ) ;
#11190 = EDGE_CURVE ( 'NONE', #7288, #11252, #8349, .T. ) ;
#11191 = FACE_OUTER_BOUND ( 'NONE', #5969, .T. ) ;
#11192 = CARTESIAN_POINT ( 'NONE',  ( 34.15894091426051205, -83.70000000000001705, 7.983552992241519597 ) ) ;
#11193 = DIRECTION ( 'NONE',  ( -0.000000000000000000, -1.000000000000000000, -0.000000000000000000 ) ) ;
#11194 = CARTESIAN_POINT ( 'NONE',  ( 28.11531658691566449, -83.70000000000001705, 7.320120654760146728 ) ) ;
#11195 = ORIENTED_EDGE ( 'NONE', *, *, #8753, .F. ) ;
#11196 = EDGE_CURVE ( 'NONE', #11316, #7981, #4629, .T. ) ;
#11197 = CARTESIAN_POINT ( 'NONE',  ( 30.04939887156688627, -83.70000000000001705, 7.986888871481471419 ) ) ;
#11198 = AXIS2_PLACEMENT_3D ( 'NONE', #11913, #3862, #11019 ) ;
#11199 = FACE_BOUND ( 'NONE', #1428, .T. ) ;
#11200 = EDGE_LOOP ( 'NONE', ( #7936, #8106, #6280, #9789 ) ) ;
#11201 = DIRECTION ( 'NONE',  ( -1.000000000000000000, 0.000000000000000000, 0.000000000000000000 ) ) ;
#11202 = DIRECTION ( 'NONE',  ( -0.000000000000000000, -0.000000000000000000, 1.000000000000000000 ) ) ;
#11203 = LINE ( 'NONE', #10168, #5966 ) ;
#11204 = VECTOR ( 'NONE', #9655, 1000.000000000000000 ) ;
#11205 = EDGE_CURVE ( 'NONE', #8980, #10, #2763, .T. ) ;
#11206 = DIRECTION ( 'NONE',  ( 1.000000000000000000, 0.000000000000000000, 0.000000000000000000 ) ) ;
#11207 = ORIENTED_EDGE ( 'NONE', *, *, #711, .F. ) ;
#11208 = DIRECTION ( 'NONE',  ( 0.000000000000000000, 0.000000000000000000, -1.000000000000000000 ) ) ;
#11209 = CARTESIAN_POINT ( 'NONE',  ( 65.00000000000000000, -18.00000000000000355, 27.00100000000000122 ) ) ;
#11210 = EDGE_LOOP ( 'NONE', ( #458, #138, #9667, #3657 ) ) ;
#11211 = EDGE_CURVE ( 'NONE', #8612, #4622, #9631, .T. ) ;
#11212 = ADVANCED_FACE ( 'NONE', ( #11570 ), #7868, .F. ) ;
#11213 = CARTESIAN_POINT ( 'NONE',  ( 28.17930045508788695, -83.70000000000001705, 6.019398779549295142 ) ) ;
#11214 = CIRCLE ( 'NONE', #2278, 1.000000000000000888 ) ;
#11215 = DIRECTION ( 'NONE',  ( -0.000000000000000000, -0.000000000000000000, -1.000000000000000000 ) ) ;
#11216 = ORIENTED_EDGE ( 'NONE', *, *, #2170, .F. ) ;
#11217 = DIRECTION ( 'NONE',  ( 0.000000000000000000, 0.000000000000000000, 1.000000000000000000 ) ) ;
#11218 = CARTESIAN_POINT ( 'NONE',  ( 30.68201862176756123, -83.70000000000000284, 7.399583190628916007 ) ) ;
#11219 = ORIENTED_EDGE ( 'NONE', *, *, #4852, .F. ) ;
#11220 = CARTESIAN_POINT ( 'NONE',  ( 66.00000000000000000, -38.00000000000000000, 1.999999999999998224 ) ) ;
#11221 = ORIENTED_EDGE ( 'NONE', *, *, #887, .T. ) ;
#11222 = EDGE_CURVE ( 'NONE', #7354, #8969, #2323, .T. ) ;
#11223 = FACE_BOUND ( 'NONE', #3092, .T. ) ;
#11224 = CARTESIAN_POINT ( 'NONE',  ( 53.00000000000001421, -58.00000000000000000, 1.999999999999998224 ) ) ;
#11225 = ORIENTED_EDGE ( 'NONE', *, *, #9420, .T. ) ;
#11226 = DIRECTION ( 'NONE',  ( -1.000000000000000000, 0.000000000000000000, 0.000000000000000000 ) ) ;
#11227 = EDGE_LOOP ( 'NONE', ( #6672, #3905, #10233, #10846, #2400, #7529 ) ) ;
#11228 = VECTOR ( 'NONE', #3884, 1000.000000000000000 ) ;
#11229 = AXIS2_PLACEMENT_3D ( 'NONE', #5746, #6812, #10515 ) ;
#11230 = CARTESIAN_POINT ( 'NONE',  ( 32.74817634852518466, -83.70000000000001705, 7.505212078228091777 ) ) ;
#11231 = VERTEX_POINT ( 'NONE', #10672 ) ;
#11232 = CARTESIAN_POINT ( 'NONE',  ( 30.91914594154955154, -84.00000000000002842, 5.318501878047519504 ) ) ;
#11233 = ORIENTED_EDGE ( 'NONE', *, *, #11806, .T. ) ;
#11234 = DIRECTION ( 'NONE',  ( -1.000000000000000000, 0.000000000000000000, 0.000000000000000000 ) ) ;
#11235 = VERTEX_POINT ( 'NONE', #10732 ) ;
#11236 = VECTOR ( 'NONE', #4163, 1000.000000000000000 ) ;
#11237 = AXIS2_PLACEMENT_3D ( 'NONE', #11109, #3532, #878 ) ;
#11238 = ORIENTED_EDGE ( 'NONE', *, *, #1243, .T. ) ;
#11239 = CYLINDRICAL_SURFACE ( 'NONE', #11590, 1.000000000000000888 ) ;
#11240 = LINE ( 'NONE', #9166, #1237 ) ;
#11241 = ORIENTED_EDGE ( 'NONE', *, *, #5857, .F. ) ;
#11242 = DIRECTION ( 'NONE',  ( -1.000000000000000000, 0.000000000000000000, 0.000000000000000000 ) ) ;
#11243 = CYLINDRICAL_SURFACE ( 'NONE', #5558, 1.000000000000000888 ) ;
#11244 = ORIENTED_EDGE ( 'NONE', *, *, #6297, .T. ) ;
#11245 = VECTOR ( 'NONE', #4149, 1000.000000000000000 ) ;
#11246 = LINE ( 'NONE', #4085, #543 ) ;
#11247 = AXIS2_PLACEMENT_3D ( 'NONE', #1995, #1202, #5684 ) ;
#11248 = ADVANCED_FACE ( 'NONE', ( #3344 ), #11511, .T. ) ;
#11249 = CARTESIAN_POINT ( 'NONE',  ( 29.97785375526209251, -83.70000000000000284, 6.857653792290517636 ) ) ;
#11250 = CARTESIAN_POINT ( 'NONE',  ( 29.60697422837513670, -83.70000000000003126, 4.636031733426433377 ) ) ;
#11251 = DIRECTION ( 'NONE',  ( 1.000000000000000000, 0.000000000000000000, -0.000000000000000000 ) ) ;
#11252 = VERTEX_POINT ( 'NONE', #9695 ) ;
#11253 = CYLINDRICAL_SURFACE ( 'NONE', #1533, 1.000000000000000888 ) ;
#11254 = CARTESIAN_POINT ( 'NONE',  ( 60.00000000000000000, -10.00000000000000000, 1.999999999999998224 ) ) ;
#11255 = DIRECTION ( 'NONE',  ( -1.000000000000000000, 0.000000000000000000, 0.000000000000000000 ) ) ;
#11256 = DIRECTION ( 'NONE',  ( -0.6204030726835848553, 0.000000000000000000, -0.7842831296188682577 ) ) ;
#11257 = AXIS2_PLACEMENT_3D ( 'NONE', #2995, #10440, #5855 ) ;
#11258 = DIRECTION ( 'NONE',  ( -0.000000000000000000, -0.000000000000000000, -1.000000000000000000 ) ) ;
#11259 = CARTESIAN_POINT ( 'NONE',  ( 57.00000000000000711, -54.00000000000000000, 27.00100000000000122 ) ) ;
#11260 = VERTEX_POINT ( 'NONE', #8781 ) ;
#11261 = DIRECTION ( 'NONE',  ( 1.000000000000000000, 0.000000000000000000, 0.000000000000000000 ) ) ;
#11262 = CYLINDRICAL_SURFACE ( 'NONE', #131, 1.000000000000000888 ) ;
#11263 = AXIS2_PLACEMENT_3D ( 'NONE', #8964, #2493, #3401 ) ;
#11264 = ADVANCED_FACE ( 'NONE', ( #6896 ), #5281, .T. ) ;
#11265 = VERTEX_POINT ( 'NONE', #1356 ) ;
#11266 = CARTESIAN_POINT ( 'NONE',  ( 30.94783543880574683, -84.00000000000001421, 4.522846427015654314 ) ) ;
#11267 = UNCERTAINTY_MEASURE_WITH_UNIT (LENGTH_MEASURE( 1.000000000000000082E-05 ), #4148, 'distance_accuracy_value', 'NONE');
#11268 = PLANE ( 'NONE',  #5436 ) ;
#11269 = CARTESIAN_POINT ( 'NONE',  ( 61.00000000000000711, -30.00000000000000000, 0.000000000000000000 ) ) ;
#11270 = VECTOR ( 'NONE', #8706, 1000.000000000000000 ) ;
#11271 = DIRECTION ( 'NONE',  ( -1.000000000000000000, -0.000000000000000000, -0.000000000000000000 ) ) ;
#11272 = EDGE_LOOP ( 'NONE', ( #9616, #4740, #3870, #2463 ) ) ;
#11273 = CARTESIAN_POINT ( 'NONE',  ( 57.00000000000001421, -62.00000000000000711, 1.999999999999998224 ) ) ;
#11274 = DIRECTION ( 'NONE',  ( -1.000000000000000000, 0.000000000000000000, -0.000000000000000000 ) ) ;
#11275 = ORIENTED_EDGE ( 'NONE', *, *, #7627, .F. ) ;
#11276 = CARTESIAN_POINT ( 'NONE',  ( 58.00000000000000000, -22.00000000000000000, 27.00100000000000122 ) ) ;
#11277 = VERTEX_POINT ( 'NONE', #10853 ) ;
#11278 = DIRECTION ( 'NONE',  ( -1.000000000000000000, 0.000000000000000000, 0.000000000000000000 ) ) ;
#11279 = ADVANCED_FACE ( 'NONE', ( #680 ), #4356, .F. ) ;
#11280 = EDGE_CURVE ( 'NONE', #2432, #8909, #9566, .T. ) ;
#11281 = DIRECTION ( 'NONE',  ( 0.000000000000000000, -0.000000000000000000, 1.000000000000000000 ) ) ;
#11282 = CARTESIAN_POINT ( 'NONE',  ( 27.98736302558678091, -83.69999999999997442, 7.424308682026691919 ) ) ;
#11283 = FACE_BOUND ( 'NONE', #7346, .T. ) ;
#11284 = CARTESIAN_POINT ( 'NONE',  ( 48.00000000000000000, -30.00000000000000000, 0.000000000000000000 ) ) ;
#11285 = ORIENTED_EDGE ( 'NONE', *, *, #1072, .T. ) ;
#11286 = CARTESIAN_POINT ( 'NONE',  ( 46.74607886476483287, -83.70000000000001705, 5.678833485916761070 ) ) ;
#11287 = EDGE_LOOP ( 'NONE', ( #4424, #11349 ) ) ;
#11288 = VECTOR ( 'NONE', #4151, 1000.000000000000000 ) ;
#11289 = ADVANCED_FACE ( 'NONE', ( #4119 ), #561, .F. ) ;
#11290 = CYLINDRICAL_SURFACE ( 'NONE', #344, 1.000000000000000888 ) ;
#11291 = EDGE_CURVE ( 'NONE', #10791, #805, #8932, .T. ) ;
#11292 = VERTEX_POINT ( 'NONE', #621 ) ;
#11293 = CYLINDRICAL_SURFACE ( 'NONE', #5970, 2.000000000000000000 ) ;
#11294 = CIRCLE ( 'NONE', #280, 1.000000000000000888 ) ;
#11295 = ORIENTED_EDGE ( 'NONE', *, *, #8446, .T. ) ;
#11296 = CARTESIAN_POINT ( 'NONE',  ( 55.13789173026190582, -83.70000000000001705, 4.409827637963545044 ) ) ;
#11297 = ORIENTED_EDGE ( 'NONE', *, *, #10469, .F. ) ;
#11298 = VERTEX_POINT ( 'NONE', #4303 ) ;
#11299 = CARTESIAN_POINT ( 'NONE',  ( 65.00000000000000000, -18.00000000000000355, 0.000000000000000000 ) ) ;
#11300 = CARTESIAN_POINT ( 'NONE',  ( 31.00000000000000000, -2.000000000000000000, 22.00000000000000000 ) ) ;
#11301 = ORIENTED_EDGE ( 'NONE', *, *, #7790, .F. ) ;
#11302 = CIRCLE ( 'NONE', #6090, 2.000000000000000000 ) ;
#11303 = CARTESIAN_POINT ( 'NONE',  ( 31.27729368541266197, -83.70000000000000284, 6.055203230373494172 ) ) ;
#11304 = CARTESIAN_POINT ( 'NONE',  ( 46.15251161330284901, -83.70000000000001705, 6.988775006384597255 ) ) ;
#11305 = VERTEX_POINT ( 'NONE', #7991 ) ;
#11306 = CARTESIAN_POINT ( 'NONE',  ( 73.80000000000001137, -48.99999999999999289, 21.99999999999999645 ) ) ;
#11307 = CARTESIAN_POINT ( 'NONE',  ( 30.09444436924261268, -83.70000000000000284, 6.731877411042066939 ) ) ;
#11308 = CARTESIAN_POINT ( 'NONE',  ( 29.78400455617700260, -83.70000000000000284, 4.524870499494690002 ) ) ;
#11309 = DIRECTION ( 'NONE',  ( 0.000000000000000000, 0.000000000000000000, -1.000000000000000000 ) ) ;
#11310 = ORIENTED_EDGE ( 'NONE', *, *, #8907, .F. ) ;
#11311 = CARTESIAN_POINT ( 'NONE',  ( 31.42843148024376632, -83.70000000000001705, 7.044077103583869182 ) ) ;
#11312 = CARTESIAN_POINT ( 'NONE',  ( 42.36602540378444104, -82.36602540378444814, 0.6339745962155617365 ) ) ;
#11313 = DIRECTION ( 'NONE',  ( 1.000000000000000000, 0.000000000000000000, 0.000000000000000000 ) ) ;
#11314 = DIRECTION ( 'NONE',  ( 0.000000000000000000, 0.000000000000000000, -1.000000000000000000 ) ) ;
#11315 = DIRECTION ( 'NONE',  ( 1.000000000000000000, 0.000000000000000000, 0.000000000000000000 ) ) ;
#11316 = VERTEX_POINT ( 'NONE', #7437 ) ;
#11317 = EDGE_CURVE ( 'NONE', #5452, #2657, #438, .T. ) ;
#11318 = DIRECTION ( 'NONE',  ( 1.000000000000000000, 0.000000000000000000, 0.000000000000000000 ) ) ;
#11319 = DIRECTION ( 'NONE',  ( 0.000000000000000000, 1.000000000000000000, 0.000000000000000000 ) ) ;
#11320 = ORIENTED_EDGE ( 'NONE', *, *, #11711, .T. ) ;
#11321 = CARTESIAN_POINT ( 'NONE',  ( 44.99999999999999289, -1.200000000000000178, 22.00000000000000355 ) ) ;
#11322 = LINE ( 'NONE', #6003, #2918 ) ;
#11323 = CARTESIAN_POINT ( 'NONE',  ( 53.00000000000001421, -54.00000000000000000, 1.999999999999998224 ) ) ;
#11324 = CARTESIAN_POINT ( 'NONE',  ( 29.32856268512906439, -84.00000000000001421, 6.876291518980663930 ) ) ;
#11325 = ORIENTED_EDGE ( 'NONE', *, *, #4528, .T. ) ;
#11326 = DIRECTION ( 'NONE',  ( 0.000000000000000000, -0.000000000000000000, -1.000000000000000000 ) ) ;
#11327 = CARTESIAN_POINT ( 'NONE',  ( 28.24053964862600097, -83.70000000000001705, 7.886557969583401828 ) ) ;
#11328 = EDGE_LOOP ( 'NONE', ( #1256, #2476, #265, #2034 ) ) ;
#11329 = EDGE_CURVE ( 'NONE', #8554, #1139, #11026, .T. ) ;
#11330 = CARTESIAN_POINT ( 'NONE',  ( 50.04140050219173474, -84.00000000000000000, 4.409827637963545044 ) ) ;
#11331 = VERTEX_POINT ( 'NONE', #4596 ) ;
#11332 = DIRECTION ( 'NONE',  ( 1.000000000000000000, -0.000000000000000000, 0.000000000000000000 ) ) ;
#11333 = CARTESIAN_POINT ( 'NONE',  ( 65.00000000000000000, -38.00000000000000000, 1.999999999999998224 ) ) ;
#11334 = LINE ( 'NONE', #3034, #5172 ) ;
#11335 = DIRECTION ( 'NONE',  ( -0.000000000000000000, -1.000000000000000000, -0.000000000000000000 ) ) ;
#11336 = CARTESIAN_POINT ( 'NONE',  ( 30.23063248887606846, -83.99999999999997158, 6.069431268178276717 ) ) ;
#11337 = EDGE_LOOP ( 'NONE', ( #9680, #4009, #11238, #10996 ) ) ;
#11338 = CARTESIAN_POINT ( 'NONE',  ( 34.15894091426051205, -84.00000000000000000, 7.505212078228091777 ) ) ;
#11339 = VECTOR ( 'NONE', #8166, 1000.000000000000000 ) ;
#11340 = EDGE_LOOP ( 'NONE', ( #10964, #1107, #7338, #965 ) ) ;
#11341 = EDGE_CURVE ( 'NONE', #10260, #3474, #3747, .T. ) ;
#11342 = EDGE_CURVE ( 'NONE', #5659, #3641, #3710, .T. ) ;
#11343 = CARTESIAN_POINT ( 'NONE',  ( 49.00000000000000000, -18.00000000000000355, 0.000000000000000000 ) ) ;
#11344 = ORIENTED_EDGE ( 'NONE', *, *, #9843, .T. ) ;
#11345 = CARTESIAN_POINT ( 'NONE',  ( 43.83109680350468551, -1.311384944930292621E-15, 1.831096803504683512 ) ) ;
#11346 = CIRCLE ( 'NONE', #10174, 1.000000000000000888 ) ;
#11347 = ORIENTED_EDGE ( 'NONE', *, *, #10694, .F. ) ;
#11348 = DIRECTION ( 'NONE',  ( 0.000000000000000000, 0.000000000000000000, -1.000000000000000000 ) ) ;
#11349 = ORIENTED_EDGE ( 'NONE', *, *, #8361, .F. ) ;
#11350 = ADVANCED_FACE ( 'NONE', ( #8168 ), #4480, .F. ) ;
#11351 = ORIENTED_EDGE ( 'NONE', *, *, #9876, .T. ) ;
#11352 = CARTESIAN_POINT ( 'NONE',  ( 48.46537711037886709, -84.00000000000000000, 5.883511848489860085 ) ) ;
#11353 = ADVANCED_FACE ( 'NONE', ( #803 ), #6361, .F. ) ;
#11354 = DIRECTION ( 'NONE',  ( 2.891205793294682764E-16, -1.000000000000000000, 0.000000000000000000 ) ) ;
#11355 = AXIS2_PLACEMENT_3D ( 'NONE', #5427, #2628, #9211 ) ;
#11356 = ORIENTED_EDGE ( 'NONE', *, *, #4954, .T. ) ;
#11357 = EDGE_CURVE ( 'NONE', #3321, #4812, #3567, .T. ) ;
#11358 = VECTOR ( 'NONE', #10358, 1000.000000000000000 ) ;
#11359 = FACE_OUTER_BOUND ( 'NONE', #4626, .T. ) ;
#11360 = CARTESIAN_POINT ( 'NONE',  ( 29.92361494501641417, -83.70000000000001705, 7.091306945024713038 ) ) ;
#11361 = LINE ( 'NONE', #3064, #7102 ) ;
#11362 = LINE ( 'NONE', #3972, #9866 ) ;
#11363 = CARTESIAN_POINT ( 'NONE',  ( 29.35774972214514023, -84.00000000000000000, 7.339660000220116665 ) ) ;
#11364 = CIRCLE ( 'NONE', #736, 1.000000000000000888 ) ;
#11365 = LINE ( 'NONE', #6931, #11245 ) ;
#11366 = ORIENTED_EDGE ( 'NONE', *, *, #8450, .T. ) ;
#11367 = DIRECTION ( 'NONE',  ( 1.000000000000000000, 0.000000000000000000, -0.000000000000000000 ) ) ;
#11368 = AXIS2_PLACEMENT_3D ( 'NONE', #7853, #6715, #7676 ) ;
#11369 = CYLINDRICAL_SURFACE ( 'NONE', #5096, 1.000000000000000888 ) ;
#11370 = CARTESIAN_POINT ( 'NONE',  ( 28.17930045508789050, -84.00000000000001421, 6.019398779549296030 ) ) ;
#11371 = EDGE_CURVE ( 'NONE', #8235, #5356, #11643, .T. ) ;
#11372 = CARTESIAN_POINT ( 'NONE',  ( 58.00000000000000711, -38.00000000000000000, 0.000000000000000000 ) ) ;
#11373 = CARTESIAN_POINT ( 'NONE',  ( 50.00000000000000000, -22.00000000000000000, 27.00100000000000122 ) ) ;
#11374 = ORIENTED_EDGE ( 'NONE', *, *, #553, .F. ) ;
#11375 = DIRECTION ( 'NONE',  ( 0.000000000000000000, 0.000000000000000000, 1.000000000000000000 ) ) ;
#11376 = AXIS2_PLACEMENT_3D ( 'NONE', #2577, #769, #8192 ) ;
#11377 = FACE_OUTER_BOUND ( 'NONE', #6992, .T. ) ;
#11378 = VECTOR ( 'NONE', #6520, 1000.000000000000000 ) ;
#11379 = ORIENTED_EDGE ( 'NONE', *, *, #11422, .T. ) ;
#11380 = DIRECTION ( 'NONE',  ( 1.000000000000000000, 0.000000000000000000, 0.000000000000000000 ) ) ;
#11381 = DIRECTION ( 'NONE',  ( 0.000000000000000000, -0.000000000000000000, -1.000000000000000000 ) ) ;
#11382 = CARTESIAN_POINT ( 'NONE',  ( 65.00000000000001421, -50.00000000000000000, 27.00100000000000122 ) ) ;
#11383 = VERTEX_POINT ( 'NONE', #1889 ) ;
#11384 = EDGE_CURVE ( 'NONE', #4311, #10629, #10965, .T. ) ;
#11385 = DIRECTION ( 'NONE',  ( 0.000000000000000000, 0.000000000000000000, -1.000000000000000000 ) ) ;
#11386 = DIRECTION ( 'NONE',  ( -1.000000000000000000, 0.000000000000000000, 0.000000000000000000 ) ) ;
#11387 = ORIENTED_EDGE ( 'NONE', *, *, #1951, .F. ) ;
#11388 = CARTESIAN_POINT ( 'NONE',  ( 53.00000000000001421, -58.00000000000000000, 0.000000000000000000 ) ) ;
#11389 = ORIENTED_EDGE ( 'NONE', *, *, #3882, .F. ) ;
#11390 = CARTESIAN_POINT ( 'NONE',  ( 8.921435019309295657E-15, -27.00000000000000000, 13.50000000000000178 ) ) ;
#11391 = AXIS2_PLACEMENT_3D ( 'NONE', #11426, #2126, #10645 ) ;
#11392 = EDGE_CURVE ( 'NONE', #10042, #1080, #11922, .T. ) ;
#11393 = DIRECTION ( 'NONE',  ( -1.000000000000000000, 0.000000000000000000, 0.000000000000000000 ) ) ;
#11394 = CARTESIAN_POINT ( 'NONE',  ( 27.78813948888213403, -84.00000000000000000, 6.420914417513251315 ) ) ;
#11395 = VECTOR ( 'NONE', #9324, 1000.000000000000000 ) ;
#11396 = CARTESIAN_POINT ( 'NONE',  ( 32.74817634852518466, -83.70000000000001705, 4.451714135841259967 ) ) ;
#11397 = DIRECTION ( 'NONE',  ( 0.000000000000000000, 0.000000000000000000, 1.000000000000000000 ) ) ;
#11398 = ORIENTED_EDGE ( 'NONE', *, *, #11736, .T. ) ;
#11399 = CARTESIAN_POINT ( 'NONE',  ( 49.00000000000001421, -50.00000000000000000, 0.000000000000000000 ) ) ;
#11400 = ORIENTED_EDGE ( 'NONE', *, *, #4852, .T. ) ;
#11401 = CIRCLE ( 'NONE', #10434, 1.000000000000000888 ) ;
#11402 = LINE ( 'NONE', #5232, #11735 ) ;
#11403 = VERTEX_POINT ( 'NONE', #3683 ) ;
#11404 = DIRECTION ( 'NONE',  ( -1.000000000000000000, 0.000000000000000000, 0.000000000000000000 ) ) ;
#11405 = EDGE_CURVE ( 'NONE', #8504, #3356, #10108, .T. ) ;
#11406 = ADVANCED_FACE ( 'NONE', ( #1834 ), #11088, .F. ) ;
#11407 = EDGE_CURVE ( 'NONE', #9295, #1860, #1036, .T. ) ;
#11408 = EDGE_LOOP ( 'NONE', ( #5621, #11879, #5584, #6055 ) ) ;
#11409 = CARTESIAN_POINT ( 'NONE',  ( 44.92444143786424604, -83.70000000000001705, 7.909827637963544156 ) ) ;
#11410 = ORIENTED_EDGE ( 'NONE', *, *, #8483, .F. ) ;
#11411 = ORIENTED_EDGE ( 'NONE', *, *, #4930, .T. ) ;
#11412 = DIRECTION ( 'NONE',  ( 0.000000000000000000, -0.000000000000000000, -1.000000000000000000 ) ) ;
#11413 = AXIS2_PLACEMENT_3D ( 'NONE', #9102, #1681, #1177 ) ;
#11414 = LINE ( 'NONE', #1380, #7402 ) ;
#11415 = CARTESIAN_POINT ( 'NONE',  ( 30.34889109836274557, -83.70000000000001705, 8.023730596746609933 ) ) ;
#11416 = DIRECTION ( 'NONE',  ( -0.000000000000000000, -0.000000000000000000, -1.000000000000000000 ) ) ;
#11417 = DIRECTION ( 'NONE',  ( -0.000000000000000000, -0.000000000000000000, -1.000000000000000000 ) ) ;
#11418 = EDGE_CURVE ( 'NONE', #3363, #10777, #10496, .T. ) ;
#11419 = CARTESIAN_POINT ( 'NONE',  ( 28.23463941978357994, -83.99999999999998579, 6.951064363261663992 ) ) ;
#11420 = VECTOR ( 'NONE', #132, 1000.000000000000000 ) ;
#11421 = EDGE_CURVE ( 'NONE', #7013, #10042, #977, .T. ) ;
#11422 = EDGE_CURVE ( 'NONE', #2684, #2841, #2663, .T. ) ;
#11423 = CARTESIAN_POINT ( 'NONE',  ( 49.00000000000000000, -14.00000000000000000, 27.00100000000000122 ) ) ;
#11424 = EDGE_LOOP ( 'NONE', ( #2253, #5618, #1748, #744 ) ) ;
#11425 = CARTESIAN_POINT ( 'NONE',  ( 30.22373239490927332, -83.70000000000000284, 4.414029036619405488 ) ) ;
#11426 = CARTESIAN_POINT ( 'NONE',  ( 33.35538882415871598, -83.70000000000001705, 4.451714135841259967 ) ) ;
#11427 = CARTESIAN_POINT ( 'NONE',  ( 53.05017243201628929, -83.70000000000001705, 7.909827637963544156 ) ) ;
#11428 = FACE_OUTER_BOUND ( 'NONE', #5153, .T. ) ;
#11429 = ORIENTED_EDGE ( 'NONE', *, *, #8077, .F. ) ;
#11430 = CARTESIAN_POINT ( 'NONE',  ( 29.86678410520425331, -83.99999999999992895, 7.917416998833356701 ) ) ;
#11431 = AXIS2_PLACEMENT_3D ( 'NONE', #3868, #7553, #2900 ) ;
#11432 = CARTESIAN_POINT ( 'NONE',  ( 27.68049170481715038, -83.70000000000001705, 6.416626416543015132 ) ) ;
#11433 = CARTESIAN_POINT ( 'NONE',  ( 29.92748615984581306, -83.69999999999998863, 7.189045634404609864 ) ) ;
#11434 = EDGE_CURVE ( 'NONE', #10323, #5401, #8344, .T. ) ;
#11435 = ORIENTED_EDGE ( 'NONE', *, *, #2170, .T. ) ;
#11436 = DIRECTION ( 'NONE',  ( -0.000000000000000000, -1.000000000000000000, -0.000000000000000000 ) ) ;
#11437 = LINE ( 'NONE', #10412, #1574 ) ;
#11438 = ORIENTED_EDGE ( 'NONE', *, *, #6676, .T. ) ;
#11439 = DIRECTION ( 'NONE',  ( -0.000000000000000000, -0.000000000000000000, -1.000000000000000000 ) ) ;
#11440 = AXIS2_PLACEMENT_3D ( 'NONE', #8989, #3375, #4386 ) ;
#11441 = CIRCLE ( 'NONE', #2910, 1.000000000000000888 ) ;
#11442 = DIRECTION ( 'NONE',  ( 0.000000000000000000, 0.000000000000000000, -1.000000000000000000 ) ) ;
#11443 = CARTESIAN_POINT ( 'NONE',  ( 61.00000000000000711, -38.00000000000000000, 1.999999999999998224 ) ) ;
#11444 = ORIENTED_EDGE ( 'NONE', *, *, #4389, .F. ) ;
#11445 = DIRECTION ( 'NONE',  ( 1.000000000000000000, 0.000000000000000000, -0.000000000000000000 ) ) ;
#11446 = DIRECTION ( 'NONE',  ( -0.000000000000000000, -1.000000000000000000, -0.000000000000000000 ) ) ;
#11447 = EDGE_LOOP ( 'NONE', ( #9954, #2096, #2916, #9939 ) ) ;
#11448 = AXIS2_PLACEMENT_3D ( 'NONE', #4833, #8521, #8461 ) ;
#11449 = CARTESIAN_POINT ( 'NONE',  ( 56.00000000000000000, -26.00000000000000355, 0.000000000000000000 ) ) ;
#11450 = ORIENTED_EDGE ( 'NONE', *, *, #6703, .F. ) ;
#11451 = CARTESIAN_POINT ( 'NONE',  ( 30.88287084101031610, -83.69999999999996021, 5.603062575600675110 ) ) ;
#11452 = VECTOR ( 'NONE', #9846, 1000.000000000000000 ) ;
#11453 = DIRECTION ( 'NONE',  ( -1.000000000000000000, 0.000000000000000000, 0.000000000000000000 ) ) ;
#11454 = ORIENTED_EDGE ( 'NONE', *, *, #6326, .F. ) ;
#11455 = FACE_OUTER_BOUND ( 'NONE', #7179, .T. ) ;
#11456 = LINE ( 'NONE', #11396, #7885 ) ;
#11457 = LINE ( 'NONE', #272, #9689 ) ;
#11458 = ORIENTED_EDGE ( 'NONE', *, *, #1433, .T. ) ;
#11459 = CARTESIAN_POINT ( 'NONE',  ( 61.00000000000000711, -22.00000000000000000, 0.000000000000000000 ) ) ;
#11460 = ORIENTED_EDGE ( 'NONE', *, *, #7714, .T. ) ;
#11461 = EDGE_CURVE ( 'NONE', #10331, #2596, #741, .T. ) ;
#11462 = VECTOR ( 'NONE', #6827, 1000.000000000000000 ) ;
#11463 = CARTESIAN_POINT ( 'NONE',  ( 26.60782547133220532, -84.00000000000000000, 7.983552992241519597 ) ) ;
#11464 = EDGE_LOOP ( 'NONE', ( #4716, #5238 ) ) ;
#11465 = DIRECTION ( 'NONE',  ( 0.000000000000000000, -0.000000000000000000, -1.000000000000000000 ) ) ;
#11466 = ORIENTED_EDGE ( 'NONE', *, *, #9494, .F. ) ;
#11467 = VECTOR ( 'NONE', #4963, 999.9999999999998863 ) ;
#11468 = DIRECTION ( 'NONE',  ( -0.2537126883649359343, 0.000000000000000000, 0.9672796243913324155 ) ) ;
#11469 = CIRCLE ( 'NONE', #7759, 1.000000000000000888 ) ;
#11470 = VERTEX_POINT ( 'NONE', #11321 ) ;
#11471 = EDGE_LOOP ( 'NONE', ( #1071, #4439 ) ) ;
#11472 = EDGE_LOOP ( 'NONE', ( #4617, #8918, #1374, #9321 ) ) ;
#11473 = FACE_OUTER_BOUND ( 'NONE', #11408, .T. ) ;
#11474 = CARTESIAN_POINT ( 'NONE',  ( 31.00000000000002132, -82.79999999999999716, 25.00000000000000000 ) ) ;
#11475 = EDGE_CURVE ( 'NONE', #10777, #3363, #7774, .T. ) ;
#11476 = EDGE_CURVE ( 'NONE', #2359, #246, #9555, .T. ) ;
#11477 = CARTESIAN_POINT ( 'NONE',  ( 31.43313308446841958, -84.00000000000001421, 5.848649548079405847 ) ) ;
#11478 = CARTESIAN_POINT ( 'NONE',  ( 27.78813948888213403, -83.70000000000003126, 6.420914417513251315 ) ) ;
#11479 = AXIS2_PLACEMENT_3D ( 'NONE', #6353, #7429, #1152 ) ;
#11480 = CARTESIAN_POINT ( 'NONE',  ( 46.97122506359524863, -84.00000000000000000, 7.909827637963542379 ) ) ;
#11481 = FACE_BOUND ( 'NONE', #8857, .T. ) ;
#11482 =( NAMED_UNIT ( * ) SI_UNIT ( $, .STERADIAN. ) SOLID_ANGLE_UNIT ( ) );
#11483 = CYLINDRICAL_SURFACE ( 'NONE', #6226, 1.000000000000000888 ) ;
#11484 = ORIENTED_EDGE ( 'NONE', *, *, #11773, .F. ) ;
#11485 = CARTESIAN_POINT ( 'NONE',  ( 29.88314671266380174, -83.70000000000001705, 4.482594520454008524 ) ) ;
#11486 = DIRECTION ( 'NONE',  ( 1.000000000000000000, 0.000000000000000000, 0.000000000000000000 ) ) ;
#11487 = LINE ( 'NONE', #8877, #634 ) ;
#11488 = FACE_BOUND ( 'NONE', #8552, .T. ) ;
#11489 = VERTEX_POINT ( 'NONE', #5645 ) ;
#11490 = EDGE_CURVE ( 'NONE', #5440, #11862, #6652, .T. ) ;
#11491 = CARTESIAN_POINT ( 'NONE',  ( 61.00000000000000711, -34.00000000000000000, 1.999999999999998224 ) ) ;
#11492 = EDGE_CURVE ( 'NONE', #9432, #9832, #3714, .T. ) ;
#11493 = CARTESIAN_POINT ( 'NONE',  ( 50.00000000000001421, -66.00000000000000000, 1.999999999999998224 ) ) ;
#11494 = CARTESIAN_POINT ( 'NONE',  ( 29.92495146314843879, -83.70000000000000284, 7.125050753186684460 ) ) ;
#11495 = ORIENTED_EDGE ( 'NONE', *, *, #1732, .F. ) ;
#11496 = FACE_OUTER_BOUND ( 'NONE', #3607, .T. ) ;
#11497 = CARTESIAN_POINT ( 'NONE',  ( 53.20000000000002416, -84.00000000000000000, 16.19999999999999929 ) ) ;
#11498 = ORIENTED_EDGE ( 'NONE', *, *, #1219, .T. ) ;
#11499 = DIRECTION ( 'NONE',  ( 1.000000000000000000, 0.000000000000000000, 0.000000000000000000 ) ) ;
#11500 = AXIS2_PLACEMENT_3D ( 'NONE', #4269, #9726, #6929 ) ;
#11501 = DIRECTION ( 'NONE',  ( -0.000000000000000000, -1.000000000000000000, -0.000000000000000000 ) ) ;
#11502 = DIRECTION ( 'NONE',  ( -1.000000000000000000, 0.000000000000000000, 0.000000000000000000 ) ) ;
#11503 = ORIENTED_EDGE ( 'NONE', *, *, #7327, .F. ) ;
#11504 = CARTESIAN_POINT ( 'NONE',  ( 50.83964611622682384, -84.00000000000000000, 7.909827637963544156 ) ) ;
#11505 = ORIENTED_EDGE ( 'NONE', *, *, #1228, .T. ) ;
#11506 = EDGE_CURVE ( 'NONE', #8017, #5858, #130, .T. ) ;
#11507 = EDGE_CURVE ( 'NONE', #6946, #171, #3808, .T. ) ;
#11508 = CARTESIAN_POINT ( 'NONE',  ( 57.00000000000000000, -18.00000000000000355, 0.000000000000000000 ) ) ;
#11509 = ORIENTED_EDGE ( 'NONE', *, *, #788, .F. ) ;
#11510 = CARTESIAN_POINT ( 'NONE',  ( 28.23463941978357994, -83.99999999999998579, 6.951064363261663992 ) ) ;
#11511 = SPHERICAL_SURFACE ( 'NONE', #4297, 2.000000000000000000 ) ;
#11512 = CARTESIAN_POINT ( 'NONE',  ( 52.00000000000001421, -54.00000000000000000, 27.00100000000000122 ) ) ;
#11513 = LINE ( 'NONE', #4978, #7671 ) ;
#11514 = DIRECTION ( 'NONE',  ( -0.4759497966920483436, 0.000000000000000000, 0.8794724504092199524 ) ) ;
#11515 = DIRECTION ( 'NONE',  ( -0.000000000000000000, -0.000000000000000000, -1.000000000000000000 ) ) ;
#11516 = ORIENTED_EDGE ( 'NONE', *, *, #6406, .T. ) ;
#11517 = LINE ( 'NONE', #2331, #11675 ) ;
#11518 = EDGE_LOOP ( 'NONE', ( #1549, #5722, #5190, #10666 ) ) ;
#11519 = EDGE_CURVE ( 'NONE', #4682, #4879, #1420, .T. ) ;
#11520 = CIRCLE ( 'NONE', #1094, 1.000000000000000888 ) ;
#11521 = EDGE_LOOP ( 'NONE', ( #8230, #6528, #4581, #786 ) ) ;
#11522 = CARTESIAN_POINT ( 'NONE',  ( 28.23463941978357994, -83.70000000000001705, 6.951064363261663992 ) ) ;
#11523 = ORIENTED_EDGE ( 'NONE', *, *, #6041, .F. ) ;
#11524 = CARTESIAN_POINT ( 'NONE',  ( 50.00000000000000000, -10.00000000000000000, 27.00100000000000122 ) ) ;
#11525 = VECTOR ( 'NONE', #9310, 1000.000000000000000 ) ;
#11526 = ORIENTED_EDGE ( 'NONE', *, *, #8148, .F. ) ;
#11527 = CARTESIAN_POINT ( 'NONE',  ( 54.00000000000000000, -10.00000000000000000, 1.999999999999998224 ) ) ;
#11528 = ORIENTED_EDGE ( 'NONE', *, *, #452, .F. ) ;
#11529 = ORIENTED_EDGE ( 'NONE', *, *, #11576, .T. ) ;
#11530 = ORIENTED_EDGE ( 'NONE', *, *, #3037, .F. ) ;
#11531 = DIRECTION ( 'NONE',  ( -0.9906635023000294193, 0.000000000000000000, -0.1363298397660601680 ) ) ;
#11532 = ADVANCED_FACE ( 'NONE', ( #2967 ), #4902, .T. ) ;
#11533 = CYLINDRICAL_SURFACE ( 'NONE', #3324, 1.000000000000000888 ) ;
#11534 = CARTESIAN_POINT ( 'NONE',  ( 61.00000000000001421, -46.00000000000000711, 0.000000000000000000 ) ) ;
#11535 = DIRECTION ( 'NONE',  ( 0.000000000000000000, -0.000000000000000000, -1.000000000000000000 ) ) ;
#11536 = DIRECTION ( 'NONE',  ( -0.000000000000000000, -0.000000000000000000, -1.000000000000000000 ) ) ;
#11537 = EDGE_CURVE ( 'NONE', #3705, #11097, #9326, .T. ) ;
#11538 = CARTESIAN_POINT ( 'NONE',  ( 48.00000000000000000, -30.00000000000000000, 27.00100000000000122 ) ) ;
#11539 = ORIENTED_EDGE ( 'NONE', *, *, #11113, .T. ) ;
#11540 = CIRCLE ( 'NONE', #6324, 1.000000000000000888 ) ;
#11541 = DIRECTION ( 'NONE',  ( -0.000000000000000000, -0.000000000000000000, -1.000000000000000000 ) ) ;
#11542 = CARTESIAN_POINT ( 'NONE',  ( 54.91274553143149717, -83.70000000000001705, 6.047254538548339831 ) ) ;
#11543 = AXIS2_PLACEMENT_3D ( 'NONE', #4672, #7514, #10122 ) ;
#11544 = CYLINDRICAL_SURFACE ( 'NONE', #9902, 2.000000000000000000 ) ;
#11545 = CIRCLE ( 'NONE', #9416, 1.000000000000000888 ) ;
#11546 = CARTESIAN_POINT ( 'NONE',  ( 31.46881275801256095, -83.70000000000001705, 5.775656167481522552 ) ) ;
#11547 = ORIENTED_EDGE ( 'NONE', *, *, #7971, .T. ) ;
#11548 = CARTESIAN_POINT ( 'NONE',  ( 65.00000000000000000, -42.00000000000000000, 0.000000000000000000 ) ) ;
#11549 = LINE ( 'NONE', #8029, #10952 ) ;
#11550 = CARTESIAN_POINT ( 'NONE',  ( 41.99999999999999289, -2.000000000000029310, 2.999999999999993339 ) ) ;
#11551 = CIRCLE ( 'NONE', #8656, 1.000000000000000888 ) ;
#11552 = ORIENTED_EDGE ( 'NONE', *, *, #2621, .F. ) ;
#11553 = LINE ( 'NONE', #9796, #11462 ) ;
#11554 = EDGE_CURVE ( 'NONE', #8755, #11184, #8646, .T. ) ;
#11555 = CARTESIAN_POINT ( 'NONE',  ( 54.00000000000000711, -30.00000000000000000, 0.000000000000000000 ) ) ;
#11556 = ORIENTED_EDGE ( 'NONE', *, *, #5137, .T. ) ;
#11557 = DIRECTION ( 'NONE',  ( -1.000000000000000000, 0.000000000000000000, 0.000000000000000000 ) ) ;
#11558 = ADVANCED_FACE ( 'NONE', ( #3871 ), #310, .F. ) ;
#11559 = CARTESIAN_POINT ( 'NONE',  ( 52.00000000000002132, -62.00000000000000711, 1.999999999999998224 ) ) ;
#11560 = DIRECTION ( 'NONE',  ( 3.304235192336776005E-16, -1.000000000000000000, 0.000000000000000000 ) ) ;
#11561 = ORIENTED_EDGE ( 'NONE', *, *, #5589, .F. ) ;
#11562 = DIRECTION ( 'NONE',  ( -0.4374657188493064619, 0.000000000000000000, 0.8992350887457960518 ) ) ;
#11563 = DIRECTION ( 'NONE',  ( -0.000000000000000000, 1.000000000000000000, -0.000000000000000000 ) ) ;
#11564 = VECTOR ( 'NONE', #8558, 1000.000000000000000 ) ;
#11565 = ORIENTED_EDGE ( 'NONE', *, *, #467, .T. ) ;
#11566 = AXIS2_PLACEMENT_3D ( 'NONE', #7886, #6147, #9826 ) ;
#11567 = CARTESIAN_POINT ( 'NONE',  ( 11.00000000000000178, -83.00000000000000000, 0.2679491924311221962 ) ) ;
#11568 = ORIENTED_EDGE ( 'NONE', *, *, #3491, .T. ) ;
#11569 = FACE_OUTER_BOUND ( 'NONE', #2109, .T. ) ;
#11570 = FACE_OUTER_BOUND ( 'NONE', #8027, .T. ) ;
#11571 = VECTOR ( 'NONE', #4434, 1000.000000000000000 ) ;
#11572 = ADVANCED_FACE ( 'NONE', ( #1954 ), #193, .F. ) ;
#11573 = LINE ( 'NONE', #1421, #807 ) ;
#11574 = ORIENTED_EDGE ( 'NONE', *, *, #7351, .T. ) ;
#11575 = LINE ( 'NONE', #10614, #6146 ) ;
#11576 = EDGE_CURVE ( 'NONE', #6566, #10439, #2080, .T. ) ;
#11577 = LINE ( 'NONE', #3098, #5191 ) ;
#11578 = CARTESIAN_POINT ( 'NONE',  ( 29.91269368556428887, -84.00000000000000000, 6.207922196308472529 ) ) ;
#11579 = EDGE_LOOP ( 'NONE', ( #1517, #8841, #10308, #6640 ) ) ;
#11580 = DIRECTION ( 'NONE',  ( 1.000000000000000000, 0.000000000000000000, 0.000000000000000000 ) ) ;
#11581 = ORIENTED_EDGE ( 'NONE', *, *, #8164, .T. ) ;
#11582 = CIRCLE ( 'NONE', #1348, 1.000000000000000888 ) ;
#11583 = DIRECTION ( 'NONE',  ( 1.000000000000000000, 0.000000000000000000, 0.000000000000000000 ) ) ;
#11584 = ORIENTED_EDGE ( 'NONE', *, *, #7495, .T. ) ;
#11585 = DIRECTION ( 'NONE',  ( 1.000000000000000000, 0.000000000000000000, 0.000000000000000000 ) ) ;
#11586 = EDGE_CURVE ( 'NONE', #8017, #239, #10104, .T. ) ;
#11587 = CARTESIAN_POINT ( 'NONE',  ( 30.94860980696513053, -83.70000000000001705, 7.895878767714980206 ) ) ;
#11588 = DIRECTION ( 'NONE',  ( 0.000000000000000000, -0.000000000000000000, -1.000000000000000000 ) ) ;
#11589 = ORIENTED_EDGE ( 'NONE', *, *, #11624, .T. ) ;
#11590 = AXIS2_PLACEMENT_3D ( 'NONE', #5437, #2943, #10261 ) ;
#11591 = ORIENTED_EDGE ( 'NONE', *, *, #8917, .T. ) ;
#11592 = CARTESIAN_POINT ( 'NONE',  ( 44.99999999999999289, -2.000000000000000000, 22.00000000000000355 ) ) ;
#11593 = DIRECTION ( 'NONE',  ( -0.000000000000000000, -1.000000000000000000, -0.000000000000000000 ) ) ;
#11594 = DIRECTION ( 'NONE',  ( 1.000000000000000000, 0.000000000000000000, 0.000000000000000000 ) ) ;
#11595 = AXIS2_PLACEMENT_3D ( 'NONE', #10814, #4325, #8129 ) ;
#11596 = DIRECTION ( 'NONE',  ( 0.000000000000000000, -0.000000000000000000, -1.000000000000000000 ) ) ;
#11597 = FACE_OUTER_BOUND ( 'NONE', #5390, .T. ) ;
#11598 = LINE ( 'NONE', #8810, #9502 ) ;
#11599 = ORIENTED_EDGE ( 'NONE', *, *, #10506, .F. ) ;
#11600 = CARTESIAN_POINT ( 'NONE',  ( 61.00000000000001421, -46.00000000000000711, 1.999999999999998224 ) ) ;
#11601 = FACE_OUTER_BOUND ( 'NONE', #689, .T. ) ;
#11602 = ORIENTED_EDGE ( 'NONE', *, *, #6365, .T. ) ;
#11603 = DIRECTION ( 'NONE',  ( 0.000000000000000000, 0.000000000000000000, -1.000000000000000000 ) ) ;
#11604 = CARTESIAN_POINT ( 'NONE',  ( 31.52875743004674547, -83.70000000000003126, 5.544767611654713768 ) ) ;
#11605 = EDGE_LOOP ( 'NONE', ( #11059, #5349, #6174, #7744 ) ) ;
#11606 = CARTESIAN_POINT ( 'NONE',  ( 30.31448308669711977, -83.70000000000000284, 8.022826306823420239 ) ) ;
#11607 = EDGE_CURVE ( 'NONE', #4261, #9080, #11553, .T. ) ;
#11608 = CARTESIAN_POINT ( 'NONE',  ( 41.99999999999999289, -82.00000000000000000, 1.999999999999998224 ) ) ;
#11609 = CARTESIAN_POINT ( 'NONE',  ( 55.03555254897536031, -84.00000000000000000, 7.520938749074655760 ) ) ;
#11610 = EDGE_LOOP ( 'NONE', ( #10380, #5361 ) ) ;
#11611 = DIRECTION ( 'NONE',  ( -1.000000000000000000, -3.304235192336776005E-16, -0.000000000000000000 ) ) ;
#11612 = CARTESIAN_POINT ( 'NONE',  ( 54.00000000000000711, -22.00000000000000000, 0.000000000000000000 ) ) ;
#11613 = ORIENTED_EDGE ( 'NONE', *, *, #11537, .F. ) ;
#11614 = DIRECTION ( 'NONE',  ( 0.000000000000000000, 0.000000000000000000, -1.000000000000000000 ) ) ;
#11615 = CARTESIAN_POINT ( 'NONE',  ( 48.00000000000001421, -62.00000000000000711, 27.00100000000000122 ) ) ;
#11616 = DIRECTION ( 'NONE',  ( -1.000000000000000000, 0.000000000000000000, 0.000000000000000000 ) ) ;
#11617 = ORIENTED_EDGE ( 'NONE', *, *, #1266, .F. ) ;
#11618 = AXIS2_PLACEMENT_3D ( 'NONE', #3450, #2595, #7130 ) ;
#11619 = LINE ( 'NONE', #3210, #1841 ) ;
#11620 = SURFACE_SIDE_STYLE ('',( #6128 ) ) ;
#11621 = AXIS2_PLACEMENT_3D ( 'NONE', #3099, #3893, #10365 ) ;
#11622 = ORIENTED_EDGE ( 'NONE', *, *, #128, .F. ) ;
#11623 = EDGE_LOOP ( 'NONE', ( #10209, #2412, #6442, #2453 ) ) ;
#11624 = EDGE_CURVE ( 'NONE', #1545, #4190, #3267, .T. ) ;
#11625 = ADVANCED_FACE ( 'NONE', ( #1341 ), #3143, .F. ) ;
#11626 = DIRECTION ( 'NONE',  ( 1.000000000000000000, 0.000000000000000000, 0.000000000000000000 ) ) ;
#11627 = ORIENTED_EDGE ( 'NONE', *, *, #887, .F. ) ;
#11628 = CIRCLE ( 'NONE', #7181, 1.000000000000000888 ) ;
#11629 = DIRECTION ( 'NONE',  ( -1.000000000000000000, 0.000000000000000000, 0.000000000000000000 ) ) ;
#11630 = AXIS2_PLACEMENT_3D ( 'NONE', #5256, #9673, #7844 ) ;
#11631 = CARTESIAN_POINT ( 'NONE',  ( 33.35538882415871598, -83.70000000000001705, 7.505212078228091777 ) ) ;
#11632 = ORIENTED_EDGE ( 'NONE', *, *, #6089, .T. ) ;
#11633 = DIRECTION ( 'NONE',  ( 0.000000000000000000, 0.000000000000000000, -1.000000000000000000 ) ) ;
#11634 =( BOUNDED_CURVE ( )  B_SPLINE_CURVE ( 3, ( #8400, #7485, #10278, #2296 ),
 .UNSPECIFIED., .F., .F. ) 
 B_SPLINE_CURVE_WITH_KNOTS ( ( 4, 4 ),
 ( 1.570796326794896558, 2.094395102393196595 ),
 .UNSPECIFIED. ) 
 CURVE ( )  GEOMETRIC_REPRESENTATION_ITEM ( )  RATIONAL_B_SPLINE_CURVE ( ( 1.000000000000000000, 0.9772838841927120601, 0.9772838841927120601, 1.000000000000000000 ) ) 
 REPRESENTATION_ITEM ( '' )  );
#11635 = CARTESIAN_POINT ( 'NONE',  ( 64.00000000000000000, -30.00000000000000000, 0.000000000000000000 ) ) ;
#11636 = EDGE_LOOP ( 'NONE', ( #8278, #8577, #3423, #10462 ) ) ;
#11637 = CARTESIAN_POINT ( 'NONE',  ( 52.55894436184085805, -84.00000000000000000, 7.909827637963544156 ) ) ;
#11638 = ORIENTED_EDGE ( 'NONE', *, *, #783, .F. ) ;
#11639 = ORIENTED_EDGE ( 'NONE', *, *, #2011, .F. ) ;
#11640 = EDGE_CURVE ( 'NONE', #1720, #3321, #3388, .T. ) ;
#11641 = DIRECTION ( 'NONE',  ( 0.000000000000000000, -0.000000000000000000, -1.000000000000000000 ) ) ;
#11642 = EDGE_CURVE ( 'NONE', #9318, #2389, #4491, .T. ) ;
#11643 = CIRCLE ( 'NONE', #6424, 1.000000000000000888 ) ;
#11644 = VERTEX_POINT ( 'NONE', #6944 ) ;
#11645 = CARTESIAN_POINT ( 'NONE',  ( 10.00000000000000000, 0.000000000000000000, 0.000000000000000000 ) ) ;
#11646 = DIRECTION ( 'NONE',  ( 0.000000000000000000, -0.000000000000000000, 1.000000000000000000 ) ) ;
#11647 = DIRECTION ( 'NONE',  ( 0.000000000000000000, 0.000000000000000000, -1.000000000000000000 ) ) ;
#11648 = ORIENTED_EDGE ( 'NONE', *, *, #4954, .F. ) ;
#11649 = VERTEX_POINT ( 'NONE', #7001 ) ;
#11650 = ORIENTED_EDGE ( 'NONE', *, *, #3930, .T. ) ;
#11651 = CIRCLE ( 'NONE', #8943, 1.000000000000000888 ) ;
#11652 = CARTESIAN_POINT ( 'NONE',  ( 53.00000000000000711, -18.00000000000000355, 0.000000000000000000 ) ) ;
#11653 = EDGE_CURVE ( 'NONE', #2067, #10561, #10888, .T. ) ;
#11654 = CARTESIAN_POINT ( 'NONE',  ( 49.00000000000001421, -66.00000000000000000, 27.00100000000000122 ) ) ;
#11655 = EDGE_CURVE ( 'NONE', #3896, #11965, #8555, .T. ) ;
#11656 = CARTESIAN_POINT ( 'NONE',  ( 52.00000000000000711, -30.00000000000000000, 27.00100000000000122 ) ) ;
#11657 = AXIS2_PLACEMENT_3D ( 'NONE', #6949, #10476, #3147 ) ;
#11658 = VECTOR ( 'NONE', #11915, 1000.000000000000000 ) ;
#11659 = CARTESIAN_POINT ( 'NONE',  ( 66.00000000000001421, -50.00000000000000000, 27.00100000000000122 ) ) ;
#11660 = SURFACE_STYLE_USAGE ( .BOTH. , #5067 ) ;
#11661 = CARTESIAN_POINT ( 'NONE',  ( 30.34889109836274557, -83.70000000000001705, 4.411536531336170519 ) ) ;
#11662 = EDGE_LOOP ( 'NONE', ( #3273, #2269, #6150 ) ) ;
#11663 = FACE_OUTER_BOUND ( 'NONE', #6493, .T. ) ;
#11664 = DIRECTION ( 'NONE',  ( 0.000000000000000000, 0.000000000000000000, -1.000000000000000000 ) ) ;
#11665 = VERTEX_POINT ( 'NONE', #9678 ) ;
#11666 = DIRECTION ( 'NONE',  ( 0.000000000000000000, -0.000000000000000000, -1.000000000000000000 ) ) ;
#11667 = CARTESIAN_POINT ( 'NONE',  ( 30.74896169477251817, -83.99999999999998579, 5.008028990036993200 ) ) ;
#11668 = ORIENTED_EDGE ( 'NONE', *, *, #4742, .T. ) ;
#11669 = AXIS2_PLACEMENT_3D ( 'NONE', #5813, #4767, #11255 ) ;
#11670 = CARTESIAN_POINT ( 'NONE',  ( 31.00000000000002132, -82.79999999999999716, 22.00000000000000711 ) ) ;
#11671 = DIRECTION ( 'NONE',  ( 1.000000000000000000, 0.000000000000000000, 0.000000000000000000 ) ) ;
#11672 = FACE_OUTER_BOUND ( 'NONE', #62, .T. ) ;
#11673 = VERTEX_POINT ( 'NONE', #1463 ) ;
#11674 = DIRECTION ( 'NONE',  ( 1.000000000000000000, 0.000000000000000000, 0.000000000000000000 ) ) ;
#11675 = VECTOR ( 'NONE', #9705, 1000.000000000000000 ) ;
#11676 = CARTESIAN_POINT ( 'NONE',  ( 52.55894436184085805, -83.70000000000001705, 7.909827637963544156 ) ) ;
#11677 = ORIENTED_EDGE ( 'NONE', *, *, #7260, .T. ) ;
#11678 = DIRECTION ( 'NONE',  ( -1.000000000000000000, 0.000000000000000000, 0.000000000000000000 ) ) ;
#11679 = EDGE_CURVE ( 'NONE', #1618, #9147, #451, .T. ) ;
#11680 = CARTESIAN_POINT ( 'NONE',  ( 30.84883463402049131, -84.00000000000000000, 7.943424345131065323 ) ) ;
#11681 = CARTESIAN_POINT ( 'NONE',  ( 44.92444143786424604, -84.00000000000000000, 7.909827637963544156 ) ) ;
#11682 = ORIENTED_EDGE ( 'NONE', *, *, #3875, .F. ) ;
#11683 = DIRECTION ( 'NONE',  ( -0.1363298397660571426, 0.000000000000000000, -0.9906635023000298634 ) ) ;
#11684 = FACE_BOUND ( 'NONE', #8740, .T. ) ;
#11685 = ORIENTED_EDGE ( 'NONE', *, *, #8164, .F. ) ;
#11686 = EDGE_CURVE ( 'NONE', #3383, #7162, #5083, .T. ) ;
#11687 = ORIENTED_EDGE ( 'NONE', *, *, #6365, .F. ) ;
#11688 = VECTOR ( 'NONE', #2022, 1000.000000000000000 ) ;
#11689 = FACE_OUTER_BOUND ( 'NONE', #8975, .T. ) ;
#11690 = ORIENTED_EDGE ( 'NONE', *, *, #11554, .T. ) ;
#11691 = DIRECTION ( 'NONE',  ( -0.000000000000000000, -0.000000000000000000, -1.000000000000000000 ) ) ;
#11692 = VECTOR ( 'NONE', #7244, 1000.000000000000000 ) ;
#11693 = CARTESIAN_POINT ( 'NONE',  ( 61.00000000000000711, -26.00000000000000355, 27.00100000000000122 ) ) ;
#11694 = ORIENTED_EDGE ( 'NONE', *, *, #9036, .T. ) ;
#11695 = CARTESIAN_POINT ( 'NONE',  ( 49.00000000000000000, -26.00000000000000355, 0.000000000000000000 ) ) ;
#11696 = AXIS2_PLACEMENT_3D ( 'NONE', #11508, #9567, #4972 ) ;
#11697 = ADVANCED_FACE ( 'NONE', ( #11496 ), #2244, .F. ) ;
#11698 = CARTESIAN_POINT ( 'NONE',  ( 29.35774972214514023, -83.70000000000001705, 7.339660000220116665 ) ) ;
#11699 = VERTEX_POINT ( 'NONE', #5938 ) ;
#11700 = LINE ( 'NONE', #8789, #8777 ) ;
#11701 = ORIENTED_EDGE ( 'NONE', *, *, #8347, .T. ) ;
#11702 = ORIENTED_EDGE ( 'NONE', *, *, #8225, .F. ) ;
#11703 = DIRECTION ( 'NONE',  ( -1.000000000000000000, 0.000000000000000000, 0.000000000000000000 ) ) ;
#11704 = ORIENTED_EDGE ( 'NONE', *, *, #2920, .T. ) ;
#11705 = LINE ( 'NONE', #5974, #9045 ) ;
#11706 = VERTEX_POINT ( 'NONE', #10592 ) ;
#11707 = EDGE_CURVE ( 'NONE', #2154, #4729, #5204, .T. ) ;
#11708 = CARTESIAN_POINT ( 'NONE',  ( 32.74817634852518466, -84.00000000000000000, 4.451714135841259967 ) ) ;
#11709 = CARTESIAN_POINT ( 'NONE',  ( 3.000000000000015543, -27.00000000000000000, 13.50000000000000178 ) ) ;
#11710 = ORIENTED_EDGE ( 'NONE', *, *, #7861, .F. ) ;
#11711 = EDGE_CURVE ( 'NONE', #3839, #8255, #11651, .T. ) ;
#11712 = ORIENTED_EDGE ( 'NONE', *, *, #1419, .F. ) ;
#11713 = DIRECTION ( 'NONE',  ( -0.000000000000000000, 0.000000000000000000, -1.000000000000000000 ) ) ;
#11714 = CARTESIAN_POINT ( 'NONE',  ( 28.19537841098029318, -83.70000000000001705, 6.698934032791085791 ) ) ;
#11715 = VERTEX_POINT ( 'NONE', #8767 ) ;
#11716 = CARTESIAN_POINT ( 'NONE',  ( 50.00000000000000000, -22.00000000000000000, 0.000000000000000000 ) ) ;
#11717 = AXIS2_PLACEMENT_3D ( 'NONE', #11024, #8406, #9982 ) ;
#11718 = EDGE_CURVE ( 'NONE', #6130, #5791, #7061, .T. ) ;
#11719 = DIRECTION ( 'NONE',  ( 0.000000000000000000, 0.000000000000000000, -1.000000000000000000 ) ) ;
#11720 = EDGE_CURVE ( 'NONE', #692, #3700, #9854, .T. ) ;
#11721 = PLANE ( 'NONE',  #1009 ) ;
#11722 = ORIENTED_EDGE ( 'NONE', *, *, #3806, .T. ) ;
#11723 = EDGE_CURVE ( 'NONE', #1777, #4514, #8946, .T. ) ;
#11724 = PLANE ( 'NONE',  #3655 ) ;
#11725 = DIRECTION ( 'NONE',  ( 0.000000000000000000, 0.000000000000000000, -1.000000000000000000 ) ) ;
#11726 = PLANE ( 'NONE',  #10501 ) ;
#11727 = AXIS2_PLACEMENT_3D ( 'NONE', #10755, #9722, #7041 ) ;
#11728 = ORIENTED_EDGE ( 'NONE', *, *, #267, .F. ) ;
#11729 = CARTESIAN_POINT ( 'NONE',  ( 50.00000000000000000, -26.00000000000000355, 1.999999999999998224 ) ) ;
#11730 = CARTESIAN_POINT ( 'NONE',  ( 41.99999999999999289, -82.00000000000000000, 1.999999999999998224 ) ) ;
#11731 = DIRECTION ( 'NONE',  ( 0.9606812727523512674, 0.000000000000000000, -0.2776535470382515136 ) ) ;
#11732 = ADVANCED_FACE ( 'NONE', ( #2366 ), #6061, .F. ) ;
#11733 = VERTEX_POINT ( 'NONE', #1694 ) ;
#11734 = CARTESIAN_POINT ( 'NONE',  ( 37.50000000000002842, -83.00000000000000000, 0.2679491924311215856 ) ) ;
#11735 = VECTOR ( 'NONE', #7758, 1000.000000000000000 ) ;
#11736 = EDGE_CURVE ( 'NONE', #8175, #3455, #1754, .T. ) ;
#11737 = CARTESIAN_POINT ( 'NONE',  ( 54.00000000000000711, -42.00000000000000000, 1.999999999999998224 ) ) ;
#11738 = VERTEX_POINT ( 'NONE', #722 ) ;
#11739 = LINE ( 'NONE', #7189, #2478 ) ;
#11740 = CARTESIAN_POINT ( 'NONE',  ( 30.73841409011030734, -83.99999999999998579, 7.979397596245377144 ) ) ;
#11741 = CARTESIAN_POINT ( 'NONE',  ( 53.05017243201628929, -83.70000000000001705, 4.409827637963545044 ) ) ;
#11742 = ORIENTED_EDGE ( 'NONE', *, *, #11405, .F. ) ;
#11743 = CARTESIAN_POINT ( 'NONE',  ( 1.586032892321652561E-14, -47.99999999999999289, 16.50000000000000000 ) ) ;
#11744 = FACE_BOUND ( 'NONE', #3175, .T. ) ;
#11745 = ORIENTED_EDGE ( 'NONE', *, *, #5569, .T. ) ;
#11746 = VECTOR ( 'NONE', #1127, 1000.000000000000000 ) ;
#11747 = FACE_OUTER_BOUND ( 'NONE', #11860, .T. ) ;
#11748 = CIRCLE ( 'NONE', #4004, 1.000000000000000888 ) ;
#11749 = VECTOR ( 'NONE', #549, 1000.000000000000000 ) ;
#11750 = ORIENTED_EDGE ( 'NONE', *, *, #6807, .F. ) ;
#11751 = CARTESIAN_POINT ( 'NONE',  ( 28.24053964862600097, -84.00000000000000000, 7.886557969583401828 ) ) ;
#11752 = CARTESIAN_POINT ( 'NONE',  ( 27.00000000000003197, 0.001000000000001000089, 16.19999999999999929 ) ) ;
#11753 = LINE ( 'NONE', #1771, #9212 ) ;
#11754 = AXIS2_PLACEMENT_3D ( 'NONE', #5202, #6173, #4222 ) ;
#11755 = CARTESIAN_POINT ( 'NONE',  ( 49.00000000000001421, -66.00000000000000000, 1.999999999999998224 ) ) ;
#11756 = ORIENTED_EDGE ( 'NONE', *, *, #7328, .F. ) ;
#11757 = VECTOR ( 'NONE', #3762, 1000.000000000000000 ) ;
#11758 = CARTESIAN_POINT ( 'NONE',  ( 27.00000000000003197, -82.00000000000000000, 16.19999999999999929 ) ) ;
#11759 = EDGE_LOOP ( 'NONE', ( #1630, #7681 ) ) ;
#11760 = AXIS2_PLACEMENT_3D ( 'NONE', #5851, #4683, #98 ) ;
#11761 = EDGE_CURVE ( 'NONE', #10164, #4237, #8163, .T. ) ;
#11762 = ADVANCED_FACE ( 'NONE', ( #2773 ), #2593, .F. ) ;
#11763 = CARTESIAN_POINT ( 'NONE',  ( 50.00000000000000000, -34.00000000000000000, 0.000000000000000000 ) ) ;
#11764 = ORIENTED_EDGE ( 'NONE', *, *, #2707, .T. ) ;
#11765 = CARTESIAN_POINT ( 'NONE',  ( 28.29833475694925227, -83.70000000000003126, 6.052945767397737598 ) ) ;
#11766 = VECTOR ( 'NONE', #6903, 1000.000000000000000 ) ;
#11767 = FACE_BOUND ( 'NONE', #3404, .T. ) ;
#11768 = CARTESIAN_POINT ( 'NONE',  ( 45.37473383552506334, -84.00000000000000000, 7.909827637963544156 ) ) ;
#11769 = ORIENTED_EDGE ( 'NONE', *, *, #9510, .F. ) ;
#11770 = ORIENTED_EDGE ( 'NONE', *, *, #1084, .F. ) ;
#11771 = LINE ( 'NONE', #2343, #10047 ) ;
#11772 = VECTOR ( 'NONE', #10841, 1000.000000000000000 ) ;
#11773 = EDGE_CURVE ( 'NONE', #9937, #5173, #3553, .T. ) ;
#11774 = ADVANCED_FACE ( 'NONE', ( #6231 ), #8032, .T. ) ;
#11775 = LINE ( 'NONE', #6325, #6140 ) ;
#11776 = ORIENTED_EDGE ( 'NONE', *, *, #6955, .F. ) ;
#11777 = LINE ( 'NONE', #5614, #8079 ) ;
#11778 = EDGE_CURVE ( 'NONE', #8396, #11260, #9127, .T. ) ;
#11779 = CARTESIAN_POINT ( 'NONE',  ( 49.55017243201629640, -84.00000000000000000, 4.409827637963545044 ) ) ;
#11780 = AXIS2_PLACEMENT_3D ( 'NONE', #7068, #3334, #10781 ) ;
#11781 = CARTESIAN_POINT ( 'NONE',  ( 65.00000000000001421, -54.00000000000000000, 27.00100000000000122 ) ) ;
#11782 = EDGE_LOOP ( 'NONE', ( #286, #3278, #3785, #1328, #7221, #8319, #2387, #2930 ) ) ;
#11783 = DIRECTION ( 'NONE',  ( -1.000000000000000000, 0.000000000000000000, -0.000000000000000000 ) ) ;
#11784 = DIRECTION ( 'NONE',  ( -0.2553911228370345787, 0.000000000000000000, 0.9668378221687641272 ) ) ;
#11785 = CARTESIAN_POINT ( 'NONE',  ( 30.92203191917490912, -84.00000000000000000, 5.388530742933160589 ) ) ;
#11786 = ORIENTED_EDGE ( 'NONE', *, *, #1005, .F. ) ;
#11787 = CARTESIAN_POINT ( 'NONE',  ( 73.00000000000000000, 0.000000000000000000, 1.999999999999998224 ) ) ;
#11788 = VECTOR ( 'NONE', #2637, 1000.000000000000000 ) ;
#11789 = CARTESIAN_POINT ( 'NONE',  ( 27.00000000000003197, 0.001000000000001000089, 9.999999999999998224 ) ) ;
#11790 = CARTESIAN_POINT ( 'NONE',  ( 29.85227007207966210, -83.99999999999991473, 5.327685524069941891 ) ) ;
#11791 = EDGE_CURVE ( 'NONE', #619, #2902, #9060, .T. ) ;
#11792 = EDGE_CURVE ( 'NONE', #4125, #5675, #7970, .T. ) ;
#11793 = ORIENTED_EDGE ( 'NONE', *, *, #10588, .T. ) ;
#11794 = DIRECTION ( 'NONE',  ( -0.000000000000000000, -1.000000000000000000, -0.000000000000000000 ) ) ;
#11795 = PLANE ( 'NONE',  #2731 ) ;
#11796 = ORIENTED_EDGE ( 'NONE', *, *, #11939, .F. ) ;
#11797 = CARTESIAN_POINT ( 'NONE',  ( 3.000000000000016431, -35.99999999999999289, 10.50000000000000533 ) ) ;
#11798 = CARTESIAN_POINT ( 'NONE',  ( 29.85227007207966210, -83.70000000000001705, 5.327685524069941891 ) ) ;
#11799 = DIRECTION ( 'NONE',  ( 0.000000000000000000, 0.000000000000000000, -1.000000000000000000 ) ) ;
#11800 = DIRECTION ( 'NONE',  ( 1.000000000000000000, 3.304235192336776005E-16, 0.000000000000000000 ) ) ;
#11801 = LINE ( 'NONE', #5457, #1043 ) ;
#11802 = FACE_BOUND ( 'NONE', #10063, .T. ) ;
#11803 = ORIENTED_EDGE ( 'NONE', *, *, #5737, .F. ) ;
#11804 = CIRCLE ( 'NONE', #6575, 2.000000000000000000 ) ;
#11805 = CARTESIAN_POINT ( 'NONE',  ( 54.00000000000001421, -50.00000000000000000, 0.000000000000000000 ) ) ;
#11806 = EDGE_CURVE ( 'NONE', #2392, #8058, #6811, .T. ) ;
#11807 = ORIENTED_EDGE ( 'NONE', *, *, #8077, .T. ) ;
#11808 = DIRECTION ( 'NONE',  ( 2.891205793294682764E-16, -1.000000000000000000, 0.000000000000000000 ) ) ;
#11809 = DIRECTION ( 'NONE',  ( -0.000000000000000000, -1.000000000000000000, -0.000000000000000000 ) ) ;
#11810 = ORIENTED_EDGE ( 'NONE', *, *, #4528, .F. ) ;
#11811 = CARTESIAN_POINT ( 'NONE',  ( 28.22503441208460373, -83.70000000000003126, 6.815178284949041654 ) ) ;
#11812 = AXIS2_PLACEMENT_3D ( 'NONE', #8648, #3144, #6828 ) ;
#11813 = VECTOR ( 'NONE', #7278, 1000.000000000000000 ) ;
#11814 = ORIENTED_EDGE ( 'NONE', *, *, #10667, .T. ) ;
#11815 = CARTESIAN_POINT ( 'NONE',  ( 30.04939887156688627, -83.70000000000001705, 7.986888871481471419 ) ) ;
#11816 = VERTEX_POINT ( 'NONE', #9970 ) ;
#11817 = CARTESIAN_POINT ( 'NONE',  ( 6.608470384673554968E-16, -2.000000000000000888, 1.999999999999998224 ) ) ;
#11818 = ORIENTED_EDGE ( 'NONE', *, *, #11492, .T. ) ;
#11819 = CARTESIAN_POINT ( 'NONE',  ( 31.49637569029996342, -83.99999999999998579, 5.700671637856705054 ) ) ;
#11820 = AXIS2_PLACEMENT_3D ( 'NONE', #6569, #8569, #10265 ) ;
#11821 = CARTESIAN_POINT ( 'NONE',  ( 57.00000000000001421, -58.00000000000000000, 1.999999999999998224 ) ) ;
#11822 = ORIENTED_EDGE ( 'NONE', *, *, #6170, .T. ) ;
#11823 = CARTESIAN_POINT ( 'NONE',  ( 12.00000000000000000, -65.89813106228984907, 0.8284271247461885146 ) ) ;
#11824 = FACE_BOUND ( 'NONE', #4557, .T. ) ;
#11825 = CARTESIAN_POINT ( 'NONE',  ( 29.23604726037270751, -84.00000000000000000, 5.444025160316027900 ) ) ;
#11826 = ORIENTED_EDGE ( 'NONE', *, *, #676, .T. ) ;
#11827 = VECTOR ( 'NONE', #8378, 1000.000000000000000 ) ;
#11828 = EDGE_CURVE ( 'NONE', #10141, #4358, #6463, .T. ) ;
#11829 = ORIENTED_EDGE ( 'NONE', *, *, #7642, .T. ) ;
#11830 = CARTESIAN_POINT ( 'NONE',  ( 41.99999999999999289, -2.000000000000000000, 12.99999999999999645 ) ) ;
#11831 = CARTESIAN_POINT ( 'NONE',  ( 27.00000000000003197, -82.00000000000000000, 16.19999999999999929 ) ) ;
#11832 = EDGE_LOOP ( 'NONE', ( #3394, #941, #876, #6668 ) ) ;
#11833 = VERTEX_POINT ( 'NONE', #11850 ) ;
#11834 = DIRECTION ( 'NONE',  ( 0.9672796243913323044, -0.000000000000000000, 0.2537126883649359343 ) ) ;
#11835 = CARTESIAN_POINT ( 'NONE',  ( 30.82432881051535745, -83.70000000000001705, 6.983204482974941563 ) ) ;
#11836 = AXIS2_PLACEMENT_3D ( 'NONE', #3932, #10347, #1224 ) ;
#11837 = CARTESIAN_POINT ( 'NONE',  ( 31.04510560161707033, -83.70000000000001705, 4.574410439946457352 ) ) ;
#11838 = VERTEX_POINT ( 'NONE', #8153 ) ;
#11839 = EDGE_CURVE ( 'NONE', #5198, #11816, #2646, .T. ) ;
#11840 = EDGE_CURVE ( 'NONE', #10026, #5280, #10948, .T. ) ;
#11841 = FACE_OUTER_BOUND ( 'NONE', #3823, .T. ) ;
#11842 = CARTESIAN_POINT ( 'NONE',  ( 57.00000000000000000, -14.00000000000000000, 27.00100000000000122 ) ) ;
#11843 = CARTESIAN_POINT ( 'NONE',  ( 53.00000000000001421, -46.00000000000000711, 27.00100000000000122 ) ) ;
#11844 = EDGE_LOOP ( 'NONE', ( #1416, #2626, #6657, #6972 ) ) ;
#11845 = CARTESIAN_POINT ( 'NONE',  ( 27.78739794155244525, -84.00000000000000000, 7.981669575419544138 ) ) ;
#11846 = CARTESIAN_POINT ( 'NONE',  ( 73.00000000000001421, -34.99999999999999289, 21.99999999999999645 ) ) ;
#11847 = AXIS2_PLACEMENT_3D ( 'NONE', #343, #6859, #3060 ) ;
#11848 = LINE ( 'NONE', #8265, #8453 ) ;
#11849 = ORIENTED_EDGE ( 'NONE', *, *, #2979, .T. ) ;
#11850 = CARTESIAN_POINT ( 'NONE',  ( 55.13789173026190582, -84.00000000000000000, 4.798716526852434328 ) ) ;
#11851 = CARTESIAN_POINT ( 'NONE',  ( 53.52093266593442422, -83.70000000000001705, 4.798716526852432551 ) ) ;
#11852 = ORIENTED_EDGE ( 'NONE', *, *, #11655, .T. ) ;
#11853 = CARTESIAN_POINT ( 'NONE',  ( 65.00000000000000000, -42.00000000000000000, 1.999999999999998224 ) ) ;
#11854 = CARTESIAN_POINT ( 'NONE',  ( 49.00000000000000000, -18.00000000000000355, 1.999999999999998224 ) ) ;
#11855 = EDGE_CURVE ( 'NONE', #10565, #7162, #5324, .T. ) ;
#11856 = CARTESIAN_POINT ( 'NONE',  ( 58.00000000000001421, -58.00000000000000000, 27.00100000000000122 ) ) ;
#11857 = DIRECTION ( 'NONE',  ( 0.000000000000000000, 0.000000000000000000, -1.000000000000000000 ) ) ;
#11858 = LINE ( 'NONE', #3561, #11658 ) ;
#11859 = FACE_BOUND ( 'NONE', #1156, .T. ) ;
#11860 = EDGE_LOOP ( 'NONE', ( #7441, #11921, #10807, #3358 ) ) ;
#11861 = EDGE_CURVE ( 'NONE', #2397, #3290, #4520, .T. ) ;
#11862 = VERTEX_POINT ( 'NONE', #845 ) ;
#11863 = CARTESIAN_POINT ( 'NONE',  ( 57.00000000000000711, -46.00000000000000711, 27.00100000000000122 ) ) ;
#11864 = ORIENTED_EDGE ( 'NONE', *, *, #10621, .T. ) ;
#11865 = DIRECTION ( 'NONE',  ( -1.000000000000000000, 0.000000000000000000, 0.000000000000000000 ) ) ;
#11866 = CARTESIAN_POINT ( 'NONE',  ( 27.64524147717915881, -83.99999999999998579, 7.504020353344336591 ) ) ;
#11867 = EDGE_CURVE ( 'NONE', #8082, #3751, #8999, .T. ) ;
#11868 = CARTESIAN_POINT ( 'NONE',  ( 28.14364364627960668, -83.99999999999998579, 6.604991921735927640 ) ) ;
#11869 = EDGE_CURVE ( 'NONE', #11862, #7613, #10093, .T. ) ;
#11870 = CARTESIAN_POINT ( 'NONE',  ( 30.31448308669711977, -83.70000000000000284, 8.022826306823420239 ) ) ;
#11871 = ORIENTED_EDGE ( 'NONE', *, *, #10519, .F. ) ;
#11872 = FACE_OUTER_BOUND ( 'NONE', #3421, .T. ) ;
#11873 = VERTEX_POINT ( 'NONE', #4577 ) ;
#11874 = EDGE_CURVE ( 'NONE', #3290, #6499, #4343, .T. ) ;
#11875 = AXIS2_PLACEMENT_3D ( 'NONE', #11459, #9396, #7753 ) ;
#11876 = B_SPLINE_CURVE_WITH_KNOTS ( 'NONE', 3,
 ( #1409, #7797, #3206, #5089, #8772, #1760, #3559, #851, #11018, #1647, #9975 ),
 .UNSPECIFIED., .F., .F.,
 ( 4, 1, 1, 1, 1, 1, 1, 1, 4 ),
 ( 0.000000000000000000, 0.1313525938890020561, 0.2528147951525957504, 0.3695107055919886752, 0.4850800000108014265, 0.6014848718308284381, 0.7215930489453722396, 0.8531990282886043886, 1.000000000000000000 ),
 .UNSPECIFIED. ) ;
#11877 = CARTESIAN_POINT ( 'NONE',  ( 33.35538882415871598, -84.00000000000000000, 4.451714135841259967 ) ) ;
#11878 = DIRECTION ( 'NONE',  ( -1.000000000000000000, 0.000000000000000000, 0.000000000000000000 ) ) ;
#11879 = ORIENTED_EDGE ( 'NONE', *, *, #22, .F. ) ;
#11880 = CARTESIAN_POINT ( 'NONE',  ( 28.84146095213937855, -83.70000000000003126, 6.853483094494357886 ) ) ;
#11881 = EDGE_CURVE ( 'NONE', #577, #1840, #1147, .T. ) ;
#11882 = DIRECTION ( 'NONE',  ( -0.000000000000000000, -0.000000000000000000, -1.000000000000000000 ) ) ;
#11883 = CARTESIAN_POINT ( 'NONE',  ( 29.23860434839799538, -84.00000000000000000, 5.336753760098870814 ) ) ;
#11884 = ORIENTED_EDGE ( 'NONE', *, *, #3056, .T. ) ;
#11885 = FACE_OUTER_BOUND ( 'NONE', #4236, .T. ) ;
#11886 = VERTEX_POINT ( 'NONE', #5747 ) ;
#11887 = ORIENTED_EDGE ( 'NONE', *, *, #4649, .T. ) ;
#11888 = CARTESIAN_POINT ( 'NONE',  ( 64.00000000000000000, -10.00000000000000000, 1.999999999999998224 ) ) ;
#11889 = DIRECTION ( 'NONE',  ( 0.000000000000000000, -0.000000000000000000, -1.000000000000000000 ) ) ;
#11890 = VERTEX_POINT ( 'NONE', #10453 ) ;
#11891 = ORIENTED_EDGE ( 'NONE', *, *, #8573, .T. ) ;
#11892 = CARTESIAN_POINT ( 'NONE',  ( 60.00000000000000000, -14.00000000000000000, 0.000000000000000000 ) ) ;
#11893 = CARTESIAN_POINT ( 'NONE',  ( 30.40579744769071269, -83.70000000000000284, 7.524096912399974357 ) ) ;
#11894 = DIRECTION ( 'NONE',  ( -0.000000000000000000, -1.000000000000000000, -0.000000000000000000 ) ) ;
#11895 = ORIENTED_EDGE ( 'NONE', *, *, #5109, .F. ) ;
#11896 = ADVANCED_FACE ( 'NONE', ( #2001 ), #11185, .F. ) ;
#11897 = CARTESIAN_POINT ( 'NONE',  ( 10.16890319649531271, -1.328204312571294862E-15, 1.831096803504684623 ) ) ;
#11898 = CARTESIAN_POINT ( 'NONE',  ( 2.999999999999999112, -2.000000000000000000, 3.999999999999998224 ) ) ;
#11899 = CARTESIAN_POINT ( 'NONE',  ( 28.17930045508788695, -83.70000000000001705, 6.019398779549295142 ) ) ;
#11900 = ORIENTED_EDGE ( 'NONE', *, *, #10545, .T. ) ;
#11901 = FACE_OUTER_BOUND ( 'NONE', #1634, .T. ) ;
#11902 = CYLINDRICAL_SURFACE ( 'NONE', #5166, 1.000000000000000888 ) ;
#11903 = LINE ( 'NONE', #2710, #3242 ) ;
#11904 = EDGE_CURVE ( 'NONE', #4138, #5304, #8594, .T. ) ;
#11905 = EDGE_LOOP ( 'NONE', ( #4462, #7388, #9853, #394 ) ) ;
#11906 = CARTESIAN_POINT ( 'NONE',  ( 11.63397459621556251, -82.36602540378444814, 0.6339745962155617365 ) ) ;
#11907 = DIRECTION ( 'NONE',  ( 1.000000000000000000, 0.000000000000000000, 0.000000000000000000 ) ) ;
#11908 = ORIENTED_EDGE ( 'NONE', *, *, #10897, .F. ) ;
#11909 = DIRECTION ( 'NONE',  ( 1.000000000000000000, 0.000000000000000000, 0.000000000000000000 ) ) ;
#11910 = CIRCLE ( 'NONE', #8628, 1.000000000000000888 ) ;
#11911 = CARTESIAN_POINT ( 'NONE',  ( 29.86361570324096704, -83.70000000000003126, 5.265537446075247097 ) ) ;
#11912 = CARTESIAN_POINT ( 'NONE',  ( 31.24086518040318339, -83.99999999999998579, 7.605661725581913224 ) ) ;
#11913 = CARTESIAN_POINT ( 'NONE',  ( 57.00000000000000000, -22.00000000000000000, 27.00100000000000122 ) ) ;
#11914 = VECTOR ( 'NONE', #2144, 1000.000000000000000 ) ;
#11915 = DIRECTION ( 'NONE',  ( -0.000000000000000000, -0.000000000000000000, -1.000000000000000000 ) ) ;
#11916 = FACE_BOUND ( 'NONE', #59, .T. ) ;
#11917 = ORIENTED_EDGE ( 'NONE', *, *, #1861, .F. ) ;
#11918 = CARTESIAN_POINT ( 'NONE',  ( 58.00000000000000000, -14.00000000000000000, 0.000000000000000000 ) ) ;
#11919 = AXIS2_PLACEMENT_3D ( 'NONE', #7711, #11416, #9290 ) ;
#11920 = EDGE_CURVE ( 'NONE', #8206, #4514, #4517, .T. ) ;
#11921 = ORIENTED_EDGE ( 'NONE', *, *, #9997, .F. ) ;
#11922 = LINE ( 'NONE', #861, #7960 ) ;
#11923 = ADVANCED_FACE ( 'NONE', ( #3006 ), #8452, .T. ) ;
#11924 = CARTESIAN_POINT ( 'NONE',  ( 52.55894436184085805, -83.70000000000001705, 7.909827637963544156 ) ) ;
#11925 = CARTESIAN_POINT ( 'NONE',  ( 60.00000000000001421, -46.00000000000000711, 0.000000000000000000 ) ) ;
#11926 = CARTESIAN_POINT ( 'NONE',  ( 56.00000000000000711, -42.00000000000000000, 0.000000000000000000 ) ) ;
#11927 = ORIENTED_EDGE ( 'NONE', *, *, #53, .F. ) ;
#11928 = CARTESIAN_POINT ( 'NONE',  ( 28.81394161980616886, -83.70000000000003126, 6.670684278783396870 ) ) ;
#11929 = AXIS2_PLACEMENT_3D ( 'NONE', #6202, #6372, #8003 ) ;
#11930 = ORIENTED_EDGE ( 'NONE', *, *, #8429, .T. ) ;
#11931 = CIRCLE ( 'NONE', #10385, 1.000000000000000888 ) ;
#11932 = LINE ( 'NONE', #2737, #614 ) ;
#11933 = CARTESIAN_POINT ( 'NONE',  ( 65.00000000000001421, -46.00000000000000711, 0.000000000000000000 ) ) ;
#11934 = EDGE_CURVE ( 'NONE', #6628, #8508, #3184, .T. ) ;
#11935 = ADVANCED_FACE ( 'NONE', ( #2825 ), #407, .T. ) ;
#11936 = EDGE_LOOP ( 'NONE', ( #4712, #8929, #5240, #2934 ) ) ;
#11937 = CARTESIAN_POINT ( 'NONE',  ( 61.00000000000000711, -22.00000000000000000, 27.00100000000000122 ) ) ;
#11938 = VECTOR ( 'NONE', #8764, 1000.000000000000000 ) ;
#11939 = EDGE_CURVE ( 'NONE', #4868, #2024, #6655, .T. ) ;
#11940 = ORIENTED_EDGE ( 'NONE', *, *, #4156, .F. ) ;
#11941 = VECTOR ( 'NONE', #2429, 1000.000000000000000 ) ;
#11942 = FACE_OUTER_BOUND ( 'NONE', #11337, .T. ) ;
#11943 = CARTESIAN_POINT ( 'NONE',  ( 75.00100000000003320, -56.99999999999996447, 13.50000000000000178 ) ) ;
#11944 = EDGE_LOOP ( 'NONE', ( #7626, #5644, #475, #7318 ) ) ;
#11945 = DIRECTION ( 'NONE',  ( 0.000000000000000000, 0.000000000000000000, -1.000000000000000000 ) ) ;
#11946 = ORIENTED_EDGE ( 'NONE', *, *, #5737, .T. ) ;
#11947 = AXIS2_PLACEMENT_3D ( 'NONE', #9900, #5311, #583 ) ;
#11948 =( BOUNDED_CURVE ( )  B_SPLINE_CURVE ( 3, ( #7413, #11897, #834, #2762 ),
 .UNSPECIFIED., .F., .F. ) 
 B_SPLINE_CURVE_WITH_KNOTS ( ( 4, 4 ),
 ( 1.570796326794896780, 1.823476581936974705 ),
 .UNSPECIFIED. ) 
 CURVE ( )  GEOMETRIC_REPRESENTATION_ITEM ( )  RATIONAL_B_SPLINE_CURVE ( ( 1.000000000000000000, 0.9946864641781110183, 0.9946864641781110183, 1.000000000000000000 ) ) 
 REPRESENTATION_ITEM ( '' )  );
#11949 = AXIS2_PLACEMENT_3D ( 'NONE', #11188, #4642, #8333 ) ;
#11950 = CARTESIAN_POINT ( 'NONE',  ( 55.13789173026190582, -83.70000000000001705, 4.798716526852432551 ) ) ;
#11951 = EDGE_CURVE ( 'NONE', #1840, #6078, #8692, .T. ) ;
#11952 = VERTEX_POINT ( 'NONE', #9597 ) ;
#11953 = DIRECTION ( 'NONE',  ( -0.000000000000000000, -1.000000000000000000, -0.000000000000000000 ) ) ;
#11954 = SHAPE_DEFINITION_REPRESENTATION ( #1778, #7257 ) ;
#11955 = CARTESIAN_POINT ( 'NONE',  ( 30.92350664958648210, -83.70000000000001705, 5.424315392068247199 ) ) ;
#11956 = ORIENTED_EDGE ( 'NONE', *, *, #2104, .T. ) ;
#11957 = VECTOR ( 'NONE', #8830, 1000.000000000000000 ) ;
#11958 = ORIENTED_EDGE ( 'NONE', *, *, #4693, .F. ) ;
#11959 = DIRECTION ( 'NONE',  ( -0.000000000000000000, -1.000000000000000000, -0.000000000000000000 ) ) ;
#11960 = DIRECTION ( 'NONE',  ( 0.000000000000000000, -0.000000000000000000, -1.000000000000000000 ) ) ;
#11961 = CARTESIAN_POINT ( 'NONE',  ( 26.60782547133220532, -83.70000000000001705, 7.983552992241519597 ) ) ;
#11962 = ORIENTED_EDGE ( 'NONE', *, *, #2591, .T. ) ;
#11963 = CARTESIAN_POINT ( 'NONE',  ( 28.02651614446034856, -83.70000000000003126, 7.949578531162566186 ) ) ;
#11964 = LINE ( 'NONE', #10887, #1498 ) ;
#11965 = VERTEX_POINT ( 'NONE', #1387 ) ;
#11966 = CIRCLE ( 'NONE', #4423, 1.000000000000000888 ) ;
#11967 = CARTESIAN_POINT ( 'NONE',  ( 30.25503991994079200, -83.70000000000003126, 4.895250670848655616 ) ) ;
#11968 = AXIS2_PLACEMENT_3D ( 'NONE', #8839, #8108, #8045 ) ;
#11969 = EDGE_LOOP ( 'NONE', ( #4722, #10050 ) ) ;
#11970 = B_SPLINE_CURVE_WITH_KNOTS ( 'NONE', 3,
 ( #10254, #6679, #9341, #3840, #7700, #1984, #6562, #6740, #5912, #3960, #7644, #1067, #11232, #7524, #1129 ),
 .UNSPECIFIED., .F., .F.,
 ( 4, 1, 1, 1, 1, 1, 1, 1, 1, 1, 1, 1, 4 ),
 ( 0.000000000000000000, 0.08095233672432988747, 0.1572310932040354714, 0.2283879994442368222, 0.2957750600209615999, 0.3587379174664163672, 0.4193767026028204503, 0.4783169242605851967, 0.5367379476078444345, 0.6518946766699860174, 0.7642746000902365111, 0.8795446600230597545, 1.000000000000000000 ),
 .UNSPECIFIED. ) ;
#11971 = CARTESIAN_POINT ( 'NONE',  ( 49.26362272441394907, -83.70000000000001705, 5.494622959600970802 ) ) ;
ENDSEC;
END-ISO-10303-21;
