ISO-10303-21;
HEADER;
FILE_DESCRIPTION (( 'STEP AP214' ),
    '1' );
FILE_NAME ('零件2.STEP',
    '2025-04-01T07:25:12',
    ( '' ),
    ( '' ),
    'SwSTEP 2.0',
    'SolidWorks 2021',
    '' );
FILE_SCHEMA (( 'AUTOMOTIVE_DESIGN' ));
ENDSEC;

DATA;
#1 = ORIENTED_EDGE ( 'NONE', *, *, #877, .T. ) ;
#2 = CARTESIAN_POINT ( 'NONE',  ( 73.00000000000002842, -82.00000000000000000, 1.000000000000000000 ) ) ;
#3 = EDGE_CURVE ( 'NONE', #905, #89, #115, .T. ) ;
#4 = ORIENTED_EDGE ( 'NONE', *, *, #831, .F. ) ;
#5 = CARTESIAN_POINT ( 'NONE',  ( 73.00000000000001421, -47.00000000000000000, 3.999999999999998224 ) ) ;
#6 =( LENGTH_UNIT ( ) NAMED_UNIT ( * ) SI_UNIT ( .MILLI., .METRE. ) );
#7 = DIRECTION ( 'NONE',  ( -0.000000000000000000, 0.000000000000000000, 1.000000000000000000 ) ) ;
#8 = AXIS2_PLACEMENT_3D ( 'NONE', #1601, #481, #982 ) ;
#9 = EDGE_LOOP ( 'NONE', ( #902, #219, #1348, #1327 ) ) ;
#10 = CARTESIAN_POINT ( 'NONE',  ( 2.000000000000000000, -2.000000000000000000, 1.000000000000000000 ) ) ;
#11 = ORIENTED_EDGE ( 'NONE', *, *, #854, .T. ) ;
#12 = CARTESIAN_POINT ( 'NONE',  ( 71.50000000000002842, -3.500000000000000000, 2.000000000000000000 ) ) ;
#13 = EDGE_LOOP ( 'NONE', ( #667, #1117, #433, #202, #357, #1303, #407, #294 ) ) ;
#14 = DIRECTION ( 'NONE',  ( -0.000000000000000000, 0.000000000000000000, 1.000000000000000000 ) ) ;
#15 = DIRECTION ( 'NONE',  ( -1.000000000000000000, -1.126443815569355154E-16, 0.000000000000000000 ) ) ;
#16 = CIRCLE ( 'NONE', #1473, 1.000000000000000888 ) ;
#17 = ORIENTED_EDGE ( 'NONE', *, *, #945, .F. ) ;
#18 = DIRECTION ( 'NONE',  ( 0.000000000000000000, -0.000000000000000000, 1.000000000000000000 ) ) ;
#19 = ORIENTED_EDGE ( 'NONE', *, *, #1080, .F. ) ;
#20 = DIRECTION ( 'NONE',  ( 1.000000000000000000, 0.000000000000000000, 0.000000000000000000 ) ) ;
#21 = EDGE_LOOP ( 'NONE', ( #855, #1280, #1278, #1285 ) ) ;
#22 = DIRECTION ( 'NONE',  ( 1.000000000000000000, 0.000000000000000000, 0.000000000000000000 ) ) ;
#23 = CARTESIAN_POINT ( 'NONE',  ( 71.00000000000002842, -80.00000000000000000, 8.500000000000000000 ) ) ;
#24 = EDGE_CURVE ( 'NONE', #1289, #179, #1585, .T. ) ;
#25 = CARTESIAN_POINT ( 'NONE',  ( 73.00000000000002842, -83.00000000000000000, 1.000000000000000000 ) ) ;
#26 = VERTEX_POINT ( 'NONE', #637 ) ;
#27 = CARTESIAN_POINT ( 'NONE',  ( 73.50000000000001421, -47.00000000000000000, 5.999999999999998224 ) ) ;
#28 = ORIENTED_EDGE ( 'NONE', *, *, #1366, .T. ) ;
#29 = CARTESIAN_POINT ( 'NONE',  ( 69.50000000000001421, -3.500000000000000000, 8.500000000000000000 ) ) ;
#30 = SURFACE_SIDE_STYLE ('',( #758 ) ) ;
#31 = CARTESIAN_POINT ( 'NONE',  ( 2.999999999999999112, -2.000000000000000000, 2.000000000000000000 ) ) ;
#32 = DIRECTION ( 'NONE',  ( 0.000000000000000000, 0.000000000000000000, -1.000000000000000000 ) ) ;
#33 = CARTESIAN_POINT ( 'NONE',  ( 73.50000000000001421, -37.00000000000000711, 3.999999999999998224 ) ) ;
#34 = ORIENTED_EDGE ( 'NONE', *, *, #1175, .F. ) ;
#35 = DIRECTION ( 'NONE',  ( 0.000000000000000000, 0.000000000000000000, -1.000000000000000000 ) ) ;
#36 = CARTESIAN_POINT ( 'NONE',  ( 43.00000000000000000, -1.500000000000000000, 4.000000000000000000 ) ) ;
#37 = EDGE_CURVE ( 'NONE', #488, #633, #1010, .T. ) ;
#38 = AXIS2_PLACEMENT_3D ( 'NONE', #1126, #604, #258 ) ;
#39 = ORIENTED_EDGE ( 'NONE', *, *, #716, .T. ) ;
#40 = LINE ( 'NONE', #641, #1228 ) ;
#41 = VECTOR ( 'NONE', #1378, 1000.000000000000000 ) ;
#42 = ORIENTED_EDGE ( 'NONE', *, *, #163, .F. ) ;
#43 = ADVANCED_FACE ( 'NONE', ( #610 ), #510, .F. ) ;
#44 = CARTESIAN_POINT ( 'NONE',  ( 69.50000000000001421, -5.500000000000000000, 2.000000000000000000 ) ) ;
#45 = VERTEX_POINT ( 'NONE', #1611 ) ;
#46 = DIRECTION ( 'NONE',  ( -0.000000000000000000, 0.000000000000000000, 1.000000000000000000 ) ) ;
#47 = CARTESIAN_POINT ( 'NONE',  ( 73.00000000000001421, -37.00000000000000000, 5.999999999999998224 ) ) ;
#48 = EDGE_CURVE ( 'NONE', #577, #368, #231, .T. ) ;
#49 = ORIENTED_EDGE ( 'NONE', *, *, #1072, .T. ) ;
#50 = DIRECTION ( 'NONE',  ( 1.000000000000000000, 0.000000000000000000, 0.000000000000000000 ) ) ;
#51 = AXIS2_PLACEMENT_3D ( 'NONE', #44, #272, #50 ) ;
#52 = VERTEX_POINT ( 'NONE', #1106 ) ;
#53 = DIRECTION ( 'NONE',  ( -0.000000000000000000, 0.000000000000000000, -1.000000000000000000 ) ) ;
#54 = AXIS2_PLACEMENT_3D ( 'NONE', #1189, #580, #317 ) ;
#55 = CARTESIAN_POINT ( 'NONE',  ( 71.00000000000000000, -4.000000000000000000, 3.500000000000000000 ) ) ;
#56 = ORIENTED_EDGE ( 'NONE', *, *, #687, .F. ) ;
#57 = CARTESIAN_POINT ( 'NONE',  ( 0.000000000000000000, -84.00000000000000000, 2.000000000000000000 ) ) ;
#58 = ORIENTED_EDGE ( 'NONE', *, *, #1393, .F. ) ;
#59 = VECTOR ( 'NONE', #1389, 1000.000000000000000 ) ;
#60 = CARTESIAN_POINT ( 'NONE',  ( 73.00000000000002842, -80.00000000000000000, 2.000000000000000000 ) ) ;
#61 = ORIENTED_EDGE ( 'NONE', *, *, #1002, .T. ) ;
#62 = EDGE_CURVE ( 'NONE', #299, #1039, #1381, .T. ) ;
#63 = DIRECTION ( 'NONE',  ( 0.000000000000000000, -0.000000000000000000, -1.000000000000000000 ) ) ;
#64 = VERTEX_POINT ( 'NONE', #856 ) ;
#65 = AXIS2_PLACEMENT_3D ( 'NONE', #742, #966, #596 ) ;
#66 = VECTOR ( 'NONE', #150, 1000.000000000000000 ) ;
#67 = CARTESIAN_POINT ( 'NONE',  ( 6.499999999999999112, -3.500000000000000000, 2.000000000000000000 ) ) ;
#68 = ORIENTED_EDGE ( 'NONE', *, *, #1543, .F. ) ;
#69 = DIRECTION ( 'NONE',  ( 1.126443815569355154E-16, -1.000000000000000000, 0.000000000000000000 ) ) ;
#70 = CARTESIAN_POINT ( 'NONE',  ( 4.499999999999999112, -3.500000000000000000, 8.500000000000000000 ) ) ;
#71 = EDGE_CURVE ( 'NONE', #1423, #1249, #691, .T. ) ;
#72 = FACE_OUTER_BOUND ( 'NONE', #1571, .T. ) ;
#73 = ORIENTED_EDGE ( 'NONE', *, *, #429, .T. ) ;
#74 = LINE ( 'NONE', #591, #1420 ) ;
#75 = DIRECTION ( 'NONE',  ( 0.000000000000000000, -0.000000000000000000, -1.000000000000000000 ) ) ;
#76 = CARTESIAN_POINT ( 'NONE',  ( 43.00000000000000000, -2.000000000000000000, 4.000000000000000000 ) ) ;
#77 = EDGE_CURVE ( 'NONE', #1380, #1245, #266, .T. ) ;
#78 = ORIENTED_EDGE ( 'NONE', *, *, #434, .T. ) ;
#79 = CARTESIAN_POINT ( 'NONE',  ( 2.500000000000008882, -39.00000000000000000, 4.999999999999984013 ) ) ;
#80 = CIRCLE ( 'NONE', #999, 2.000000000000000000 ) ;
#81 = CARTESIAN_POINT ( 'NONE',  ( 3.000000000000008882, -39.00000000000000000, 5.999999999999999112 ) ) ;
#82 = EDGE_CURVE ( 'NONE', #360, #1481, #757, .T. ) ;
#83 = CARTESIAN_POINT ( 'NONE',  ( 74.00000000000000000, 2.445134042329214155E-14, 0.000000000000000000 ) ) ;
#84 = EDGE_CURVE ( 'NONE', #1380, #238, #748, .T. ) ;
#85 = VECTOR ( 'NONE', #986, 1000.000000000000000 ) ;
#86 = VERTEX_POINT ( 'NONE', #1096 ) ;
#87 = LINE ( 'NONE', #564, #1453 ) ;
#88 = ADVANCED_FACE ( 'NONE', ( #471 ), #862, .T. ) ;
#89 = VERTEX_POINT ( 'NONE', #1485 ) ;
#90 = DIRECTION ( 'NONE',  ( 0.000000000000000000, 0.000000000000000000, -1.000000000000000000 ) ) ;
#91 = EDGE_CURVE ( 'NONE', #1343, #1249, #1235, .T. ) ;
#92 = CARTESIAN_POINT ( 'NONE',  ( 2.500000000000008882, -39.00000000000000000, 4.000000000000000000 ) ) ;
#93 = VECTOR ( 'NONE', #1173, 1000.000000000000000 ) ;
#94 = EDGE_LOOP ( 'NONE', ( #552, #1065, #1367, #1587 ) ) ;
#95 = LINE ( 'NONE', #1588, #815 ) ;
#96 = ORIENTED_EDGE ( 'NONE', *, *, #220, .F. ) ;
#97 = ORIENTED_EDGE ( 'NONE', *, *, #1401, .F. ) ;
#98 = SURFACE_STYLE_FILL_AREA ( #1612 ) ;
#99 = VECTOR ( 'NONE', #865, 1000.000000000000000 ) ;
#100 = PLANE ( 'NONE',  #218 ) ;
#101 = FACE_OUTER_BOUND ( 'NONE', #1508, .T. ) ;
#102 = ORIENTED_EDGE ( 'NONE', *, *, #520, .T. ) ;
#103 = DIRECTION ( 'NONE',  ( 0.000000000000000000, 0.000000000000000000, -1.000000000000000000 ) ) ;
#104 = ORIENTED_EDGE ( 'NONE', *, *, #71, .T. ) ;
#105 = DIRECTION ( 'NONE',  ( 0.000000000000000000, 0.000000000000000000, -1.000000000000000000 ) ) ;
#106 = DIRECTION ( 'NONE',  ( 0.000000000000000000, 0.000000000000000000, -1.000000000000000000 ) ) ;
#107 = CARTESIAN_POINT ( 'NONE',  ( 33.00000000000000000, -2.000000000000000000, 4.000000000000000000 ) ) ;
#108 = EDGE_CURVE ( 'NONE', #1454, #86, #489, .T. ) ;
#109 = AXIS2_PLACEMENT_3D ( 'NONE', #274, #774, #152 ) ;
#110 = FACE_OUTER_BOUND ( 'NONE', #1491, .T. ) ;
#111 = VERTEX_POINT ( 'NONE', #1495 ) ;
#112 = CARTESIAN_POINT ( 'NONE',  ( 2.000000000000000000, -1.000000000000000000, 0.000000000000000000 ) ) ;
#113 = AXIS2_PLACEMENT_3D ( 'NONE', #726, #835, #1354 ) ;
#114 = EDGE_LOOP ( 'NONE', ( #979, #1139, #4, #981 ) ) ;
#115 = LINE ( 'NONE', #972, #1169 ) ;
#116 = VECTOR ( 'NONE', #1311, 1000.000000000000000 ) ;
#117 = DIRECTION ( 'NONE',  ( -0.000000000000000000, 3.469446951953614189E-15, 1.000000000000000000 ) ) ;
#118 = CARTESIAN_POINT ( 'NONE',  ( 2.000000000000000000, -2.000000000000000000, 0.000000000000000000 ) ) ;
#119 = FACE_BOUND ( 'NONE', #504, .T. ) ;
#120 = ADVANCED_FACE ( 'NONE', ( #369 ), #124, .F. ) ;
#121 = ORIENTED_EDGE ( 'NONE', *, *, #384, .F. ) ;
#122 = FACE_OUTER_BOUND ( 'NONE', #1151, .T. ) ;
#123 = ORIENTED_EDGE ( 'NONE', *, *, #1002, .F. ) ;
#124 = PLANE ( 'NONE',  #531 ) ;
#125 = LINE ( 'NONE', #1591, #99 ) ;
#126 = DIRECTION ( 'NONE',  ( 0.000000000000000000, 0.000000000000000000, -1.000000000000000000 ) ) ;
#127 = ORIENTED_EDGE ( 'NONE', *, *, #346, .F. ) ;
#128 = AXIS2_PLACEMENT_3D ( 'NONE', #1190, #1460, #1067 ) ;
#129 = LINE ( 'NONE', #226, #324 ) ;
#130 = DIRECTION ( 'NONE',  ( -0.000000000000000000, -0.000000000000000000, 1.000000000000000000 ) ) ;
#131 = VERTEX_POINT ( 'NONE', #5 ) ;
#132 = CARTESIAN_POINT ( 'NONE',  ( 0.000000000000000000, -2.000000000000000000, 2.000000000000000000 ) ) ;
#133 = PRESENTATION_STYLE_ASSIGNMENT (( #913 ) ) ;
#134 = CARTESIAN_POINT ( 'NONE',  ( 3.000000000000008882, -39.00000000000000000, 4.000000000000000000 ) ) ;
#135 = ADVANCED_FACE ( 'NONE', ( #498 ), #1001, .F. ) ;
#136 = ORIENTED_EDGE ( 'NONE', *, *, #1175, .T. ) ;
#137 = CARTESIAN_POINT ( 'NONE',  ( 2.999999999999999112, -2.000000000000000000, 3.500000000000000000 ) ) ;
#138 = UNCERTAINTY_MEASURE_WITH_UNIT (LENGTH_MEASURE( 1.000000000000000082E-05 ), #782, 'distance_accuracy_value', 'NONE');
#139 = LINE ( 'NONE', #27, #772 ) ;
#140 = EDGE_CURVE ( 'NONE', #1268, #905, #1246, .T. ) ;
#141 = EDGE_LOOP ( 'NONE', ( #1600, #17, #1560, #1431 ) ) ;
#142 = DIRECTION ( 'NONE',  ( 0.000000000000000000, 0.000000000000000000, 1.000000000000000000 ) ) ;
#143 = ADVANCED_FACE ( 'NONE', ( #1047 ), #547, .T. ) ;
#144 =( NAMED_UNIT ( * ) SI_UNIT ( $, .STERADIAN. ) SOLID_ANGLE_UNIT ( ) );
#145 = DIRECTION ( 'NONE',  ( 0.000000000000000000, -0.000000000000000000, 1.000000000000000000 ) ) ;
#146 = AXIS2_PLACEMENT_3D ( 'NONE', #1317, #1559, #949 ) ;
#147 = ORIENTED_EDGE ( 'NONE', *, *, #1583, .T. ) ;
#148 = CARTESIAN_POINT ( 'NONE',  ( 69.50000000000001421, -3.500000000000000000, 2.000000000000000000 ) ) ;
#149 = ORIENTED_EDGE ( 'NONE', *, *, #37, .T. ) ;
#150 = DIRECTION ( 'NONE',  ( -0.000000000000000000, 0.000000000000000000, 1.000000000000000000 ) ) ;
#151 = ORIENTED_EDGE ( 'NONE', *, *, #169, .F. ) ;
#152 = DIRECTION ( 'NONE',  ( 1.000000000000000000, 0.000000000000000000, 0.000000000000000000 ) ) ;
#153 = DIRECTION ( 'NONE',  ( 2.710505431213761085E-16, -1.000000000000000000, 0.000000000000000000 ) ) ;
#154 = VERTEX_POINT ( 'NONE', #1281 ) ;
#155 = FACE_OUTER_BOUND ( 'NONE', #141, .T. ) ;
#156 = VECTOR ( 'NONE', #539, 1000.000000000000000 ) ;
#157 = DIRECTION ( 'NONE',  ( -1.000000000000000000, 0.000000000000000000, 0.000000000000000000 ) ) ;
#158 =( GEOMETRIC_REPRESENTATION_CONTEXT ( 3 ) GLOBAL_UNCERTAINTY_ASSIGNED_CONTEXT ( ( #583 ) ) GLOBAL_UNIT_ASSIGNED_CONTEXT ( ( #418, #285, #144 ) ) REPRESENTATION_CONTEXT ( 'NONE', 'WORKASPACE' ) );
#159 = ORIENTED_EDGE ( 'NONE', *, *, #1069, .T. ) ;
#160 = DIRECTION ( 'NONE',  ( 0.000000000000000000, 0.000000000000000000, -1.000000000000000000 ) ) ;
#161 = LINE ( 'NONE', #1390, #156 ) ;
#162 = DIRECTION ( 'NONE',  ( 0.000000000000000000, -0.000000000000000000, 1.000000000000000000 ) ) ;
#163 = EDGE_CURVE ( 'NONE', #734, #1079, #804, .T. ) ;
#164 = ORIENTED_EDGE ( 'NONE', *, *, #215, .T. ) ;
#165 = DIRECTION ( 'NONE',  ( 0.000000000000000000, 0.000000000000000000, 1.000000000000000000 ) ) ;
#166 = CARTESIAN_POINT ( 'NONE',  ( 71.50000000000004263, -5.500000000000000000, 8.500000000000000000 ) ) ;
#167 = VERTEX_POINT ( 'NONE', #1409 ) ;
#168 = CARTESIAN_POINT ( 'NONE',  ( 5.000000000000000000, -4.000000000000000000, 8.500000000000000000 ) ) ;
#169 = EDGE_CURVE ( 'NONE', #1458, #299, #1355, .T. ) ;
#170 = DIRECTION ( 'NONE',  ( -0.000000000000000000, 1.000000000000000000, 0.000000000000000000 ) ) ;
#171 = AXIS2_PLACEMENT_3D ( 'NONE', #858, #876, #732 ) ;
#172 = EDGE_LOOP ( 'NONE', ( #58, #401, #987, #682 ) ) ;
#173 = DIRECTION ( 'NONE',  ( 3.469446951953613696E-16, -1.000000000000000000, 3.469446951953614189E-15 ) ) ;
#174 = EDGE_CURVE ( 'NONE', #478, #764, #1386, .T. ) ;
#175 = ORIENTED_EDGE ( 'NONE', *, *, #1162, .T. ) ;
#176 = DIRECTION ( 'NONE',  ( 0.000000000000000000, 0.000000000000000000, -1.000000000000000000 ) ) ;
#177 = CARTESIAN_POINT ( 'NONE',  ( 33.00000000000000000, -2.000000000000000000, 6.000000000000000000 ) ) ;
#178 = VECTOR ( 'NONE', #69, 1000.000000000000000 ) ;
#179 = VERTEX_POINT ( 'NONE', #903 ) ;
#180 = DIRECTION ( 'NONE',  ( 1.000000000000000000, 0.000000000000000000, 0.000000000000000000 ) ) ;
#181 = CIRCLE ( 'NONE', #784, 1.000000000000000000 ) ;
#182 = ADVANCED_FACE ( 'NONE', ( #1273 ), #303, .T. ) ;
#183 = VERTEX_POINT ( 'NONE', #398 ) ;
#184 = CARTESIAN_POINT ( 'NONE',  ( 0.000000000000000000, -84.00000000000000000, 2.000000000000000000 ) ) ;
#185 = DIRECTION ( 'NONE',  ( -1.000000000000000000, 0.000000000000000000, 0.000000000000000000 ) ) ;
#186 = EDGE_LOOP ( 'NONE', ( #720, #28, #623, #1526 ) ) ;
#187 = AXIS2_PLACEMENT_3D ( 'NONE', #555, #771, #263 ) ;
#188 = DIRECTION ( 'NONE',  ( -0.000000000000000000, 0.000000000000000000, 1.000000000000000000 ) ) ;
#189 = ORIENTED_EDGE ( 'NONE', *, *, #3, .F. ) ;
#190 = AXIS2_PLACEMENT_3D ( 'NONE', #1520, #680, #791 ) ;
#191 = PLANE ( 'NONE',  #355 ) ;
#192 = EDGE_CURVE ( 'NONE', #1110, #1579, #1536, .T. ) ;
#193 = DIRECTION ( 'NONE',  ( -2.710505431213761085E-16, 1.000000000000000000, -3.252606517456513302E-16 ) ) ;
#194 = AXIS2_PLACEMENT_3D ( 'NONE', #118, #7, #639 ) ;
#195 = AXIS2_PLACEMENT_3D ( 'NONE', #1565, #937, #582 ) ;
#196 = CARTESIAN_POINT ( 'NONE',  ( 4.500000000000003553, -5.499999999999999112, 8.500000000000000000 ) ) ;
#197 = ORIENTED_EDGE ( 'NONE', *, *, #1614, .T. ) ;
#198 = FACE_OUTER_BOUND ( 'NONE', #571, .T. ) ;
#199 = CYLINDRICAL_SURFACE ( 'NONE', #1322, 2.000000000000000000 ) ;
#200 = TOROIDAL_SURFACE ( 'NONE', #1387, 1.000000000000000000, 1.000000000000000000 ) ;
#201 = LINE ( 'NONE', #705, #822 ) ;
#202 = ORIENTED_EDGE ( 'NONE', *, *, #174, .T. ) ;
#203 = CARTESIAN_POINT ( 'NONE',  ( 0.000000000000000000, 0.000000000000000000, 2.000000000000000000 ) ) ;
#204 = PRODUCT ( '零件2', '零件2', '', ( #1125 ) ) ;
#205 = VERTEX_POINT ( 'NONE', #29 ) ;
#206 = VECTOR ( 'NONE', #956, 1000.000000000000000 ) ;
#207 = DIRECTION ( 'NONE',  ( 1.000000000000000000, 0.000000000000000000, 0.000000000000000000 ) ) ;
#208 = EDGE_CURVE ( 'NONE', #494, #997, #213, .T. ) ;
#209 = CARTESIAN_POINT ( 'NONE',  ( 1.000000000000000000, -82.00000000000000000, 1.000000000000000000 ) ) ;
#210 = EDGE_CURVE ( 'NONE', #829, #734, #1221, .T. ) ;
#211 = ORIENTED_EDGE ( 'NONE', *, *, #545, .T. ) ;
#212 = LINE ( 'NONE', #184, #1576 ) ;
#213 = CIRCLE ( 'NONE', #269, 1.000000000000000000 ) ;
#214 = ORIENTED_EDGE ( 'NONE', *, *, #174, .F. ) ;
#215 = EDGE_CURVE ( 'NONE', #860, #374, #1157, .T. ) ;
#216 = CARTESIAN_POINT ( 'NONE',  ( 4.499999999999999112, -47.00000000000000000, 3.500000000000000000 ) ) ;
#217 = CARTESIAN_POINT ( 'NONE',  ( 74.00000000000002842, -82.00000000000000000, 0.000000000000000000 ) ) ;
#218 = AXIS2_PLACEMENT_3D ( 'NONE', #1362, #15, #1613 ) ;
#219 = ORIENTED_EDGE ( 'NONE', *, *, #535, .T. ) ;
#220 = EDGE_CURVE ( 'NONE', #205, #565, #1308, .T. ) ;
#221 = CARTESIAN_POINT ( 'NONE',  ( 3.000000000000011102, -47.00000000000000000, 6.000000000000001776 ) ) ;
#222 = ORIENTED_EDGE ( 'NONE', *, *, #1058, .T. ) ;
#223 = EDGE_LOOP ( 'NONE', ( #1545, #678, #1577, #1060, #1532, #1234 ) ) ;
#224 =( NAMED_UNIT ( * ) SI_UNIT ( $, .STERADIAN. ) SOLID_ANGLE_UNIT ( ) );
#225 = CARTESIAN_POINT ( 'NONE',  ( 73.00000000000000000, -3.999999999999999112, 8.500000000000000000 ) ) ;
#226 = CARTESIAN_POINT ( 'NONE',  ( 4.500000000000007105, -80.50000000000000000, 3.500000000000000000 ) ) ;
#227 = ORIENTED_EDGE ( 'NONE', *, *, #37, .F. ) ;
#228 = CARTESIAN_POINT ( 'NONE',  ( 71.50000000000002842, -5.500000000000000000, 2.000000000000000000 ) ) ;
#229 = ADVANCED_FACE ( 'NONE', ( #798 ), #1264, .F. ) ;
#230 = ORIENTED_EDGE ( 'NONE', *, *, #528, .T. ) ;
#231 = LINE ( 'NONE', #390, #500 ) ;
#232 = CARTESIAN_POINT ( 'NONE',  ( 2.000000000000000000, -83.00000000000000000, 1.000000000000000000 ) ) ;
#233 = AXIS2_PLACEMENT_3D ( 'NONE', #1217, #628, #472 ) ;
#234 = CYLINDRICAL_SURFACE ( 'NONE', #1099, 2.000000000000001776 ) ;
#235 = CARTESIAN_POINT ( 'NONE',  ( 73.50000000000001421, -47.00000000000000000, 3.999999999999998224 ) ) ;
#236 = ORIENTED_EDGE ( 'NONE', *, *, #192, .T. ) ;
#237 = LINE ( 'NONE', #624, #1594 ) ;
#238 = VERTEX_POINT ( 'NONE', #1419 ) ;
#239 = DIRECTION ( 'NONE',  ( 1.734723475976807094E-16, -1.000000000000000000, 0.000000000000000000 ) ) ;
#240 = LINE ( 'NONE', #1496, #1021 ) ;
#241 = DIRECTION ( 'NONE',  ( -1.000000000000000000, -0.000000000000000000, -0.000000000000000000 ) ) ;
#242 = ADVANCED_FACE ( 'NONE', ( #1036 ), #424, .T. ) ;
#243 = DIRECTION ( 'NONE',  ( 1.000000000000000000, 0.000000000000000000, 0.000000000000000000 ) ) ;
#244 = ORIENTED_EDGE ( 'NONE', *, *, #1366, .F. ) ;
#245 = CARTESIAN_POINT ( 'NONE',  ( 3.000000000000004885, -47.00000000000000000, 8.500000000000000000 ) ) ;
#246 = VERTEX_POINT ( 'NONE', #1299 ) ;
#247 = CARTESIAN_POINT ( 'NONE',  ( 2.999999999999999556, -4.000000000000000888, 3.500000000000000000 ) ) ;
#248 = CIRCLE ( 'NONE', #410, 1.000000000000000888 ) ;
#249 = FACE_OUTER_BOUND ( 'NONE', #13, .T. ) ;
#250 = CARTESIAN_POINT ( 'NONE',  ( 74.00000000000000000, -3.304235192336776005E-16, 1.000000000000000000 ) ) ;
#251 = DIRECTION ( 'NONE',  ( 1.000000000000000000, 2.602085213965210642E-16, 0.000000000000000000 ) ) ;
#252 = EDGE_LOOP ( 'NONE', ( #73, #164, #68, #1397 ) ) ;
#253 = CARTESIAN_POINT ( 'NONE',  ( 69.50000000000002842, -78.50000000000000000, 2.000000000000000000 ) ) ;
#254 = ORIENTED_EDGE ( 'NONE', *, *, #1563, .F. ) ;
#255 = DIRECTION ( 'NONE',  ( 0.000000000000000000, -0.000000000000000000, -1.000000000000000000 ) ) ;
#256 = APPLICATION_CONTEXT ( 'automotive_design' ) ;
#257 = EDGE_CURVE ( 'NONE', #542, #1268, #1499, .T. ) ;
#258 = DIRECTION ( 'NONE',  ( -1.000000000000000000, 0.000000000000000000, 0.000000000000000000 ) ) ;
#259 = EDGE_LOOP ( 'NONE', ( #78, #1325, #1122, #236 ) ) ;
#260 = AXIS2_PLACEMENT_3D ( 'NONE', #23, #400, #1521 ) ;
#261 = DIRECTION ( 'NONE',  ( 0.000000000000000000, 0.000000000000000000, 1.000000000000000000 ) ) ;
#262 = EDGE_CURVE ( 'NONE', #26, #1454, #80, .T. ) ;
#263 = DIRECTION ( 'NONE',  ( 1.000000000000000000, 0.000000000000000000, 0.000000000000000000 ) ) ;
#264 = EDGE_CURVE ( 'NONE', #1156, #349, #911, .T. ) ;
#265 = ORIENTED_EDGE ( 'NONE', *, *, #1614, .F. ) ;
#266 = LINE ( 'NONE', #1511, #663 ) ;
#267 = CARTESIAN_POINT ( 'NONE',  ( 0.000000000000000000, 0.000000000000000000, 0.000000000000000000 ) ) ;
#268 = LINE ( 'NONE', #673, #654 ) ;
#269 = AXIS2_PLACEMENT_3D ( 'NONE', #781, #309, #160 ) ;
#270 = VECTOR ( 'NONE', #1370, 1000.000000000000000 ) ;
#271 = PLANE ( 'NONE',  #538 ) ;
#272 = DIRECTION ( 'NONE',  ( -0.000000000000000000, 0.000000000000000000, 1.000000000000000000 ) ) ;
#273 = EDGE_LOOP ( 'NONE', ( #1131, #376, #754, #1399 ) ) ;
#274 = CARTESIAN_POINT ( 'NONE',  ( 73.00000000000002842, -82.00000000000000000, 1.000000000000000000 ) ) ;
#275 = AXIS2_PLACEMENT_3D ( 'NONE', #665, #32, #1250 ) ;
#276 = DIRECTION ( 'NONE',  ( 0.000000000000000000, 1.000000000000000000, 0.000000000000000000 ) ) ;
#277 = LINE ( 'NONE', #1011, #1570 ) ;
#278 = VECTOR ( 'NONE', #684, 1000.000000000000000 ) ;
#279 = DIRECTION ( 'NONE',  ( -0.000000000000000000, 0.000000000000000000, 1.000000000000000000 ) ) ;
#280 = ORIENTED_EDGE ( 'NONE', *, *, #545, .F. ) ;
#281 = DIRECTION ( 'NONE',  ( 0.000000000000000000, 0.000000000000000000, -1.000000000000000000 ) ) ;
#282 = ORIENTED_EDGE ( 'NONE', *, *, #370, .F. ) ;
#283 = DIRECTION ( 'NONE',  ( 1.000000000000000000, 0.000000000000000000, 0.000000000000000000 ) ) ;
#284 = EDGE_CURVE ( 'NONE', #1172, #1095, #608, .T. ) ;
#285 =( NAMED_UNIT ( * ) PLANE_ANGLE_UNIT ( ) SI_UNIT ( $, .RADIAN. ) );
#286 = PLANE ( 'NONE',  #1581 ) ;
#287 = ORIENTED_EDGE ( 'NONE', *, *, #210, .T. ) ;
#288 = FACE_OUTER_BOUND ( 'NONE', #94, .T. ) ;
#289 = VECTOR ( 'NONE', #1451, 1000.000000000000227 ) ;
#290 = ORIENTED_EDGE ( 'NONE', *, *, #1013, .F. ) ;
#291 = DIRECTION ( 'NONE',  ( 0.000000000000000000, -3.469446951953614189E-15, -1.000000000000000000 ) ) ;
#292 = EDGE_CURVE ( 'NONE', #333, #26, #74, .T. ) ;
#293 = STYLED_ITEM ( 'NONE', ( #133 ), #550 ) ;
#294 = ORIENTED_EDGE ( 'NONE', *, *, #24, .T. ) ;
#295 = DIRECTION ( 'NONE',  ( -1.000000000000000000, 0.000000000000000000, 0.000000000000000000 ) ) ;
#296 = CARTESIAN_POINT ( 'NONE',  ( 0.000000000000000000, -1.500000000000000000, 0.000000000000000000 ) ) ;
#297 = CARTESIAN_POINT ( 'NONE',  ( 5.000000000000000000, -4.000000000000000000, 2.000000000000000000 ) ) ;
#298 = EDGE_CURVE ( 'NONE', #1547, #397, #579, .T. ) ;
#299 = VERTEX_POINT ( 'NONE', #961 ) ;
#300 = ORIENTED_EDGE ( 'NONE', *, *, #77, .T. ) ;
#301 = FACE_OUTER_BOUND ( 'NONE', #1350, .T. ) ;
#302 = VERTEX_POINT ( 'NONE', #60 ) ;
#303 = PLANE ( 'NONE',  #1418 ) ;
#304 = CARTESIAN_POINT ( 'NONE',  ( 74.00000000000002842, -82.00000000000000000, 1.000000000000000000 ) ) ;
#305 = VECTOR ( 'NONE', #1395, 1000.000000000000000 ) ;
#306 = EDGE_LOOP ( 'NONE', ( #745, #650, #756, #1026 ) ) ;
#307 = CARTESIAN_POINT ( 'NONE',  ( 73.50000000000001421, -37.00000000000000711, 3.999999999999998224 ) ) ;
#308 = ORIENTED_EDGE ( 'NONE', *, *, #1342, .F. ) ;
#309 = DIRECTION ( 'NONE',  ( 1.000000000000000000, -0.000000000000000000, 0.000000000000000000 ) ) ;
#310 = DIRECTION ( 'NONE',  ( 1.000000000000000000, 0.000000000000000000, 0.000000000000000000 ) ) ;
#311 = VERTEX_POINT ( 'NONE', #944 ) ;
#312 = CARTESIAN_POINT ( 'NONE',  ( 33.00000000000000000, -1.500000000000000000, 4.000000000000000000 ) ) ;
#313 = CIRCLE ( 'NONE', #1379, 2.000000000000001776 ) ;
#314 = ORIENTED_EDGE ( 'NONE', *, *, #1580, .T. ) ;
#315 = EDGE_CURVE ( 'NONE', #1268, #311, #1572, .T. ) ;
#316 = DIRECTION ( 'NONE',  ( -0.4472135954999629237, -1.551583845779562462E-16, 0.8944271909999133019 ) ) ;
#317 = DIRECTION ( 'NONE',  ( 1.000000000000000000, 0.000000000000000000, 0.000000000000000000 ) ) ;
#318 = FACE_OUTER_BOUND ( 'NONE', #887, .T. ) ;
#319 = ORIENTED_EDGE ( 'NONE', *, *, #108, .F. ) ;
#320 = VECTOR ( 'NONE', #361, 1000.000000000000227 ) ;
#321 = CARTESIAN_POINT ( 'NONE',  ( 0.000000000000000000, -82.00000000000000000, 2.000000000000000000 ) ) ;
#322 = VECTOR ( 'NONE', #388, 1000.000000000000000 ) ;
#323 = CARTESIAN_POINT ( 'NONE',  ( 2.000000000000000000, -84.00000000000000000, 2.000000000000000000 ) ) ;
#324 = VECTOR ( 'NONE', #1213, 1000.000000000000000 ) ;
#325 = CARTESIAN_POINT ( 'NONE',  ( 69.50000000000002842, -78.50000000000000000, 3.500000000000000000 ) ) ;
#326 = EDGE_LOOP ( 'NONE', ( #924, #929, #386, #1160 ) ) ;
#327 = DIRECTION ( 'NONE',  ( 0.000000000000000000, -0.000000000000000000, -1.000000000000000000 ) ) ;
#328 = EDGE_CURVE ( 'NONE', #675, #626, #212, .T. ) ;
#329 = DIRECTION ( 'NONE',  ( -1.000000000000000000, -3.469446951953613696E-16, -0.000000000000000000 ) ) ;
#330 = DIRECTION ( 'NONE',  ( 0.000000000000000000, 0.000000000000000000, -1.000000000000000000 ) ) ;
#331 = ORIENTED_EDGE ( 'NONE', *, *, #1558, .T. ) ;
#332 = DIRECTION ( 'NONE',  ( -1.000000000000000000, -3.304235192336776005E-16, 0.000000000000000000 ) ) ;
#333 = VERTEX_POINT ( 'NONE', #1306 ) ;
#334 = CIRCLE ( 'NONE', #554, 2.000000000000001776 ) ;
#335 = ORIENTED_EDGE ( 'NONE', *, *, #257, .F. ) ;
#336 = LINE ( 'NONE', #70, #1488 ) ;
#337 = FACE_OUTER_BOUND ( 'NONE', #21, .T. ) ;
#338 = ORIENTED_EDGE ( 'NONE', *, *, #1018, .T. ) ;
#339 = CARTESIAN_POINT ( 'NONE',  ( 73.00000000000000000, 0.000000000000000000, 2.000000000000000000 ) ) ;
#340 = AXIS2_PLACEMENT_3D ( 'NONE', #651, #46, #283 ) ;
#341 = EDGE_LOOP ( 'NONE', ( #878, #1224, #1232, #97 ) ) ;
#342 = ORIENTED_EDGE ( 'NONE', *, *, #1319, .F. ) ;
#343 = CARTESIAN_POINT ( 'NONE',  ( 2.500000000000011102, -47.00000000000000000, 4.000000000000000888 ) ) ;
#344 = DIRECTION ( 'NONE',  ( -0.000000000000000000, 0.000000000000000000, 1.000000000000000000 ) ) ;
#345 = LINE ( 'NONE', #733, #717 ) ;
#346 = EDGE_CURVE ( 'NONE', #1471, #333, #953, .T. ) ;
#347 = AXIS2_PLACEMENT_3D ( 'NONE', #977, #859, #356 ) ;
#348 = AXIS2_PLACEMENT_3D ( 'NONE', #1076, #188, #1179 ) ;
#349 = VERTEX_POINT ( 'NONE', #1455 ) ;
#350 = DIRECTION ( 'NONE',  ( 0.000000000000000000, 0.000000000000000000, 1.000000000000000000 ) ) ;
#351 = ORIENTED_EDGE ( 'NONE', *, *, #1199, .F. ) ;
#352 = DIRECTION ( 'NONE',  ( -3.103167691559091200E-15, -0.4472135954999579277, 0.8944271909999158554 ) ) ;
#353 = DIRECTION ( 'NONE',  ( 0.000000000000000000, 0.000000000000000000, -1.000000000000000000 ) ) ;
#354 = FACE_OUTER_BOUND ( 'NONE', #524, .T. ) ;
#355 = AXIS2_PLACEMENT_3D ( 'NONE', #1066, #1448, #327 ) ;
#356 = DIRECTION ( 'NONE',  ( -1.000000000000000000, 0.000000000000000000, 0.000000000000000000 ) ) ;
#357 = ORIENTED_EDGE ( 'NONE', *, *, #553, .T. ) ;
#358 = CYLINDRICAL_SURFACE ( 'NONE', #895, 2.000000000000001776 ) ;
#359 = ADVANCED_FACE ( 'NONE', ( #1561 ), #191, .F. ) ;
#360 = VERTEX_POINT ( 'NONE', #79 ) ;
#361 = DIRECTION ( 'NONE',  ( 0.4472135954999575946, 1.163687884334658411E-16, 0.8944271909999159664 ) ) ;
#362 = DIRECTION ( 'NONE',  ( 1.000000000000000000, 0.000000000000000000, 0.000000000000000000 ) ) ;
#363 = PRESENTATION_LAYER_ASSIGNMENT (  '', '', ( #519 ) ) ;
#364 = FACE_BOUND ( 'NONE', #1535, .T. ) ;
#365 = CARTESIAN_POINT ( 'NONE',  ( 2.000000000000000000, -83.00000000000000000, 0.000000000000000000 ) ) ;
#366 = ORIENTED_EDGE ( 'NONE', *, *, #1031, .T. ) ;
#367 = DIRECTION ( 'NONE',  ( 1.000000000000000000, 0.000000000000000000, 0.000000000000000000 ) ) ;
#368 = VERTEX_POINT ( 'NONE', #572 ) ;
#369 = FACE_OUTER_BOUND ( 'NONE', #1318, .T. ) ;
#370 = EDGE_CURVE ( 'NONE', #997, #542, #708, .T. ) ;
#371 = FILL_AREA_STYLE_COLOUR ( '', #1212 ) ;
#372 = DIRECTION ( 'NONE',  ( 0.000000000000000000, -1.000000000000000000, 0.000000000000000000 ) ) ;
#373 = AXIS2_PLACEMENT_3D ( 'NONE', #381, #1373, #255 ) ;
#374 = VERTEX_POINT ( 'NONE', #933 ) ;
#375 = DIRECTION ( 'NONE',  ( -1.000000000000000000, 0.000000000000000000, 0.000000000000000000 ) ) ;
#376 = ORIENTED_EDGE ( 'NONE', *, *, #1142, .T. ) ;
#377 = CARTESIAN_POINT ( 'NONE',  ( 69.50000000000002842, -80.50000000000000000, 2.000000000000000000 ) ) ;
#378 = EDGE_CURVE ( 'NONE', #89, #311, #714, .T. ) ;
#379 = AXIS2_PLACEMENT_3D ( 'NONE', #1530, #1259, #1277 ) ;
#380 = ORIENTED_EDGE ( 'NONE', *, *, #1072, .F. ) ;
#381 = CARTESIAN_POINT ( 'NONE',  ( 0.000000000000000000, 0.000000000000000000, 2.000000000000000000 ) ) ;
#382 = DIRECTION ( 'NONE',  ( 0.000000000000000000, -0.000000000000000000, -1.000000000000000000 ) ) ;
#383 = PLANE ( 'NONE',  #171 ) ;
#384 = EDGE_CURVE ( 'NONE', #1095, #626, #1188, .T. ) ;
#385 = ADVANCED_FACE ( 'NONE', ( #450 ), #1314, .T. ) ;
#386 = ORIENTED_EDGE ( 'NONE', *, *, #753, .T. ) ;
#387 = DIRECTION ( 'NONE',  ( -0.000000000000000000, 0.000000000000000000, 1.000000000000000000 ) ) ;
#388 = DIRECTION ( 'NONE',  ( -0.000000000000000000, 1.000000000000000000, -0.000000000000000000 ) ) ;
#389 = ORIENTED_EDGE ( 'NONE', *, *, #1243, .T. ) ;
#390 = CARTESIAN_POINT ( 'NONE',  ( 1.000000000000000000, 0.000000000000000000, 0.000000000000000000 ) ) ;
#391 = LINE ( 'NONE', #766, #1392 ) ;
#392 = AXIS2_PLACEMENT_3D ( 'NONE', #55, #567, #185 ) ;
#393 = ORIENTED_EDGE ( 'NONE', *, *, #1080, .T. ) ;
#394 = CARTESIAN_POINT ( 'NONE',  ( 6.499999999999999112, -3.500000000000000000, 8.500000000000000000 ) ) ;
#395 = ADVANCED_FACE ( 'NONE', ( #198 ), #825, .F. ) ;
#396 = FACE_BOUND ( 'NONE', #838, .T. ) ;
#397 = VERTEX_POINT ( 'NONE', #1200 ) ;
#398 = CARTESIAN_POINT ( 'NONE',  ( 2.500000000000011102, -47.00000000000000000, 4.999999999999985789 ) ) ;
#399 =( NAMED_UNIT ( * ) PLANE_ANGLE_UNIT ( ) SI_UNIT ( $, .RADIAN. ) );
#400 = DIRECTION ( 'NONE',  ( -0.000000000000000000, -0.000000000000000000, 1.000000000000000000 ) ) ;
#401 = ORIENTED_EDGE ( 'NONE', *, *, #1424, .T. ) ;
#402 = VECTOR ( 'NONE', #599, 1000.000000000000000 ) ;
#403 = CARTESIAN_POINT ( 'NONE',  ( 73.00000000000000000, -2.000000000000000000, 1.000000000000000000 ) ) ;
#404 = ORIENTED_EDGE ( 'NONE', *, *, #496, .T. ) ;
#405 = EDGE_CURVE ( 'NONE', #52, #751, #830, .T. ) ;
#406 = FACE_OUTER_BOUND ( 'NONE', #252, .T. ) ;
#407 = ORIENTED_EDGE ( 'NONE', *, *, #1013, .T. ) ;
#408 = DIRECTION ( 'NONE',  ( 0.8944271909999134129, 0.000000000000000000, 0.4472135954999629792 ) ) ;
#409 = DIRECTION ( 'NONE',  ( -0.000000000000000000, -0.000000000000000000, -1.000000000000000000 ) ) ;
#410 = AXIS2_PLACEMENT_3D ( 'NONE', #816, #712, #1296 ) ;
#411 = ORIENTED_EDGE ( 'NONE', *, *, #528, .F. ) ;
#412 = PLANE ( 'NONE',  #928 ) ;
#413 = VERTEX_POINT ( 'NONE', #339 ) ;
#414 = DIRECTION ( 'NONE',  ( -0.000000000000000000, 0.000000000000000000, 1.000000000000000000 ) ) ;
#415 = EDGE_LOOP ( 'NONE', ( #331, #230, #593, #569 ) ) ;
#416 = CARTESIAN_POINT ( 'NONE',  ( 6.500000000000007105, -78.50000000000000000, 2.000000000000000000 ) ) ;
#417 = EDGE_CURVE ( 'NONE', #832, #302, #1326, .T. ) ;
#418 =( LENGTH_UNIT ( ) NAMED_UNIT ( * ) SI_UNIT ( .MILLI., .METRE. ) );
#419 = LINE ( 'NONE', #31, #491 ) ;
#420 = ORIENTED_EDGE ( 'NONE', *, *, #834, .F. ) ;
#421 = CIRCLE ( 'NONE', #128, 1.000000000000000888 ) ;
#422 = CARTESIAN_POINT ( 'NONE',  ( 73.50000000000001421, -37.00000000000000000, 5.999999999999998224 ) ) ;
#423 = ORIENTED_EDGE ( 'NONE', *, *, #264, .F. ) ;
#424 = CYLINDRICAL_SURFACE ( 'NONE', #967, 1.000000000000000000 ) ;
#425 = DIRECTION ( 'NONE',  ( -1.000000000000000000, 0.000000000000000000, 0.000000000000000000 ) ) ;
#426 = ORIENTED_EDGE ( 'NONE', *, *, #1271, .F. ) ;
#427 = CARTESIAN_POINT ( 'NONE',  ( 73.00000000000000000, -80.00000000000000000, 8.500000000000000000 ) ) ;
#428 = ORIENTED_EDGE ( 'NONE', *, *, #945, .T. ) ;
#429 = EDGE_CURVE ( 'NONE', #1376, #860, #87, .T. ) ;
#430 = DIRECTION ( 'NONE',  ( -1.000000000000000000, 0.000000000000000000, 0.000000000000000000 ) ) ;
#431 = CARTESIAN_POINT ( 'NONE',  ( 2.500000000000009326, -39.00000000000000000, 4.999999999999984013 ) ) ;
#432 = EDGE_CURVE ( 'NONE', #1481, #1156, #462, .T. ) ;
#433 = ORIENTED_EDGE ( 'NONE', *, *, #1567, .T. ) ;
#434 = EDGE_CURVE ( 'NONE', #1579, #183, #837, .T. ) ;
#435 = PLANE ( 'NONE',  #348 ) ;
#436 = EDGE_LOOP ( 'NONE', ( #1136, #868, #880, #319 ) ) ;
#437 = CARTESIAN_POINT ( 'NONE',  ( 2.000000000000000000, 0.000000000000000000, 2.000000000000000000 ) ) ;
#438 = CARTESIAN_POINT ( 'NONE',  ( 71.00000000000002842, -82.00000000000000000, 3.500000000000000000 ) ) ;
#439 = ORIENTED_EDGE ( 'NONE', *, *, #328, .T. ) ;
#440 = LINE ( 'NONE', #83, #116 ) ;
#441 = ADVANCED_FACE ( 'NONE', ( #122 ), #845, .F. ) ;
#442 = VECTOR ( 'NONE', #1003, 1000.000000000000000 ) ;
#443 = ORIENTED_EDGE ( 'NONE', *, *, #1558, .F. ) ;
#444 = CARTESIAN_POINT ( 'NONE',  ( 73.00000000000002842, -80.00000000000000000, 3.500000000000000000 ) ) ;
#445 = CARTESIAN_POINT ( 'NONE',  ( 5.000000000000020428, -80.00000000000000000, 2.000000000000000000 ) ) ;
#446 = CARTESIAN_POINT ( 'NONE',  ( 5.000000000000020428, -82.00000000000000000, 3.500000000000000000 ) ) ;
#447 = EDGE_CURVE ( 'NONE', #179, #751, #755, .T. ) ;
#448 = ORIENTED_EDGE ( 'NONE', *, *, #91, .T. ) ;
#449 = VECTOR ( 'NONE', #352, 1000.000000000000000 ) ;
#450 = FACE_OUTER_BOUND ( 'NONE', #1057, .T. ) ;
#451 = DIRECTION ( 'NONE',  ( -0.000000000000000000, 0.000000000000000000, -1.000000000000000000 ) ) ;
#452 = VECTOR ( 'NONE', #1108, 1000.000000000000000 ) ;
#453 = ADVANCED_FACE ( 'NONE', ( #1502 ), #200, .T. ) ;
#454 = VECTOR ( 'NONE', #570, 1000.000000000000000 ) ;
#455 = CYLINDRICAL_SURFACE ( 'NONE', #146, 2.000000000000000000 ) ;
#456 = ORIENTED_EDGE ( 'NONE', *, *, #1089, .F. ) ;
#457 = CARTESIAN_POINT ( 'NONE',  ( 75.00000000000000000, 0.000000000000000000, 2.000000000000000000 ) ) ;
#458 = EDGE_CURVE ( 'NONE', #413, #542, #237, .T. ) ;
#459 = DIRECTION ( 'NONE',  ( -1.000000000000000000, 0.000000000000000000, 0.000000000000000000 ) ) ;
#460 = DIRECTION ( 'NONE',  ( -1.000000000000000000, 0.000000000000000000, -3.469446951953614189E-15 ) ) ;
#461 = ORIENTED_EDGE ( 'NONE', *, *, #990, .F. ) ;
#462 = LINE ( 'NONE', #1464, #1267 ) ;
#463 = CIRCLE ( 'NONE', #260, 2.000000000000001776 ) ;
#464 = ORIENTED_EDGE ( 'NONE', *, *, #1192, .T. ) ;
#465 = EDGE_CURVE ( 'NONE', #1172, #769, #1341, .T. ) ;
#466 = PLANE ( 'NONE',  #1287 ) ;
#467 = EDGE_LOOP ( 'NONE', ( #1050, #664, #863, #244 ) ) ;
#468 = DIRECTION ( 'NONE',  ( -0.000000000000000000, -0.000000000000000000, 1.000000000000000000 ) ) ;
#469 = ORIENTED_EDGE ( 'NONE', *, *, #169, .T. ) ;
#470 = VECTOR ( 'NONE', #479, 1000.000000000000000 ) ;
#471 = FACE_OUTER_BOUND ( 'NONE', #747, .T. ) ;
#472 = DIRECTION ( 'NONE',  ( -1.000000000000000000, 0.000000000000000000, 0.000000000000000000 ) ) ;
#473 = CARTESIAN_POINT ( 'NONE',  ( 2.000000000000000000, -84.00000000000000000, 1.000000000000000000 ) ) ;
#474 = DIRECTION ( 'NONE',  ( -3.469446951953614189E-15, 0.000000000000000000, 1.000000000000000000 ) ) ;
#475 = AXIS2_PLACEMENT_3D ( 'NONE', #1211, #1227, #1088 ) ;
#476 = EDGE_CURVE ( 'NONE', #246, #1458, #1104, .T. ) ;
#477 = VECTOR ( 'NONE', #1033, 1000.000000000000000 ) ;
#478 = VERTEX_POINT ( 'NONE', #377 ) ;
#479 = DIRECTION ( 'NONE',  ( -3.304235192336776005E-16, 1.000000000000000000, 0.000000000000000000 ) ) ;
#480 = ORIENTED_EDGE ( 'NONE', *, *, #486, .F. ) ;
#481 = DIRECTION ( 'NONE',  ( -0.000000000000000000, 0.000000000000000000, 1.000000000000000000 ) ) ;
#482 = DIRECTION ( 'NONE',  ( 0.000000000000000000, -1.000000000000000000, 0.000000000000000000 ) ) ;
#483 = LINE ( 'NONE', #1338, #1553 ) ;
#484 = PLANE ( 'NONE',  #1155 ) ;
#485 = EDGE_LOOP ( 'NONE', ( #214, #280, #602, #606 ) ) ;
#486 = EDGE_CURVE ( 'NONE', #1510, #1172, #1608, .T. ) ;
#487 = DIRECTION ( 'NONE',  ( -1.000000000000000000, 0.000000000000000000, 0.000000000000000000 ) ) ;
#488 = VERTEX_POINT ( 'NONE', #1119 ) ;
#489 = LINE ( 'NONE', #1256, #1329 ) ;
#490 = SURFACE_SIDE_STYLE ('',( #98 ) ) ;
#491 = VECTOR ( 'NONE', #1402, 1000.000000000000000 ) ;
#492 = DIRECTION ( 'NONE',  ( 1.000000000000000000, 0.000000000000000000, 0.000000000000000000 ) ) ;
#493 = LINE ( 'NONE', #996, #671 ) ;
#494 = VERTEX_POINT ( 'NONE', #112 ) ;
#495 = LINE ( 'NONE', #1472, #270 ) ;
#496 = EDGE_CURVE ( 'NONE', #1359, #829, #495, .T. ) ;
#497 = VERTEX_POINT ( 'NONE', #221 ) ;
#498 = FACE_OUTER_BOUND ( 'NONE', #306, .T. ) ;
#499 = ADVANCED_FACE ( 'NONE', ( #852 ), #358, .F. ) ;
#500 = VECTOR ( 'NONE', #883, 1000.000000000000000 ) ;
#501 = CYLINDRICAL_SURFACE ( 'NONE', #233, 2.000000000000000000 ) ;
#502 = FACE_OUTER_BOUND ( 'NONE', #1263, .T. ) ;
#503 = VECTOR ( 'NONE', #618, 1000.000000000000000 ) ;
#504 = EDGE_LOOP ( 'NONE', ( #308, #926, #1441, #1596, #420, #1016, #443, #811 ) ) ;
#505 = CARTESIAN_POINT ( 'NONE',  ( 4.499999999999999112, -3.500000000000000000, 2.000000000000000000 ) ) ;
#506 = VERTEX_POINT ( 'NONE', #228 ) ;
#507 = DIRECTION ( 'NONE',  ( 0.000000000000000000, 0.000000000000000000, -1.000000000000000000 ) ) ;
#508 = VECTOR ( 'NONE', #897, 1000.000000000000000 ) ;
#509 = ORIENTED_EDGE ( 'NONE', *, *, #716, .F. ) ;
#510 = PLANE ( 'NONE',  #1147 ) ;
#511 = DIRECTION ( 'NONE',  ( 0.000000000000000000, -1.000000000000000000, 0.000000000000000000 ) ) ;
#512 = ORIENTED_EDGE ( 'NONE', *, *, #1008, .T. ) ;
#513 = DIRECTION ( 'NONE',  ( 0.000000000000000000, 0.000000000000000000, 1.000000000000000000 ) ) ;
#514 = ORIENTED_EDGE ( 'NONE', *, *, #315, .T. ) ;
#515 = CARTESIAN_POINT ( 'NONE',  ( 4.499999999999999112, -3.500000000000000000, 2.000000000000000000 ) ) ;
#516 = VERTEX_POINT ( 'NONE', #245 ) ;
#517 = DIRECTION ( 'NONE',  ( 1.000000000000000000, 0.000000000000000000, 0.000000000000000000 ) ) ;
#518 = PLANE ( 'NONE',  #1312 ) ;
#519 = STYLED_ITEM ( 'NONE', ( #1081 ), #1598 ) ;
#520 = EDGE_CURVE ( 'NONE', #131, #1376, #1233, .T. ) ;
#521 = EDGE_LOOP ( 'NONE', ( #584, #1494, #1413, #147, #1566, #222, #1463, #773 ) ) ;
#522 =( GEOMETRIC_REPRESENTATION_CONTEXT ( 3 ) GLOBAL_UNCERTAINTY_ASSIGNED_CONTEXT ( ( #138 ) ) GLOBAL_UNIT_ASSIGNED_CONTEXT ( ( #782, #399, #652 ) ) REPRESENTATION_CONTEXT ( 'NONE', 'WORKASPACE' ) );
#523 = CARTESIAN_POINT ( 'NONE',  ( 4.499999999999999112, -2.000000000000000000, 8.500000000000000000 ) ) ;
#524 = EDGE_LOOP ( 'NONE', ( #727, #411, #873, #1163, #342, #935 ) ) ;
#525 = DIRECTION ( 'NONE',  ( -0.000000000000000000, -0.000000000000000000, 1.000000000000000000 ) ) ;
#526 = ORIENTED_EDGE ( 'NONE', *, *, #1470, .F. ) ;
#527 = CARTESIAN_POINT ( 'NONE',  ( 3.000000000000008882, -39.00000000000000000, 4.000000000000000000 ) ) ;
#528 = EDGE_CURVE ( 'NONE', #932, #1423, #1242, .T. ) ;
#529 = DIRECTION ( 'NONE',  ( 0.000000000000000000, -0.000000000000000000, 1.000000000000000000 ) ) ;
#530 = DIRECTION ( 'NONE',  ( 1.000000000000000000, 0.000000000000000000, 0.000000000000000000 ) ) ;
#531 = AXIS2_PLACEMENT_3D ( 'NONE', #1504, #864, #1360 ) ;
#532 = VECTOR ( 'NONE', #1206, 1000.000000000000000 ) ;
#533 = DIRECTION ( 'NONE',  ( 0.000000000000000000, 1.000000000000000000, 0.000000000000000000 ) ) ;
#534 = CARTESIAN_POINT ( 'NONE',  ( 71.00000000000000000, -2.000000000000000000, 2.000000000000000000 ) ) ;
#535 = EDGE_CURVE ( 'NONE', #916, #1187, #95, .T. ) ;
#536 = ORIENTED_EDGE ( 'NONE', *, *, #1433, .F. ) ;
#537 = CARTESIAN_POINT ( 'NONE',  ( 2.000000000000000000, -2.000000000000000000, 2.000000000000000000 ) ) ;
#538 = AXIS2_PLACEMENT_3D ( 'NONE', #1516, #533, #18 ) ;
#539 = DIRECTION ( 'NONE',  ( -1.000000000000000000, -0.000000000000000000, -0.000000000000000000 ) ) ;
#540 = CARTESIAN_POINT ( 'NONE',  ( 2.499999999999998224, 6.830473686658673004E-16, 0.000000000000000000 ) ) ;
#541 = AXIS2_PLACEMENT_3D ( 'NONE', #57, #560, #1051 ) ;
#542 = VERTEX_POINT ( 'NONE', #1357 ) ;
#543 = AXIS2_PLACEMENT_3D ( 'NONE', #1270, #414, #20 ) ;
#544 = CARTESIAN_POINT ( 'NONE',  ( 2.000000000000000000, -84.00000000000000000, 2.000000000000000000 ) ) ;
#545 = EDGE_CURVE ( 'NONE', #64, #478, #988, .T. ) ;
#546 = ORIENTED_EDGE ( 'NONE', *, *, #1292, .F. ) ;
#547 = CYLINDRICAL_SURFACE ( 'NONE', #190, 1.000000000000000000 ) ;
#548 = VECTOR ( 'NONE', #1078, 1000.000000000000000 ) ;
#549 = FILL_AREA_STYLE_COLOUR ( '', #992 ) ;
#550 = ADVANCED_BREP_SHAPE_REPRESENTATION ( '零件2', ( #1598, #1490 ), #522 ) ;
#551 = CARTESIAN_POINT ( 'NONE',  ( 71.50000000000004263, -78.50000000000000000, 3.500000000000000000 ) ) ;
#552 = ORIENTED_EDGE ( 'NONE', *, *, #775, .F. ) ;
#553 = EDGE_CURVE ( 'NONE', #764, #506, #634, .T. ) ;
#554 = AXIS2_PLACEMENT_3D ( 'NONE', #1056, #1168, #1556 ) ;
#555 = CARTESIAN_POINT ( 'NONE',  ( 6.500000000000007105, -78.50000000000000000, 3.500000000000000000 ) ) ;
#556 = ORIENTED_EDGE ( 'NONE', *, *, #1417, .F. ) ;
#557 = CARTESIAN_POINT ( 'NONE',  ( 69.50000000000001421, -5.500000000000000000, 8.500000000000000000 ) ) ;
#558 = EDGE_CURVE ( 'NONE', #832, #1187, #1007, .T. ) ;
#559 = ORIENTED_EDGE ( 'NONE', *, *, #1253, .F. ) ;
#560 = DIRECTION ( 'NONE',  ( 0.000000000000000000, 1.000000000000000000, 0.000000000000000000 ) ) ;
#561 = ADVANCED_FACE ( 'NONE', ( #1085 ), #607, .T. ) ;
#562 = VECTOR ( 'NONE', #105, 1000.000000000000000 ) ;
#563 = VERTEX_POINT ( 'NONE', #1597 ) ;
#564 = CARTESIAN_POINT ( 'NONE',  ( 73.00000000000001421, -37.00000000000000000, 5.999999999999998224 ) ) ;
#565 = VERTEX_POINT ( 'NONE', #166 ) ;
#566 = VECTOR ( 'NONE', #511, 1000.000000000000000 ) ;
#567 = DIRECTION ( 'NONE',  ( 0.000000000000000000, 0.000000000000000000, -1.000000000000000000 ) ) ;
#568 = VECTOR ( 'NONE', #1132, 1000.000000000000000 ) ;
#569 = ORIENTED_EDGE ( 'NONE', *, *, #163, .T. ) ;
#570 = DIRECTION ( 'NONE',  ( -0.000000000000000000, 0.000000000000000000, -1.000000000000000000 ) ) ;
#571 = EDGE_LOOP ( 'NONE', ( #1127, #49, #1372, #1589 ) ) ;
#572 = CARTESIAN_POINT ( 'NONE',  ( 1.000000000000000000, -2.000000000000000000, 0.000000000000000000 ) ) ;
#573 = AXIS2_PLACEMENT_3D ( 'NONE', #998, #980, #1111 ) ;
#574 = CARTESIAN_POINT ( 'NONE',  ( 6.500000000000007105, -80.50000000000000000, 2.000000000000000000 ) ) ;
#575 = EDGE_CURVE ( 'NONE', #413, #707, #889, .T. ) ;
#576 = LINE ( 'NONE', #76, #278 ) ;
#577 = VERTEX_POINT ( 'NONE', #1161 ) ;
#578 = CLOSED_SHELL ( 'NONE', ( #1363, #1124, #441, #695, #1185, #120, #867, #395, #135, #955, #1075, #1121, #1295, #722, #359, #1550, #229, #43, #1422, #820, #655, #561, #930, #978, #1275, #767, #912, #1094, #1606, #1219, #1358, #182, #143, #1130, #1514, #242, #1240, #453, #1154, #1012, #385, #762, #1468, #88, #676, #1461, #1207, #741, #1534, #499, #950, #923 ) ) ;
#579 = LINE ( 'NONE', #812, #826 ) ;
#580 = DIRECTION ( 'NONE',  ( -0.000000000000000000, 0.000000000000000000, 1.000000000000000000 ) ) ;
#581 = CARTESIAN_POINT ( 'NONE',  ( 2.000000000000000000, -82.00000000000000000, 2.000000000000000000 ) ) ;
#582 = DIRECTION ( 'NONE',  ( 1.000000000000000000, 0.000000000000000000, 0.000000000000000000 ) ) ;
#583 = UNCERTAINTY_MEASURE_WITH_UNIT (LENGTH_MEASURE( 1.000000000000000082E-05 ), #418, 'distance_accuracy_value', 'NONE');
#584 = ORIENTED_EDGE ( 'NONE', *, *, #1450, .T. ) ;
#585 = EDGE_CURVE ( 'NONE', #506, #1023, #1459, .T. ) ;
#586 = AXIS2_PLACEMENT_3D ( 'NONE', #1290, #35, #1548 ) ;
#587 = CARTESIAN_POINT ( 'NONE',  ( 2.000000000000000000, -2.000000000000000000, 2.000000000000000000 ) ) ;
#588 = FACE_OUTER_BOUND ( 'NONE', #467, .T. ) ;
#589 = CARTESIAN_POINT ( 'NONE',  ( 33.00000000000000000, -1.500000000000000000, 4.000000000000000000 ) ) ;
#590 = ORIENTED_EDGE ( 'NONE', *, *, #1031, .F. ) ;
#591 = CARTESIAN_POINT ( 'NONE',  ( 4.500000000000007105, -78.50000000000000000, 2.000000000000000000 ) ) ;
#592 = EDGE_CURVE ( 'NONE', #86, #333, #688, .T. ) ;
#593 = ORIENTED_EDGE ( 'NONE', *, *, #1192, .F. ) ;
#594 = ORIENTED_EDGE ( 'NONE', *, *, #1008, .F. ) ;
#595 = CARTESIAN_POINT ( 'NONE',  ( 73.50000000000001421, -47.00000000000000000, 5.000000000000011546 ) ) ;
#596 = DIRECTION ( 'NONE',  ( 0.000000000000000000, -1.000000000000000000, 1.084202172485504434E-16 ) ) ;
#597 = EDGE_CURVE ( 'NONE', #626, #1510, #983, .T. ) ;
#598 = EDGE_LOOP ( 'NONE', ( #1035, #724, #1198, #737 ) ) ;
#599 = DIRECTION ( 'NONE',  ( -0.000000000000000000, -0.000000000000000000, -1.000000000000000000 ) ) ;
#600 = VECTOR ( 'NONE', #1028, 1000.000000000000000 ) ;
#601 = ORIENTED_EDGE ( 'NONE', *, *, #315, .F. ) ;
#602 = ORIENTED_EDGE ( 'NONE', *, *, #854, .F. ) ;
#603 = CARTESIAN_POINT ( 'NONE',  ( 73.50000000000001421, -37.00000000000000000, 5.999999999999998224 ) ) ;
#604 = DIRECTION ( 'NONE',  ( 0.000000000000000000, 0.000000000000000000, -1.000000000000000000 ) ) ;
#605 = CARTESIAN_POINT ( 'NONE',  ( 0.000000000000000000, -84.00000000000000000, 1.000000000000000000 ) ) ;
#606 = ORIENTED_EDGE ( 'NONE', *, *, #666, .F. ) ;
#607 = PLANE ( 'NONE',  #1165 ) ;
#608 = CIRCLE ( 'NONE', #109, 2.000000000000001776 ) ;
#609 = VERTEX_POINT ( 'NONE', #1533 ) ;
#610 = FACE_OUTER_BOUND ( 'NONE', #521, .T. ) ;
#611 = CARTESIAN_POINT ( 'NONE',  ( 73.50000000000001421, -47.00000000000000000, 5.000000000000011546 ) ) ;
#612 = DIRECTION ( 'NONE',  ( 1.734723475976807094E-16, -1.000000000000000000, 0.000000000000000000 ) ) ;
#613 = CARTESIAN_POINT ( 'NONE',  ( 0.000000000000000000, 0.000000000000000000, 2.000000000000000000 ) ) ;
#614 = CIRCLE ( 'NONE', #1073, 2.000000000000000000 ) ;
#615 = AXIS2_PLACEMENT_3D ( 'NONE', #209, #1439, #828 ) ;
#616 = ORIENTED_EDGE ( 'NONE', *, *, #3, .T. ) ;
#617 = VERTEX_POINT ( 'NONE', #33 ) ;
#618 = DIRECTION ( 'NONE',  ( 0.000000000000000000, 0.000000000000000000, -1.000000000000000000 ) ) ;
#619 = PLANE ( 'NONE',  #853 ) ;
#620 = CARTESIAN_POINT ( 'NONE',  ( -0.000000000000000000, -1.000000000000000000, 0.000000000000000000 ) ) ;
#621 = PLANE ( 'NONE',  #1032 ) ;
#622 = EDGE_CURVE ( 'NONE', #179, #26, #1144, .T. ) ;
#623 = ORIENTED_EDGE ( 'NONE', *, *, #990, .T. ) ;
#624 = CARTESIAN_POINT ( 'NONE',  ( 0.000000000000000000, 0.000000000000000000, 2.000000000000000000 ) ) ;
#625 = VECTOR ( 'NONE', #1415, 1000.000000000000000 ) ;
#626 = VERTEX_POINT ( 'NONE', #1017 ) ;
#627 = DIRECTION ( 'NONE',  ( 1.000000000000000000, 0.000000000000000000, 0.000000000000000000 ) ) ;
#628 = DIRECTION ( 'NONE',  ( 0.000000000000000000, 0.000000000000000000, -1.000000000000000000 ) ) ;
#629 = CIRCLE ( 'NONE', #885, 2.000000000000000000 ) ;
#630 = FACE_OUTER_BOUND ( 'NONE', #172, .T. ) ;
#631 = ORIENTED_EDGE ( 'NONE', *, *, #1162, .F. ) ;
#632 = LINE ( 'NONE', #1480, #1449 ) ;
#633 = VERTEX_POINT ( 'NONE', #534 ) ;
#634 = LINE ( 'NONE', #12, #1309 ) ;
#635 = EDGE_CURVE ( 'NONE', #1510, #685, #1539, .T. ) ;
#636 = EDGE_LOOP ( 'NONE', ( #19, #1293, #546, #723 ) ) ;
#637 = CARTESIAN_POINT ( 'NONE',  ( 4.500000000000007105, -78.50000000000000000, 2.000000000000000000 ) ) ;
#638 = DIRECTION ( 'NONE',  ( 1.000000000000000000, 0.000000000000000000, 0.000000000000000000 ) ) ;
#639 = DIRECTION ( 'NONE',  ( 1.000000000000000000, 0.000000000000000000, 0.000000000000000000 ) ) ;
#640 = ORIENTED_EDGE ( 'NONE', *, *, #1573, .T. ) ;
#641 = CARTESIAN_POINT ( 'NONE',  ( 75.00000000000000000, -1.999999999999999112, 2.000000000000000000 ) ) ;
#642 = CARTESIAN_POINT ( 'NONE',  ( 71.00000000000000000, -4.000000000000000000, 8.500000000000000000 ) ) ;
#643 = CIRCLE ( 'NONE', #194, 1.000000000000000000 ) ;
#644 = ORIENTED_EDGE ( 'NONE', *, *, #429, .F. ) ;
#645 = DIRECTION ( 'NONE',  ( -0.000000000000000000, 0.000000000000000000, 1.000000000000000000 ) ) ;
#646 = FACE_OUTER_BOUND ( 'NONE', #1009, .T. ) ;
#647 = DIRECTION ( 'NONE',  ( 1.000000000000000000, 0.000000000000000000, 0.000000000000000000 ) ) ;
#648 = DIRECTION ( 'NONE',  ( 1.000000000000000000, 0.000000000000000000, 0.000000000000000000 ) ) ;
#649 = CARTESIAN_POINT ( 'NONE',  ( 73.00000000000000000, -2.000000000000000000, 3.500000000000000000 ) ) ;
#650 = ORIENTED_EDGE ( 'NONE', *, *, #370, .T. ) ;
#651 = CARTESIAN_POINT ( 'NONE',  ( 69.50000000000002842, -78.50000000000000000, 2.000000000000000000 ) ) ;
#652 =( NAMED_UNIT ( * ) SI_UNIT ( $, .STERADIAN. ) SOLID_ANGLE_UNIT ( ) );
#653 = CARTESIAN_POINT ( 'NONE',  ( 3.000000000000004885, -47.00000000000000000, 8.500000000000000000 ) ) ;
#654 = VECTOR ( 'NONE', #409, 1000.000000000000000 ) ;
#655 = ADVANCED_FACE ( 'NONE', ( #406 ), #1407, .F. ) ;
#656 = ORIENTED_EDGE ( 'NONE', *, *, #298, .F. ) ;
#657 = PRESENTATION_LAYER_ASSIGNMENT (  '', '', ( #293 ) ) ;
#658 = CARTESIAN_POINT ( 'NONE',  ( 33.00000000000000000, -1.500000000000000000, 4.000000000000000000 ) ) ;
#659 = CARTESIAN_POINT ( 'NONE',  ( 43.00000000000000000, -1.500000000000000000, 4.000000000000000000 ) ) ;
#660 = ORIENTED_EDGE ( 'NONE', *, *, #1401, .T. ) ;
#661 = DIRECTION ( 'NONE',  ( -1.000000000000000000, 0.000000000000000000, 0.000000000000000000 ) ) ;
#662 = DIRECTION ( 'NONE',  ( 1.000000000000000000, 0.000000000000000000, 0.000000000000000000 ) ) ;
#663 = VECTOR ( 'NONE', #765, 1000.000000000000000 ) ;
#664 = ORIENTED_EDGE ( 'NONE', *, *, #378, .F. ) ;
#665 = CARTESIAN_POINT ( 'NONE',  ( 6.499999999999999112, -5.500000000000000000, 8.500000000000000000 ) ) ;
#666 = EDGE_CURVE ( 'NONE', #764, #1343, #917, .T. ) ;
#667 = ORIENTED_EDGE ( 'NONE', *, *, #622, .T. ) ;
#668 = PLANE ( 'NONE',  #1055 ) ;
#669 = ORIENTED_EDGE ( 'NONE', *, *, #1319, .T. ) ;
#670 = DIRECTION ( 'NONE',  ( 2.710505431213761085E-16, -1.000000000000000000, 1.084202172485504434E-16 ) ) ;
#671 = VECTOR ( 'NONE', #375, 1000.000000000000000 ) ;
#672 = APPLICATION_PROTOCOL_DEFINITION ( 'draft international standard', 'automotive_design', 1998, #1456 ) ;
#673 = CARTESIAN_POINT ( 'NONE',  ( 4.499999999999999112, -47.00000000000000000, 8.500000000000000000 ) ) ;
#674 = AXIS2_PLACEMENT_3D ( 'NONE', #1595, #1347, #1462 ) ;
#675 = VERTEX_POINT ( 'NONE', #544 ) ;
#676 = ADVANCED_FACE ( 'NONE', ( #301 ), #881, .T. ) ;
#677 = DIRECTION ( 'NONE',  ( -1.000000000000000000, 0.000000000000000000, 0.000000000000000000 ) ) ;
#678 = ORIENTED_EDGE ( 'NONE', *, *, #292, .T. ) ;
#679 = EDGE_CURVE ( 'NONE', #1249, #45, #1518, .T. ) ;
#680 = DIRECTION ( 'NONE',  ( 1.000000000000000000, -0.000000000000000000, 0.000000000000000000 ) ) ;
#681 = DIRECTION ( 'NONE',  ( -1.000000000000000000, 0.000000000000000000, 0.000000000000000000 ) ) ;
#682 = ORIENTED_EDGE ( 'NONE', *, *, #1371, .F. ) ;
#683 = CIRCLE ( 'NONE', #884, 1.000000000000000000 ) ;
#684 = DIRECTION ( 'NONE',  ( 3.469446951953614189E-15, -0.000000000000000000, -1.000000000000000000 ) ) ;
#685 = VERTEX_POINT ( 'NONE', #788 ) ;
#686 = DIRECTION ( 'NONE',  ( -0.000000000000000000, -0.000000000000000000, 1.000000000000000000 ) ) ;
#687 = EDGE_CURVE ( 'NONE', #360, #1110, #899, .T. ) ;
#688 = CIRCLE ( 'NONE', #187, 2.000000000000000000 ) ;
#689 = LINE ( 'NONE', #81, #915 ) ;
#690 = ORIENTED_EDGE ( 'NONE', *, *, #810, .T. ) ;
#691 = CIRCLE ( 'NONE', #1593, 2.000000000000001776 ) ;
#692 = LINE ( 'NONE', #67, #454 ) ;
#693 = ORIENTED_EDGE ( 'NONE', *, *, #208, .F. ) ;
#694 = DIRECTION ( 'NONE',  ( -0.000000000000000000, -0.000000000000000000, -1.000000000000000000 ) ) ;
#695 = ADVANCED_FACE ( 'NONE', ( #1524, #396 ), #796, .F. ) ;
#696 = TOROIDAL_SURFACE ( 'NONE', #799, 1.000000000000000000, 1.000000000000000000 ) ;
#697 = CARTESIAN_POINT ( 'NONE',  ( 73.50000000000001421, -47.00000000000000000, 5.999999999999998224 ) ) ;
#698 = AXIS2_PLACEMENT_3D ( 'NONE', #422, #173, #291 ) ;
#699 = CARTESIAN_POINT ( 'NONE',  ( 75.00000000000000000, -1.999999999999999112, 1.000000000000000000 ) ) ;
#700 = EDGE_LOOP ( 'NONE', ( #366, #469, #960, #1388, #1181, #159, #1113, #1133, #136, #669, #1209, #39 ) ) ;
#701 = CARTESIAN_POINT ( 'NONE',  ( 4.499999999999999112, -3.500000000000000000, 3.500000000000000000 ) ) ;
#702 = PLANE ( 'NONE',  #54 ) ;
#703 = CARTESIAN_POINT ( 'NONE',  ( 73.00000000000000000, -2.000000000000000000, 2.000000000000000000 ) ) ;
#704 = EDGE_CURVE ( 'NONE', #1547, #908, #139, .T. ) ;
#705 = CARTESIAN_POINT ( 'NONE',  ( 33.00000000000000000, -1.500000000000000000, 4.000000000000000000 ) ) ;
#706 = CIRCLE ( 'NONE', #1542, 2.000000000000001776 ) ;
#707 = VERTEX_POINT ( 'NONE', #1252 ) ;
#708 = LINE ( 'NONE', #437, #1294 ) ;
#709 = FACE_OUTER_BOUND ( 'NONE', #1557, .T. ) ;
#710 = ORIENTED_EDGE ( 'NONE', *, *, #48, .F. ) ;
#711 = DIRECTION ( 'NONE',  ( -1.000000000000000000, -3.469446951953613696E-16, 0.000000000000000000 ) ) ;
#712 = DIRECTION ( 'NONE',  ( 4.336808689942013299E-16, -1.000000000000000000, 0.000000000000000000 ) ) ;
#713 = ORIENTED_EDGE ( 'NONE', *, *, #553, .F. ) ;
#714 = LINE ( 'NONE', #321, #1512 ) ;
#715 = ORIENTED_EDGE ( 'NONE', *, *, #1307, .T. ) ;
#716 = EDGE_CURVE ( 'NONE', #1187, #488, #1183, .T. ) ;
#717 = VECTOR ( 'NONE', #1231, 1000.000000000000000 ) ;
#718 = CARTESIAN_POINT ( 'NONE',  ( 43.00000000000000000, -1.500000000000000000, 4.000000000000000000 ) ) ;
#719 = EDGE_CURVE ( 'NONE', #1245, #154, #779, .T. ) ;
#720 = ORIENTED_EDGE ( 'NONE', *, *, #328, .F. ) ;
#721 = CARTESIAN_POINT ( 'NONE',  ( 5.000000000000000000, -2.000000000000000000, 3.500000000000000000 ) ) ;
#722 = ADVANCED_FACE ( 'NONE', ( #1279 ), #668, .F. ) ;
#723 = ORIENTED_EDGE ( 'NONE', *, *, #284, .T. ) ;
#724 = ORIENTED_EDGE ( 'NONE', *, *, #877, .F. ) ;
#725 = CARTESIAN_POINT ( 'NONE',  ( 3.000000000000019984, -82.00000000000000000, 3.500000000000000000 ) ) ;
#726 = CARTESIAN_POINT ( 'NONE',  ( 6.499999999999999112, -5.500000000000000000, 2.000000000000000000 ) ) ;
#727 = ORIENTED_EDGE ( 'NONE', *, *, #71, .F. ) ;
#728 = DIRECTION ( 'NONE',  ( -1.802310104910968394E-16, 1.000000000000000000, -0.000000000000000000 ) ) ;
#729 = EDGE_LOOP ( 'NONE', ( #1105, #1519, #96, #1070 ) ) ;
#730 = CARTESIAN_POINT ( 'NONE',  ( 43.00000000000000000, -1.500000000000059730, 5.000000000000104805 ) ) ;
#731 = LINE ( 'NONE', #603, #959 ) ;
#732 = DIRECTION ( 'NONE',  ( 2.710505431213761085E-16, -1.000000000000000000, 3.252606517456513302E-16 ) ) ;
#733 = CARTESIAN_POINT ( 'NONE',  ( 2.500000000000008882, -39.00000000000000000, 4.000000000000000000 ) ) ;
#734 = VERTEX_POINT ( 'NONE', #446 ) ;
#735 = DIRECTION ( 'NONE',  ( -1.000000000000000000, -0.000000000000000000, -0.000000000000000000 ) ) ;
#736 = AXIS2_PLACEMENT_3D ( 'NONE', #168, #1527, #295 ) ;
#737 = ORIENTED_EDGE ( 'NONE', *, *, #447, .F. ) ;
#738 = ORIENTED_EDGE ( 'NONE', *, *, #831, .T. ) ;
#739 = CARTESIAN_POINT ( 'NONE',  ( 1.000000000000000000, 0.000000000000000000, 1.000000000000000000 ) ) ;
#740 = LINE ( 'NONE', #620, #452 ) ;
#741 = ADVANCED_FACE ( 'NONE', ( #1569 ), #455, .T. ) ;
#742 = CARTESIAN_POINT ( 'NONE',  ( 2.500000000000008882, -39.00000000000000000, 4.000000000000000000 ) ) ;
#743 = VECTOR ( 'NONE', #1143, 1000.000000000000000 ) ;
#744 = AXIS2_PLACEMENT_3D ( 'NONE', #909, #1038, #157 ) ;
#745 = ORIENTED_EDGE ( 'NONE', *, *, #965, .T. ) ;
#746 = CARTESIAN_POINT ( 'NONE',  ( 4.499999999999999112, -5.500000000000000000, 8.500000000000000000 ) ) ;
#747 = EDGE_LOOP ( 'NONE', ( #254, #1084, #1466, #1434 ) ) ;
#748 = LINE ( 'NONE', #730, #449 ) ;
#749 = DIRECTION ( 'NONE',  ( 1.000000000000000000, 0.000000000000000000, 0.000000000000000000 ) ) ;
#750 = CARTESIAN_POINT ( 'NONE',  ( 73.00000000000000000, -1.000000000000000000, 1.000000000000000000 ) ) ;
#751 = VERTEX_POINT ( 'NONE', #196 ) ;
#752 = LINE ( 'NONE', #605, #1006 ) ;
#753 = EDGE_CURVE ( 'NONE', #238, #154, #576, .T. ) ;
#754 = ORIENTED_EDGE ( 'NONE', *, *, #1236, .F. ) ;
#755 = LINE ( 'NONE', #746, #907 ) ;
#756 = ORIENTED_EDGE ( 'NONE', *, *, #458, .F. ) ;
#757 = LINE ( 'NONE', #1590, #320 ) ;
#758 = SURFACE_STYLE_FILL_AREA ( #776 ) ;
#759 = AXIS2_PLACEMENT_3D ( 'NONE', #739, #984, #353 ) ;
#760 = FACE_OUTER_BOUND ( 'NONE', #1251, .T. ) ;
#761 = LINE ( 'NONE', #1015, #305 ) ;
#762 = ADVANCED_FACE ( 'NONE', ( #318 ), #900, .T. ) ;
#763 = CARTESIAN_POINT ( 'NONE',  ( 75.00000000000000000, 0.000000000000000000, 2.000000000000000000 ) ) ;
#764 = VERTEX_POINT ( 'NONE', #1186 ) ;
#765 = DIRECTION ( 'NONE',  ( 3.469446951953614189E-15, -0.000000000000000000, -1.000000000000000000 ) ) ;
#766 = CARTESIAN_POINT ( 'NONE',  ( 33.00000000000000000, -2.000000000000000000, 6.000000000000000000 ) ) ;
#767 = ADVANCED_FACE ( 'NONE', ( #72 ), #1304, .F. ) ;
#768 = LINE ( 'NONE', #505, #743 ) ;
#769 = VERTEX_POINT ( 'NONE', #699 ) ;
#770 = AXIS2_PLACEMENT_3D ( 'NONE', #10, #888, #1383 ) ;
#771 = DIRECTION ( 'NONE',  ( 0.000000000000000000, -0.000000000000000000, -1.000000000000000000 ) ) ;
#772 = VECTOR ( 'NONE', #281, 1000.000000000000000 ) ;
#773 = ORIENTED_EDGE ( 'NONE', *, *, #1507, .F. ) ;
#774 = DIRECTION ( 'NONE',  ( 0.000000000000000000, -0.000000000000000000, -1.000000000000000000 ) ) ;
#775 = EDGE_CURVE ( 'NONE', #111, #769, #248, .T. ) ;
#776 = FILL_AREA_STYLE ('',( #549 ) ) ;
#777 = FACE_OUTER_BOUND ( 'NONE', #259, .T. ) ;
#778 = DIRECTION ( 'NONE',  ( 1.000000000000000000, 0.000000000000000000, 0.000000000000000000 ) ) ;
#779 = LINE ( 'NONE', #659, #568 ) ;
#780 = VERTEX_POINT ( 'NONE', #1064 ) ;
#781 = CARTESIAN_POINT ( 'NONE',  ( 2.000000000000000000, -1.000000000000000000, 1.000000000000000000 ) ) ;
#782 =( LENGTH_UNIT ( ) NAMED_UNIT ( * ) SI_UNIT ( .MILLI., .METRE. ) );
#783 = PLANE ( 'NONE',  #1410 ) ;
#784 = AXIS2_PLACEMENT_3D ( 'NONE', #1486, #1107, #90 ) ;
#785 = ORIENTED_EDGE ( 'NONE', *, *, #91, .F. ) ;
#786 = LINE ( 'NONE', #1377, #1599 ) ;
#787 = EDGE_LOOP ( 'NONE', ( #189, #640, #710, #846 ) ) ;
#788 = CARTESIAN_POINT ( 'NONE',  ( 75.00000000000000000, -1.999999999999998224, 2.000000000000000000 ) ) ;
#789 = ORIENTED_EDGE ( 'NONE', *, *, #1384, .F. ) ;
#790 = EDGE_CURVE ( 'NONE', #577, #89, #1365, .T. ) ;
#791 = DIRECTION ( 'NONE',  ( 0.000000000000000000, 0.000000000000000000, -1.000000000000000000 ) ) ;
#792 = DIRECTION ( 'NONE',  ( 0.000000000000000000, -0.000000000000000000, -1.000000000000000000 ) ) ;
#793 = AXIS2_PLACEMENT_3D ( 'NONE', #537, #645, #927 ) ;
#794 = ORIENTED_EDGE ( 'NONE', *, *, #1573, .F. ) ;
#795 = EDGE_CURVE ( 'NONE', #908, #617, #1068, .T. ) ;
#796 = PLANE ( 'NONE',  #948 ) ;
#797 = ORIENTED_EDGE ( 'NONE', *, *, #1048, .T. ) ;
#798 = FACE_OUTER_BOUND ( 'NONE', #700, .T. ) ;
#799 = AXIS2_PLACEMENT_3D ( 'NONE', #403, #387, #1024 ) ;
#800 = CARTESIAN_POINT ( 'NONE',  ( 0.000000000000000000, -1.500000000000000000, 4.999999999999985789 ) ) ;
#801 = ORIENTED_EDGE ( 'NONE', *, *, #520, .F. ) ;
#802 = DIRECTION ( 'NONE',  ( 0.000000000000000000, -0.000000000000000000, -1.000000000000000000 ) ) ;
#803 = EDGE_LOOP ( 'NONE', ( #536, #1, #290, #389 ) ) ;
#804 = LINE ( 'NONE', #1027, #1091 ) ;
#805 = VECTOR ( 'NONE', #1061, 1000.000000000000000 ) ;
#806 = CARTESIAN_POINT ( 'NONE',  ( 71.50000000000002842, -5.500000000000000000, 2.000000000000000000 ) ) ;
#807 = ORIENTED_EDGE ( 'NONE', *, *, #1298, .F. ) ;
#808 = VECTOR ( 'NONE', #482, 1000.000000000000000 ) ;
#809 = PLANE ( 'NONE',  #541 ) ;
#810 = EDGE_CURVE ( 'NONE', #1245, #851, #201, .T. ) ;
#811 = ORIENTED_EDGE ( 'NONE', *, *, #1412, .T. ) ;
#812 = CARTESIAN_POINT ( 'NONE',  ( 73.50000000000001421, -47.00000000000000000, 5.000000000000004441 ) ) ;
#813 = DIRECTION ( 'NONE',  ( -0.000000000000000000, 0.000000000000000000, 1.000000000000000000 ) ) ;
#814 = VECTOR ( 'NONE', #1134, 999.9999999999998863 ) ;
#815 = VECTOR ( 'NONE', #130, 1000.000000000000000 ) ;
#816 = CARTESIAN_POINT ( 'NONE',  ( 74.00000000000000000, -1.999999999999999556, 1.000000000000000000 ) ) ;
#817 = EDGE_LOOP ( 'NONE', ( #556, #380, #1053, #1414 ) ) ;
#818 = DIRECTION ( 'NONE',  ( 1.000000000000000000, 0.000000000000000000, 0.000000000000000000 ) ) ;
#819 = CIRCLE ( 'NONE', #770, 2.000000000000000000 ) ;
#820 = ADVANCED_FACE ( 'NONE', ( #1324 ), #435, .F. ) ;
#821 = CARTESIAN_POINT ( 'NONE',  ( 5.000000000000000000, -2.000000000000000000, 8.500000000000000000 ) ) ;
#822 = VECTOR ( 'NONE', #1432, 1000.000000000000000 ) ;
#823 = DIRECTION ( 'NONE',  ( -1.802310104910968147E-16, 1.000000000000000000, 0.000000000000000000 ) ) ;
#824 = VERTEX_POINT ( 'NONE', #1197 ) ;
#825 = PLANE ( 'NONE',  #1403 ) ;
#826 = VECTOR ( 'NONE', #316, 999.9999999999998863 ) ;
#827 = LINE ( 'NONE', #1564, #1615 ) ;
#828 = DIRECTION ( 'NONE',  ( 0.000000000000000000, 0.000000000000000000, 1.000000000000000000 ) ) ;
#829 = VERTEX_POINT ( 'NONE', #942 ) ;
#830 = LINE ( 'NONE', #1182, #548 ) ;
#831 = EDGE_CURVE ( 'NONE', #111, #891, #440, .T. ) ;
#832 = VERTEX_POINT ( 'NONE', #427 ) ;
#833 = LINE ( 'NONE', #806, #1063 ) ;
#834 = EDGE_CURVE ( 'NONE', #302, #916, #925, .T. ) ;
#835 = DIRECTION ( 'NONE',  ( 0.000000000000000000, 0.000000000000000000, -1.000000000000000000 ) ) ;
#836 = EDGE_LOOP ( 'NONE', ( #1261, #1427, #656, #1369 ) ) ;
#837 = LINE ( 'NONE', #1054, #1014 ) ;
#838 = EDGE_LOOP ( 'NONE', ( #426, #644, #801, #807 ) ) ;
#839 = EDGE_LOOP ( 'NONE', ( #102, #1484, #1538, #660 ) ) ;
#840 = FACE_OUTER_BOUND ( 'NONE', #223, .T. ) ;
#841 = CIRCLE ( 'NONE', #936, 1.000000000000000000 ) ;
#842 = VECTOR ( 'NONE', #1353, 1000.000000000000000 ) ;
#843 = DIRECTION ( 'NONE',  ( -1.000000000000000000, -3.469446951953613696E-16, -0.000000000000000000 ) ) ;
#844 = ORIENTED_EDGE ( 'NONE', *, *, #901, .F. ) ;
#845 = PLANE ( 'NONE',  #573 ) ;
#846 = ORIENTED_EDGE ( 'NONE', *, *, #790, .T. ) ;
#847 = CARTESIAN_POINT ( 'NONE',  ( 71.00000000000002842, -80.00000000000000000, 3.500000000000000000 ) ) ;
#848 = CARTESIAN_POINT ( 'NONE',  ( 73.00000000000000000, -2.000000000000000000, 1.000000000000000000 ) ) ;
#849 = CYLINDRICAL_SURFACE ( 'NONE', #1336, 1.000000000000000888 ) ;
#850 = CARTESIAN_POINT ( 'NONE',  ( 71.00000000000002842, -82.00000000000000000, 2.000000000000000000 ) ) ;
#851 = VERTEX_POINT ( 'NONE', #312 ) ;
#852 = FACE_OUTER_BOUND ( 'NONE', #485, .T. ) ;
#853 = AXIS2_PLACEMENT_3D ( 'NONE', #296, #276, #529 ) ;
#854 = EDGE_CURVE ( 'NONE', #1343, #64, #1034, .T. ) ;
#855 = ORIENTED_EDGE ( 'NONE', *, *, #264, .T. ) ;
#856 = CARTESIAN_POINT ( 'NONE',  ( 69.50000000000002842, -80.50000000000000000, 3.500000000000000000 ) ) ;
#857 = CARTESIAN_POINT ( 'NONE',  ( 3.000000000000008882, -39.00000000000000000, 5.999999999999999112 ) ) ;
#858 = CARTESIAN_POINT ( 'NONE',  ( 2.499999999999998224, 2.309350627394114189E-15, 4.999999999999970690 ) ) ;
#859 = DIRECTION ( 'NONE',  ( 0.000000000000000000, 0.000000000000000000, -1.000000000000000000 ) ) ;
#860 = VERTEX_POINT ( 'NONE', #1193 ) ;
#861 = CARTESIAN_POINT ( 'NONE',  ( 75.00000000000000000, 0.000000000000000000, 1.000000000000000000 ) ) ;
#862 = TOROIDAL_SURFACE ( 'NONE', #8, 1.000000000000000000, 1.000000000000000000 ) ;
#863 = ORIENTED_EDGE ( 'NONE', *, *, #1323, .F. ) ;
#864 = DIRECTION ( 'NONE',  ( 1.000000000000000000, 0.000000000000000000, -0.000000000000000000 ) ) ;
#865 = DIRECTION ( 'NONE',  ( 1.000000000000000000, 0.000000000000000000, 0.000000000000000000 ) ) ;
#866 = CYLINDRICAL_SURFACE ( 'NONE', #1258, 2.000000000000001776 ) ;
#867 = ADVANCED_FACE ( 'NONE', ( #1171 ), #809, .F. ) ;
#868 = ORIENTED_EDGE ( 'NONE', *, *, #292, .F. ) ;
#869 = DIRECTION ( 'NONE',  ( 2.602085213965210642E-16, -1.000000000000000000, 0.000000000000000000 ) ) ;
#870 = CIRCLE ( 'NONE', #1552, 1.000000000000000000 ) ;
#871 = EDGE_LOOP ( 'NONE', ( #952, #962, #919, #1394 ) ) ;
#872 = CARTESIAN_POINT ( 'NONE',  ( 75.00000000000002842, -82.00000000000000000, 2.000000000000000000 ) ) ;
#873 = ORIENTED_EDGE ( 'NONE', *, *, #1477, .F. ) ;
#874 = CARTESIAN_POINT ( 'NONE',  ( 6.499999999999999112, -5.500000000000000000, 2.000000000000000000 ) ) ;
#875 = LINE ( 'NONE', #1603, #1300 ) ;
#876 = DIRECTION ( 'NONE',  ( -0.8944271909999160775, -9.697399036122173558E-17, 0.4472135954999576501 ) ) ;
#877 = EDGE_CURVE ( 'NONE', #1092, #1289, #692, .T. ) ;
#878 = ORIENTED_EDGE ( 'NONE', *, *, #704, .F. ) ;
#879 = LINE ( 'NONE', #137, #508 ) ;
#880 = ORIENTED_EDGE ( 'NONE', *, *, #592, .F. ) ;
#881 = CYLINDRICAL_SURFACE ( 'NONE', #744, 2.000000000000000000 ) ;
#882 = ORIENTED_EDGE ( 'NONE', *, *, #1041, .F. ) ;
#883 = DIRECTION ( 'NONE',  ( -0.000000000000000000, 1.000000000000000000, -0.000000000000000000 ) ) ;
#884 = AXIS2_PLACEMENT_3D ( 'NONE', #232, #749, #106 ) ;
#885 = AXIS2_PLACEMENT_3D ( 'NONE', #445, #75, #207 ) ;
#886 = DIRECTION ( 'NONE',  ( -1.000000000000000000, -2.710505431213761085E-16, 0.000000000000000000 ) ) ;
#887 = EDGE_LOOP ( 'NONE', ( #794, #991, #693, #175 ) ) ;
#888 = DIRECTION ( 'NONE',  ( 0.000000000000000000, -0.000000000000000000, -1.000000000000000000 ) ) ;
#889 = LINE ( 'NONE', #1385, #625 ) ;
#890 = EDGE_CURVE ( 'NONE', #1297, #780, #632, .T. ) ;
#891 = VERTEX_POINT ( 'NONE', #217 ) ;
#892 = DIRECTION ( 'NONE',  ( -0.000000000000000000, 0.000000000000000000, 1.000000000000000000 ) ) ;
#893 = VECTOR ( 'NONE', #176, 1000.000000000000000 ) ;
#894 = DIRECTION ( 'NONE',  ( 0.000000000000000000, -0.000000000000000000, -1.000000000000000000 ) ) ;
#895 = AXIS2_PLACEMENT_3D ( 'NONE', #253, #507, #487 ) ;
#896 = ORIENTED_EDGE ( 'NONE', *, *, #939, .F. ) ;
#897 = DIRECTION ( 'NONE',  ( 2.602085213965210642E-16, -1.000000000000000000, 0.000000000000000000 ) ) ;
#898 = AXIS2_PLACEMENT_3D ( 'NONE', #25, #906, #513 ) ;
#899 = LINE ( 'NONE', #1398, #41 ) ;
#900 = TOROIDAL_SURFACE ( 'NONE', #195, 1.000000000000000000, 1.000000000000000000 ) ;
#901 = EDGE_CURVE ( 'NONE', #577, #910, #1260, .T. ) ;
#902 = ORIENTED_EDGE ( 'NONE', *, *, #834, .T. ) ;
#903 = CARTESIAN_POINT ( 'NONE',  ( 4.499999999999999112, -5.500000000000000000, 2.000000000000000000 ) ) ;
#904 = FACE_OUTER_BOUND ( 'NONE', #803, .T. ) ;
#905 = VERTEX_POINT ( 'NONE', #1090 ) ;
#906 = DIRECTION ( 'NONE',  ( -1.000000000000000000, -0.000000000000000000, -0.000000000000000000 ) ) ;
#907 = VECTOR ( 'NONE', #350, 1000.000000000000000 ) ;
#908 = VERTEX_POINT ( 'NONE', #235 ) ;
#909 = CARTESIAN_POINT ( 'NONE',  ( 5.000000000000000000, -4.000000000000000000, 3.500000000000000000 ) ) ;
#910 = VERTEX_POINT ( 'NONE', #365 ) ;
#911 = LINE ( 'NONE', #527, #59 ) ;
#912 = ADVANCED_FACE ( 'NONE', ( #1605 ), #484, .F. ) ;
#913 = SURFACE_STYLE_USAGE ( .BOTH. , #30 ) ;
#914 = LINE ( 'NONE', #1544, #1364 ) ;
#915 = VECTOR ( 'NONE', #193, 1000.000000000000000 ) ;
#916 = VERTEX_POINT ( 'NONE', #1368 ) ;
#917 = LINE ( 'NONE', #1025, #66 ) ;
#918 = PRODUCT_DEFINITION ( '未知', '', #1301, #951 ) ;
#919 = ORIENTED_EDGE ( 'NONE', *, *, #84, .F. ) ;
#920 = CARTESIAN_POINT ( 'NONE',  ( 0.000000000000000000, -1.000000000000000000, 1.000000000000000000 ) ) ;
#921 = DIRECTION ( 'NONE',  ( 0.000000000000000000, 0.000000000000000000, 1.000000000000000000 ) ) ;
#922 = VECTOR ( 'NONE', #670, 1000.000000000000000 ) ;
#923 = ADVANCED_FACE ( 'NONE', ( #1586 ), #1109, .F. ) ;
#924 = ORIENTED_EDGE ( 'NONE', *, *, #77, .F. ) ;
#925 = LINE ( 'NONE', #1426, #1476 ) ;
#926 = ORIENTED_EDGE ( 'NONE', *, *, #1286, .T. ) ;
#927 = DIRECTION ( 'NONE',  ( 1.000000000000000000, 0.000000000000000000, 0.000000000000000000 ) ) ;
#928 = AXIS2_PLACEMENT_3D ( 'NONE', #658, #165, #1030 ) ;
#929 = ORIENTED_EDGE ( 'NONE', *, *, #84, .T. ) ;
#930 = ADVANCED_FACE ( 'NONE', ( #337 ), #1339, .F. ) ;
#931 = DIRECTION ( 'NONE',  ( -0.000000000000000000, 1.000000000000000000, -0.000000000000000000 ) ) ;
#932 = VERTEX_POINT ( 'NONE', #850 ) ;
#933 = CARTESIAN_POINT ( 'NONE',  ( 73.50000000000001421, -37.00000000000000000, 5.000000000000011546 ) ) ;
#934 = DIRECTION ( 'NONE',  ( -3.469446951953613696E-16, 1.000000000000000000, 0.000000000000000000 ) ) ;
#935 = ORIENTED_EDGE ( 'NONE', *, *, #679, .F. ) ;
#936 = AXIS2_PLACEMENT_3D ( 'NONE', #304, #1284, #921 ) ;
#937 = DIRECTION ( 'NONE',  ( -0.000000000000000000, 0.000000000000000000, 1.000000000000000000 ) ) ;
#938 = ORIENTED_EDGE ( 'NONE', *, *, #679, .T. ) ;
#939 = EDGE_CURVE ( 'NONE', #1110, #1156, #345, .T. ) ;
#940 = DIRECTION ( 'NONE',  ( 0.000000000000000000, 0.000000000000000000, 1.000000000000000000 ) ) ;
#941 = FACE_OUTER_BOUND ( 'NONE', #341, .T. ) ;
#942 = CARTESIAN_POINT ( 'NONE',  ( 3.000000000000019540, -80.00000000000000000, 3.500000000000000000 ) ) ;
#943 = ORIENTED_EDGE ( 'NONE', *, *, #62, .T. ) ;
#944 = CARTESIAN_POINT ( 'NONE',  ( 0.000000000000000000, -81.99999999999997158, 2.000000000000000000 ) ) ;
#945 = EDGE_CURVE ( 'NONE', #851, #563, #1220, .T. ) ;
#946 = AXIS2_PLACEMENT_3D ( 'NONE', #1467, #344, #492 ) ;
#947 = CARTESIAN_POINT ( 'NONE',  ( 43.00000000000000000, -1.500000000000000000, 4.999999999999985789 ) ) ;
#948 = AXIS2_PLACEMENT_3D ( 'NONE', #649, #1546, #1138 ) ;
#949 = DIRECTION ( 'NONE',  ( -1.000000000000000000, 0.000000000000000000, 0.000000000000000000 ) ) ;
#950 = ADVANCED_FACE ( 'NONE', ( #1616 ), #1101, .F. ) ;
#951 = PRODUCT_DEFINITION_CONTEXT ( 'detailed design', #1456, 'design' ) ;
#952 = ORIENTED_EDGE ( 'NONE', *, *, #890, .F. ) ;
#953 = LINE ( 'NONE', #701, #178 ) ;
#954 = ORIENTED_EDGE ( 'NONE', *, *, #1450, .F. ) ;
#955 = ADVANCED_FACE ( 'NONE', ( #119, #110 ), #621, .T. ) ;
#956 = DIRECTION ( 'NONE',  ( 0.000000000000000000, 0.000000000000000000, 1.000000000000000000 ) ) ;
#957 = EDGE_CURVE ( 'NONE', #617, #1376, #1330, .T. ) ;
#958 = CARTESIAN_POINT ( 'NONE',  ( 33.00000000000000000, -2.000000000000000000, 4.000000000000000000 ) ) ;
#959 = VECTOR ( 'NONE', #117, 1000.000000000000000 ) ;
#960 = ORIENTED_EDGE ( 'NONE', *, *, #1253, .T. ) ;
#961 = CARTESIAN_POINT ( 'NONE',  ( 2.999999999999999556, -4.000000000000000000, 8.500000000000000000 ) ) ;
#962 = ORIENTED_EDGE ( 'NONE', *, *, #1265, .T. ) ;
#963 =( NAMED_UNIT ( * ) PLANE_ANGLE_UNIT ( ) SI_UNIT ( $, .RADIAN. ) );
#964 = PLANE ( 'NONE',  #946 ) ;
#965 = EDGE_CURVE ( 'NONE', #707, #997, #493, .T. ) ;
#966 = DIRECTION ( 'NONE',  ( -2.821186441973490019E-32, 1.084202172485504434E-16, 1.000000000000000000 ) ) ;
#967 = AXIS2_PLACEMENT_3D ( 'NONE', #920, #430, #1020 ) ;
#968 = VECTOR ( 'NONE', #1482, 1000.000000000000000 ) ;
#969 = ORIENTED_EDGE ( 'NONE', *, *, #1567, .F. ) ;
#970 = CARTESIAN_POINT ( 'NONE',  ( 69.50000000000002842, -80.50000000000000000, 2.000000000000000000 ) ) ;
#971 = ORIENTED_EDGE ( 'NONE', *, *, #82, .T. ) ;
#972 = CARTESIAN_POINT ( 'NONE',  ( 0.000000000000000000, 0.000000000000000000, 1.000000000000000000 ) ) ;
#973 = DIRECTION ( 'NONE',  ( -0.000000000000000000, 0.000000000000000000, 1.000000000000000000 ) ) ;
#974 = CARTESIAN_POINT ( 'NONE',  ( 71.00000000000002842, -80.00000000000000000, 3.500000000000000000 ) ) ;
#975 = VECTOR ( 'NONE', #843, 1000.000000000000000 ) ;
#976 = VECTOR ( 'NONE', #525, 1000.000000000000000 ) ;
#977 = CARTESIAN_POINT ( 'NONE',  ( 69.50000000000001421, -5.500000000000000000, 2.000000000000000000 ) ) ;
#978 = ADVANCED_FACE ( 'NONE', ( #101 ), #466, .F. ) ;
#979 = ORIENTED_EDGE ( 'NONE', *, *, #465, .F. ) ;
#980 = DIRECTION ( 'NONE',  ( 1.000000000000000000, 2.602085213965210642E-16, -0.000000000000000000 ) ) ;
#981 = ORIENTED_EDGE ( 'NONE', *, *, #775, .T. ) ;
#982 = DIRECTION ( 'NONE',  ( 1.000000000000000000, 0.000000000000000000, 0.000000000000000000 ) ) ;
#983 = CIRCLE ( 'NONE', #543, 2.000000000000001776 ) ;
#984 = DIRECTION ( 'NONE',  ( 0.000000000000000000, -1.000000000000000000, 0.000000000000000000 ) ) ;
#985 = CARTESIAN_POINT ( 'NONE',  ( 2.999999999999999112, -2.000000000000000000, 3.500000000000000000 ) ) ;
#986 = DIRECTION ( 'NONE',  ( -0.000000000000000000, -1.000000000000000000, -0.000000000000000000 ) ) ;
#987 = ORIENTED_EDGE ( 'NONE', *, *, #82, .F. ) ;
#988 = LINE ( 'NONE', #970, #402 ) ;
#989 = AXIS2_PLACEMENT_3D ( 'NONE', #1274, #894, #1391 ) ;
#990 = EDGE_CURVE ( 'NONE', #1205, #1095, #752, .T. ) ;
#991 = ORIENTED_EDGE ( 'NONE', *, *, #1102, .T. ) ;
#992 = COLOUR_RGB ( '',1.000000000000000000, 1.000000000000000000, 1.000000000000000000 ) ;
#993 = DIRECTION ( 'NONE',  ( 0.000000000000000000, 1.000000000000000000, 0.000000000000000000 ) ) ;
#994 = PLANE ( 'NONE',  #1167 ) ;
#995 = DIRECTION ( 'NONE',  ( -3.304235192336776005E-16, 1.000000000000000000, -0.000000000000000000 ) ) ;
#996 = CARTESIAN_POINT ( 'NONE',  ( 0.000000000000000000, 0.000000000000000000, 1.000000000000000000 ) ) ;
#997 = VERTEX_POINT ( 'NONE', #1239 ) ;
#998 = CARTESIAN_POINT ( 'NONE',  ( 2.999999999999999112, -2.000000000000000000, 3.500000000000000000 ) ) ;
#999 = AXIS2_PLACEMENT_3D ( 'NONE', #416, #1428, #22 ) ;
#1000 = ORIENTED_EDGE ( 'NONE', *, *, #1384, .T. ) ;
#1001 = PLANE ( 'NONE',  #373 ) ;
#1002 = EDGE_CURVE ( 'NONE', #86, #64, #129, .T. ) ;
#1003 = DIRECTION ( 'NONE',  ( 1.000000000000000000, 0.000000000000000000, 0.000000000000000000 ) ) ;
#1004 = PLANE ( 'NONE',  #1446 ) ;
#1005 = LINE ( 'NONE', #523, #1202 ) ;
#1006 = VECTOR ( 'NONE', #1469, 1000.000000000000000 ) ;
#1007 = LINE ( 'NONE', #1223, #322 ) ;
#1008 = EDGE_CURVE ( 'NONE', #563, #1297, #1575, .T. ) ;
#1009 = EDGE_LOOP ( 'NONE', ( #1000, #715, #300, #690 ) ) ;
#1010 = LINE ( 'NONE', #1351, #562 ) ;
#1011 = CARTESIAN_POINT ( 'NONE',  ( 2.999999999999999112, -2.000000000000000000, 8.500000000000000000 ) ) ;
#1012 = ADVANCED_FACE ( 'NONE', ( #288 ), #696, .T. ) ;
#1013 = EDGE_CURVE ( 'NONE', #1023, #1289, #768, .T. ) ;
#1014 = VECTOR ( 'NONE', #940, 1000.000000000000000 ) ;
#1015 = CARTESIAN_POINT ( 'NONE',  ( 2.999999999999999112, -2.000000000000000000, 2.000000000000000000 ) ) ;
#1016 = ORIENTED_EDGE ( 'NONE', *, *, #1477, .T. ) ;
#1017 = CARTESIAN_POINT ( 'NONE',  ( 73.00000000000002842, -84.00000000000000000, 2.000000000000000000 ) ) ;
#1018 = EDGE_CURVE ( 'NONE', #633, #246, #761, .T. ) ;
#1019 = ORIENTED_EDGE ( 'NONE', *, *, #1041, .T. ) ;
#1020 = DIRECTION ( 'NONE',  ( 0.000000000000000000, 0.000000000000000000, 1.000000000000000000 ) ) ;
#1021 = VECTOR ( 'NONE', #1226, 1000.000000000000000 ) ;
#1022 = CARTESIAN_POINT ( 'NONE',  ( 71.50000000000004263, -81.93649167310370274, 3.500000000000000000 ) ) ;
#1023 = VERTEX_POINT ( 'NONE', #148 ) ;
#1024 = DIRECTION ( 'NONE',  ( 1.000000000000000000, 0.000000000000000000, 0.000000000000000000 ) ) ;
#1025 = CARTESIAN_POINT ( 'NONE',  ( 71.50000000000004263, -78.50000000000000000, 3.500000000000000000 ) ) ;
#1026 = ORIENTED_EDGE ( 'NONE', *, *, #575, .T. ) ;
#1027 = CARTESIAN_POINT ( 'NONE',  ( 5.000000000000020428, -82.00000000000000000, 3.500000000000000000 ) ) ;
#1028 = DIRECTION ( 'NONE',  ( 0.000000000000000000, 0.000000000000000000, -1.000000000000000000 ) ) ;
#1029 = ORIENTED_EDGE ( 'NONE', *, *, #1342, .T. ) ;
#1030 = DIRECTION ( 'NONE',  ( 1.000000000000000000, 0.000000000000000000, -0.000000000000000000 ) ) ;
#1031 = EDGE_CURVE ( 'NONE', #488, #1458, #1005, .T. ) ;
#1032 = AXIS2_PLACEMENT_3D ( 'NONE', #613, #1204, #243 ) ;
#1033 = DIRECTION ( 'NONE',  ( 1.126443815569355154E-16, -1.000000000000000000, 0.000000000000000000 ) ) ;
#1034 = CIRCLE ( 'NONE', #1229, 2.000000000000001776 ) ;
#1035 = ORIENTED_EDGE ( 'NONE', *, *, #24, .F. ) ;
#1036 = FACE_OUTER_BOUND ( 'NONE', #273, .T. ) ;
#1037 = LINE ( 'NONE', #1135, #600 ) ;
#1038 = DIRECTION ( 'NONE',  ( 0.000000000000000000, 0.000000000000000000, -1.000000000000000000 ) ) ;
#1039 = VERTEX_POINT ( 'NONE', #1150 ) ;
#1040 = CARTESIAN_POINT ( 'NONE',  ( 73.49999999999995737, -37.00000000000000000, 5.000000000000108358 ) ) ;
#1041 = EDGE_CURVE ( 'NONE', #167, #829, #879, .T. ) ;
#1042 = CARTESIAN_POINT ( 'NONE',  ( 6.499999999999999112, -3.500000000000000000, 2.000000000000000000 ) ) ;
#1043 = AXIS2_PLACEMENT_3D ( 'NONE', #697, #934, #711 ) ;
#1044 = ORIENTED_EDGE ( 'NONE', *, *, #753, .F. ) ;
#1045 = CARTESIAN_POINT ( 'NONE',  ( 71.50000000000004263, -81.93649167310370274, 3.500000000000000000 ) ) ;
#1046 = ORIENTED_EDGE ( 'NONE', *, *, #284, .F. ) ;
#1047 = FACE_OUTER_BOUND ( 'NONE', #1406, .T. ) ;
#1048 = EDGE_CURVE ( 'NONE', #311, #675, #1052, .T. ) ;
#1049 = LINE ( 'NONE', #323, #1244 ) ;
#1050 = ORIENTED_EDGE ( 'NONE', *, *, #1048, .F. ) ;
#1051 = DIRECTION ( 'NONE',  ( 0.000000000000000000, -0.000000000000000000, 1.000000000000000000 ) ) ;
#1052 = CIRCLE ( 'NONE', #379, 2.000000000000000000 ) ;
#1053 = ORIENTED_EDGE ( 'NONE', *, *, #1493, .F. ) ;
#1054 = CARTESIAN_POINT ( 'NONE',  ( 2.500000000000011102, -47.00000000000000000, 4.000000000000000888 ) ) ;
#1055 = AXIS2_PLACEMENT_3D ( 'NONE', #1153, #1059, #823 ) ;
#1056 = CARTESIAN_POINT ( 'NONE',  ( 71.00000000000002842, -80.00000000000000000, 2.000000000000000000 ) ) ;
#1057 = EDGE_LOOP ( 'NONE', ( #335, #282, #1474, #1404 ) ) ;
#1058 = EDGE_CURVE ( 'NONE', #167, #1471, #786, .T. ) ;
#1059 = DIRECTION ( 'NONE',  ( 1.000000000000000000, 1.802310104910968147E-16, 0.000000000000000000 ) ) ;
#1060 = ORIENTED_EDGE ( 'NONE', *, *, #447, .T. ) ;
#1061 = DIRECTION ( 'NONE',  ( -0.000000000000000000, -0.000000000000000000, 1.000000000000000000 ) ) ;
#1062 = LINE ( 'NONE', #1184, #289 ) ;
#1063 = VECTOR ( 'NONE', #63, 1000.000000000000000 ) ;
#1064 = CARTESIAN_POINT ( 'NONE',  ( 33.00000000000000000, -1.500000000000000000, 4.999999999999985789 ) ) ;
#1065 = ORIENTED_EDGE ( 'NONE', *, *, #1089, .T. ) ;
#1066 = CARTESIAN_POINT ( 'NONE',  ( 4.500000000000007105, -80.50000000000000000, 2.000000000000000000 ) ) ;
#1067 = DIRECTION ( 'NONE',  ( 1.000000000000000000, 0.000000000000000000, 0.000000000000000000 ) ) ;
#1068 = LINE ( 'NONE', #307, #1531 ) ;
#1069 = EDGE_CURVE ( 'NONE', #751, #1092, #1425, .T. ) ;
#1070 = ORIENTED_EDGE ( 'NONE', *, *, #1243, .F. ) ;
#1071 = DIRECTION ( 'NONE',  ( 0.000000000000000000, -1.000000000000000000, 0.000000000000000000 ) ) ;
#1072 = EDGE_CURVE ( 'NONE', #769, #685, #40, .T. ) ;
#1073 = AXIS2_PLACEMENT_3D ( 'NONE', #297, #792, #530 ) ;
#1074 = LINE ( 'NONE', #1438, #206 ) ;
#1075 = ADVANCED_FACE ( 'NONE', ( #1522 ), #271, .F. ) ;
#1076 = CARTESIAN_POINT ( 'NONE',  ( 73.50000000000001421, -37.00000000000000711, 3.999999999999998224 ) ) ;
#1077 = ORIENTED_EDGE ( 'NONE', *, *, #597, .F. ) ;
#1078 = DIRECTION ( 'NONE',  ( 9.637352644315597708E-17, 1.000000000000000000, -0.000000000000000000 ) ) ;
#1079 = VERTEX_POINT ( 'NONE', #1137 ) ;
#1080 = EDGE_CURVE ( 'NONE', #609, #1095, #1129, .T. ) ;
#1081 = PRESENTATION_STYLE_ASSIGNMENT (( #1505 ) ) ;
#1082 = VECTOR ( 'NONE', #1177, 1000.000000000000000 ) ;
#1083 = CARTESIAN_POINT ( 'NONE',  ( 33.00000000000000000, -1.500000000000000000, 4.000000000000000000 ) ) ;
#1084 = ORIENTED_EDGE ( 'NONE', *, *, #1323, .T. ) ;
#1085 = FACE_OUTER_BOUND ( 'NONE', #1086, .T. ) ;
#1086 = EDGE_LOOP ( 'NONE', ( #1610, #314, #1340, #1551 ) ) ;
#1087 = DIRECTION ( 'NONE',  ( -0.000000000000000000, 0.000000000000000000, 1.000000000000000000 ) ) ;
#1088 = DIRECTION ( 'NONE',  ( 1.000000000000000000, -1.734723475976805517E-15, 0.000000000000000000 ) ) ;
#1089 = EDGE_CURVE ( 'NONE', #111, #824, #16, .T. ) ;
#1090 = CARTESIAN_POINT ( 'NONE',  ( 0.000000000000000000, -2.000000000000000000, 1.000000000000000000 ) ) ;
#1091 = VECTOR ( 'NONE', #53, 1000.000000000000000 ) ;
#1092 = VERTEX_POINT ( 'NONE', #394 ) ;
#1093 = DIRECTION ( 'NONE',  ( 1.000000000000000000, 0.000000000000000000, 0.000000000000000000 ) ) ;
#1094 = ADVANCED_FACE ( 'NONE', ( #155 ), #412, .F. ) ;
#1095 = VERTEX_POINT ( 'NONE', #1118 ) ;
#1096 = CARTESIAN_POINT ( 'NONE',  ( 6.500000000000007105, -80.50000000000000000, 3.500000000000000000 ) ) ;
#1097 = CYLINDRICAL_SURFACE ( 'NONE', #759, 1.000000000000000000 ) ;
#1098 = DIRECTION ( 'NONE',  ( -1.000000000000000000, 0.000000000000000000, 0.000000000000000000 ) ) ;
#1099 = AXIS2_PLACEMENT_3D ( 'NONE', #974, #126, #1098 ) ;
#1100 = AXIS2_PLACEMENT_3D ( 'NONE', #589, #1452, #330 ) ;
#1101 = CYLINDRICAL_SURFACE ( 'NONE', #113, 2.000000000000000000 ) ;
#1102 = EDGE_CURVE ( 'NONE', #905, #997, #819, .T. ) ;
#1103 = ORIENTED_EDGE ( 'NONE', *, *, #1286, .F. ) ;
#1104 = LINE ( 'NONE', #721, #1443 ) ;
#1105 = ORIENTED_EDGE ( 'NONE', *, *, #585, .F. ) ;
#1106 = CARTESIAN_POINT ( 'NONE',  ( 4.499999999999999112, -47.00000000000000000, 8.500000000000000000 ) ) ;
#1107 = DIRECTION ( 'NONE',  ( -0.000000000000000000, -1.000000000000000000, -0.000000000000000000 ) ) ;
#1108 = DIRECTION ( 'NONE',  ( 1.000000000000000000, -0.000000000000000000, 0.000000000000000000 ) ) ;
#1109 = CYLINDRICAL_SURFACE ( 'NONE', #347, 2.000000000000001776 ) ;
#1110 = VERTEX_POINT ( 'NONE', #1375 ) ;
#1111 = DIRECTION ( 'NONE',  ( -2.602085213965210642E-16, 1.000000000000000000, 0.000000000000000000 ) ) ;
#1112 = VECTOR ( 'NONE', #1302, 1000.000000000000000 ) ;
#1113 = ORIENTED_EDGE ( 'NONE', *, *, #1433, .T. ) ;
#1114 = CARTESIAN_POINT ( 'NONE',  ( 71.50000000000004263, -2.000000000000000000, 3.500000000000000000 ) ) ;
#1115 = DIRECTION ( 'NONE',  ( 1.000000000000000000, 0.000000000000000000, 0.000000000000000000 ) ) ;
#1116 = FACE_OUTER_BOUND ( 'NONE', #817, .T. ) ;
#1117 = ORIENTED_EDGE ( 'NONE', *, *, #262, .T. ) ;
#1118 = CARTESIAN_POINT ( 'NONE',  ( 73.00000000000002842, -84.00000000000000000, 1.000000000000000000 ) ) ;
#1119 = CARTESIAN_POINT ( 'NONE',  ( 71.00000000000000000, -2.000000000000000000, 8.500000000000000000 ) ) ;
#1120 = AXIS2_PLACEMENT_3D ( 'NONE', #557, #1541, #661 ) ;
#1121 = ADVANCED_FACE ( 'NONE', ( #840 ), #100, .F. ) ;
#1122 = ORIENTED_EDGE ( 'NONE', *, *, #687, .T. ) ;
#1123 = DIRECTION ( 'NONE',  ( 1.000000000000000000, 0.000000000000000000, 0.000000000000000000 ) ) ;
#1124 = ADVANCED_FACE ( 'NONE', ( #760, #364 ), #1004, .F. ) ;
#1125 = PRODUCT_CONTEXT ( 'NONE', #256, 'mechanical' ) ;
#1126 = CARTESIAN_POINT ( 'NONE',  ( 73.00000000000000000, -2.000000000000000000, 2.000000000000000000 ) ) ;
#1127 = ORIENTED_EDGE ( 'NONE', *, *, #465, .T. ) ;
#1128 = DIRECTION ( 'NONE',  ( -0.000000000000000000, -0.000000000000000000, 1.000000000000000000 ) ) ;
#1129 = CIRCLE ( 'NONE', #898, 1.000000000000000000 ) ;
#1130 = ADVANCED_FACE ( 'NONE', ( #1487 ), #849, .T. ) ;
#1131 = ORIENTED_EDGE ( 'NONE', *, *, #965, .F. ) ;
#1132 = DIRECTION ( 'NONE',  ( -0.000000000000000000, -1.000000000000000000, -0.000000000000000000 ) ) ;
#1133 = ORIENTED_EDGE ( 'NONE', *, *, #220, .T. ) ;
#1134 = DIRECTION ( 'NONE',  ( 0.4472135954999629237, -2.948009306981126424E-15, -0.8944271909999133019 ) ) ;
#1135 = CARTESIAN_POINT ( 'NONE',  ( 73.00000000000001421, -47.00000000000000000, 5.999999999999998224 ) ) ;
#1136 = ORIENTED_EDGE ( 'NONE', *, *, #262, .F. ) ;
#1137 = CARTESIAN_POINT ( 'NONE',  ( 5.000000000000020428, -82.00000000000000000, 2.000000000000000000 ) ) ;
#1138 = DIRECTION ( 'NONE',  ( 3.469446951953613696E-16, -1.000000000000000000, 0.000000000000000000 ) ) ;
#1139 = ORIENTED_EDGE ( 'NONE', *, *, #1292, .T. ) ;
#1140 = CARTESIAN_POINT ( 'NONE',  ( 2.500000000000008882, -39.00000000000000000, 4.000000000000000000 ) ) ;
#1141 = DIRECTION ( 'NONE',  ( 1.252855843761027456E-16, -1.000000000000000000, 0.000000000000000000 ) ) ;
#1142 = EDGE_CURVE ( 'NONE', #707, #824, #870, .T. ) ;
#1143 = DIRECTION ( 'NONE',  ( -1.000000000000000000, -0.000000000000000000, -0.000000000000000000 ) ) ;
#1144 = LINE ( 'NONE', #515, #477 ) ;
#1145 = ORIENTED_EDGE ( 'NONE', *, *, #108, .T. ) ;
#1146 = CARTESIAN_POINT ( 'NONE',  ( 5.000000000000020428, -80.00000000000000000, 3.500000000000000000 ) ) ;
#1147 = AXIS2_PLACEMENT_3D ( 'NONE', #1475, #993, #1344 ) ;
#1148 = DIRECTION ( 'NONE',  ( 0.000000000000000000, 0.000000000000000000, -1.000000000000000000 ) ) ;
#1149 = EDGE_LOOP ( 'NONE', ( #1077, #121, #1046, #480 ) ) ;
#1150 = CARTESIAN_POINT ( 'NONE',  ( 2.999999999999999556, -4.000000000000000888, 2.000000000000000000 ) ) ;
#1151 = EDGE_LOOP ( 'NONE', ( #559, #943, #1029, #404, #882, #1241, #423, #1208, #1554, #954 ) ) ;
#1152 = VECTOR ( 'NONE', #241, 1000.000000000000000 ) ;
#1153 = CARTESIAN_POINT ( 'NONE',  ( 71.50000000000002842, -3.500000000000000000, 2.000000000000000000 ) ) ;
#1154 = ADVANCED_FACE ( 'NONE', ( #1116 ), #1346, .T. ) ;
#1155 = AXIS2_PLACEMENT_3D ( 'NONE', #718, #460, #474 ) ;
#1156 = VERTEX_POINT ( 'NONE', #134 ) ;
#1157 = LINE ( 'NONE', #1040, #814 ) ;
#1158 = SHAPE_DEFINITION_REPRESENTATION ( #1582, #550 ) ;
#1159 = DIRECTION ( 'NONE',  ( -0.000000000000000000, -0.000000000000000000, -1.000000000000000000 ) ) ;
#1160 = ORIENTED_EDGE ( 'NONE', *, *, #719, .F. ) ;
#1161 = CARTESIAN_POINT ( 'NONE',  ( 1.000000000000000000, -82.00000000000000000, 0.000000000000000000 ) ) ;
#1162 = EDGE_CURVE ( 'NONE', #494, #368, #643, .T. ) ;
#1163 = ORIENTED_EDGE ( 'NONE', *, *, #417, .F. ) ;
#1164 = CARTESIAN_POINT ( 'NONE',  ( 73.50000000000001421, 1.734723475976806848E-16, 5.000000000000011546 ) ) ;
#1165 = AXIS2_PLACEMENT_3D ( 'NONE', #1215, #1093, #103 ) ;
#1166 = CARTESIAN_POINT ( 'NONE',  ( 73.00000000000002842, -82.00000000000000000, 2.000000000000000000 ) ) ;
#1167 = AXIS2_PLACEMENT_3D ( 'NONE', #1352, #973, #362 ) ;
#1168 = DIRECTION ( 'NONE',  ( 0.000000000000000000, -0.000000000000000000, -1.000000000000000000 ) ) ;
#1169 = VECTOR ( 'NONE', #1225, 1000.000000000000000 ) ;
#1170 = EDGE_LOOP ( 'NONE', ( #969, #1145, #61, #211 ) ) ;
#1171 = FACE_OUTER_BOUND ( 'NONE', #186, .T. ) ;
#1172 = VERTEX_POINT ( 'NONE', #1237 ) ;
#1173 = DIRECTION ( 'NONE',  ( 0.000000000000000000, 0.000000000000000000, -1.000000000000000000 ) ) ;
#1174 = ORIENTED_EDGE ( 'NONE', *, *, #140, .T. ) ;
#1175 = EDGE_CURVE ( 'NONE', #565, #45, #483, .T. ) ;
#1176 = VECTOR ( 'NONE', #468, 1000.000000000000000 ) ;
#1177 = DIRECTION ( 'NONE',  ( -2.710505431213761085E-16, 1.000000000000000000, -3.252606517456513302E-16 ) ) ;
#1178 = ORIENTED_EDGE ( 'NONE', *, *, #535, .F. ) ;
#1179 = DIRECTION ( 'NONE',  ( 1.000000000000000000, 0.000000000000000000, 0.000000000000000000 ) ) ;
#1180 = CIRCLE ( 'NONE', #475, 2.000000000000001776 ) ;
#1181 = ORIENTED_EDGE ( 'NONE', *, *, #405, .T. ) ;
#1182 = CARTESIAN_POINT ( 'NONE',  ( 4.500000000000003553, -2.000000000000000000, 8.500000000000000000 ) ) ;
#1183 = CIRCLE ( 'NONE', #1602, 2.000000000000001776 ) ;
#1184 = CARTESIAN_POINT ( 'NONE',  ( 2.500000000000002220, -47.00000000000000000, 4.999999999999968914 ) ) ;
#1185 = ADVANCED_FACE ( 'NONE', ( #502 ), #964, .T. ) ;
#1186 = CARTESIAN_POINT ( 'NONE',  ( 71.50000000000004263, -78.50000000000000000, 2.000000000000000000 ) ) ;
#1187 = VERTEX_POINT ( 'NONE', #225 ) ;
#1188 = LINE ( 'NONE', #1568, #805 ) ;
#1189 = CARTESIAN_POINT ( 'NONE',  ( 0.000000000000000000, 0.000000000000000000, 0.000000000000000000 ) ) ;
#1190 = CARTESIAN_POINT ( 'NONE',  ( 73.00000000000002842, -82.00000000000000000, 0.000000000000000000 ) ) ;
#1191 = VECTOR ( 'NONE', #662, 1000.000000000000000 ) ;
#1192 = EDGE_CURVE ( 'NONE', #734, #1423, #1592, .T. ) ;
#1193 = CARTESIAN_POINT ( 'NONE',  ( 73.00000000000001421, -37.00000000000000000, 5.999999999999998224 ) ) ;
#1194 = ORIENTED_EDGE ( 'NONE', *, *, #1058, .F. ) ;
#1195 = DIRECTION ( 'NONE',  ( -1.000000000000000000, 0.000000000000000000, 0.000000000000000000 ) ) ;
#1196 = CYLINDRICAL_SURFACE ( 'NONE', #392, 2.000000000000001776 ) ;
#1197 = CARTESIAN_POINT ( 'NONE',  ( 73.00000000000000000, -1.000000000000000000, 0.000000000000000000 ) ) ;
#1198 = ORIENTED_EDGE ( 'NONE', *, *, #1069, .F. ) ;
#1199 = EDGE_CURVE ( 'NONE', #633, #916, #1180, .T. ) ;
#1200 = CARTESIAN_POINT ( 'NONE',  ( 73.00000000000001421, -47.00000000000000000, 5.999999999999998224 ) ) ;
#1201 = ORIENTED_EDGE ( 'NONE', *, *, #48, .T. ) ;
#1202 = VECTOR ( 'NONE', #1269, 1000.000000000000000 ) ;
#1203 = FACE_OUTER_BOUND ( 'NONE', #787, .T. ) ;
#1204 = DIRECTION ( 'NONE',  ( -0.000000000000000000, 0.000000000000000000, 1.000000000000000000 ) ) ;
#1205 = VERTEX_POINT ( 'NONE', #473 ) ;
#1206 = DIRECTION ( 'NONE',  ( -0.000000000000000000, 1.000000000000000000, -0.000000000000000000 ) ) ;
#1207 = ADVANCED_FACE ( 'NONE', ( #354 ), #234, .T. ) ;
#1208 = ORIENTED_EDGE ( 'NONE', *, *, #432, .F. ) ;
#1209 = ORIENTED_EDGE ( 'NONE', *, *, #558, .T. ) ;
#1210 = DIRECTION ( 'NONE',  ( 1.000000000000000000, -1.734723475976805517E-15, 0.000000000000000000 ) ) ;
#1211 = CARTESIAN_POINT ( 'NONE',  ( 71.00000000000000000, -4.000000000000000000, 2.000000000000000000 ) ) ;
#1212 = COLOUR_RGB ( '',1.000000000000000000, 1.000000000000000000, 1.000000000000000000 ) ;
#1213 = DIRECTION ( 'NONE',  ( 1.000000000000000000, 0.000000000000000000, 0.000000000000000000 ) ) ;
#1214 = EDGE_LOOP ( 'NONE', ( #448, #938, #34, #1238, #713, #1523 ) ) ;
#1215 = CARTESIAN_POINT ( 'NONE',  ( 73.50000000000001421, 1.734723475976806848E-16, 0.000000000000000000 ) ) ;
#1216 = ORIENTED_EDGE ( 'NONE', *, *, #496, .F. ) ;
#1217 = CARTESIAN_POINT ( 'NONE',  ( 6.500000000000007105, -78.50000000000000000, 2.000000000000000000 ) ) ;
#1218 = LINE ( 'NONE', #107, #1152 ) ;
#1219 = ADVANCED_FACE ( 'NONE', ( #630 ), #383, .T. ) ;
#1220 = LINE ( 'NONE', #1083, #85 ) ;
#1221 = CIRCLE ( 'NONE', #1282, 2.000000000000000000 ) ;
#1222 = EDGE_LOOP ( 'NONE', ( #1447, #1216, #1332, #42 ) ) ;
#1223 = CARTESIAN_POINT ( 'NONE',  ( 73.00000000000000000, -2.000000000000000000, 8.500000000000000000 ) ) ;
#1224 = ORIENTED_EDGE ( 'NONE', *, *, #298, .T. ) ;
#1225 = DIRECTION ( 'NONE',  ( 0.000000000000000000, -1.000000000000000000, 0.000000000000000000 ) ) ;
#1226 = DIRECTION ( 'NONE',  ( 1.000000000000000000, 2.602085213965210642E-16, -0.000000000000000000 ) ) ;
#1227 = DIRECTION ( 'NONE',  ( 0.000000000000000000, -0.000000000000000000, -1.000000000000000000 ) ) ;
#1228 = VECTOR ( 'NONE', #1128, 1000.000000000000000 ) ;
#1229 = AXIS2_PLACEMENT_3D ( 'NONE', #325, #802, #180 ) ;
#1230 = EDGE_CURVE ( 'NONE', #154, #563, #1218, .T. ) ;
#1231 = DIRECTION ( 'NONE',  ( 1.000000000000000000, 2.602085213965210642E-16, -0.000000000000000000 ) ) ;
#1232 = ORIENTED_EDGE ( 'NONE', *, *, #1298, .T. ) ;
#1233 = LINE ( 'NONE', #1349, #532 ) ;
#1234 = ORIENTED_EDGE ( 'NONE', *, *, #1315, .T. ) ;
#1235 = LINE ( 'NONE', #1114, #1525 ) ;
#1236 = EDGE_CURVE ( 'NONE', #494, #824, #740, .T. ) ;
#1237 = CARTESIAN_POINT ( 'NONE',  ( 75.00000000000002842, -82.00000000000000000, 1.000000000000000000 ) ) ;
#1238 = ORIENTED_EDGE ( 'NONE', *, *, #1440, .T. ) ;
#1239 = CARTESIAN_POINT ( 'NONE',  ( 2.000000000000000000, 0.000000000000000000, 1.000000000000000000 ) ) ;
#1240 = ADVANCED_FACE ( 'NONE', ( #1497 ), #866, .T. ) ;
#1241 = ORIENTED_EDGE ( 'NONE', *, *, #1331, .F. ) ;
#1242 = LINE ( 'NONE', #1492, #1176 ) ;
#1243 = EDGE_CURVE ( 'NONE', #1023, #205, #914, .T. ) ;
#1244 = VECTOR ( 'NONE', #451, 1000.000000000000000 ) ;
#1245 = VERTEX_POINT ( 'NONE', #36 ) ;
#1246 = LINE ( 'NONE', #132, #893 ) ;
#1247 = APPLICATION_PROTOCOL_DEFINITION ( 'draft international standard', 'automotive_design', 1998, #256 ) ;
#1248 = DIRECTION ( 'NONE',  ( 0.000000000000000000, -0.000000000000000000, -1.000000000000000000 ) ) ;
#1249 = VERTEX_POINT ( 'NONE', #1022 ) ;
#1250 = DIRECTION ( 'NONE',  ( -1.000000000000000000, 0.000000000000000000, 0.000000000000000000 ) ) ;
#1251 = EDGE_LOOP ( 'NONE', ( #338, #1515, #590, #149 ) ) ;
#1252 = CARTESIAN_POINT ( 'NONE',  ( 73.00000000000000000, 0.000000000000000000, 1.000000000000000000 ) ) ;
#1253 = EDGE_CURVE ( 'NONE', #299, #516, #277, .T. ) ;
#1254 = AXIS2_PLACEMENT_3D ( 'NONE', #874, #14, #1123 ) ;
#1255 = ORIENTED_EDGE ( 'NONE', *, *, #1563, .T. ) ;
#1256 = CARTESIAN_POINT ( 'NONE',  ( 6.500000000000007105, -80.50000000000000000, 3.500000000000000000 ) ) ;
#1257 = LINE ( 'NONE', #47, #566 ) ;
#1258 = AXIS2_PLACEMENT_3D ( 'NONE', #1166, #1148, #425 ) ;
#1259 = DIRECTION ( 'NONE',  ( -0.000000000000000000, 0.000000000000000000, 1.000000000000000000 ) ) ;
#1260 = CIRCLE ( 'NONE', #674, 1.000000000000000000 ) ;
#1261 = ORIENTED_EDGE ( 'NONE', *, *, #215, .F. ) ;
#1262 = DIRECTION ( 'NONE',  ( -3.304235192336775512E-16, 1.000000000000000000, -0.000000000000000000 ) ) ;
#1263 = EDGE_LOOP ( 'NONE', ( #464, #104, #785, #11, #123, #1501, #127, #1194, #1019, #287 ) ) ;
#1264 = PLANE ( 'NONE',  #586 ) ;
#1265 = EDGE_CURVE ( 'NONE', #1297, #238, #391, .T. ) ;
#1266 = CARTESIAN_POINT ( 'NONE',  ( 4.499999999999999112, -3.500000000000000000, 2.000000000000000000 ) ) ;
#1267 = VECTOR ( 'NONE', #1555, 1000.000000000000000 ) ;
#1268 = VERTEX_POINT ( 'NONE', #1411 ) ;
#1269 = DIRECTION ( 'NONE',  ( -1.000000000000000000, -0.000000000000000000, -0.000000000000000000 ) ) ;
#1270 = CARTESIAN_POINT ( 'NONE',  ( 73.00000000000002842, -82.00000000000000000, 2.000000000000000000 ) ) ;
#1271 = EDGE_CURVE ( 'NONE', #860, #397, #1257, .T. ) ;
#1272 = ORIENTED_EDGE ( 'NONE', *, *, #432, .T. ) ;
#1273 = FACE_OUTER_BOUND ( 'NONE', #836, .T. ) ;
#1274 = CARTESIAN_POINT ( 'NONE',  ( 2.000000000000000000, -82.00000000000000000, 1.000000000000000000 ) ) ;
#1275 = ADVANCED_FACE ( 'NONE', ( #777 ), #518, .T. ) ;
#1276 = ORIENTED_EDGE ( 'NONE', *, *, #597, .T. ) ;
#1277 = DIRECTION ( 'NONE',  ( 1.000000000000000000, 0.000000000000000000, 0.000000000000000000 ) ) ;
#1278 = ORIENTED_EDGE ( 'NONE', *, *, #192, .F. ) ;
#1279 = FACE_OUTER_BOUND ( 'NONE', #1214, .T. ) ;
#1280 = ORIENTED_EDGE ( 'NONE', *, *, #1583, .F. ) ;
#1281 = CARTESIAN_POINT ( 'NONE',  ( 43.00000000000000000, -2.000000000000000000, 4.000000000000000000 ) ) ;
#1282 = AXIS2_PLACEMENT_3D ( 'NONE', #1146, #892, #517 ) ;
#1283 = DIRECTION ( 'NONE',  ( 0.000000000000000000, 0.000000000000000000, 1.000000000000000000 ) ) ;
#1284 = DIRECTION ( 'NONE',  ( -0.000000000000000000, 1.000000000000000000, 0.000000000000000000 ) ) ;
#1285 = ORIENTED_EDGE ( 'NONE', *, *, #939, .T. ) ;
#1286 = EDGE_CURVE ( 'NONE', #1039, #246, #614, .T. ) ;
#1287 = AXIS2_PLACEMENT_3D ( 'NONE', #92, #869, #251 ) ;
#1288 = DIRECTION ( 'NONE',  ( -0.000000000000000000, -0.000000000000000000, 1.000000000000000000 ) ) ;
#1289 = VERTEX_POINT ( 'NONE', #1042 ) ;
#1290 = CARTESIAN_POINT ( 'NONE',  ( 0.000000000000000000, 0.000000000000000000, 8.500000000000000000 ) ) ;
#1291 = DIRECTION ( 'NONE',  ( 0.000000000000000000, 0.8944271909999159664, 0.4472135954999579832 ) ) ;
#1292 = EDGE_CURVE ( 'NONE', #1172, #891, #841, .T. ) ;
#1293 = ORIENTED_EDGE ( 'NONE', *, *, #1470, .T. ) ;
#1294 = VECTOR ( 'NONE', #686, 1000.000000000000000 ) ;
#1295 = ADVANCED_FACE ( 'NONE', ( #904 ), #286, .F. ) ;
#1296 = DIRECTION ( 'NONE',  ( 1.000000000000000000, 4.336808689942013792E-16, 0.000000000000000000 ) ) ;
#1297 = VERTEX_POINT ( 'NONE', #177 ) ;
#1298 = EDGE_CURVE ( 'NONE', #397, #131, #1037, .T. ) ;
#1299 = CARTESIAN_POINT ( 'NONE',  ( 5.000000000000000000, -2.000000000000000000, 2.000000000000000000 ) ) ;
#1300 = VECTOR ( 'NONE', #1115, 1000.000000000000000 ) ;
#1301 = PRODUCT_DEFINITION_FORMATION_WITH_SPECIFIED_SOURCE ( '任何', '', #204, .NOT_KNOWN. ) ;
#1302 = DIRECTION ( 'NONE',  ( -0.000000000000000000, -0.000000000000000000, -1.000000000000000000 ) ) ;
#1303 = ORIENTED_EDGE ( 'NONE', *, *, #585, .T. ) ;
#1304 = PLANE ( 'NONE',  #1100 ) ;
#1305 = ORIENTED_EDGE ( 'NONE', *, *, #1236, .T. ) ;
#1306 = CARTESIAN_POINT ( 'NONE',  ( 4.500000000000007105, -78.50000000000000000, 3.500000000000000000 ) ) ;
#1307 = EDGE_CURVE ( 'NONE', #780, #1380, #1528, .T. ) ;
#1308 = CIRCLE ( 'NONE', #1120, 2.000000000000001776 ) ;
#1309 = VECTOR ( 'NONE', #728, 1000.000000000000000 ) ;
#1310 = PLANE ( 'NONE',  #1043 ) ;
#1311 = DIRECTION ( 'NONE',  ( 3.304235192336776005E-16, -1.000000000000000000, 0.000000000000000000 ) ) ;
#1312 = AXIS2_PLACEMENT_3D ( 'NONE', #540, #886, #153 ) ;
#1313 = ORIENTED_EDGE ( 'NONE', *, *, #476, .F. ) ;
#1314 = CYLINDRICAL_SURFACE ( 'NONE', #1483, 2.000000000000000000 ) ;
#1315 = EDGE_CURVE ( 'NONE', #52, #1471, #268, .T. ) ;
#1316 = FACE_OUTER_BOUND ( 'NONE', #1465, .T. ) ;
#1317 = CARTESIAN_POINT ( 'NONE',  ( 5.000000000000020428, -80.00000000000000000, 3.500000000000000000 ) ) ;
#1318 = EDGE_LOOP ( 'NONE', ( #616, #1408, #601, #1174 ) ) ;
#1319 = EDGE_CURVE ( 'NONE', #45, #832, #463, .T. ) ;
#1320 = DIRECTION ( 'NONE',  ( 3.304235192336776005E-16, -1.000000000000000000, 0.000000000000000000 ) ) ;
#1321 = LINE ( 'NONE', #431, #1082 ) ;
#1322 = AXIS2_PLACEMENT_3D ( 'NONE', #581, #1574, #459 ) ;
#1323 = EDGE_CURVE ( 'NONE', #1205, #89, #1584, .T. ) ;
#1324 = FACE_OUTER_BOUND ( 'NONE', #839, .T. ) ;
#1325 = ORIENTED_EDGE ( 'NONE', *, *, #1371, .T. ) ;
#1326 = LINE ( 'NONE', #444, #93 ) ;
#1327 = ORIENTED_EDGE ( 'NONE', *, *, #417, .T. ) ;
#1328 = LINE ( 'NONE', #1444, #1112 ) ;
#1329 = VECTOR ( 'NONE', #142, 1000.000000000000000 ) ;
#1330 = LINE ( 'NONE', #1489, #975 ) ;
#1331 = EDGE_CURVE ( 'NONE', #349, #167, #1421, .T. ) ;
#1332 = ORIENTED_EDGE ( 'NONE', *, *, #1412, .F. ) ;
#1333 = DIRECTION ( 'NONE',  ( -0.000000000000000000, 0.000000000000000000, 1.000000000000000000 ) ) ;
#1334 = ORIENTED_EDGE ( 'NONE', *, *, #1265, .F. ) ;
#1335 = ORIENTED_EDGE ( 'NONE', *, *, #257, .T. ) ;
#1336 = AXIS2_PLACEMENT_3D ( 'NONE', #250, #995, #1479 ) ;
#1337 = FACE_OUTER_BOUND ( 'NONE', #436, .T. ) ;
#1338 = CARTESIAN_POINT ( 'NONE',  ( 71.50000000000004263, -2.000000000000000000, 8.500000000000000000 ) ) ;
#1339 = PLANE ( 'NONE',  #65 ) ;
#1340 = ORIENTED_EDGE ( 'NONE', *, *, #704, .T. ) ;
#1341 = LINE ( 'NONE', #861, #470 ) ;
#1342 = EDGE_CURVE ( 'NONE', #1039, #1359, #419, .T. ) ;
#1343 = VERTEX_POINT ( 'NONE', #551 ) ;
#1344 = DIRECTION ( 'NONE',  ( 0.000000000000000000, -0.000000000000000000, 1.000000000000000000 ) ) ;
#1345 = CARTESIAN_POINT ( 'NONE',  ( 3.000000000000019984, -82.00000000000000000, 2.000000000000000000 ) ) ;
#1346 = CYLINDRICAL_SURFACE ( 'NONE', #38, 2.000000000000001776 ) ;
#1347 = DIRECTION ( 'NONE',  ( -0.000000000000000000, 0.000000000000000000, 1.000000000000000000 ) ) ;
#1348 = ORIENTED_EDGE ( 'NONE', *, *, #558, .F. ) ;
#1349 = CARTESIAN_POINT ( 'NONE',  ( 73.00000000000001421, -37.00000000000000711, 3.999999999999998224 ) ) ;
#1350 = EDGE_LOOP ( 'NONE', ( #151, #1313, #1103, #1607 ) ) ;
#1351 = CARTESIAN_POINT ( 'NONE',  ( 71.00000000000000000, -2.000000000000000000, 3.500000000000000000 ) ) ;
#1352 = CARTESIAN_POINT ( 'NONE',  ( 0.000000000000000000, 0.000000000000000000, 2.000000000000000000 ) ) ;
#1353 = DIRECTION ( 'NONE',  ( 1.000000000000000000, 0.000000000000000000, 0.000000000000000000 ) ) ;
#1354 = DIRECTION ( 'NONE',  ( -1.000000000000000000, 0.000000000000000000, 0.000000000000000000 ) ) ;
#1355 = CIRCLE ( 'NONE', #736, 2.000000000000000000 ) ;
#1356 = ORIENTED_EDGE ( 'NONE', *, *, #635, .T. ) ;
#1357 = CARTESIAN_POINT ( 'NONE',  ( 2.000000000000000000, 0.000000000000000000, 2.000000000000000000 ) ) ;
#1358 = ADVANCED_FACE ( 'NONE', ( #1537 ), #783, .T. ) ;
#1359 = VERTEX_POINT ( 'NONE', #1513 ) ;
#1360 = DIRECTION ( 'NONE',  ( -0.000000000000000000, 0.000000000000000000, -1.000000000000000000 ) ) ;
#1361 = CARTESIAN_POINT ( 'NONE',  ( 75.00000000000002842, -81.99999999999997158, 2.000000000000000000 ) ) ;
#1362 = CARTESIAN_POINT ( 'NONE',  ( 4.499999999999999112, -3.500000000000000000, 2.000000000000000000 ) ) ;
#1363 = ADVANCED_FACE ( 'NONE', ( #709 ), #702, .F. ) ;
#1364 = VECTOR ( 'NONE', #145, 1000.000000000000000 ) ;
#1365 = CIRCLE ( 'NONE', #615, 1.000000000000000000 ) ;
#1366 = EDGE_CURVE ( 'NONE', #675, #1205, #1049, .T. ) ;
#1367 = ORIENTED_EDGE ( 'NONE', *, *, #1142, .F. ) ;
#1368 = CARTESIAN_POINT ( 'NONE',  ( 73.00000000000000000, -3.999999999999999112, 2.000000000000000000 ) ) ;
#1369 = ORIENTED_EDGE ( 'NONE', *, *, #1580, .F. ) ;
#1370 = DIRECTION ( 'NONE',  ( 0.000000000000000000, -0.000000000000000000, 1.000000000000000000 ) ) ;
#1371 = EDGE_CURVE ( 'NONE', #183, #360, #1321, .T. ) ;
#1372 = ORIENTED_EDGE ( 'NONE', *, *, #635, .F. ) ;
#1373 = DIRECTION ( 'NONE',  ( 0.000000000000000000, -1.000000000000000000, 0.000000000000000000 ) ) ;
#1374 = LINE ( 'NONE', #611, #808 ) ;
#1375 = CARTESIAN_POINT ( 'NONE',  ( 2.500000000000008882, -39.00000000000000000, 4.000000000000000000 ) ) ;
#1376 = VERTEX_POINT ( 'NONE', #1430 ) ;
#1377 = CARTESIAN_POINT ( 'NONE',  ( 3.000000000000004885, -47.00000000000000000, 3.500000000000000000 ) ) ;
#1378 = DIRECTION ( 'NONE',  ( -0.000000000000000000, -0.000000000000000000, -1.000000000000000000 ) ) ;
#1379 = AXIS2_PLACEMENT_3D ( 'NONE', #848, #382, #1210 ) ;
#1380 = VERTEX_POINT ( 'NONE', #947 ) ;
#1381 = LINE ( 'NONE', #247, #503 ) ;
#1382 = CARTESIAN_POINT ( 'NONE',  ( 42.99999999999999289, -1.500000000000000000, 4.999999999999985789 ) ) ;
#1383 = DIRECTION ( 'NONE',  ( 1.000000000000000000, 0.000000000000000000, 0.000000000000000000 ) ) ;
#1384 = EDGE_CURVE ( 'NONE', #851, #780, #1074, .T. ) ;
#1385 = CARTESIAN_POINT ( 'NONE',  ( 73.00000000000000000, 0.000000000000000000, 2.000000000000000000 ) ) ;
#1386 = CIRCLE ( 'NONE', #340, 2.000000000000001776 ) ;
#1387 = AXIS2_PLACEMENT_3D ( 'NONE', #2, #1333, #367 ) ;
#1388 = ORIENTED_EDGE ( 'NONE', *, *, #1507, .T. ) ;
#1389 = DIRECTION ( 'NONE',  ( 2.710505431213761085E-16, -1.000000000000000000, 1.084202172485504434E-16 ) ) ;
#1390 = CARTESIAN_POINT ( 'NONE',  ( 0.000000000000000000, -83.00000000000000000, 0.000000000000000000 ) ) ;
#1391 = DIRECTION ( 'NONE',  ( 1.000000000000000000, 0.000000000000000000, 0.000000000000000000 ) ) ;
#1392 = VECTOR ( 'NONE', #647, 1000.000000000000000 ) ;
#1393 = EDGE_CURVE ( 'NONE', #497, #183, #1062, .T. ) ;
#1394 = ORIENTED_EDGE ( 'NONE', *, *, #1307, .F. ) ;
#1395 = DIRECTION ( 'NONE',  ( -1.000000000000000000, -0.000000000000000000, -0.000000000000000000 ) ) ;
#1396 = VECTOR ( 'NONE', #1262, 1000.000000000000000 ) ;
#1397 = ORIENTED_EDGE ( 'NONE', *, *, #957, .T. ) ;
#1398 = CARTESIAN_POINT ( 'NONE',  ( 2.500000000000008882, -39.00000000000000000, 4.000000000000000000 ) ) ;
#1399 = ORIENTED_EDGE ( 'NONE', *, *, #208, .T. ) ;
#1400 = DIRECTION ( 'NONE',  ( -0.000000000000000000, 1.000000000000000000, 0.000000000000000000 ) ) ;
#1401 = EDGE_CURVE ( 'NONE', #908, #131, #827, .T. ) ;
#1402 = DIRECTION ( 'NONE',  ( 2.602085213965210642E-16, -1.000000000000000000, 0.000000000000000000 ) ) ;
#1403 = AXIS2_PLACEMENT_3D ( 'NONE', #457, #332, #1320 ) ;
#1404 = ORIENTED_EDGE ( 'NONE', *, *, #140, .F. ) ;
#1405 = CARTESIAN_POINT ( 'NONE',  ( 73.00000000000000000, -2.000000000000000000, 0.000000000000000000 ) ) ;
#1406 = EDGE_LOOP ( 'NONE', ( #461, #1255, #265, #393 ) ) ;
#1407 = PLANE ( 'NONE',  #698 ) ;
#1408 = ORIENTED_EDGE ( 'NONE', *, *, #378, .T. ) ;
#1409 = CARTESIAN_POINT ( 'NONE',  ( 3.000000000000004885, -47.00000000000000000, 3.500000000000000000 ) ) ;
#1410 = AXIS2_PLACEMENT_3D ( 'NONE', #800, #1291, #681 ) ;
#1411 = CARTESIAN_POINT ( 'NONE',  ( 0.000000000000000000, -1.999999999999999112, 2.000000000000000000 ) ) ;
#1412 = EDGE_CURVE ( 'NONE', #1079, #1359, #629, .T. ) ;
#1413 = ORIENTED_EDGE ( 'NONE', *, *, #434, .F. ) ;
#1414 = ORIENTED_EDGE ( 'NONE', *, *, #575, .F. ) ;
#1415 = DIRECTION ( 'NONE',  ( 0.000000000000000000, 0.000000000000000000, -1.000000000000000000 ) ) ;
#1416 = ORIENTED_EDGE ( 'NONE', *, *, #890, .T. ) ;
#1417 = EDGE_CURVE ( 'NONE', #685, #413, #706, .T. ) ;
#1418 = AXIS2_PLACEMENT_3D ( 'NONE', #1164, #408, #1400 ) ;
#1419 = CARTESIAN_POINT ( 'NONE',  ( 42.99999999999999289, -2.000000000000000000, 6.000000000000000000 ) ) ;
#1420 = VECTOR ( 'NONE', #694, 1000.000000000000000 ) ;
#1421 = LINE ( 'NONE', #653, #1517 ) ;
#1422 = ADVANCED_FACE ( 'NONE', ( #941 ), #1310, .F. ) ;
#1423 = VERTEX_POINT ( 'NONE', #438 ) ;
#1424 = EDGE_CURVE ( 'NONE', #497, #1481, #689, .T. ) ;
#1425 = CIRCLE ( 'NONE', #275, 2.000000000000000000 ) ;
#1426 = CARTESIAN_POINT ( 'NONE',  ( 73.00000000000000000, -2.000000000000000000, 2.000000000000000000 ) ) ;
#1427 = ORIENTED_EDGE ( 'NONE', *, *, #1271, .T. ) ;
#1428 = DIRECTION ( 'NONE',  ( -0.000000000000000000, 0.000000000000000000, 1.000000000000000000 ) ) ;
#1429 = PRODUCT_RELATED_PRODUCT_CATEGORY ( 'part', '', ( #204 ) ) ;
#1430 = CARTESIAN_POINT ( 'NONE',  ( 73.00000000000001421, -37.00000000000000711, 3.999999999999998224 ) ) ;
#1431 = ORIENTED_EDGE ( 'NONE', *, *, #719, .T. ) ;
#1432 = DIRECTION ( 'NONE',  ( -1.000000000000000000, -0.000000000000000000, -0.000000000000000000 ) ) ;
#1433 = EDGE_CURVE ( 'NONE', #1092, #205, #336, .T. ) ;
#1434 = ORIENTED_EDGE ( 'NONE', *, *, #901, .T. ) ;
#1435 = DIRECTION ( 'NONE',  ( 0.000000000000000000, -0.000000000000000000, 1.000000000000000000 ) ) ;
#1436 = MECHANICAL_DESIGN_GEOMETRIC_PRESENTATION_REPRESENTATION (  '', ( #519 ), #1562 ) ;
#1437 = MECHANICAL_DESIGN_GEOMETRIC_PRESENTATION_REPRESENTATION (  '', ( #293 ), #158 ) ;
#1438 = CARTESIAN_POINT ( 'NONE',  ( 33.00000000000000000, -1.500000000000000000, 4.000000000000000000 ) ) ;
#1439 = DIRECTION ( 'NONE',  ( 0.000000000000000000, 1.000000000000000000, 0.000000000000000000 ) ) ;
#1440 = EDGE_CURVE ( 'NONE', #565, #506, #833, .T. ) ;
#1441 = ORIENTED_EDGE ( 'NONE', *, *, #1018, .F. ) ;
#1442 = DIRECTION ( 'NONE',  ( 0.000000000000000000, 0.000000000000000000, -1.000000000000000000 ) ) ;
#1443 = VECTOR ( 'NONE', #1509, 1000.000000000000000 ) ;
#1444 = CARTESIAN_POINT ( 'NONE',  ( 3.000000000000004885, -47.00000000000000000, 8.500000000000000000 ) ) ;
#1445 = DIRECTION ( 'NONE',  ( -3.469446951953614189E-16, 1.000000000000000000, -0.000000000000000000 ) ) ;
#1446 = AXIS2_PLACEMENT_3D ( 'NONE', #985, #372, #1248 ) ;
#1447 = ORIENTED_EDGE ( 'NONE', *, *, #210, .F. ) ;
#1448 = DIRECTION ( 'NONE',  ( 0.000000000000000000, -1.000000000000000000, 0.000000000000000000 ) ) ;
#1449 = VECTOR ( 'NONE', #1498, 1000.000000000000000 ) ;
#1450 = EDGE_CURVE ( 'NONE', #516, #497, #1328, .T. ) ;
#1451 = DIRECTION ( 'NONE',  ( -0.4472135954999575946, 0.000000000000000000, -0.8944271909999159664 ) ) ;
#1452 = DIRECTION ( 'NONE',  ( 1.000000000000000000, 0.000000000000000000, 0.000000000000000000 ) ) ;
#1453 = VECTOR ( 'NONE', #1578, 1000.000000000000000 ) ;
#1454 = VERTEX_POINT ( 'NONE', #574 ) ;
#1455 = CARTESIAN_POINT ( 'NONE',  ( 3.000000000000004885, -47.00000000000000000, 4.000000000000000000 ) ) ;
#1456 = APPLICATION_CONTEXT ( 'automotive_design' ) ;
#1457 = ORIENTED_EDGE ( 'NONE', *, *, #458, .T. ) ;
#1458 = VERTEX_POINT ( 'NONE', #821 ) ;
#1459 = CIRCLE ( 'NONE', #51, 2.000000000000001776 ) ;
#1460 = DIRECTION ( 'NONE',  ( -0.000000000000000000, 0.000000000000000000, 1.000000000000000000 ) ) ;
#1461 = ADVANCED_FACE ( 'NONE', ( #1316 ), #1196, .T. ) ;
#1462 = DIRECTION ( 'NONE',  ( 1.000000000000000000, 0.000000000000000000, 0.000000000000000000 ) ) ;
#1463 = ORIENTED_EDGE ( 'NONE', *, *, #1315, .F. ) ;
#1464 = CARTESIAN_POINT ( 'NONE',  ( 3.000000000000008882, -39.00000000000000000, 4.000000000000000000 ) ) ;
#1465 = EDGE_LOOP ( 'NONE', ( #509, #1178, #351, #227 ) ) ;
#1466 = ORIENTED_EDGE ( 'NONE', *, *, #790, .F. ) ;
#1467 = CARTESIAN_POINT ( 'NONE',  ( 0.000000000000000000, 0.000000000000000000, 3.500000000000000000 ) ) ;
#1468 = ADVANCED_FACE ( 'NONE', ( #588 ), #199, .T. ) ;
#1469 = DIRECTION ( 'NONE',  ( 1.000000000000000000, -0.000000000000000000, 0.000000000000000000 ) ) ;
#1470 = EDGE_CURVE ( 'NONE', #609, #891, #421, .T. ) ;
#1471 = VERTEX_POINT ( 'NONE', #216 ) ;
#1472 = CARTESIAN_POINT ( 'NONE',  ( 3.000000000000019540, -80.00000000000000000, 3.500000000000000000 ) ) ;
#1473 = AXIS2_PLACEMENT_3D ( 'NONE', #1405, #279, #778 ) ;
#1474 = ORIENTED_EDGE ( 'NONE', *, *, #1102, .F. ) ;
#1475 = CARTESIAN_POINT ( 'NONE',  ( 3.000000000000004885, -47.00000000000000000, 8.500000000000000000 ) ) ;
#1476 = VECTOR ( 'NONE', #1445, 1000.000000000000000 ) ;
#1477 = EDGE_CURVE ( 'NONE', #302, #932, #334, .T. ) ;
#1478 = LINE ( 'NONE', #1345, #442 ) ;
#1479 = DIRECTION ( 'NONE',  ( -1.000000000000000000, -3.304235192336773047E-16, 0.000000000000000000 ) ) ;
#1480 = CARTESIAN_POINT ( 'NONE',  ( 33.00000000000000000, -1.500000000000000000, 4.999999999999985789 ) ) ;
#1481 = VERTEX_POINT ( 'NONE', #857 ) ;
#1482 = DIRECTION ( 'NONE',  ( 0.000000000000000000, 0.000000000000000000, -1.000000000000000000 ) ) ;
#1483 = AXIS2_PLACEMENT_3D ( 'NONE', #587, #1442, #1195 ) ;
#1484 = ORIENTED_EDGE ( 'NONE', *, *, #957, .F. ) ;
#1485 = CARTESIAN_POINT ( 'NONE',  ( 0.000000000000000000, -82.00000000000000000, 1.000000000000000000 ) ) ;
#1486 = CARTESIAN_POINT ( 'NONE',  ( 1.000000000000000000, -2.000000000000000000, 1.000000000000000000 ) ) ;
#1487 = FACE_OUTER_BOUND ( 'NONE', #114, .T. ) ;
#1488 = VECTOR ( 'NONE', #310, 1000.000000000000000 ) ;
#1489 = CARTESIAN_POINT ( 'NONE',  ( 73.50000000000001421, -37.00000000000000711, 3.999999999999998224 ) ) ;
#1490 = AXIS2_PLACEMENT_3D ( 'NONE', #267, #1283, #638 ) ;
#1491 = EDGE_LOOP ( 'NONE', ( #514, #797, #439, #1276, #1356, #1503, #1457, #1335 ) ) ;
#1492 = CARTESIAN_POINT ( 'NONE',  ( 71.00000000000002842, -82.00000000000000000, 3.500000000000000000 ) ) ;
#1493 = EDGE_CURVE ( 'NONE', #707, #769, #313, .T. ) ;
#1494 = ORIENTED_EDGE ( 'NONE', *, *, #1393, .T. ) ;
#1495 = CARTESIAN_POINT ( 'NONE',  ( 74.00000000000000000, -1.999999999999999556, 0.000000000000000000 ) ) ;
#1496 = CARTESIAN_POINT ( 'NONE',  ( 2.500000000000011102, -47.00000000000000000, 4.000000000000000888 ) ) ;
#1497 = FACE_OUTER_BOUND ( 'NONE', #1149, .T. ) ;
#1498 = DIRECTION ( 'NONE',  ( 0.000000000000000000, 0.4472135954999579277, -0.8944271909999158554 ) ) ;
#1499 = CIRCLE ( 'NONE', #793, 2.000000000000000000 ) ;
#1500 = UNCERTAINTY_MEASURE_WITH_UNIT (LENGTH_MEASURE( 1.000000000000000082E-05 ), #6, 'distance_accuracy_value', 'NONE');
#1501 = ORIENTED_EDGE ( 'NONE', *, *, #592, .T. ) ;
#1502 = FACE_OUTER_BOUND ( 'NONE', #636, .T. ) ;
#1503 = ORIENTED_EDGE ( 'NONE', *, *, #1417, .T. ) ;
#1504 = CARTESIAN_POINT ( 'NONE',  ( 0.000000000000000000, 0.000000000000000000, 2.000000000000000000 ) ) ;
#1505 = SURFACE_STYLE_USAGE ( .BOTH. , #490 ) ;
#1506 = DIRECTION ( 'NONE',  ( 0.000000000000000000, 0.000000000000000000, 1.000000000000000000 ) ) ;
#1507 = EDGE_CURVE ( 'NONE', #516, #52, #125, .T. ) ;
#1508 = EDGE_LOOP ( 'NONE', ( #56, #971, #1272, #896 ) ) ;
#1509 = DIRECTION ( 'NONE',  ( -0.000000000000000000, -0.000000000000000000, 1.000000000000000000 ) ) ;
#1510 = VERTEX_POINT ( 'NONE', #1361 ) ;
#1511 = CARTESIAN_POINT ( 'NONE',  ( 43.00000000000000000, -1.500000000000000000, 4.000000000000000000 ) ) ;
#1512 = VECTOR ( 'NONE', #1435, 1000.000000000000000 ) ;
#1513 = CARTESIAN_POINT ( 'NONE',  ( 3.000000000000019540, -80.00000000000000000, 2.000000000000000000 ) ) ;
#1514 = ADVANCED_FACE ( 'NONE', ( #1203 ), #1097, .T. ) ;
#1515 = ORIENTED_EDGE ( 'NONE', *, *, #476, .T. ) ;
#1516 = CARTESIAN_POINT ( 'NONE',  ( 3.000000000000019984, -82.00000000000000000, 3.500000000000000000 ) ) ;
#1517 = VECTOR ( 'NONE', #1159, 1000.000000000000000 ) ;
#1518 = LINE ( 'NONE', #1045, #976 ) ;
#1519 = ORIENTED_EDGE ( 'NONE', *, *, #1440, .F. ) ;
#1520 = CARTESIAN_POINT ( 'NONE',  ( 0.000000000000000000, -83.00000000000000000, 1.000000000000000000 ) ) ;
#1521 = DIRECTION ( 'NONE',  ( -1.000000000000000000, 0.000000000000000000, 0.000000000000000000 ) ) ;
#1522 = FACE_OUTER_BOUND ( 'NONE', #415, .T. ) ;
#1523 = ORIENTED_EDGE ( 'NONE', *, *, #666, .T. ) ;
#1524 = FACE_OUTER_BOUND ( 'NONE', #9, .T. ) ;
#1525 = VECTOR ( 'NONE', #239, 1000.000000000000000 ) ;
#1526 = ORIENTED_EDGE ( 'NONE', *, *, #384, .T. ) ;
#1527 = DIRECTION ( 'NONE',  ( -0.000000000000000000, -0.000000000000000000, 1.000000000000000000 ) ) ;
#1528 = LINE ( 'NONE', #1382, #1191 ) ;
#1529 = VECTOR ( 'NONE', #261, 1000.000000000000000 ) ;
#1530 = CARTESIAN_POINT ( 'NONE',  ( 2.000000000000000000, -82.00000000000000000, 2.000000000000000000 ) ) ;
#1531 = VECTOR ( 'NONE', #931, 1000.000000000000000 ) ;
#1532 = ORIENTED_EDGE ( 'NONE', *, *, #405, .F. ) ;
#1533 = CARTESIAN_POINT ( 'NONE',  ( 73.00000000000002842, -83.00000000000000000, 0.000000000000000000 ) ) ;
#1534 = ADVANCED_FACE ( 'NONE', ( #1337 ), #501, .F. ) ;
#1535 = EDGE_LOOP ( 'NONE', ( #594, #1540, #1044, #1334 ) ) ;
#1536 = LINE ( 'NONE', #1140, #922 ) ;
#1537 = FACE_OUTER_BOUND ( 'NONE', #871, .T. ) ;
#1538 = ORIENTED_EDGE ( 'NONE', *, *, #795, .F. ) ;
#1539 = LINE ( 'NONE', #763, #1396 ) ;
#1540 = ORIENTED_EDGE ( 'NONE', *, *, #1230, .F. ) ;
#1541 = DIRECTION ( 'NONE',  ( 0.000000000000000000, 0.000000000000000000, -1.000000000000000000 ) ) ;
#1542 = AXIS2_PLACEMENT_3D ( 'NONE', #703, #813, #1549 ) ;
#1543 = EDGE_CURVE ( 'NONE', #617, #374, #731, .T. ) ;
#1544 = CARTESIAN_POINT ( 'NONE',  ( 69.50000000000001421, -3.500000000000000000, 8.500000000000000000 ) ) ;
#1545 = ORIENTED_EDGE ( 'NONE', *, *, #346, .T. ) ;
#1546 = DIRECTION ( 'NONE',  ( -1.000000000000000000, -3.469446951953613696E-16, 0.000000000000000000 ) ) ;
#1547 = VERTEX_POINT ( 'NONE', #595 ) ;
#1548 = DIRECTION ( 'NONE',  ( -1.000000000000000000, 0.000000000000000000, -0.000000000000000000 ) ) ;
#1549 = DIRECTION ( 'NONE',  ( 1.000000000000000000, 0.000000000000000000, 0.000000000000000000 ) ) ;
#1550 = ADVANCED_FACE ( 'NONE', ( #249 ), #994, .T. ) ;
#1551 = ORIENTED_EDGE ( 'NONE', *, *, #795, .T. ) ;
#1552 = AXIS2_PLACEMENT_3D ( 'NONE', #750, #1604, #1506 ) ;
#1553 = VECTOR ( 'NONE', #612, 1000.000000000000000 ) ;
#1554 = ORIENTED_EDGE ( 'NONE', *, *, #1424, .F. ) ;
#1555 = DIRECTION ( 'NONE',  ( -0.000000000000000000, -0.000000000000000000, -1.000000000000000000 ) ) ;
#1556 = DIRECTION ( 'NONE',  ( 1.000000000000000000, 0.000000000000000000, 0.000000000000000000 ) ) ;
#1557 = EDGE_LOOP ( 'NONE', ( #526, #197, #844, #1201, #631, #1305, #456, #738 ) ) ;
#1558 = EDGE_CURVE ( 'NONE', #1079, #932, #1478, .T. ) ;
#1559 = DIRECTION ( 'NONE',  ( -0.000000000000000000, 0.000000000000000000, -1.000000000000000000 ) ) ;
#1560 = ORIENTED_EDGE ( 'NONE', *, *, #810, .F. ) ;
#1561 = FACE_OUTER_BOUND ( 'NONE', #1170, .T. ) ;
#1562 =( GEOMETRIC_REPRESENTATION_CONTEXT ( 3 ) GLOBAL_UNCERTAINTY_ASSIGNED_CONTEXT ( ( #1500 ) ) GLOBAL_UNIT_ASSIGNED_CONTEXT ( ( #6, #963, #224 ) ) REPRESENTATION_CONTEXT ( 'NONE', 'WORKASPACE' ) );
#1563 = EDGE_CURVE ( 'NONE', #1205, #910, #683, .T. ) ;
#1564 = CARTESIAN_POINT ( 'NONE',  ( 73.50000000000001421, -47.00000000000000000, 3.999999999999998224 ) ) ;
#1565 = CARTESIAN_POINT ( 'NONE',  ( 2.000000000000000000, -2.000000000000000000, 1.000000000000000000 ) ) ;
#1566 = ORIENTED_EDGE ( 'NONE', *, *, #1331, .T. ) ;
#1567 = EDGE_CURVE ( 'NONE', #1454, #478, #875, .T. ) ;
#1568 = CARTESIAN_POINT ( 'NONE',  ( 73.00000000000002842, -84.00000000000000000, 2.000000000000000000 ) ) ;
#1569 = FACE_OUTER_BOUND ( 'NONE', #1222, .T. ) ;
#1570 = VECTOR ( 'NONE', #1141, 1000.000000000000000 ) ;
#1571 = EDGE_LOOP ( 'NONE', ( #512, #1416, #789, #428 ) ) ;
#1572 = LINE ( 'NONE', #203, #1609 ) ;
#1573 = EDGE_CURVE ( 'NONE', #905, #368, #181, .T. ) ;
#1574 = DIRECTION ( 'NONE',  ( -0.000000000000000000, 0.000000000000000000, -1.000000000000000000 ) ) ;
#1575 = LINE ( 'NONE', #958, #1529 ) ;
#1576 = VECTOR ( 'NONE', #818, 1000.000000000000000 ) ;
#1577 = ORIENTED_EDGE ( 'NONE', *, *, #622, .F. ) ;
#1578 = DIRECTION ( 'NONE',  ( -0.000000000000000000, 3.469446951953614189E-15, 1.000000000000000000 ) ) ;
#1579 = VERTEX_POINT ( 'NONE', #343 ) ;
#1580 = EDGE_CURVE ( 'NONE', #374, #1547, #1374, .T. ) ;
#1581 = AXIS2_PLACEMENT_3D ( 'NONE', #1266, #170, #162 ) ;
#1582 = PRODUCT_DEFINITION_SHAPE ( 'NONE', 'NONE',  #918 ) ;
#1583 = EDGE_CURVE ( 'NONE', #1579, #349, #240, .T. ) ;
#1584 = CIRCLE ( 'NONE', #989, 2.000000000000000000 ) ;
#1585 = CIRCLE ( 'NONE', #1254, 2.000000000000000000 ) ;
#1586 = FACE_OUTER_BOUND ( 'NONE', #729, .T. ) ;
#1587 = ORIENTED_EDGE ( 'NONE', *, *, #1493, .T. ) ;
#1588 = CARTESIAN_POINT ( 'NONE',  ( 73.00000000000000000, -3.999999999999999112, 3.500000000000000000 ) ) ;
#1589 = ORIENTED_EDGE ( 'NONE', *, *, #486, .T. ) ;
#1590 = CARTESIAN_POINT ( 'NONE',  ( 2.500000000000003553, -39.00000000000000000, 4.999999999999973355 ) ) ;
#1591 = CARTESIAN_POINT ( 'NONE',  ( 3.000000000000004885, -47.00000000000000000, 8.500000000000000000 ) ) ;
#1592 = LINE ( 'NONE', #725, #842 ) ;
#1593 = AXIS2_PLACEMENT_3D ( 'NONE', #847, #1087, #627 ) ;
#1594 = VECTOR ( 'NONE', #735, 1000.000000000000000 ) ;
#1595 = CARTESIAN_POINT ( 'NONE',  ( 2.000000000000000000, -82.00000000000000000, 0.000000000000000000 ) ) ;
#1596 = ORIENTED_EDGE ( 'NONE', *, *, #1199, .T. ) ;
#1597 = CARTESIAN_POINT ( 'NONE',  ( 33.00000000000000000, -2.000000000000000000, 4.000000000000000000 ) ) ;
#1598 = MANIFOLD_SOLID_BREP ( '圆角2', #578 ) ;
#1599 = VECTOR ( 'NONE', #648, 1000.000000000000000 ) ;
#1600 = ORIENTED_EDGE ( 'NONE', *, *, #1230, .T. ) ;
#1601 = CARTESIAN_POINT ( 'NONE',  ( 2.000000000000000000, -82.00000000000000000, 1.000000000000000000 ) ) ;
#1602 = AXIS2_PLACEMENT_3D ( 'NONE', #642, #1288, #677 ) ;
#1603 = CARTESIAN_POINT ( 'NONE',  ( 4.500000000000007105, -80.50000000000000000, 2.000000000000000000 ) ) ;
#1604 = DIRECTION ( 'NONE',  ( -1.000000000000000000, 0.000000000000000000, 0.000000000000000000 ) ) ;
#1605 = FACE_OUTER_BOUND ( 'NONE', #326, .T. ) ;
#1606 = ADVANCED_FACE ( 'NONE', ( #646 ), #619, .T. ) ;
#1607 = ORIENTED_EDGE ( 'NONE', *, *, #62, .F. ) ;
#1608 = LINE ( 'NONE', #872, #968 ) ;
#1609 = VECTOR ( 'NONE', #1071, 1000.000000000000000 ) ;
#1610 = ORIENTED_EDGE ( 'NONE', *, *, #1543, .T. ) ;
#1611 = CARTESIAN_POINT ( 'NONE',  ( 71.50000000000004263, -81.93649167310370274, 8.500000000000000000 ) ) ;
#1612 = FILL_AREA_STYLE ('',( #371 ) ) ;
#1613 = DIRECTION ( 'NONE',  ( 1.126443815569355154E-16, -1.000000000000000000, 0.000000000000000000 ) ) ;
#1614 = EDGE_CURVE ( 'NONE', #609, #910, #161, .T. ) ;
#1615 = VECTOR ( 'NONE', #329, 1000.000000000000000 ) ;
#1616 = FACE_OUTER_BOUND ( 'NONE', #598, .T. ) ;
ENDSEC;
END-ISO-10303-21;
