ISO-10303-21;
HEADER;
FILE_DESCRIPTION (( 'STEP AP214' ),
    '1' );
FILE_NAME ('零件4.STEP',
    '2025-04-02T03:21:41',
    ( '' ),
    ( '' ),
    'SwSTEP 2.0',
    'SolidWorks 2021',
    '' );
FILE_SCHEMA (( 'AUTOMOTIVE_DESIGN' ));
ENDSEC;

DATA;
#1 = ORIENTED_EDGE ( 'NONE', *, *, #446, .T. ) ;
#2 = CIRCLE ( 'NONE', #249, 1.000000000000000000 ) ;
#3 = ORIENTED_EDGE ( 'NONE', *, *, #21, .F. ) ;
#4 = VERTEX_POINT ( 'NONE', #452 ) ;
#5 = CARTESIAN_POINT ( 'NONE',  ( 0.000000000000000000, 0.000000000000000000, 4.000000000000000000 ) ) ;
#6 = DIRECTION ( 'NONE',  ( -0.000000000000000000, -0.000000000000000000, -1.000000000000000000 ) ) ;
#7 = DIRECTION ( 'NONE',  ( 0.000000000000000000, 0.000000000000000000, 1.000000000000000000 ) ) ;
#8 = LINE ( 'NONE', #16, #630 ) ;
#9 = ORIENTED_EDGE ( 'NONE', *, *, #1863, .F. ) ;
#10 = ORIENTED_EDGE ( 'NONE', *, *, #197, .F. ) ;
#11 = LINE ( 'NONE', #1189, #1291 ) ;
#12 = AXIS2_PLACEMENT_3D ( 'NONE', #1629, #147, #1302 ) ;
#13 = ORIENTED_EDGE ( 'NONE', *, *, #595, .F. ) ;
#14 = CARTESIAN_POINT ( 'NONE',  ( 9.000000000000000000, 0.000000000000000000, 3.000000000000000888 ) ) ;
#15 = FACE_OUTER_BOUND ( 'NONE', #1764, .T. ) ;
#16 = CARTESIAN_POINT ( 'NONE',  ( 11.50000000000000355, -17.99999999999999645, 12.00000000000000000 ) ) ;
#17 = ORIENTED_EDGE ( 'NONE', *, *, #1032, .F. ) ;
#18 = AXIS2_PLACEMENT_3D ( 'NONE', #1267, #1847, #972 ) ;
#19 = ORIENTED_EDGE ( 'NONE', *, *, #1376, .F. ) ;
#20 = CIRCLE ( 'NONE', #419, 1.000000000000000888 ) ;
#21 = EDGE_CURVE ( 'NONE', #682, #1645, #113, .T. ) ;
#22 = DIRECTION ( 'NONE',  ( 1.000000000000000000, -0.000000000000000000, -0.000000000000000000 ) ) ;
#23 = EDGE_LOOP ( 'NONE', ( #316, #1478, #763 ) ) ;
#24 = ORIENTED_EDGE ( 'NONE', *, *, #295, .T. ) ;
#25 = EDGE_CURVE ( 'NONE', #1220, #892, #941, .T. ) ;
#26 = EDGE_CURVE ( 'NONE', #1685, #1153, #175, .T. ) ;
#27 = DIRECTION ( 'NONE',  ( -0.000000000000000000, -0.000000000000000000, -1.000000000000000000 ) ) ;
#28 = CARTESIAN_POINT ( 'NONE',  ( 20.50000000000000355, 18.00000000000000355, 1.000000000000000888 ) ) ;
#29 = CARTESIAN_POINT ( 'NONE',  ( 0.000000000000000000, 0.000000000000000000, 3.000000000000000888 ) ) ;
#30 = VERTEX_POINT ( 'NONE', #323 ) ;
#31 = CARTESIAN_POINT ( 'NONE',  ( 11.50000000000000355, -16.99999999999999289, 11.00000000000000000 ) ) ;
#32 = SURFACE_STYLE_USAGE ( .BOTH. , #1020 ) ;
#33 = ADVANCED_FACE ( 'NONE', ( #608 ), #1338, .T. ) ;
#34 = ORIENTED_EDGE ( 'NONE', *, *, #1856, .T. ) ;
#35 = CIRCLE ( 'NONE', #1706, 1.500000000000000222 ) ;
#36 = VERTEX_POINT ( 'NONE', #764 ) ;
#37 = CIRCLE ( 'NONE', #219, 10.00000000000000000 ) ;
#38 = EDGE_LOOP ( 'NONE', ( #1457, #474, #1576, #1145 ) ) ;
#39 = DIRECTION ( 'NONE',  ( -1.000000000000000000, 0.000000000000000000, 0.000000000000000000 ) ) ;
#40 = DIRECTION ( 'NONE',  ( 0.000000000000000000, 0.000000000000000000, -1.000000000000000000 ) ) ;
#41 = ADVANCED_FACE ( 'NONE', ( #472, #1052 ), #1634, .T. ) ;
#42 = EDGE_LOOP ( 'NONE', ( #327, #558, #575, #1041 ) ) ;
#43 = ORIENTED_EDGE ( 'NONE', *, *, #1856, .F. ) ;
#44 = DIRECTION ( 'NONE',  ( -1.000000000000000000, -6.938893903907227392E-16, 0.000000000000000000 ) ) ;
#45 = ORIENTED_EDGE ( 'NONE', *, *, #60, .T. ) ;
#46 = ORIENTED_EDGE ( 'NONE', *, *, #326, .T. ) ;
#47 = VECTOR ( 'NONE', #574, 1000.000000000000000 ) ;
#48 = ADVANCED_FACE ( 'NONE', ( #735, #1126 ), #684, .T. ) ;
#49 = DIRECTION ( 'NONE',  ( 1.000000000000000000, 0.000000000000000000, 0.000000000000000000 ) ) ;
#50 = CIRCLE ( 'NONE', #631, 1.000000000000000666 ) ;
#51 = CIRCLE ( 'NONE', #1595, 9.000000000000000000 ) ;
#52 = FACE_OUTER_BOUND ( 'NONE', #591, .T. ) ;
#53 = CARTESIAN_POINT ( 'NONE',  ( -1.500000000000000222, 1.836970198721030181E-16, 4.000000000000000000 ) ) ;
#54 = CARTESIAN_POINT ( 'NONE',  ( 16.50000000000000355, -12.00000000000000000, 5.999999999999999112 ) ) ;
#55 = CARTESIAN_POINT ( 'NONE',  ( 9.000000000000000000, 0.000000000000000000, 3.000000000000000888 ) ) ;
#56 = ORIENTED_EDGE ( 'NONE', *, *, #924, .F. ) ;
#57 = ORIENTED_EDGE ( 'NONE', *, *, #859, .T. ) ;
#58 =( GEOMETRIC_REPRESENTATION_CONTEXT ( 3 ) GLOBAL_UNCERTAINTY_ASSIGNED_CONTEXT ( ( #1511 ) ) GLOBAL_UNIT_ASSIGNED_CONTEXT ( ( #1178, #453, #532 ) ) REPRESENTATION_CONTEXT ( 'NONE', 'WORKASPACE' ) );
#59 = DIRECTION ( 'NONE',  ( 0.000000000000000000, -1.000000000000000000, 0.000000000000000000 ) ) ;
#60 = EDGE_CURVE ( 'NONE', #66, #1080, #904, .T. ) ;
#61 = FACE_OUTER_BOUND ( 'NONE', #203, .T. ) ;
#62 = DIRECTION ( 'NONE',  ( 0.000000000000000000, 0.000000000000000000, -1.000000000000000000 ) ) ;
#63 = LINE ( 'NONE', #1392, #1554 ) ;
#64 = DIRECTION ( 'NONE',  ( 0.000000000000000000, 0.000000000000000000, -1.000000000000000000 ) ) ;
#65 = AXIS2_PLACEMENT_3D ( 'NONE', #193, #920, #1496 ) ;
#66 = VERTEX_POINT ( 'NONE', #826 ) ;
#67 = CIRCLE ( 'NONE', #311, 10.50000000000000000 ) ;
#68 = EDGE_CURVE ( 'NONE', #1362, #431, #1179, .T. ) ;
#69 = SPHERICAL_SURFACE ( 'NONE', #1769, 1.000000000000000000 ) ;
#70 = CARTESIAN_POINT ( 'NONE',  ( 9.000000000000000000, 0.000000000000000000, 7.500000000000000000 ) ) ;
#71 = FACE_OUTER_BOUND ( 'NONE', #1004, .T. ) ;
#72 = DIRECTION ( 'NONE',  ( 0.000000000000000000, 0.000000000000000000, -1.000000000000000000 ) ) ;
#73 = PLANE ( 'NONE',  #1207 ) ;
#74 = VERTEX_POINT ( 'NONE', #401 ) ;
#75 = LINE ( 'NONE', #339, #91 ) ;
#76 = CARTESIAN_POINT ( 'NONE',  ( 20.50000000000000355, 6.000000000000000000, 9.000000000000000000 ) ) ;
#77 = AXIS2_PLACEMENT_3D ( 'NONE', #1151, #1297, #1876 ) ;
#78 = CARTESIAN_POINT ( 'NONE',  ( 8.769230769230770051, 8.191495084291771533, 1.000000000000000888 ) ) ;
#79 = FACE_OUTER_BOUND ( 'NONE', #38, .T. ) ;
#80 = DIRECTION ( 'NONE',  ( 1.000000000000000000, -0.000000000000000000, 0.000000000000000000 ) ) ;
#81 = ORIENTED_EDGE ( 'NONE', *, *, #1062, .T. ) ;
#82 = EDGE_CURVE ( 'NONE', #1601, #629, #604, .T. ) ;
#83 = FACE_OUTER_BOUND ( 'NONE', #244, .T. ) ;
#84 = ADVANCED_FACE ( 'NONE', ( #247 ), #1405, .F. ) ;
#85 = DIRECTION ( 'NONE',  ( 0.000000000000000000, -0.000000000000000000, -1.000000000000000000 ) ) ;
#86 = CARTESIAN_POINT ( 'NONE',  ( -9.000000000000001776, 1.102182119232617911E-15, 17.00000000000000000 ) ) ;
#87 = CARTESIAN_POINT ( 'NONE',  ( 16.50000000000000355, 12.00000000000000000, 5.999999999999999112 ) ) ;
#88 = DIRECTION ( 'NONE',  ( -0.000000000000000000, 1.000000000000000000, -0.000000000000000000 ) ) ;
#89 = ORIENTED_EDGE ( 'NONE', *, *, #1734, .F. ) ;
#90 = AXIS2_PLACEMENT_3D ( 'NONE', #800, #1225, #1380 ) ;
#91 = VECTOR ( 'NONE', #790, 1000.000000000000000 ) ;
#92 = DIRECTION ( 'NONE',  ( 1.000000000000000000, 0.000000000000000000, 0.000000000000000000 ) ) ;
#93 = DIRECTION ( 'NONE',  ( 0.000000000000000000, 0.000000000000000000, 1.000000000000000000 ) ) ;
#94 = VECTOR ( 'NONE', #481, 1000.000000000000000 ) ;
#95 = DIRECTION ( 'NONE',  ( 1.000000000000000000, 0.000000000000000000, 0.000000000000000000 ) ) ;
#96 = PLANE ( 'NONE',  #869 ) ;
#97 = LINE ( 'NONE', #1579, #807 ) ;
#98 = EDGE_LOOP ( 'NONE', ( #324, #1071, #1192, #1191 ) ) ;
#99 = CARTESIAN_POINT ( 'NONE',  ( 6.500000000000004441, -2.500000000000000000, 7.500000000000000000 ) ) ;
#100 = CARTESIAN_POINT ( 'NONE',  ( 0.000000000000000000, 0.000000000000000000, 17.00000000000000000 ) ) ;
#101 = ADVANCED_FACE ( 'NONE', ( #543 ), #1413, .F. ) ;
#102 = DIRECTION ( 'NONE',  ( 1.000000000000000000, 0.000000000000000000, -0.000000000000000000 ) ) ;
#103 = VECTOR ( 'NONE', #88, 1000.000000000000000 ) ;
#104 = VECTOR ( 'NONE', #867, 1000.000000000000000 ) ;
#105 = DIRECTION ( 'NONE',  ( 1.000000000000000000, 0.000000000000000000, 0.000000000000000000 ) ) ;
#106 = DIRECTION ( 'NONE',  ( 1.000000000000000000, 0.000000000000000000, -0.000000000000000000 ) ) ;
#107 = EDGE_CURVE ( 'NONE', #1446, #431, #683, .T. ) ;
#108 = AXIS2_PLACEMENT_3D ( 'NONE', #1627, #27, #328 ) ;
#109 = VERTEX_POINT ( 'NONE', #844 ) ;
#110 = EDGE_CURVE ( 'NONE', #1080, #1759, #1748, .T. ) ;
#111 = DIRECTION ( 'NONE',  ( 0.000000000000000000, 0.000000000000000000, -1.000000000000000000 ) ) ;
#112 = CYLINDRICAL_SURFACE ( 'NONE', #1834, 10.50000000000000000 ) ;
#113 = CIRCLE ( 'NONE', #1726, 1.000000000000000666 ) ;
#114 = AXIS2_PLACEMENT_3D ( 'NONE', #950, #1061, #930 ) ;
#115 = EDGE_CURVE ( 'NONE', #620, #1096, #1548, .T. ) ;
#116 = LINE ( 'NONE', #389, #1669 ) ;
#117 = CARTESIAN_POINT ( 'NONE',  ( 16.50000000000000355, -12.00000000000000000, 5.999999999999999112 ) ) ;
#118 = DIRECTION ( 'NONE',  ( 1.000000000000000000, -0.000000000000000000, -0.000000000000000000 ) ) ;
#119 = ORIENTED_EDGE ( 'NONE', *, *, #309, .F. ) ;
#120 = VERTEX_POINT ( 'NONE', #381 ) ;
#121 = EDGE_CURVE ( 'NONE', #36, #1601, #224, .T. ) ;
#122 = DIRECTION ( 'NONE',  ( 0.7307692307692310596, 0.6826245903576478868, 0.000000000000000000 ) ) ;
#123 = CIRCLE ( 'NONE', #729, 1.000000000000000000 ) ;
#124 =( NAMED_UNIT ( * ) PLANE_ANGLE_UNIT ( ) SI_UNIT ( $, .RADIAN. ) );
#125 = DIRECTION ( 'NONE',  ( 1.000000000000000000, 0.000000000000000000, 0.000000000000000000 ) ) ;
#126 = CIRCLE ( 'NONE', #315, 11.99999999999999822 ) ;
#127 = ORIENTED_EDGE ( 'NONE', *, *, #1366, .T. ) ;
#128 = ORIENTED_EDGE ( 'NONE', *, *, #1590, .T. ) ;
#129 = EDGE_CURVE ( 'NONE', #1274, #1531, #1417, .T. ) ;
#130 = VERTEX_POINT ( 'NONE', #396 ) ;
#131 = CARTESIAN_POINT ( 'NONE',  ( 0.000000000000000000, 0.000000000000000000, 12.00000000000000000 ) ) ;
#132 = LINE ( 'NONE', #1869, #1411 ) ;
#133 = ORIENTED_EDGE ( 'NONE', *, *, #1593, .T. ) ;
#134 = AXIS2_PLACEMENT_3D ( 'NONE', #1861, #1424, #1445 ) ;
#135 = EDGE_LOOP ( 'NONE', ( #465, #887, #922, #429 ) ) ;
#136 = VECTOR ( 'NONE', #638, 1000.000000000000000 ) ;
#137 = VECTOR ( 'NONE', #994, 1000.000000000000000 ) ;
#138 = ORIENTED_EDGE ( 'NONE', *, *, #1573, .T. ) ;
#139 = PLANE ( 'NONE',  #793 ) ;
#140 = DIRECTION ( 'NONE',  ( 1.000000000000000000, 0.000000000000000000, -0.000000000000000000 ) ) ;
#141 = CARTESIAN_POINT ( 'NONE',  ( 11.50000000000000355, 16.99999999999999289, 1.000000000000000000 ) ) ;
#142 = EDGE_LOOP ( 'NONE', ( #1165, #953, #1763, #1666 ) ) ;
#143 = VERTEX_POINT ( 'NONE', #1408 ) ;
#144 = ORIENTED_EDGE ( 'NONE', *, *, #250, .F. ) ;
#145 = CARTESIAN_POINT ( 'NONE',  ( 19.50000000000000355, -16.99999999999999289, 11.00000000000000000 ) ) ;
#146 = CIRCLE ( 'NONE', #245, 1.000000000000000000 ) ;
#147 = DIRECTION ( 'NONE',  ( -0.000000000000000000, 0.000000000000000000, -1.000000000000000000 ) ) ;
#148 = PLANE ( 'NONE',  #645 ) ;
#149 = CARTESIAN_POINT ( 'NONE',  ( 9.500000000000001776, -8.874119674649419309, 1.000000000000000888 ) ) ;
#150 = ADVANCED_FACE ( 'NONE', ( #252 ), #96, .T. ) ;
#151 = AXIS2_PLACEMENT_3D ( 'NONE', #728, #1450, #1162 ) ;
#152 = ORIENTED_EDGE ( 'NONE', *, *, #1809, .T. ) ;
#153 = VECTOR ( 'NONE', #1015, 1000.000000000000000 ) ;
#154 = DIRECTION ( 'NONE',  ( 1.000000000000000000, 0.000000000000000000, -0.000000000000000000 ) ) ;
#155 = PLANE ( 'NONE',  #201 ) ;
#156 = ORIENTED_EDGE ( 'NONE', *, *, #1404, .T. ) ;
#157 = CYLINDRICAL_SURFACE ( 'NONE', #108, 3.500000000000000000 ) ;
#158 = CARTESIAN_POINT ( 'NONE',  ( 16.50000000000000355, -6.000000000000000000, 9.000000000000000000 ) ) ;
#159 = PLANE ( 'NONE',  #1649 ) ;
#160 = ADVANCED_FACE ( 'NONE', ( #1837 ), #1384, .F. ) ;
#161 = CYLINDRICAL_SURFACE ( 'NONE', #564, 11.99999999999999822 ) ;
#162 = VERTEX_POINT ( 'NONE', #1690 ) ;
#163 = CARTESIAN_POINT ( 'NONE',  ( 20.50000000000000355, -12.00000000000000000, 5.999999999999999112 ) ) ;
#164 = ADVANCED_FACE ( 'NONE', ( #696 ), #1537, .T. ) ;
#165 = EDGE_LOOP ( 'NONE', ( #1299, #1676, #1872 ) ) ;
#166 = ADVANCED_FACE ( 'NONE', ( #242 ), #680, .F. ) ;
#167 = TOROIDAL_SURFACE ( 'NONE', #77, 2.000000000000000000, 1.000000000000000000 ) ;
#168 = ORIENTED_EDGE ( 'NONE', *, *, #1148, .F. ) ;
#169 = SURFACE_STYLE_USAGE ( .BOTH. , #1423 ) ;
#170 = ORIENTED_EDGE ( 'NONE', *, *, #129, .T. ) ;
#171 = DIRECTION ( 'NONE',  ( -0.000000000000000000, -0.000000000000000000, -1.000000000000000000 ) ) ;
#172 = DIRECTION ( 'NONE',  ( 1.000000000000000000, 6.938893903907227392E-16, -0.000000000000000000 ) ) ;
#173 = EDGE_CURVE ( 'NONE', #303, #756, #569, .T. ) ;
#174 = EDGE_LOOP ( 'NONE', ( #1213, #767, #619, #1249 ) ) ;
#175 = CIRCLE ( 'NONE', #1569, 3.000000000000000444 ) ;
#176 = ORIENTED_EDGE ( 'NONE', *, *, #312, .F. ) ;
#177 = FILL_AREA_STYLE_COLOUR ( '', #1049 ) ;
#178 = ORIENTED_EDGE ( 'NONE', *, *, #420, .F. ) ;
#179 = VERTEX_POINT ( 'NONE', #985 ) ;
#180 = FILL_AREA_STYLE_COLOUR ( '', #1266 ) ;
#181 = EDGE_CURVE ( 'NONE', #1096, #996, #813, .T. ) ;
#182 = CARTESIAN_POINT ( 'NONE',  ( 11.50000000000000355, 5.809475019311118871, 12.00000000000000000 ) ) ;
#183 = LINE ( 'NONE', #894, #1400 ) ;
#184 = AXIS2_PLACEMENT_3D ( 'NONE', #1660, #1379, #1215 ) ;
#185 = EDGE_LOOP ( 'NONE', ( #1019, #1746, #1657, #1830 ) ) ;
#186 = CARTESIAN_POINT ( 'NONE',  ( 0.000000000000000000, 0.000000000000000000, 3.000000000000000888 ) ) ;
#187 = DIRECTION ( 'NONE',  ( -0.000000000000000000, 1.000000000000000000, 0.000000000000000000 ) ) ;
#188 = VERTEX_POINT ( 'NONE', #413 ) ;
#189 = ADVANCED_FACE ( 'NONE', ( #79 ), #689, .F. ) ;
#190 = EDGE_LOOP ( 'NONE', ( #997, #1063, #557, #322 ) ) ;
#191 = CARTESIAN_POINT ( 'NONE',  ( 11.50000000000000355, 8.874119674649419309, 11.00000000000000000 ) ) ;
#192 = CARTESIAN_POINT ( 'NONE',  ( 0.000000000000000000, 0.000000000000000000, 4.000000000000000000 ) ) ;
#193 = CARTESIAN_POINT ( 'NONE',  ( 20.50000000000000355, 12.00000000000000000, 5.999999999999999112 ) ) ;
#194 = CYLINDRICAL_SURFACE ( 'NONE', #516, 1.000000000000000000 ) ;
#195 = CARTESIAN_POINT ( 'NONE',  ( 16.50000000000000355, -6.000000000000000000, 2.999999999999998668 ) ) ;
#196 = VERTEX_POINT ( 'NONE', #1545 ) ;
#197 = EDGE_CURVE ( 'NONE', #531, #30, #1296, .T. ) ;
#198 = AXIS2_PLACEMENT_3D ( 'NONE', #99, #693, #1565 ) ;
#199 = ORIENTED_EDGE ( 'NONE', *, *, #1391, .F. ) ;
#200 = UNCERTAINTY_MEASURE_WITH_UNIT (LENGTH_MEASURE( 1.000000000000000082E-05 ), #306, 'distance_accuracy_value', 'NONE');
#201 = AXIS2_PLACEMENT_3D ( 'NONE', #485, #1329, #473 ) ;
#202 = DIRECTION ( 'NONE',  ( 1.000000000000000000, 0.000000000000000000, 0.000000000000000000 ) ) ;
#203 = EDGE_LOOP ( 'NONE', ( #1802, #374, #1079, #632 ) ) ;
#204 = CIRCLE ( 'NONE', #1798, 2.000000000000000000 ) ;
#205 = LINE ( 'NONE', #510, #822 ) ;
#206 = DIRECTION ( 'NONE',  ( 1.000000000000000000, 0.000000000000000000, -0.000000000000000000 ) ) ;
#207 = DIRECTION ( 'NONE',  ( 0.000000000000000000, 0.000000000000000000, -1.000000000000000000 ) ) ;
#208 = CARTESIAN_POINT ( 'NONE',  ( 3.500000000000000000, 4.286263797015736595E-16, 12.00000000000000000 ) ) ;
#209 = EDGE_CURVE ( 'NONE', #1290, #1601, #1120, .T. ) ;
#210 = ORIENTED_EDGE ( 'NONE', *, *, #907, .T. ) ;
#211 = CARTESIAN_POINT ( 'NONE',  ( 11.50000000000000355, 17.99999999999999645, 1.000000000000000888 ) ) ;
#212 = ORIENTED_EDGE ( 'NONE', *, *, #1132, .F. ) ;
#213 = DIRECTION ( 'NONE',  ( -0.000000000000000000, -0.000000000000000000, -1.000000000000000000 ) ) ;
#214 = DIRECTION ( 'NONE',  ( -0.000000000000000000, -0.000000000000000000, 1.000000000000000000 ) ) ;
#215 = FACE_OUTER_BOUND ( 'NONE', #1588, .T. ) ;
#216 = CARTESIAN_POINT ( 'NONE',  ( 11.50000000000000355, 0.000000000000000000, 0.000000000000000000 ) ) ;
#217 = ORIENTED_EDGE ( 'NONE', *, *, #1203, .F. ) ;
#218 = CIRCLE ( 'NONE', #1527, 1.000000000000000888 ) ;
#219 = AXIS2_PLACEMENT_3D ( 'NONE', #349, #926, #202 ) ;
#220 = DIRECTION ( 'NONE',  ( -0.000000000000000000, -0.000000000000000000, -1.000000000000000000 ) ) ;
#221 = DIRECTION ( 'NONE',  ( 0.000000000000000000, -0.000000000000000000, 1.000000000000000000 ) ) ;
#222 = FACE_OUTER_BOUND ( 'NONE', #711, .T. ) ;
#223 = DIRECTION ( 'NONE',  ( 1.000000000000000000, 0.000000000000000000, 0.000000000000000000 ) ) ;
#224 = LINE ( 'NONE', #1393, #1441 ) ;
#225 = DIRECTION ( 'NONE',  ( 1.000000000000000000, -0.000000000000000000, -0.000000000000000000 ) ) ;
#226 = ORIENTED_EDGE ( 'NONE', *, *, #653, .F. ) ;
#227 = ADVANCED_FACE ( 'NONE', ( #959 ), #291, .T. ) ;
#228 = DIRECTION ( 'NONE',  ( 0.000000000000000000, 0.000000000000000000, -1.000000000000000000 ) ) ;
#229 = CARTESIAN_POINT ( 'NONE',  ( 6.500000000000004441, 2.500000000000000000, 7.500000000000000000 ) ) ;
#230 = CIRCLE ( 'NONE', #934, 1.000000000000000888 ) ;
#231 = VECTOR ( 'NONE', #296, 1000.000000000000000 ) ;
#232 = DIRECTION ( 'NONE',  ( 1.000000000000000000, 0.000000000000000000, 0.000000000000000000 ) ) ;
#233 = ADVANCED_FACE ( 'NONE', ( #390 ), #1596, .T. ) ;
#234 = VECTOR ( 'NONE', #530, 1000.000000000000000 ) ;
#235 = DIRECTION ( 'NONE',  ( -0.000000000000000000, -0.000000000000000000, 1.000000000000000000 ) ) ;
#236 = CARTESIAN_POINT ( 'NONE',  ( 11.50000000000000355, -16.99999999999999289, 11.00000000000000000 ) ) ;
#237 = ORIENTED_EDGE ( 'NONE', *, *, #603, .T. ) ;
#238 = DIRECTION ( 'NONE',  ( 1.000000000000000000, 0.000000000000000000, 0.000000000000000000 ) ) ;
#239 = DIRECTION ( 'NONE',  ( -0.000000000000000000, -0.000000000000000000, -1.000000000000000000 ) ) ;
#240 = EDGE_CURVE ( 'NONE', #1133, #1789, #1632, .T. ) ;
#241 = DIRECTION ( 'NONE',  ( 0.000000000000000000, 0.000000000000000000, 1.000000000000000000 ) ) ;
#242 = FACE_OUTER_BOUND ( 'NONE', #1448, .T. ) ;
#243 = DIRECTION ( 'NONE',  ( 0.000000000000000000, 0.000000000000000000, -1.000000000000000000 ) ) ;
#244 = EDGE_LOOP ( 'NONE', ( #334, #226, #408, #858 ) ) ;
#245 = AXIS2_PLACEMENT_3D ( 'NONE', #1807, #351, #770 ) ;
#246 = AXIS2_PLACEMENT_3D ( 'NONE', #1185, #171, #1607 ) ;
#247 = FACE_OUTER_BOUND ( 'NONE', #1877, .T. ) ;
#248 = DIRECTION ( 'NONE',  ( 1.000000000000000000, 0.000000000000000000, 0.000000000000000000 ) ) ;
#249 = AXIS2_PLACEMENT_3D ( 'NONE', #1486, #308, #321 ) ;
#250 = EDGE_CURVE ( 'NONE', #776, #1331, #1359, .T. ) ;
#251 = CARTESIAN_POINT ( 'NONE',  ( 20.50000000000000355, -16.99999999999999289, 12.00000000000000000 ) ) ;
#252 = FACE_OUTER_BOUND ( 'NONE', #314, .T. ) ;
#253 = DIRECTION ( 'NONE',  ( -0.000000000000000000, -0.000000000000000000, 1.000000000000000000 ) ) ;
#254 = PRODUCT_DEFINITION_CONTEXT ( 'detailed design', #1289, 'design' ) ;
#255 = ADVANCED_FACE ( 'NONE', ( #270 ), #1484, .T. ) ;
#256 = DIRECTION ( 'NONE',  ( 1.000000000000000000, 0.000000000000000000, 0.000000000000000000 ) ) ;
#257 = DIRECTION ( 'NONE',  ( 0.000000000000000000, 0.000000000000000000, 1.000000000000000000 ) ) ;
#258 = DIRECTION ( 'NONE',  ( -0.000000000000000000, 1.000000000000000000, 0.000000000000000000 ) ) ;
#259 = VECTOR ( 'NONE', #80, 1000.000000000000000 ) ;
#260 = DIRECTION ( 'NONE',  ( 1.000000000000000000, 0.000000000000000000, 0.000000000000000000 ) ) ;
#261 = DIRECTION ( 'NONE',  ( 0.000000000000000000, 0.000000000000000000, 1.000000000000000000 ) ) ;
#262 = VERTEX_POINT ( 'NONE', #1343 ) ;
#263 = EDGE_LOOP ( 'NONE', ( #746, #640 ) ) ;
#264 = EDGE_CURVE ( 'NONE', #1655, #36, #777, .T. ) ;
#265 = DIRECTION ( 'NONE',  ( 0.000000000000000000, 0.000000000000000000, -1.000000000000000000 ) ) ;
#266 = CARTESIAN_POINT ( 'NONE',  ( 19.50000000000000355, 18.00000000000000355, 11.00000000000000000 ) ) ;
#267 = CLOSED_SHELL ( 'NONE', ( #227, #1656, #1023, #737, #1056, #160, #33, #1790, #467, #1662, #917, #48, #1122, #41, #166, #1256, #517, #585, #789, #624, #1453, #1045, #1462, #1513, #373, #189, #651, #559, #150, #1867, #998, #1603, #101, #304, #1039, #84, #1097, #255, #945, #713, #927, #1779, #913, #512, #378, #384, #371, #1477, #164, #783, #1731, #1836, #1449, #1521, #989, #785, #1752, #834, #1659, #454, #1620, #317, #1524, #432, #839, #1101, #233, #1382 ) ) ;
#268 = AXIS2_PLACEMENT_3D ( 'NONE', #492, #1086, #942 ) ;
#269 = EDGE_CURVE ( 'NONE', #607, #383, #1617, .T. ) ;
#270 = FACE_OUTER_BOUND ( 'NONE', #1600, .T. ) ;
#271 = DIRECTION ( 'NONE',  ( -0.000000000000000000, -1.000000000000000000, -0.000000000000000000 ) ) ;
#272 = ORIENTED_EDGE ( 'NONE', *, *, #509, .F. ) ;
#273 = ORIENTED_EDGE ( 'NONE', *, *, #60, .F. ) ;
#274 = EDGE_LOOP ( 'NONE', ( #1202, #649 ) ) ;
#275 = DIRECTION ( 'NONE',  ( -0.000000000000000000, 1.000000000000000000, -0.000000000000000000 ) ) ;
#276 = CIRCLE ( 'NONE', #1007, 9.000000000000000000 ) ;
#277 = DIRECTION ( 'NONE',  ( 0.000000000000000000, 0.000000000000000000, -1.000000000000000000 ) ) ;
#278 = VECTOR ( 'NONE', #318, 1000.000000000000000 ) ;
#279 = ORIENTED_EDGE ( 'NONE', *, *, #1412, .T. ) ;
#280 = EDGE_LOOP ( 'NONE', ( #1176, #1592, #1510, #946 ) ) ;
#281 = EDGE_CURVE ( 'NONE', #1198, #1009, #290, .T. ) ;
#282 = PRODUCT ( '零件4', '零件4', '', ( #1388 ) ) ;
#283 = ORIENTED_EDGE ( 'NONE', *, *, #563, .T. ) ;
#284 = CARTESIAN_POINT ( 'NONE',  ( 8.769230769230770051, -8.191495084291771533, 1.000000000000000888 ) ) ;
#285 = CARTESIAN_POINT ( 'NONE',  ( 0.000000000000000000, 0.000000000000000000, 16.50000000000000000 ) ) ;
#286 = DIRECTION ( 'NONE',  ( -1.000000000000000000, 0.000000000000000000, 0.000000000000000000 ) ) ;
#287 = EDGE_LOOP ( 'NONE', ( #1853, #1474, #639 ) ) ;
#288 = AXIS2_PLACEMENT_3D ( 'NONE', #1174, #1027, #1454 ) ;
#289 = ORIENTED_EDGE ( 'NONE', *, *, #281, .F. ) ;
#290 = CIRCLE ( 'NONE', #1694, 3.500000000000000000 ) ;
#291 = TOROIDAL_SURFACE ( 'NONE', #1784, 10.00000000000000000, 0.5000000000000000000 ) ;
#292 = EDGE_LOOP ( 'NONE', ( #1040, #1508, #1775, #168 ) ) ;
#293 = MANIFOLD_SOLID_BREP ( '圆角2', #267 ) ;
#294 = DIRECTION ( 'NONE',  ( 0.000000000000000000, -1.000000000000000000, 0.000000000000000000 ) ) ;
#295 = EDGE_CURVE ( 'NONE', #1003, #1006, #621, .T. ) ;
#296 = DIRECTION ( 'NONE',  ( 1.000000000000000000, -0.000000000000000000, 0.000000000000000000 ) ) ;
#297 = DIRECTION ( 'NONE',  ( 0.000000000000000000, 1.000000000000000000, 0.000000000000000000 ) ) ;
#298 = SPHERICAL_SURFACE ( 'NONE', #1689, 1.000000000000000000 ) ;
#299 = PRODUCT_DEFINITION_SHAPE ( 'NONE', 'NONE',  #1680 ) ;
#300 = ORIENTED_EDGE ( 'NONE', *, *, #1125, .F. ) ;
#301 = EDGE_LOOP ( 'NONE', ( #484, #1430 ) ) ;
#302 =( NAMED_UNIT ( * ) SI_UNIT ( $, .STERADIAN. ) SOLID_ANGLE_UNIT ( ) );
#303 = VERTEX_POINT ( 'NONE', #1321 ) ;
#304 = ADVANCED_FACE ( 'NONE', ( #706 ), #157, .T. ) ;
#305 = DIRECTION ( 'NONE',  ( -0.000000000000000000, -1.000000000000000000, -0.000000000000000000 ) ) ;
#306 =( LENGTH_UNIT ( ) NAMED_UNIT ( * ) SI_UNIT ( .MILLI., .METRE. ) );
#307 = CARTESIAN_POINT ( 'NONE',  ( 20.50000000000000355, -16.99999999999999289, 12.00000000000000000 ) ) ;
#308 = DIRECTION ( 'NONE',  ( -1.000000000000000000, 0.000000000000000000, -0.000000000000000000 ) ) ;
#309 = EDGE_CURVE ( 'NONE', #1153, #1685, #1117, .T. ) ;
#310 = CARTESIAN_POINT ( 'NONE',  ( -10.00000000000000000, 1.255262969126037044E-15, 17.00000000000000000 ) ) ;
#311 = AXIS2_PLACEMENT_3D ( 'NONE', #694, #239, #386 ) ;
#312 = EDGE_CURVE ( 'NONE', #753, #143, #51, .T. ) ;
#313 = EDGE_LOOP ( 'NONE', ( #1874, #1710, #500, #10, #849 ) ) ;
#314 = EDGE_LOOP ( 'NONE', ( #1288, #1135 ) ) ;
#315 = AXIS2_PLACEMENT_3D ( 'NONE', #956, #1533, #1222 ) ;
#316 = ORIENTED_EDGE ( 'NONE', *, *, #209, .F. ) ;
#317 = ADVANCED_FACE ( 'NONE', ( #1184 ), #891, .F. ) ;
#318 = DIRECTION ( 'NONE',  ( 1.000000000000000000, 6.938893903907227392E-16, -0.000000000000000000 ) ) ;
#319 = ORIENTED_EDGE ( 'NONE', *, *, #665, .T. ) ;
#320 = DIRECTION ( 'NONE',  ( 1.000000000000000000, 0.000000000000000000, 0.000000000000000000 ) ) ;
#321 = DIRECTION ( 'NONE',  ( 0.000000000000000000, 0.000000000000000000, -1.000000000000000000 ) ) ;
#322 = ORIENTED_EDGE ( 'NONE', *, *, #1539, .F. ) ;
#323 = CARTESIAN_POINT ( 'NONE',  ( 8.645808232895291212, 2.500000000000000000, 4.500000000000000000 ) ) ;
#324 = ORIENTED_EDGE ( 'NONE', *, *, #405, .T. ) ;
#325 = AXIS2_PLACEMENT_3D ( 'NONE', #567, #977, #106 ) ;
#326 = EDGE_CURVE ( 'NONE', #1479, #415, #1286, .T. ) ;
#327 = ORIENTED_EDGE ( 'NONE', *, *, #366, .F. ) ;
#328 = DIRECTION ( 'NONE',  ( -1.000000000000000000, 0.000000000000000000, 0.000000000000000000 ) ) ;
#329 = LINE ( 'NONE', #1882, #1628 ) ;
#330 = DIRECTION ( 'NONE',  ( 0.000000000000000000, 1.000000000000000000, -0.000000000000000000 ) ) ;
#331 = VERTEX_POINT ( 'NONE', #566 ) ;
#332 = ORIENTED_EDGE ( 'NONE', *, *, #82, .T. ) ;
#333 =( LENGTH_UNIT ( ) NAMED_UNIT ( * ) SI_UNIT ( .MILLI., .METRE. ) );
#334 = ORIENTED_EDGE ( 'NONE', *, *, #1038, .F. ) ;
#335 = PRODUCT_DEFINITION_FORMATION_WITH_SPECIFIED_SOURCE ( '任何', '', #282, .NOT_KNOWN. ) ;
#336 = ORIENTED_EDGE ( 'NONE', *, *, #701, .T. ) ;
#337 = DIRECTION ( 'NONE',  ( -0.000000000000000000, -0.000000000000000000, 1.000000000000000000 ) ) ;
#338 = EDGE_LOOP ( 'NONE', ( #1021, #1144, #1368, #717 ) ) ;
#339 = CARTESIAN_POINT ( 'NONE',  ( 16.50000000000000355, 6.000000000000000000, 9.000000000000000000 ) ) ;
#340 = DIRECTION ( 'NONE',  ( -1.000000000000000000, 0.000000000000000000, 0.000000000000000000 ) ) ;
#341 = CIRCLE ( 'NONE', #1221, 3.000000000000000444 ) ;
#342 = DIRECTION ( 'NONE',  ( 1.000000000000000000, 0.000000000000000000, 0.000000000000000000 ) ) ;
#343 = CIRCLE ( 'NONE', #1398, 1.000000000000000888 ) ;
#344 = ORIENTED_EDGE ( 'NONE', *, *, #1481, .F. ) ;
#345 = DIRECTION ( 'NONE',  ( -0.000000000000000000, -0.000000000000000000, -1.000000000000000000 ) ) ;
#346 = ORIENTED_EDGE ( 'NONE', *, *, #1412, .F. ) ;
#347 = CIRCLE ( 'NONE', #403, 1.000000000000000000 ) ;
#348 = VERTEX_POINT ( 'NONE', #1024 ) ;
#349 = CARTESIAN_POINT ( 'NONE',  ( 0.000000000000000000, 0.000000000000000000, 17.00000000000000000 ) ) ;
#350 = FACE_OUTER_BOUND ( 'NONE', #709, .T. ) ;
#351 = DIRECTION ( 'NONE',  ( -1.000000000000000000, 0.000000000000000000, 0.000000000000000000 ) ) ;
#352 = DIRECTION ( 'NONE',  ( 0.000000000000000000, 0.000000000000000000, 1.000000000000000000 ) ) ;
#353 = LINE ( 'NONE', #1818, #1564 ) ;
#354 = ORIENTED_EDGE ( 'NONE', *, *, #240, .F. ) ;
#355 = ORIENTED_EDGE ( 'NONE', *, *, #1127, .T. ) ;
#356 = AXIS2_PLACEMENT_3D ( 'NONE', #1530, #804, #1838 ) ;
#357 = VECTOR ( 'NONE', #1623, 1000.000000000000000 ) ;
#358 = ORIENTED_EDGE ( 'NONE', *, *, #528, .T. ) ;
#359 = PRESENTATION_LAYER_ASSIGNMENT (  '', '', ( #688 ) ) ;
#360 = DIRECTION ( 'NONE',  ( 0.000000000000000000, 0.000000000000000000, 1.000000000000000000 ) ) ;
#361 = PLANE ( 'NONE',  #725 ) ;
#362 = DIRECTION ( 'NONE',  ( 1.000000000000000000, 6.938893903907227392E-16, 0.000000000000000000 ) ) ;
#363 = LINE ( 'NONE', #1104, #259 ) ;
#364 = ORIENTED_EDGE ( 'NONE', *, *, #1846, .T. ) ;
#365 = AXIS2_PLACEMENT_3D ( 'NONE', #533, #111, #1712 ) ;
#366 = EDGE_CURVE ( 'NONE', #682, #1434, #1196, .T. ) ;
#367 = CYLINDRICAL_SURFACE ( 'NONE', #1682, 1.000000000000000000 ) ;
#368 = DIRECTION ( 'NONE',  ( 1.000000000000000000, 0.000000000000000000, -0.000000000000000000 ) ) ;
#369 = CARTESIAN_POINT ( 'NONE',  ( 0.000000000000000000, 0.000000000000000000, 12.00000000000000000 ) ) ;
#370 = DIRECTION ( 'NONE',  ( -1.000000000000000000, -0.000000000000000000, 0.000000000000000000 ) ) ;
#371 = ADVANCED_FACE ( 'NONE', ( #1823 ), #677, .T. ) ;
#372 = LINE ( 'NONE', #216, #103 ) ;
#373 = ADVANCED_FACE ( 'NONE', ( #1670, #662 ), #1658, .T. ) ;
#374 = ORIENTED_EDGE ( 'NONE', *, *, #269, .F. ) ;
#375 = AXIS2_PLACEMENT_3D ( 'NONE', #1558, #275, #854 ) ;
#376 = AXIS2_PLACEMENT_3D ( 'NONE', #1650, #238, #518 ) ;
#377 = CARTESIAN_POINT ( 'NONE',  ( 19.50000000000000355, 17.00000000000000000, 0.000000000000000000 ) ) ;
#378 = ADVANCED_FACE ( 'NONE', ( #83 ), #367, .T. ) ;
#379 = CARTESIAN_POINT ( 'NONE',  ( 19.50000000000000355, 0.000000000000000000, 0.000000000000000000 ) ) ;
#380 = CARTESIAN_POINT ( 'NONE',  ( 1.500000000000000222, 0.000000000000000000, 12.00000000000000000 ) ) ;
#381 = CARTESIAN_POINT ( 'NONE',  ( 8.038461538461541878, 7.508870493934124646, 0.000000000000000000 ) ) ;
#382 = PLANE ( 'NONE',  #356 ) ;
#383 = VERTEX_POINT ( 'NONE', #1240 ) ;
#384 = ADVANCED_FACE ( 'NONE', ( #670 ), #1361, .T. ) ;
#385 = LINE ( 'NONE', #965, #1862 ) ;
#386 = DIRECTION ( 'NONE',  ( 1.000000000000000000, 0.000000000000000000, 0.000000000000000000 ) ) ;
#387 = CIRCLE ( 'NONE', #535, 1.000000000000000000 ) ;
#388 = AXIS2_PLACEMENT_3D ( 'NONE', #1442, #1014, #140 ) ;
#389 = CARTESIAN_POINT ( 'NONE',  ( 16.50000000000000355, 6.000000000000000000, 2.999999999999998668 ) ) ;
#390 = FACE_OUTER_BOUND ( 'NONE', #1839, .T. ) ;
#391 = FACE_OUTER_BOUND ( 'NONE', #280, .T. ) ;
#392 = ORIENTED_EDGE ( 'NONE', *, *, #1701, .T. ) ;
#393 = DIRECTION ( 'NONE',  ( -0.000000000000000000, 0.000000000000000000, -1.000000000000000000 ) ) ;
#394 = LINE ( 'NONE', #1550, #551 ) ;
#395 = DIRECTION ( 'NONE',  ( 0.000000000000000000, 0.000000000000000000, -1.000000000000000000 ) ) ;
#396 = CARTESIAN_POINT ( 'NONE',  ( 8.645808232895291212, -2.500000000000000000, 7.500000000000000000 ) ) ;
#397 = CARTESIAN_POINT ( 'NONE',  ( 1.500000000000000222, 0.000000000000000000, 4.000000000000000000 ) ) ;
#398 = EDGE_CURVE ( 'NONE', #109, #1756, #1428, .T. ) ;
#399 = AXIS2_PLACEMENT_3D ( 'NONE', #369, #791, #1825 ) ;
#400 = VECTOR ( 'NONE', #1566, 1000.000000000000000 ) ;
#401 = CARTESIAN_POINT ( 'NONE',  ( 10.50000000000000178, 8.874119674649419309, 1.000000000000000888 ) ) ;
#402 = CARTESIAN_POINT ( 'NONE',  ( 20.50000000000000355, 6.000000000000000000, 9.000000000000000000 ) ) ;
#403 = AXIS2_PLACEMENT_3D ( 'NONE', #906, #1619, #1754 ) ;
#404 = FACE_OUTER_BOUND ( 'NONE', #851, .T. ) ;
#405 = EDGE_CURVE ( 'NONE', #860, #1645, #1529, .T. ) ;
#406 = DIRECTION ( 'NONE',  ( 1.000000000000000000, 0.000000000000000000, 0.000000000000000000 ) ) ;
#407 = EDGE_LOOP ( 'NONE', ( #568, #496, #1799 ) ) ;
#408 = ORIENTED_EDGE ( 'NONE', *, *, #1269, .F. ) ;
#409 = DIRECTION ( 'NONE',  ( 1.000000000000000000, 0.000000000000000000, 0.000000000000000000 ) ) ;
#410 = DIRECTION ( 'NONE',  ( 1.000000000000000000, 0.000000000000000000, 0.000000000000000000 ) ) ;
#411 = CARTESIAN_POINT ( 'NONE',  ( 16.50000000000000355, 12.00000000000000000, 5.999999999999999112 ) ) ;
#412 = VECTOR ( 'NONE', #893, 1000.000000000000000 ) ;
#413 = CARTESIAN_POINT ( 'NONE',  ( 16.50000000000000355, -12.00000000000000000, 2.999999999999998668 ) ) ;
#414 = CARTESIAN_POINT ( 'NONE',  ( 8.769230769230771827, -8.191495084291771533, 12.00000000000000000 ) ) ;
#415 = VERTEX_POINT ( 'NONE', #377 ) ;
#416 = ORIENTED_EDGE ( 'NONE', *, *, #1826, .F. ) ;
#417 = ORIENTED_EDGE ( 'NONE', *, *, #1584, .T. ) ;
#418 = CARTESIAN_POINT ( 'NONE',  ( 16.50000000000000355, -12.00000000000000000, 9.000000000000000000 ) ) ;
#419 = AXIS2_PLACEMENT_3D ( 'NONE', #1808, #1093, #771 ) ;
#420 = EDGE_CURVE ( 'NONE', #4, #1331, #126, .T. ) ;
#421 = LINE ( 'NONE', #1262, #47 ) ;
#422 = EDGE_CURVE ( 'NONE', #331, #1220, #1070, .T. ) ;
#423 = ORIENTED_EDGE ( 'NONE', *, *, #250, .T. ) ;
#424 = ORIENTED_EDGE ( 'NONE', *, *, #1440, .T. ) ;
#425 = ORIENTED_EDGE ( 'NONE', *, *, #1132, .T. ) ;
#426 = DIRECTION ( 'NONE',  ( 0.000000000000000000, 0.000000000000000000, -1.000000000000000000 ) ) ;
#427 = EDGE_CURVE ( 'NONE', #1420, #682, #617, .T. ) ;
#428 = DIRECTION ( 'NONE',  ( 0.000000000000000000, 0.000000000000000000, 1.000000000000000000 ) ) ;
#429 = ORIENTED_EDGE ( 'NONE', *, *, #506, .F. ) ;
#430 = ORIENTED_EDGE ( 'NONE', *, *, #1854, .F. ) ;
#431 = VERTEX_POINT ( 'NONE', #1081 ) ;
#432 = ADVANCED_FACE ( 'NONE', ( #778 ), #1686, .T. ) ;
#433 = DIRECTION ( 'NONE',  ( 1.000000000000000000, 0.000000000000000000, -0.000000000000000000 ) ) ;
#434 = DIRECTION ( 'NONE',  ( 0.000000000000000000, 0.000000000000000000, 1.000000000000000000 ) ) ;
#435 = CARTESIAN_POINT ( 'NONE',  ( 11.50000000000000355, -8.874119674649419309, 11.00000000000000000 ) ) ;
#436 = AXIS2_PLACEMENT_3D ( 'NONE', #1855, #552, #265 ) ;
#437 = CARTESIAN_POINT ( 'NONE',  ( 6.500000000000004441, 2.500000000000000000, 7.500000000000000000 ) ) ;
#438 = EDGE_LOOP ( 'NONE', ( #1490, #127 ) ) ;
#439 = CIRCLE ( 'NONE', #1013, 1.000000000000000888 ) ;
#440 = ORIENTED_EDGE ( 'NONE', *, *, #745, .T. ) ;
#441 = EDGE_CURVE ( 'NONE', #1434, #892, #385, .T. ) ;
#442 = AXIS2_PLACEMENT_3D ( 'NONE', #602, #903, #1570 ) ;
#443 = EDGE_LOOP ( 'NONE', ( #289, #13 ) ) ;
#444 = EDGE_CURVE ( 'NONE', #383, #860, #1396, .T. ) ;
#445 = LINE ( 'NONE', #1751, #1282 ) ;
#446 = EDGE_CURVE ( 'NONE', #1458, #1759, #37, .T. ) ;
#447 = DIRECTION ( 'NONE',  ( -0.000000000000000000, -0.000000000000000000, -1.000000000000000000 ) ) ;
#448 = TOROIDAL_SURFACE ( 'NONE', #268, 2.000000000000000000, 1.000000000000000000 ) ;
#449 = LINE ( 'NONE', #751, #94 ) ;
#450 = DIRECTION ( 'NONE',  ( 0.000000000000000000, 0.000000000000000000, 1.000000000000000000 ) ) ;
#451 = EDGE_LOOP ( 'NONE', ( #1188, #355, #283, #1067, #364, #1341, #660, #1281 ) ) ;
#452 = CARTESIAN_POINT ( 'NONE',  ( -11.99999999999999822, 0.000000000000000000, 1.000000000000000888 ) ) ;
#453 =( NAMED_UNIT ( * ) PLANE_ANGLE_UNIT ( ) SI_UNIT ( $, .RADIAN. ) );
#454 = ADVANCED_FACE ( 'NONE', ( #1369 ), #69, .T. ) ;
#455 = ORIENTED_EDGE ( 'NONE', *, *, #1456, .F. ) ;
#456 = DIRECTION ( 'NONE',  ( 0.000000000000000000, 0.000000000000000000, 1.000000000000000000 ) ) ;
#457 = DIRECTION ( 'NONE',  ( -0.6826245903576482199, 0.7307692307692306155, -0.000000000000000000 ) ) ;
#458 = DIRECTION ( 'NONE',  ( 0.000000000000000000, 0.000000000000000000, 1.000000000000000000 ) ) ;
#459 = CIRCLE ( 'NONE', #1102, 9.000000000000001776 ) ;
#460 = EDGE_CURVE ( 'NONE', #1655, #1420, #204, .T. ) ;
#461 = ORIENTED_EDGE ( 'NONE', *, *, #427, .T. ) ;
#462 = CARTESIAN_POINT ( 'NONE',  ( 0.000000000000000000, 0.000000000000000000, 17.00000000000000000 ) ) ;
#463 = AXIS2_PLACEMENT_3D ( 'NONE', #1606, #220, #1378 ) ;
#464 = DIRECTION ( 'NONE',  ( 1.000000000000000000, 0.000000000000000000, 0.000000000000000000 ) ) ;
#465 = ORIENTED_EDGE ( 'NONE', *, *, #107, .T. ) ;
#466 = ORIENTED_EDGE ( 'NONE', *, *, #1334, .F. ) ;
#467 = ADVANCED_FACE ( 'NONE', ( #929 ), #1364, .T. ) ;
#468 = DIRECTION ( 'NONE',  ( 0.000000000000000000, 0.000000000000000000, -1.000000000000000000 ) ) ;
#469 = FACE_OUTER_BOUND ( 'NONE', #1865, .T. ) ;
#470 = CARTESIAN_POINT ( 'NONE',  ( 20.50000000000000355, 18.00000000000000355, 1.000000000000000888 ) ) ;
#471 = ORIENTED_EDGE ( 'NONE', *, *, #1743, .T. ) ;
#472 = FACE_BOUND ( 'NONE', #443, .T. ) ;
#473 = DIRECTION ( 'NONE',  ( 1.000000000000000000, 0.000000000000000000, -0.000000000000000000 ) ) ;
#474 = ORIENTED_EDGE ( 'NONE', *, *, #859, .F. ) ;
#475 = STYLED_ITEM ( 'NONE', ( #910 ), #1064 ) ;
#476 = VECTOR ( 'NONE', #495, 1000.000000000000000 ) ;
#477 = VERTEX_POINT ( 'NONE', #1653 ) ;
#478 = AXIS2_PLACEMENT_3D ( 'NONE', #1111, #235, #1860 ) ;
#479 = DIRECTION ( 'NONE',  ( -0.000000000000000000, -0.000000000000000000, 1.000000000000000000 ) ) ;
#480 = CARTESIAN_POINT ( 'NONE',  ( 8.038461538461541878, 7.508870493934124646, 12.00000000000000000 ) ) ;
#481 = DIRECTION ( 'NONE',  ( 0.000000000000000000, -1.000000000000000000, 0.000000000000000000 ) ) ;
#482 = CARTESIAN_POINT ( 'NONE',  ( 9.500000000000001776, 8.874119674649419309, 1.000000000000000888 ) ) ;
#483 = ORIENTED_EDGE ( 'NONE', *, *, #121, .T. ) ;
#484 = ORIENTED_EDGE ( 'NONE', *, *, #899, .T. ) ;
#485 = CARTESIAN_POINT ( 'NONE',  ( 6.500000000000004441, 2.500000000000000000, 7.500000000000000000 ) ) ;
#486 = ORIENTED_EDGE ( 'NONE', *, *, #1203, .T. ) ;
#487 = ORIENTED_EDGE ( 'NONE', *, *, #698, .F. ) ;
#488 = DIRECTION ( 'NONE',  ( -0.000000000000000000, -0.000000000000000000, -1.000000000000000000 ) ) ;
#489 = CARTESIAN_POINT ( 'NONE',  ( 16.50000000000000355, -6.000000000000000000, 2.999999999999998668 ) ) ;
#490 = DIRECTION ( 'NONE',  ( 1.000000000000000000, 0.000000000000000000, 0.000000000000000000 ) ) ;
#491 = AXIS2_PLACEMENT_3D ( 'NONE', #1243, #1794, #490 ) ;
#492 = CARTESIAN_POINT ( 'NONE',  ( 9.500000000000001776, 8.874119674649419309, 11.00000000000000000 ) ) ;
#493 = AXIS2_PLACEMENT_3D ( 'NONE', #993, #258, #395 ) ;
#494 = AXIS2_PLACEMENT_3D ( 'NONE', #1848, #1577, #1259 ) ;
#495 = DIRECTION ( 'NONE',  ( -0.000000000000000000, -0.000000000000000000, -1.000000000000000000 ) ) ;
#496 = ORIENTED_EDGE ( 'NONE', *, *, #1263, .T. ) ;
#497 = AXIS2_PLACEMENT_3D ( 'NONE', #625, #232, #1373 ) ;
#498 = VERTEX_POINT ( 'NONE', #1084 ) ;
#499 = CARTESIAN_POINT ( 'NONE',  ( 16.50000000000000355, 0.000000000000000000, 0.000000000000000000 ) ) ;
#500 = ORIENTED_EDGE ( 'NONE', *, *, #984, .F. ) ;
#501 = CARTESIAN_POINT ( 'NONE',  ( 19.50000000000000355, 17.00000000000000000, 1.000000000000000888 ) ) ;
#502 = DIRECTION ( 'NONE',  ( -0.000000000000000000, -0.000000000000000000, -1.000000000000000000 ) ) ;
#503 = CARTESIAN_POINT ( 'NONE',  ( 0.000000000000000000, 0.000000000000000000, 1.000000000000000888 ) ) ;
#504 = CARTESIAN_POINT ( 'NONE',  ( 9.500000000000001776, -8.874119674649419309, 12.00000000000000000 ) ) ;
#505 = EDGE_LOOP ( 'NONE', ( #877, #911, #774, #1466 ) ) ;
#506 = EDGE_CURVE ( 'NONE', #1446, #611, #1526, .T. ) ;
#507 = AXIS2_PLACEMENT_3D ( 'NONE', #548, #697, #1851 ) ;
#508 = DIRECTION ( 'NONE',  ( 1.000000000000000000, 0.000000000000000000, 0.000000000000000000 ) ) ;
#509 = EDGE_CURVE ( 'NONE', #1756, #1479, #146, .T. ) ;
#510 = CARTESIAN_POINT ( 'NONE',  ( 6.500000000000004441, 2.500000000000000000, 4.500000000000000000 ) ) ;
#511 = CARTESIAN_POINT ( 'NONE',  ( 10.50000000000000178, -8.874119674649419309, 0.000000000000000000 ) ) ;
#512 = ADVANCED_FACE ( 'NONE', ( #1371 ), #656, .T. ) ;
#513 = CARTESIAN_POINT ( 'NONE',  ( 20.50000000000000355, 18.00000000000000355, 12.00000000000000000 ) ) ;
#514 = FACE_OUTER_BOUND ( 'NONE', #1421, .T. ) ;
#515 = ORIENTED_EDGE ( 'NONE', *, *, #121, .F. ) ;
#516 = AXIS2_PLACEMENT_3D ( 'NONE', #1228, #1817, #1673 ) ;
#517 = ADVANCED_FACE ( 'NONE', ( #71 ), #361, .F. ) ;
#518 = DIRECTION ( 'NONE',  ( 0.000000000000000000, 0.000000000000000000, 1.000000000000000000 ) ) ;
#519 = DIRECTION ( 'NONE',  ( -0.000000000000000000, 1.000000000000000000, 0.000000000000000000 ) ) ;
#520 = DIRECTION ( 'NONE',  ( 0.000000000000000000, 0.000000000000000000, -1.000000000000000000 ) ) ;
#521 = CARTESIAN_POINT ( 'NONE',  ( 0.000000000000000000, 0.000000000000000000, 12.00000000000000000 ) ) ;
#522 = DIRECTION ( 'NONE',  ( -1.000000000000000000, 0.000000000000000000, 0.000000000000000000 ) ) ;
#523 = EDGE_CURVE ( 'NONE', #918, #1498, #1068, .T. ) ;
#524 = ORIENTED_EDGE ( 'NONE', *, *, #444, .T. ) ;
#525 = VECTOR ( 'NONE', #305, 1000.000000000000000 ) ;
#526 = CARTESIAN_POINT ( 'NONE',  ( 11.50000000000000355, 16.99999999999999289, 1.000000000000000888 ) ) ;
#527 = CARTESIAN_POINT ( 'NONE',  ( -10.50000000000000000, 0.000000000000000000, 12.00000000000000000 ) ) ;
#528 = EDGE_CURVE ( 'NONE', #1531, #1358, #1504, .T. ) ;
#529 = DIRECTION ( 'NONE',  ( 0.000000000000000000, 0.000000000000000000, 1.000000000000000000 ) ) ;
#530 = DIRECTION ( 'NONE',  ( -0.000000000000000000, 1.000000000000000000, -0.000000000000000000 ) ) ;
#531 = VERTEX_POINT ( 'NONE', #1233 ) ;
#532 =( NAMED_UNIT ( * ) SI_UNIT ( $, .STERADIAN. ) SOLID_ANGLE_UNIT ( ) );
#533 = CARTESIAN_POINT ( 'NONE',  ( 19.50000000000000355, -16.99999999999999289, 1.000000000000000888 ) ) ;
#534 = LINE ( 'NONE', #1119, #647 ) ;
#535 = AXIS2_PLACEMENT_3D ( 'NONE', #830, #271, #428 ) ;
#536 = EDGE_CURVE ( 'NONE', #1499, #303, #1814, .T. ) ;
#537 = DIRECTION ( 'NONE',  ( 1.000000000000000000, 0.000000000000000000, 0.000000000000000000 ) ) ;
#538 = AXIS2_PLACEMENT_3D ( 'NONE', #191, #1214, #468 ) ;
#539 = AXIS2_PLACEMENT_3D ( 'NONE', #1254, #1247, #1828 ) ;
#540 = CARTESIAN_POINT ( 'NONE',  ( 16.50000000000000355, -6.000000000000000000, 9.000000000000000000 ) ) ;
#541 = DIRECTION ( 'NONE',  ( -1.000000000000000000, 0.000000000000000000, 0.000000000000000000 ) ) ;
#542 = ORIENTED_EDGE ( 'NONE', *, *, #765, .F. ) ;
#543 = FACE_OUTER_BOUND ( 'NONE', #338, .T. ) ;
#544 = EDGE_CURVE ( 'NONE', #860, #498, #949, .T. ) ;
#545 = DIRECTION ( 'NONE',  ( 0.000000000000000000, 1.000000000000000000, 0.000000000000000000 ) ) ;
#546 = CARTESIAN_POINT ( 'NONE',  ( 8.645808232895291212, -2.500000000000000000, 4.500000000000000000 ) ) ;
#547 = DIRECTION ( 'NONE',  ( -0.000000000000000000, 1.000000000000000000, 0.000000000000000000 ) ) ;
#548 = CARTESIAN_POINT ( 'NONE',  ( 11.50000000000000355, 17.99999999999999645, 1.000000000000000888 ) ) ;
#549 = ORIENTED_EDGE ( 'NONE', *, *, #1376, .T. ) ;
#550 = ORIENTED_EDGE ( 'NONE', *, *, #1773, .F. ) ;
#551 = VECTOR ( 'NONE', #1406, 1000.000000000000000 ) ;
#552 = DIRECTION ( 'NONE',  ( -1.000000000000000000, -0.000000000000000000, -0.000000000000000000 ) ) ;
#553 = CARTESIAN_POINT ( 'NONE',  ( 10.50000000000000178, 16.99999999999999289, 12.00000000000000000 ) ) ;
#554 = DIRECTION ( 'NONE',  ( -1.000000000000000000, 0.000000000000000000, 0.000000000000000000 ) ) ;
#555 = DIRECTION ( 'NONE',  ( 0.000000000000000000, 0.000000000000000000, 1.000000000000000000 ) ) ;
#556 = DIRECTION ( 'NONE',  ( 0.000000000000000000, 0.000000000000000000, 1.000000000000000000 ) ) ;
#557 = ORIENTED_EDGE ( 'NONE', *, *, #523, .T. ) ;
#558 = ORIENTED_EDGE ( 'NONE', *, *, #21, .T. ) ;
#559 = ADVANCED_FACE ( 'NONE', ( #222 ), #1216, .F. ) ;
#560 = UNCERTAINTY_MEASURE_WITH_UNIT (LENGTH_MEASURE( 1.000000000000000082E-05 ), #333, 'distance_accuracy_value', 'NONE');
#561 = ORIENTED_EDGE ( 'NONE', *, *, #544, .T. ) ;
#562 = DIRECTION ( 'NONE',  ( -0.000000000000000000, -0.000000000000000000, -1.000000000000000000 ) ) ;
#563 = EDGE_CURVE ( 'NONE', #890, #1006, #1703, .T. ) ;
#564 = AXIS2_PLACEMENT_3D ( 'NONE', #1609, #722, #286 ) ;
#565 = AXIS2_PLACEMENT_3D ( 'NONE', #1475, #873, #1782 ) ;
#566 = CARTESIAN_POINT ( 'NONE',  ( 19.50000000000000355, -17.99999999999999645, 11.00000000000000000 ) ) ;
#567 = CARTESIAN_POINT ( 'NONE',  ( 0.000000000000000000, 0.000000000000000000, 12.00000000000000000 ) ) ;
#568 = ORIENTED_EDGE ( 'NONE', *, *, #1077, .F. ) ;
#569 = CIRCLE ( 'NONE', #1542, 1.500000000000000222 ) ;
#570 = ORIENTED_EDGE ( 'NONE', *, *, #1519, .F. ) ;
#571 = EDGE_CURVE ( 'NONE', #1786, #188, #341, .T. ) ;
#572 = ORIENTED_EDGE ( 'NONE', *, *, #1456, .T. ) ;
#573 = CARTESIAN_POINT ( 'NONE',  ( 20.50000000000000355, -6.000000000000000000, 2.999999999999998668 ) ) ;
#574 = DIRECTION ( 'NONE',  ( 0.000000000000000000, -1.000000000000000000, 0.000000000000000000 ) ) ;
#575 = ORIENTED_EDGE ( 'NONE', *, *, #405, .F. ) ;
#576 = ORIENTED_EDGE ( 'NONE', *, *, #563, .F. ) ;
#577 = EDGE_CURVE ( 'NONE', #66, #1458, #1549, .T. ) ;
#578 = VECTOR ( 'NONE', #1661, 1000.000000000000000 ) ;
#579 = ORIENTED_EDGE ( 'NONE', *, *, #1124, .F. ) ;
#580 = AXIS2_PLACEMENT_3D ( 'NONE', #1099, #1793, #1242 ) ;
#581 = CARTESIAN_POINT ( 'NONE',  ( 16.50000000000000355, 2.500000000000000000, 7.500000000000000000 ) ) ;
#582 = AXIS2_PLACEMENT_3D ( 'NONE', #1217, #1518, #812 ) ;
#583 = DIRECTION ( 'NONE',  ( 1.000000000000000000, -0.000000000000000000, -0.000000000000000000 ) ) ;
#584 = CARTESIAN_POINT ( 'NONE',  ( 19.50000000000000355, -16.99999999999999289, 11.00000000000000000 ) ) ;
#585 = ADVANCED_FACE ( 'NONE', ( #740, #606, #761, #1164 ), #148, .F. ) ;
#586 = FACE_OUTER_BOUND ( 'NONE', #1461, .T. ) ;
#587 = ORIENTED_EDGE ( 'NONE', *, *, #772, .F. ) ;
#588 = VERTEX_POINT ( 'NONE', #1186 ) ;
#589 = EDGE_CURVE ( 'NONE', #868, #805, #1762, .T. ) ;
#590 = DIRECTION ( 'NONE',  ( 1.000000000000000000, 0.000000000000000000, 0.000000000000000000 ) ) ;
#591 = EDGE_LOOP ( 'NONE', ( #1745, #1770, #144, #1791 ) ) ;
#592 = CARTESIAN_POINT ( 'NONE',  ( 20.50000000000000355, -17.99999999999999645, 11.00000000000000000 ) ) ;
#593 = FACE_OUTER_BOUND ( 'NONE', #1300, .T. ) ;
#594 = CARTESIAN_POINT ( 'NONE',  ( 11.50000000000000355, 17.99999999999999645, 11.00000000000000000 ) ) ;
#595 = EDGE_CURVE ( 'NONE', #1009, #1198, #914, .T. ) ;
#596 = FACE_OUTER_BOUND ( 'NONE', #1208, .T. ) ;
#597 = AXIS2_PLACEMENT_3D ( 'NONE', #1718, #556, #995 ) ;
#598 = ORIENTED_EDGE ( 'NONE', *, *, #240, .T. ) ;
#599 = CIRCLE ( 'NONE', #895, 1.000000000000000000 ) ;
#600 = ORIENTED_EDGE ( 'NONE', *, *, #1319, .F. ) ;
#601 = VERTEX_POINT ( 'NONE', #613 ) ;
#602 = CARTESIAN_POINT ( 'NONE',  ( 8.038461538461540101, -7.508870493934123758, 1.000000000000000888 ) ) ;
#603 = EDGE_CURVE ( 'NONE', #30, #1223, #732, .T. ) ;
#604 = CIRCLE ( 'NONE', #1668, 1.000000000000000888 ) ;
#605 = DIRECTION ( 'NONE',  ( -0.000000000000000000, 0.000000000000000000, 1.000000000000000000 ) ) ;
#606 = FACE_BOUND ( 'NONE', #1154, .T. ) ;
#607 = VERTEX_POINT ( 'NONE', #1641 ) ;
#608 = FACE_OUTER_BOUND ( 'NONE', #505, .T. ) ;
#609 =( NAMED_UNIT ( * ) PLANE_ANGLE_UNIT ( ) SI_UNIT ( $, .RADIAN. ) );
#610 = ORIENTED_EDGE ( 'NONE', *, *, #1108, .F. ) ;
#611 = VERTEX_POINT ( 'NONE', #1452 ) ;
#612 = CARTESIAN_POINT ( 'NONE',  ( 11.50000000000000355, -16.99999999999999289, 1.000000000000000888 ) ) ;
#613 = CARTESIAN_POINT ( 'NONE',  ( 19.50000000000000355, -16.99999999999999289, 12.00000000000000000 ) ) ;
#614 = CIRCLE ( 'NONE', #881, 1.000000000000000000 ) ;
#615 = ORIENTED_EDGE ( 'NONE', *, *, #1377, .T. ) ;
#616 = DIRECTION ( 'NONE',  ( -1.000000000000000000, 0.000000000000000000, 0.000000000000000000 ) ) ;
#617 = CIRCLE ( 'NONE', #855, 11.00000000000000000 ) ;
#618 = DIRECTION ( 'NONE',  ( 0.000000000000000000, 0.000000000000000000, 1.000000000000000000 ) ) ;
#619 = ORIENTED_EDGE ( 'NONE', *, *, #309, .T. ) ;
#620 = VERTEX_POINT ( 'NONE', #1026 ) ;
#621 = LINE ( 'NONE', #14, #836 ) ;
#622 = CARTESIAN_POINT ( 'NONE',  ( 0.000000000000000000, 0.000000000000000000, 11.00000000000000000 ) ) ;
#623 = DIRECTION ( 'NONE',  ( 0.000000000000000000, 1.000000000000000000, -0.000000000000000000 ) ) ;
#624 = ADVANCED_FACE ( 'NONE', ( #15 ), #159, .F. ) ;
#625 = CARTESIAN_POINT ( 'NONE',  ( 20.50000000000000355, 12.00000000000000000, 5.999999999999999112 ) ) ;
#626 = ORIENTED_EDGE ( 'NONE', *, *, #25, .T. ) ;
#627 = DIRECTION ( 'NONE',  ( -0.7307692307692306155, 0.6826245903576483309, 0.000000000000000000 ) ) ;
#628 = CARTESIAN_POINT ( 'NONE',  ( 0.000000000000000000, 0.000000000000000000, 7.500000000000000000 ) ) ;
#629 = VERTEX_POINT ( 'NONE', #594 ) ;
#630 = VECTOR ( 'NONE', #1304, 1000.000000000000000 ) ;
#631 = AXIS2_PLACEMENT_3D ( 'NONE', #1194, #457, #1618 ) ;
#632 = ORIENTED_EDGE ( 'NONE', *, *, #1809, .F. ) ;
#633 = AXIS2_PLACEMENT_3D ( 'NONE', #1279, #547, #1401 ) ;
#634 = DIRECTION ( 'NONE',  ( -1.000000000000000000, 0.000000000000000000, 0.000000000000000000 ) ) ;
#635 = CARTESIAN_POINT ( 'NONE',  ( 8.038461538461540101, 7.508870493934123758, 11.00000000000000000 ) ) ;
#636 = DIRECTION ( 'NONE',  ( -0.000000000000000000, -0.000000000000000000, 1.000000000000000000 ) ) ;
#637 = LINE ( 'NONE', #921, #1075 ) ;
#638 = DIRECTION ( 'NONE',  ( -0.000000000000000000, -0.000000000000000000, 1.000000000000000000 ) ) ;
#639 = ORIENTED_EDGE ( 'NONE', *, *, #107, .F. ) ;
#640 = ORIENTED_EDGE ( 'NONE', *, *, #523, .F. ) ;
#641 = CARTESIAN_POINT ( 'NONE',  ( 10.50000000000000178, -5.809475019311118871, 11.00000000000000000 ) ) ;
#642 = ORIENTED_EDGE ( 'NONE', *, *, #907, .F. ) ;
#643 = CARTESIAN_POINT ( 'NONE',  ( 16.50000000000000355, 6.000000000000000000, 2.999999999999998668 ) ) ;
#644 = CARTESIAN_POINT ( 'NONE',  ( 19.50000000000000355, -16.99999999999999289, 12.00000000000000000 ) ) ;
#645 = AXIS2_PLACEMENT_3D ( 'NONE', #1476, #1742, #7 ) ;
#646 = DIRECTION ( 'NONE',  ( 6.938893903907227392E-16, -1.000000000000000000, 0.000000000000000000 ) ) ;
#647 = VECTOR ( 'NONE', #1697, 1000.000000000000000 ) ;
#648 = DIRECTION ( 'NONE',  ( 1.000000000000000000, -0.000000000000000000, -0.000000000000000000 ) ) ;
#649 = ORIENTED_EDGE ( 'NONE', *, *, #1295, .T. ) ;
#650 = VECTOR ( 'NONE', #330, 1000.000000000000000 ) ;
#651 = ADVANCED_FACE ( 'NONE', ( #1772 ), #1036, .T. ) ;
#652 = DIRECTION ( 'NONE',  ( 0.000000000000000000, 0.000000000000000000, 1.000000000000000000 ) ) ;
#653 = EDGE_CURVE ( 'NONE', #1362, #1693, #1464, .T. ) ;
#654 = CARTESIAN_POINT ( 'NONE',  ( 9.500000000000001776, 8.874119674649419309, 12.00000000000000000 ) ) ;
#655 = DIRECTION ( 'NONE',  ( 1.000000000000000000, 0.000000000000000000, -0.000000000000000000 ) ) ;
#656 = CYLINDRICAL_SURFACE ( 'NONE', #1881, 1.000000000000000888 ) ;
#657 = CARTESIAN_POINT ( 'NONE',  ( 8.038461538461541878, -7.508870493934124646, 0.000000000000000000 ) ) ;
#658 = EDGE_CURVE ( 'NONE', #74, #1468, #347, .T. ) ;
#659 = CARTESIAN_POINT ( 'NONE',  ( 6.500000000000004441, 2.500000000000000000, 4.500000000000000000 ) ) ;
#660 = ORIENTED_EDGE ( 'NONE', *, *, #1183, .T. ) ;
#661 = AXIS2_PLACEMENT_3D ( 'NONE', #1538, #1654, #1385 ) ;
#662 = FACE_OUTER_BOUND ( 'NONE', #1350, .T. ) ;
#663 = DIRECTION ( 'NONE',  ( 0.000000000000000000, 0.000000000000000000, -1.000000000000000000 ) ) ;
#664 = DIRECTION ( 'NONE',  ( 1.000000000000000000, 0.000000000000000000, 0.000000000000000000 ) ) ;
#665 = EDGE_CURVE ( 'NONE', #498, #607, #449, .T. ) ;
#666 = DIRECTION ( 'NONE',  ( 1.000000000000000000, -0.000000000000000000, -0.000000000000000000 ) ) ;
#667 = DIRECTION ( 'NONE',  ( 1.000000000000000000, -0.000000000000000000, -0.000000000000000000 ) ) ;
#668 = ORIENTED_EDGE ( 'NONE', *, *, #115, .T. ) ;
#669 = AXIS2_PLACEMENT_3D ( 'NONE', #462, #1622, #616 ) ;
#670 = FACE_OUTER_BOUND ( 'NONE', #755, .T. ) ;
#671 = DIRECTION ( 'NONE',  ( -0.000000000000000000, -1.000000000000000000, 0.000000000000000000 ) ) ;
#672 = LINE ( 'NONE', #251, #1181 ) ;
#673 = CARTESIAN_POINT ( 'NONE',  ( 0.000000000000000000, 0.000000000000000000, 16.50000000000000000 ) ) ;
#674 = CARTESIAN_POINT ( 'NONE',  ( 16.50000000000000355, -2.500000000000000000, 4.500000000000000000 ) ) ;
#675 = AXIS2_PLACEMENT_3D ( 'NONE', #1715, #241, #537 ) ;
#676 = EDGE_LOOP ( 'NONE', ( #542, #212, #1651, #857 ) ) ;
#677 = SPHERICAL_SURFACE ( 'NONE', #376, 1.000000000000000000 ) ;
#678 = DIRECTION ( 'NONE',  ( -1.000000000000000000, 0.000000000000000000, 0.000000000000000000 ) ) ;
#679 = DIRECTION ( 'NONE',  ( 1.000000000000000000, 0.000000000000000000, 0.000000000000000000 ) ) ;
#680 = CYLINDRICAL_SURFACE ( 'NONE', #478, 9.000000000000000000 ) ;
#681 = FACE_OUTER_BOUND ( 'NONE', #1845, .T. ) ;
#682 = VERTEX_POINT ( 'NONE', #1598 ) ;
#683 = CIRCLE ( 'NONE', #436, 1.000000000000000000 ) ;
#684 = PLANE ( 'NONE',  #1244 ) ;
#685 = AXIS2_PLACEMENT_3D ( 'NONE', #612, #1323, #39 ) ;
#686 = DIRECTION ( 'NONE',  ( 0.6826245903576478868, -0.7307692307692309486, -5.503236321040134930E-16 ) ) ;
#687 = DIRECTION ( 'NONE',  ( 1.000000000000000000, -0.000000000000000000, -0.000000000000000000 ) ) ;
#688 = STYLED_ITEM ( 'NONE', ( #1046 ), #293 ) ;
#689 = CYLINDRICAL_SURFACE ( 'NONE', #967, 3.000000000000000444 ) ;
#690 = CARTESIAN_POINT ( 'NONE',  ( 20.50000000000000355, 17.00000000000000000, 1.000000000000000888 ) ) ;
#691 = EDGE_LOOP ( 'NONE', ( #1864, #273, #726, #1292 ) ) ;
#692 = AXIS2_PLACEMENT_3D ( 'NONE', #1827, #1681, #95 ) ;
#693 = DIRECTION ( 'NONE',  ( 0.000000000000000000, -1.000000000000000000, -0.000000000000000000 ) ) ;
#694 = CARTESIAN_POINT ( 'NONE',  ( 0.000000000000000000, 0.000000000000000000, 16.50000000000000000 ) ) ;
#695 = CARTESIAN_POINT ( 'NONE',  ( 11.50000000000000355, -16.99999999999999289, 12.00000000000000000 ) ) ;
#696 = FACE_OUTER_BOUND ( 'NONE', #287, .T. ) ;
#697 = DIRECTION ( 'NONE',  ( 0.000000000000000000, -1.000000000000000000, 0.000000000000000000 ) ) ;
#698 = EDGE_CURVE ( 'NONE', #348, #415, #2, .T. ) ;
#699 = ORIENTED_EDGE ( 'NONE', *, *, #1820, .T. ) ;
#700 = ORIENTED_EDGE ( 'NONE', *, *, #1852, .T. ) ;
#701 = EDGE_CURVE ( 'NONE', #629, #1133, #183, .T. ) ;
#702 = AXIS2_PLACEMENT_3D ( 'NONE', #1008, #861, #1439 ) ;
#703 = EDGE_CURVE ( 'NONE', #860, #1434, #1460, .T. ) ;
#704 = CARTESIAN_POINT ( 'NONE',  ( 1.500000000000000222, 0.000000000000000000, 4.000000000000000000 ) ) ;
#705 = VECTOR ( 'NONE', #1832, 1000.000000000000000 ) ;
#706 = FACE_OUTER_BOUND ( 'NONE', #1047, .T. ) ;
#707 = FACE_OUTER_BOUND ( 'NONE', #292, .T. ) ;
#708 = EDGE_CURVE ( 'NONE', #74, #36, #1205, .T. ) ;
#709 = EDGE_LOOP ( 'NONE', ( #823, #1522, #1730, #570 ) ) ;
#710 = ORIENTED_EDGE ( 'NONE', *, *, #68, .F. ) ;
#711 = EDGE_LOOP ( 'NONE', ( #579, #1349, #1750, #1238 ) ) ;
#712 = DIRECTION ( 'NONE',  ( 1.000000000000000000, 0.000000000000000000, 0.000000000000000000 ) ) ;
#713 = ADVANCED_FACE ( 'NONE', ( #1443 ), #1883, .T. ) ;
#714 = DIRECTION ( 'NONE',  ( 0.000000000000000000, -1.000000000000000000, 0.000000000000000000 ) ) ;
#715 = EDGE_LOOP ( 'NONE', ( #744, #1633, #550, #752 ) ) ;
#716 = AXIS2_PLACEMENT_3D ( 'NONE', #1560, #820, #1683 ) ;
#717 = ORIENTED_EDGE ( 'NONE', *, *, #1675, .F. ) ;
#718 = ORIENTED_EDGE ( 'NONE', *, *, #398, .F. ) ;
#719 = DIRECTION ( 'NONE',  ( 0.000000000000000000, 0.000000000000000000, 1.000000000000000000 ) ) ;
#720 = PLANE ( 'NONE',  #12 ) ;
#721 = DIRECTION ( 'NONE',  ( 0.000000000000000000, 0.000000000000000000, -1.000000000000000000 ) ) ;
#722 = DIRECTION ( 'NONE',  ( -0.000000000000000000, -0.000000000000000000, -1.000000000000000000 ) ) ;
#723 = ORIENTED_EDGE ( 'NONE', *, *, #1182, .T. ) ;
#724 = ORIENTED_EDGE ( 'NONE', *, *, #26, .F. ) ;
#725 = AXIS2_PLACEMENT_3D ( 'NONE', #940, #206, #1353 ) ;
#726 = ORIENTED_EDGE ( 'NONE', *, *, #577, .T. ) ;
#727 = EDGE_CURVE ( 'NONE', #331, #601, #1707, .T. ) ;
#728 = CARTESIAN_POINT ( 'NONE',  ( 0.000000000000000000, 0.000000000000000000, 12.00000000000000000 ) ) ;
#729 = AXIS2_PLACEMENT_3D ( 'NONE', #635, #686, #122 ) ;
#730 = CIRCLE ( 'NONE', #1804, 11.99999999999999822 ) ;
#731 = CARTESIAN_POINT ( 'NONE',  ( -11.99999999999999822, 0.000000000000000000, 12.00000000000000000 ) ) ;
#732 = LINE ( 'NONE', #1195, #979 ) ;
#733 = CARTESIAN_POINT ( 'NONE',  ( 11.50000000000000355, 17.99999999999999645, 1.000000000000000888 ) ) ;
#734 = VERTEX_POINT ( 'NONE', #1535 ) ;
#735 = FACE_OUTER_BOUND ( 'NONE', #1327, .T. ) ;
#736 = CARTESIAN_POINT ( 'NONE',  ( 0.000000000000000000, 0.000000000000000000, 11.00000000000000000 ) ) ;
#737 = ADVANCED_FACE ( 'NONE', ( #801 ), #1664, .F. ) ;
#738 = ORIENTED_EDGE ( 'NONE', *, *, #1250, .T. ) ;
#739 = LINE ( 'NONE', #731, #1293 ) ;
#740 = FACE_OUTER_BOUND ( 'NONE', #1298, .T. ) ;
#741 = LINE ( 'NONE', #437, #104 ) ;
#742 = EDGE_LOOP ( 'NONE', ( #358, #1328, #416, #936 ) ) ;
#743 = DIRECTION ( 'NONE',  ( 1.000000000000000000, 0.000000000000000000, 0.000000000000000000 ) ) ;
#744 = ORIENTED_EDGE ( 'NONE', *, *, #1141, .T. ) ;
#745 = EDGE_CURVE ( 'NONE', #601, #588, #637, .T. ) ;
#746 = ORIENTED_EDGE ( 'NONE', *, *, #757, .F. ) ;
#747 = CARTESIAN_POINT ( 'NONE',  ( 10.50000000000000178, -16.99999999999999289, 12.00000000000000000 ) ) ;
#748 = ORIENTED_EDGE ( 'NONE', *, *, #1391, .T. ) ;
#749 = LINE ( 'NONE', #158, #865 ) ;
#750 = AXIS2_PLACEMENT_3D ( 'NONE', #1559, #1835, #102 ) ;
#751 = CARTESIAN_POINT ( 'NONE',  ( 10.50000000000000178, 17.99999999999999645, 1.000000000000000888 ) ) ;
#752 = ORIENTED_EDGE ( 'NONE', *, *, #1325, .F. ) ;
#753 = VERTEX_POINT ( 'NONE', #1234 ) ;
#754 = LINE ( 'NONE', #195, #1843 ) ;
#755 = EDGE_LOOP ( 'NONE', ( #1583, #908, #487 ) ) ;
#756 = VERTEX_POINT ( 'NONE', #380 ) ;
#757 = EDGE_CURVE ( 'NONE', #1498, #918, #1310, .T. ) ;
#758 = AXIS2_PLACEMENT_3D ( 'NONE', #1705, #1842, #554 ) ;
#759 = EDGE_LOOP ( 'NONE', ( #17, #870, #354 ) ) ;
#760 = DIRECTION ( 'NONE',  ( 0.000000000000000000, 0.000000000000000000, 1.000000000000000000 ) ) ;
#761 = FACE_BOUND ( 'NONE', #263, .T. ) ;
#762 = AXIS2_PLACEMENT_3D ( 'NONE', #145, #294, #1605 ) ;
#763 = ORIENTED_EDGE ( 'NONE', *, *, #82, .F. ) ;
#764 = CARTESIAN_POINT ( 'NONE',  ( 10.50000000000000178, 8.874119674649419309, 11.00000000000000000 ) ) ;
#765 = EDGE_CURVE ( 'NONE', #1425, #1274, #63, .T. ) ;
#766 = ORIENTED_EDGE ( 'NONE', *, *, #326, .F. ) ;
#767 = ORIENTED_EDGE ( 'NONE', *, *, #1124, .T. ) ;
#768 = CARTESIAN_POINT ( 'NONE',  ( 0.000000000000000000, 0.000000000000000000, 3.000000000000000888 ) ) ;
#769 = DIRECTION ( 'NONE',  ( 0.000000000000000000, 0.000000000000000000, 1.000000000000000000 ) ) ;
#770 = DIRECTION ( 'NONE',  ( 0.000000000000000000, 0.000000000000000000, 1.000000000000000000 ) ) ;
#771 = DIRECTION ( 'NONE',  ( 0.000000000000000000, 0.000000000000000000, 1.000000000000000000 ) ) ;
#772 = EDGE_CURVE ( 'NONE', #805, #4, #730, .T. ) ;
#773 = CARTESIAN_POINT ( 'NONE',  ( 20.50000000000000355, 6.000000000000000000, 2.999999999999998668 ) ) ;
#774 = ORIENTED_EDGE ( 'NONE', *, *, #1723, .T. ) ;
#775 = AXIS2_PLACEMENT_3D ( 'NONE', #1030, #1200, #590 ) ;
#776 = VERTEX_POINT ( 'NONE', #657 ) ;
#777 = CIRCLE ( 'NONE', #538, 1.000000000000000888 ) ;
#778 = FACE_OUTER_BOUND ( 'NONE', #715, .T. ) ;
#779 = VERTEX_POINT ( 'NONE', #1785 ) ;
#780 = CARTESIAN_POINT ( 'NONE',  ( 3.500000000000000000, 4.286263797015736595E-16, 3.000000000000000888 ) ) ;
#781 = DIRECTION ( 'NONE',  ( 1.000000000000000000, 0.000000000000000000, 0.000000000000000000 ) ) ;
#782 = CARTESIAN_POINT ( 'NONE',  ( 19.50000000000000355, -16.99999999999999289, 11.00000000000000000 ) ) ;
#783 = ADVANCED_FACE ( 'NONE', ( #1497 ), #1365, .T. ) ;
#784 = FACE_OUTER_BOUND ( 'NONE', #98, .T. ) ;
#785 = ADVANCED_FACE ( 'NONE', ( #1506 ), #194, .T. ) ;
#786 = AXIS2_PLACEMENT_3D ( 'NONE', #806, #652, #1509 ) ;
#787 = EDGE_LOOP ( 'NONE', ( #1447, #156, #1395, #1157 ) ) ;
#788 = DIRECTION ( 'NONE',  ( 0.000000000000000000, 0.000000000000000000, -1.000000000000000000 ) ) ;
#789 = ADVANCED_FACE ( 'NONE', ( #1528 ), #1381, .F. ) ;
#790 = DIRECTION ( 'NONE',  ( 1.000000000000000000, -0.000000000000000000, -0.000000000000000000 ) ) ;
#791 = DIRECTION ( 'NONE',  ( -0.000000000000000000, -0.000000000000000000, -1.000000000000000000 ) ) ;
#792 = DIRECTION ( 'NONE',  ( 1.000000000000000000, 0.000000000000000000, 0.000000000000000000 ) ) ;
#793 = AXIS2_PLACEMENT_3D ( 'NONE', #1012, #433, #1594 ) ;
#794 = DIRECTION ( 'NONE',  ( -0.000000000000000000, -0.000000000000000000, -1.000000000000000000 ) ) ;
#795 = ORIENTED_EDGE ( 'NONE', *, *, #1734, .T. ) ;
#796 = AXIS2_PLACEMENT_3D ( 'NONE', #526, #1232, #1251 ) ;
#797 = EDGE_CURVE ( 'NONE', #1290, #629, #20, .T. ) ;
#798 = DIRECTION ( 'NONE',  ( 0.000000000000000000, 1.000000000000000000, -0.000000000000000000 ) ) ;
#799 = CARTESIAN_POINT ( 'NONE',  ( 9.000000000000001776, 0.000000000000000000, 17.00000000000000000 ) ) ;
#800 = CARTESIAN_POINT ( 'NONE',  ( 16.50000000000000355, -12.00000000000000000, 5.999999999999999112 ) ) ;
#801 = FACE_OUTER_BOUND ( 'NONE', #174, .T. ) ;
#802 = APPLICATION_CONTEXT ( 'automotive_design' ) ;
#803 = DIRECTION ( 'NONE',  ( 0.000000000000000000, 0.000000000000000000, -1.000000000000000000 ) ) ;
#804 = DIRECTION ( 'NONE',  ( 0.000000000000000000, -1.000000000000000000, -0.000000000000000000 ) ) ;
#805 = VERTEX_POINT ( 'NONE', #78 ) ;
#806 = CARTESIAN_POINT ( 'NONE',  ( 0.000000000000000000, 0.000000000000000000, 0.000000000000000000 ) ) ;
#807 = VECTOR ( 'NONE', #243, 1000.000000000000000 ) ;
#808 = CIRCLE ( 'NONE', #1322, 3.000000000000000444 ) ;
#809 = CARTESIAN_POINT ( 'NONE',  ( 0.000000000000000000, 0.000000000000000000, 12.00000000000000000 ) ) ;
#810 = PLANE ( 'NONE',  #1005 ) ;
#811 = AXIS2_PLACEMENT_3D ( 'NONE', #829, #1271, #1850 ) ;
#812 = DIRECTION ( 'NONE',  ( 0.000000000000000000, 0.000000000000000000, -1.000000000000000000 ) ) ;
#813 = LINE ( 'NONE', #1717, #1695 ) ;
#814 = LINE ( 'NONE', #1829, #991 ) ;
#815 = ORIENTED_EDGE ( 'NONE', *, *, #1469, .F. ) ;
#816 = DIRECTION ( 'NONE',  ( 0.000000000000000000, -1.000000000000000000, 0.000000000000000000 ) ) ;
#817 = LINE ( 'NONE', #418, #1581 ) ;
#818 = LINE ( 'NONE', #1552, #1646 ) ;
#819 = VECTOR ( 'NONE', #636, 1000.000000000000000 ) ;
#820 = DIRECTION ( 'NONE',  ( -0.000000000000000000, -1.000000000000000000, 0.000000000000000000 ) ) ;
#821 = FACE_BOUND ( 'NONE', #1589, .T. ) ;
#822 = VECTOR ( 'NONE', #1678, 1000.000000000000000 ) ;
#823 = ORIENTED_EDGE ( 'NONE', *, *, #1276, .F. ) ;
#824 = AXIS2_PLACEMENT_3D ( 'NONE', #1313, #1597, #1485 ) ;
#825 = AXIS2_PLACEMENT_3D ( 'NONE', #1172, #874, #40 ) ;
#826 = CARTESIAN_POINT ( 'NONE',  ( 10.50000000000000000, 1.285879139104720831E-15, 16.50000000000000000 ) ) ;
#827 = CARTESIAN_POINT ( 'NONE',  ( 11.50000000000000355, -16.99999999999999289, 1.000000000000000888 ) ) ;
#828 = DIRECTION ( 'NONE',  ( 1.000000000000000000, 0.000000000000000000, 0.000000000000000000 ) ) ;
#829 = CARTESIAN_POINT ( 'NONE',  ( 0.000000000000000000, 0.000000000000000000, 1.000000000000000888 ) ) ;
#830 = CARTESIAN_POINT ( 'NONE',  ( 11.50000000000000355, 16.99999999999999289, 1.000000000000000000 ) ) ;
#831 = CARTESIAN_POINT ( 'NONE',  ( 0.000000000000000000, 0.000000000000000000, 4.000000000000000000 ) ) ;
#832 = CIRCLE ( 'NONE', #565, 11.00000000000000000 ) ;
#833 = LINE ( 'NONE', #553, #978 ) ;
#834 = ADVANCED_FACE ( 'NONE', ( #1100 ), #448, .T. ) ;
#835 = DIRECTION ( 'NONE',  ( 0.000000000000000000, -1.000000000000000000, 0.000000000000000000 ) ) ;
#836 = VECTOR ( 'NONE', #337, 1000.000000000000000 ) ;
#837 = DIRECTION ( 'NONE',  ( -0.000000000000000000, 1.000000000000000000, -0.000000000000000000 ) ) ;
#838 = CYLINDRICAL_SURFACE ( 'NONE', #1237, 1.500000000000000222 ) ;
#839 = ADVANCED_FACE ( 'NONE', ( #215 ), #1419, .T. ) ;
#840 = EDGE_LOOP ( 'NONE', ( #319, #1615, #524, #561 ) ) ;
#841 = VERTEX_POINT ( 'NONE', #1355 ) ;
#842 = EDGE_CURVE ( 'NONE', #1011, #1487, #1245, .T. ) ;
#843 = AXIS2_PLACEMENT_3D ( 'NONE', #513, #646, #362 ) ;
#844 = CARTESIAN_POINT ( 'NONE',  ( 10.50000000000000178, 16.99999999999999289, 1.000000000000000888 ) ) ;
#845 = CARTESIAN_POINT ( 'NONE',  ( 9.500000000000001776, -8.874119674649419309, 1.000000000000000888 ) ) ;
#846 = EDGE_CURVE ( 'NONE', #188, #1786, #1246, .T. ) ;
#847 = DIRECTION ( 'NONE',  ( 1.000000000000000000, 0.000000000000000000, 0.000000000000000000 ) ) ;
#848 = DIRECTION ( 'NONE',  ( 0.000000000000000000, 0.000000000000000000, 1.000000000000000000 ) ) ;
#849 = ORIENTED_EDGE ( 'NONE', *, *, #1183, .F. ) ;
#850 = ORIENTED_EDGE ( 'NONE', *, *, #708, .F. ) ;
#851 = EDGE_LOOP ( 'NONE', ( #1152, #699, #748, #1612, #417, #46, #1768, #1787 ) ) ;
#852 = CIRCLE ( 'NONE', #762, 1.000000000000000888 ) ;
#853 = EDGE_CURVE ( 'NONE', #120, #1468, #999, .T. ) ;
#854 = DIRECTION ( 'NONE',  ( 0.000000000000000000, 0.000000000000000000, -1.000000000000000000 ) ) ;
#855 = AXIS2_PLACEMENT_3D ( 'NONE', #809, #1389, #1107 ) ;
#856 = CARTESIAN_POINT ( 'NONE',  ( 8.769230769230770051, -8.191495084291771533, 11.00000000000000000 ) ) ;
#857 = ORIENTED_EDGE ( 'NONE', *, *, #129, .F. ) ;
#858 = ORIENTED_EDGE ( 'NONE', *, *, #1085, .F. ) ;
#859 = EDGE_CURVE ( 'NONE', #179, #1878, #1332, .T. ) ;
#860 = VERTEX_POINT ( 'NONE', #1260 ) ;
#861 = DIRECTION ( 'NONE',  ( -0.000000000000000000, -0.000000000000000000, -1.000000000000000000 ) ) ;
#862 = VECTOR ( 'NONE', #1402, 1000.000000000000000 ) ;
#863 = FACE_OUTER_BOUND ( 'NONE', #1777, .T. ) ;
#864 = CARTESIAN_POINT ( 'NONE',  ( 10.50000000000000178, 8.874119674649419309, 12.00000000000000000 ) ) ;
#865 = VECTOR ( 'NONE', #583, 1000.000000000000000 ) ;
#866 = MECHANICAL_DESIGN_GEOMETRIC_PRESENTATION_REPRESENTATION (  '', ( #688 ), #937 ) ;
#867 = DIRECTION ( 'NONE',  ( 1.000000000000000000, -0.000000000000000000, -0.000000000000000000 ) ) ;
#868 = VERTEX_POINT ( 'NONE', #1407 ) ;
#869 = AXIS2_PLACEMENT_3D ( 'NONE', #117, #1130, #803 ) ;
#870 = ORIENTED_EDGE ( 'NONE', *, *, #1863, .T. ) ;
#871 = ORIENTED_EDGE ( 'NONE', *, *, #1239, .F. ) ;
#872 = DIRECTION ( 'NONE',  ( -1.000000000000000000, 0.000000000000000000, 0.000000000000000000 ) ) ;
#873 = DIRECTION ( 'NONE',  ( -0.000000000000000000, -0.000000000000000000, -1.000000000000000000 ) ) ;
#874 = DIRECTION ( 'NONE',  ( 1.000000000000000000, 0.000000000000000000, 0.000000000000000000 ) ) ;
#875 = DIRECTION ( 'NONE',  ( 0.000000000000000000, 1.000000000000000000, 0.000000000000000000 ) ) ;
#876 = ORIENTED_EDGE ( 'NONE', *, *, #603, .F. ) ;
#877 = ORIENTED_EDGE ( 'NONE', *, *, #1125, .T. ) ;
#878 = CYLINDRICAL_SURFACE ( 'NONE', #1146, 1.000000000000000888 ) ;
#879 = VECTOR ( 'NONE', #1346, 1000.000000000000000 ) ;
#880 = EDGE_LOOP ( 'NONE', ( #1375, #45, #1766, #486 ) ) ;
#881 = AXIS2_PLACEMENT_3D ( 'NONE', #827, #545, #1422 ) ;
#882 = CARTESIAN_POINT ( 'NONE',  ( 19.50000000000000355, 0.000000000000000000, 11.00000000000000000 ) ) ;
#883 = AXIS2_PLACEMENT_3D ( 'NONE', #782, #370, #520 ) ;
#884 = FACE_OUTER_BOUND ( 'NONE', #1410, .T. ) ;
#885 = CARTESIAN_POINT ( 'NONE',  ( 10.00000000000000000, 0.000000000000000000, 16.50000000000000000 ) ) ;
#886 = CYLINDRICAL_SURFACE ( 'NONE', #288, 1.000000000000000888 ) ;
#887 = ORIENTED_EDGE ( 'NONE', *, *, #1573, .F. ) ;
#888 = ORIENTED_EDGE ( 'NONE', *, *, #1714, .F. ) ;
#889 = FACE_OUTER_BOUND ( 'NONE', #1219, .T. ) ;
#890 = VERTEX_POINT ( 'NONE', #86 ) ;
#891 = CYLINDRICAL_SURFACE ( 'NONE', #1106, 1.000000000000000888 ) ;
#892 = VERTEX_POINT ( 'NONE', #695 ) ;
#893 = DIRECTION ( 'NONE',  ( 0.000000000000000000, -1.000000000000000000, 0.000000000000000000 ) ) ;
#894 = CARTESIAN_POINT ( 'NONE',  ( 20.50000000000000355, 18.00000000000000355, 11.00000000000000000 ) ) ;
#895 = AXIS2_PLACEMENT_3D ( 'NONE', #1755, #875, #1744 ) ;
#896 = CIRCLE ( 'NONE', #597, 1.500000000000000222 ) ;
#897 = ORIENTED_EDGE ( 'NONE', *, *, #962, .F. ) ;
#898 = DIRECTION ( 'NONE',  ( 0.000000000000000000, 0.000000000000000000, -1.000000000000000000 ) ) ;
#899 = EDGE_CURVE ( 'NONE', #1492, #262, #1094, .T. ) ;
#900 = CARTESIAN_POINT ( 'NONE',  ( 19.50000000000000355, 17.00000000000000000, 11.00000000000000000 ) ) ;
#901 = VERTEX_POINT ( 'NONE', #1270 ) ;
#902 = ORIENTED_EDGE ( 'NONE', *, *, #427, .F. ) ;
#903 = DIRECTION ( 'NONE',  ( -0.6826245903576478868, -0.7307692307692309486, -5.503236321040134930E-16 ) ) ;
#904 = CIRCLE ( 'NONE', #1482, 10.50000000000000000 ) ;
#905 = DIRECTION ( 'NONE',  ( -1.000000000000000000, -6.938893903907227392E-16, 0.000000000000000000 ) ) ;
#906 = CARTESIAN_POINT ( 'NONE',  ( 11.50000000000000355, 8.874119674649419309, 1.000000000000000888 ) ) ;
#907 = EDGE_CURVE ( 'NONE', #901, #1362, #672, .T. ) ;
#908 = ORIENTED_EDGE ( 'NONE', *, *, #1038, .T. ) ;
#909 = ORIENTED_EDGE ( 'NONE', *, *, #1127, .F. ) ;
#910 = PRESENTATION_STYLE_ASSIGNMENT (( #32 ) ) ;
#911 = ORIENTED_EDGE ( 'NONE', *, *, #1150, .T. ) ;
#912 = ORIENTED_EDGE ( 'NONE', *, *, #1519, .T. ) ;
#913 = ADVANCED_FACE ( 'NONE', ( #983 ), #1140, .T. ) ;
#914 = CIRCLE ( 'NONE', #1160, 3.500000000000000000 ) ;
#915 = CIRCLE ( 'NONE', #1551, 1.000000000000000000 ) ;
#916 = DIRECTION ( 'NONE',  ( 1.000000000000000000, 0.000000000000000000, 0.000000000000000000 ) ) ;
#917 = ADVANCED_FACE ( 'NONE', ( #404 ), #1698, .F. ) ;
#918 = VERTEX_POINT ( 'NONE', #1278 ) ;
#919 = CARTESIAN_POINT ( 'NONE',  ( -10.50000000000000000, 0.000000000000000000, 16.50000000000000000 ) ) ;
#920 = DIRECTION ( 'NONE',  ( 1.000000000000000000, 0.000000000000000000, 0.000000000000000000 ) ) ;
#921 = CARTESIAN_POINT ( 'NONE',  ( 19.50000000000000355, 18.00000000000000355, 12.00000000000000000 ) ) ;
#922 = ORIENTED_EDGE ( 'NONE', *, *, #1190, .F. ) ;
#923 = ORIENTED_EDGE ( 'NONE', *, *, #1148, .T. ) ;
#924 = EDGE_CURVE ( 'NONE', #996, #1531, #116, .T. ) ;
#925 = VERTEX_POINT ( 'NONE', #546 ) ;
#926 = DIRECTION ( 'NONE',  ( 0.000000000000000000, 0.000000000000000000, 1.000000000000000000 ) ) ;
#927 = ADVANCED_FACE ( 'NONE', ( #968 ), #1858, .T. ) ;
#928 = LINE ( 'NONE', #379, #1308 ) ;
#929 = FACE_OUTER_BOUND ( 'NONE', #185, .T. ) ;
#930 = DIRECTION ( 'NONE',  ( 0.000000000000000000, -1.000000000000000000, 0.000000000000000000 ) ) ;
#931 = CARTESIAN_POINT ( 'NONE',  ( 16.50000000000000355, 12.00000000000000000, 5.999999999999999112 ) ) ;
#932 = VECTOR ( 'NONE', #1394, 1000.000000000000000 ) ;
#933 = ORIENTED_EDGE ( 'NONE', *, *, #509, .T. ) ;
#934 = AXIS2_PLACEMENT_3D ( 'NONE', #1280, #1709, #406 ) ;
#935 = EDGE_CURVE ( 'NONE', #1636, #1499, #1735, .T. ) ;
#936 = ORIENTED_EDGE ( 'NONE', *, *, #924, .T. ) ;
#937 =( GEOMETRIC_REPRESENTATION_CONTEXT ( 3 ) GLOBAL_UNCERTAINTY_ASSIGNED_CONTEXT ( ( #200 ) ) GLOBAL_UNIT_ASSIGNED_CONTEXT ( ( #306, #124, #1638 ) ) REPRESENTATION_CONTEXT ( 'NONE', 'WORKASPACE' ) );
#938 = ORIENTED_EDGE ( 'NONE', *, *, #1077, .T. ) ;
#939 = PLANE ( 'NONE',  #580 ) ;
#940 = CARTESIAN_POINT ( 'NONE',  ( 10.50000000000000178, 17.99999999999999645, 12.00000000000000000 ) ) ;
#941 = CIRCLE ( 'NONE', #1416, 1.000000000000000888 ) ;
#942 = DIRECTION ( 'NONE',  ( 1.000000000000000000, 0.000000000000000000, 0.000000000000000000 ) ) ;
#943 = AXIS2_PLACEMENT_3D ( 'NONE', #1110, #529, #679 ) ;
#944 = CYLINDRICAL_SURFACE ( 'NONE', #661, 1.000000000000000888 ) ;
#945 = ADVANCED_FACE ( 'NONE', ( #1121 ), #1568, .T. ) ;
#946 = ORIENTED_EDGE ( 'NONE', *, *, #444, .F. ) ;
#947 = CARTESIAN_POINT ( 'NONE',  ( 19.50000000000000355, 18.00000000000000355, 1.000000000000000888 ) ) ;
#948 = DIRECTION ( 'NONE',  ( -1.000000000000000000, 0.000000000000000000, 0.000000000000000000 ) ) ;
#949 = LINE ( 'NONE', #511, #975 ) ;
#950 = CARTESIAN_POINT ( 'NONE',  ( 20.50000000000000355, 17.00000000000000000, 1.000000000000000888 ) ) ;
#951 = AXIS2_PLACEMENT_3D ( 'NONE', #192, #1352, #655 ) ;
#952 = CARTESIAN_POINT ( 'NONE',  ( -1.500000000000000222, 1.836970198721030181E-16, 4.000000000000000000 ) ) ;
#953 = ORIENTED_EDGE ( 'NONE', *, *, #264, .T. ) ;
#954 = AXIS2_PLACEMENT_3D ( 'NONE', #1543, #1514, #1098 ) ;
#955 = APPLICATION_PROTOCOL_DEFINITION ( 'draft international standard', 'automotive_design', 1998, #802 ) ;
#956 = CARTESIAN_POINT ( 'NONE',  ( 0.000000000000000000, 0.000000000000000000, 1.000000000000000888 ) ) ;
#957 = CARTESIAN_POINT ( 'NONE',  ( 19.50000000000000355, -16.99999999999999289, 11.00000000000000000 ) ) ;
#958 = DIRECTION ( 'NONE',  ( 0.000000000000000000, 1.000000000000000000, -0.000000000000000000 ) ) ;
#959 = FACE_OUTER_BOUND ( 'NONE', #1483, .T. ) ;
#960 = DIRECTION ( 'NONE',  ( 1.000000000000000000, 0.000000000000000000, 0.000000000000000000 ) ) ;
#961 = ORIENTED_EDGE ( 'NONE', *, *, #658, .F. ) ;
#962 = EDGE_CURVE ( 'NONE', #109, #74, #818, .T. ) ;
#963 = MECHANICAL_DESIGN_GEOMETRIC_PRESENTATION_REPRESENTATION (  '', ( #475 ), #58 ) ;
#964 = AXIS2_PLACEMENT_3D ( 'NONE', #504, #794, #522 ) ;
#965 = CARTESIAN_POINT ( 'NONE',  ( 11.50000000000000355, -17.99999999999999645, 12.00000000000000000 ) ) ;
#966 = DIRECTION ( 'NONE',  ( 0.000000000000000000, 0.000000000000000000, 1.000000000000000000 ) ) ;
#967 = AXIS2_PLACEMENT_3D ( 'NONE', #87, #666, #1261 ) ;
#968 = FACE_OUTER_BOUND ( 'NONE', #1028, .T. ) ;
#969 = CARTESIAN_POINT ( 'NONE',  ( 0.000000000000000000, 0.000000000000000000, 3.000000000000000888 ) ) ;
#970 = LINE ( 'NONE', #55, #136 ) ;
#971 = EDGE_LOOP ( 'NONE', ( #1031, #34, #1387, #876 ) ) ;
#972 = DIRECTION ( 'NONE',  ( -1.000000000000000000, 1.224646799147353454E-16, 0.000000000000000000 ) ) ;
#973 = LINE ( 'NONE', #1414, #1803 ) ;
#974 = DIRECTION ( 'NONE',  ( 0.000000000000000000, 0.000000000000000000, 1.000000000000000000 ) ) ;
#975 = VECTOR ( 'NONE', #1092, 1000.000000000000000 ) ;
#976 = CARTESIAN_POINT ( 'NONE',  ( 20.50000000000000355, 6.000000000000000000, 2.999999999999998668 ) ) ;
#977 = DIRECTION ( 'NONE',  ( 0.000000000000000000, 0.000000000000000000, 1.000000000000000000 ) ) ;
#978 = VECTOR ( 'NONE', #1841, 1000.000000000000000 ) ;
#979 = VECTOR ( 'NONE', #1314, 1000.000000000000000 ) ;
#980 = DIRECTION ( 'NONE',  ( 1.000000000000000000, 0.000000000000000000, -0.000000000000000000 ) ) ;
#981 = CARTESIAN_POINT ( 'NONE',  ( 0.000000000000000000, 0.000000000000000000, 4.500000000000000000 ) ) ;
#982 = EDGE_CURVE ( 'NONE', #1133, #348, #1849, .T. ) ;
#983 = FACE_OUTER_BOUND ( 'NONE', #1054, .T. ) ;
#984 = EDGE_CURVE ( 'NONE', #30, #734, #205, .T. ) ;
#985 = CARTESIAN_POINT ( 'NONE',  ( 16.50000000000000355, 12.00000000000000000, 2.999999999999998668 ) ) ;
#986 = FACE_OUTER_BOUND ( 'NONE', #42, .T. ) ;
#987 = ORIENTED_EDGE ( 'NONE', *, *, #536, .F. ) ;
#988 = EDGE_LOOP ( 'NONE', ( #1306, #576 ) ) ;
#989 = ADVANCED_FACE ( 'NONE', ( #61 ), #1059, .T. ) ;
#990 = DIRECTION ( 'NONE',  ( -0.000000000000000000, -0.000000000000000000, 1.000000000000000000 ) ) ;
#991 = VECTOR ( 'NONE', #648, 1000.000000000000000 ) ;
#992 = DIRECTION ( 'NONE',  ( -0.000000000000000000, -0.000000000000000000, -1.000000000000000000 ) ) ;
#993 = CARTESIAN_POINT ( 'NONE',  ( 19.50000000000000355, 17.00000000000000000, 11.00000000000000000 ) ) ;
#994 = DIRECTION ( 'NONE',  ( 0.000000000000000000, 0.000000000000000000, -1.000000000000000000 ) ) ;
#995 = DIRECTION ( 'NONE',  ( 1.000000000000000000, 0.000000000000000000, 0.000000000000000000 ) ) ;
#996 = VERTEX_POINT ( 'NONE', #643 ) ;
#997 = ORIENTED_EDGE ( 'NONE', *, *, #1593, .F. ) ;
#998 = ADVANCED_FACE ( 'NONE', ( #1525 ), #810, .F. ) ;
#999 = CIRCLE ( 'NONE', #692, 2.000000000000000000 ) ;
#1000 = ORIENTED_EDGE ( 'NONE', *, *, #899, .F. ) ;
#1001 = DIRECTION ( 'NONE',  ( 0.000000000000000000, 0.000000000000000000, 1.000000000000000000 ) ) ;
#1002 = CARTESIAN_POINT ( 'NONE',  ( -10.50000000000000000, 0.000000000000000000, 17.00000000000000000 ) ) ;
#1003 = VERTEX_POINT ( 'NONE', #70 ) ;
#1004 = EDGE_LOOP ( 'NONE', ( #1515, #1105, #483, #1175 ) ) ;
#1005 = AXIS2_PLACEMENT_3D ( 'NONE', #229, #1390, #221 ) ;
#1006 = VERTEX_POINT ( 'NONE', #799 ) ;
#1007 = AXIS2_PLACEMENT_3D ( 'NONE', #981, #93, #1268 ) ;
#1008 = CARTESIAN_POINT ( 'NONE',  ( 11.50000000000000355, -16.99999999999999289, 11.00000000000000000 ) ) ;
#1009 = VERTEX_POINT ( 'NONE', #780 ) ;
#1010 = ORIENTED_EDGE ( 'NONE', *, *, #1429, .F. ) ;
#1011 = VERTEX_POINT ( 'NONE', #1363 ) ;
#1012 = CARTESIAN_POINT ( 'NONE',  ( 10.50000000000000178, 17.99999999999999645, 12.00000000000000000 ) ) ;
#1013 = AXIS2_PLACEMENT_3D ( 'NONE', #900, #1788, #1613 ) ;
#1014 = DIRECTION ( 'NONE',  ( 0.000000000000000000, 0.000000000000000000, 1.000000000000000000 ) ) ;
#1015 = DIRECTION ( 'NONE',  ( 0.000000000000000000, 0.000000000000000000, 1.000000000000000000 ) ) ;
#1016 = AXIS2_PLACEMENT_3D ( 'NONE', #882, #1792, #1472 ) ;
#1017 = CARTESIAN_POINT ( 'NONE',  ( 16.50000000000000355, -12.00000000000000000, 9.000000000000001776 ) ) ;
#1018 = ORIENTED_EDGE ( 'NONE', *, *, #797, .F. ) ;
#1019 = ORIENTED_EDGE ( 'NONE', *, *, #1404, .F. ) ;
#1020 = SURFACE_SIDE_STYLE ('',( #1602 ) ) ;
#1021 = ORIENTED_EDGE ( 'NONE', *, *, #1481, .T. ) ;
#1022 = DIRECTION ( 'NONE',  ( -0.000000000000000000, 1.000000000000000000, -0.000000000000000000 ) ) ;
#1023 = ADVANCED_FACE ( 'NONE', ( #350 ), #1224, .T. ) ;
#1024 = CARTESIAN_POINT ( 'NONE',  ( 19.50000000000000355, 18.00000000000000355, 1.000000000000000888 ) ) ;
#1025 = DIRECTION ( 'NONE',  ( 1.000000000000000000, 0.000000000000000000, 0.000000000000000000 ) ) ;
#1026 = CARTESIAN_POINT ( 'NONE',  ( 16.50000000000000355, -6.000000000000000000, 9.000000000000000000 ) ) ;
#1027 = DIRECTION ( 'NONE',  ( 1.000000000000000000, 6.938893903907227392E-16, -0.000000000000000000 ) ) ;
#1028 = EDGE_LOOP ( 'NONE', ( #598, #1611, #600, #1161 ) ) ;
#1029 = DIRECTION ( 'NONE',  ( 0.000000000000000000, 0.000000000000000000, 1.000000000000000000 ) ) ;
#1030 = CARTESIAN_POINT ( 'NONE',  ( 9.500000000000001776, -8.874119674649419309, 0.000000000000000000 ) ) ;
#1031 = ORIENTED_EDGE ( 'NONE', *, *, #984, .T. ) ;
#1032 = EDGE_CURVE ( 'NONE', #588, #1133, #1884, .T. ) ;
#1033 = AXIS2_PLACEMENT_3D ( 'NONE', #1312, #1875, #1880 ) ;
#1034 = DIRECTION ( 'NONE',  ( -0.000000000000000000, -0.000000000000000000, -1.000000000000000000 ) ) ;
#1035 = FACE_OUTER_BOUND ( 'NONE', #691, .T. ) ;
#1036 = PLANE ( 'NONE',  #825 ) ;
#1037 = VECTOR ( 'NONE', #1840, 1000.000000000000000 ) ;
#1038 = EDGE_CURVE ( 'NONE', #1693, #415, #915, .T. ) ;
#1039 = ADVANCED_FACE ( 'NONE', ( #1091, #1824 ), #1072, .T. ) ;
#1040 = ORIENTED_EDGE ( 'NONE', *, *, #1295, .F. ) ;
#1041 = ORIENTED_EDGE ( 'NONE', *, *, #703, .T. ) ;
#1042 = DIRECTION ( 'NONE',  ( -0.000000000000000000, -0.000000000000000000, 1.000000000000000000 ) ) ;
#1043 = EDGE_LOOP ( 'NONE', ( #332, #1757, #718, #871 ) ) ;
#1044 = EDGE_LOOP ( 'NONE', ( #1199, #336, #1575, #424 ) ) ;
#1045 = ADVANCED_FACE ( 'NONE', ( #1370 ), #939, .F. ) ;
#1046 = PRESENTATION_STYLE_ASSIGNMENT (( #169 ) ) ;
#1047 = EDGE_LOOP ( 'NONE', ( #1624, #1000, #912, #1437 ) ) ;
#1048 = DIRECTION ( 'NONE',  ( 0.000000000000000000, 1.000000000000000000, -0.000000000000000000 ) ) ;
#1049 = COLOUR_RGB ( '',1.000000000000000000, 1.000000000000000000, 1.000000000000000000 ) ;
#1050 = CIRCLE ( 'NONE', #685, 1.000000000000000888 ) ;
#1051 = ORIENTED_EDGE ( 'NONE', *, *, #181, .T. ) ;
#1052 = FACE_OUTER_BOUND ( 'NONE', #438, .T. ) ;
#1053 = CARTESIAN_POINT ( 'NONE',  ( 16.50000000000000355, 2.500000000000000000, 7.500000000000000000 ) ) ;
#1054 = EDGE_LOOP ( 'NONE', ( #1167, #455, #1737, #1732 ) ) ;
#1055 = AXIS2_PLACEMENT_3D ( 'NONE', #969, #1708, #105 ) ;
#1056 = ADVANCED_FACE ( 'NONE', ( #1516 ), #1671, .F. ) ;
#1057 = ORIENTED_EDGE ( 'NONE', *, *, #765, .T. ) ;
#1058 = DIRECTION ( 'NONE',  ( 1.000000000000000000, 0.000000000000000000, 0.000000000000000000 ) ) ;
#1059 = CYLINDRICAL_SURFACE ( 'NONE', #1491, 1.000000000000000888 ) ;
#1060 = CARTESIAN_POINT ( 'NONE',  ( 8.769230769230771827, 8.191495084291771533, 12.00000000000000000 ) ) ;
#1061 = DIRECTION ( 'NONE',  ( -1.000000000000000000, -6.938893903907227392E-16, 0.000000000000000000 ) ) ;
#1062 = EDGE_CURVE ( 'NONE', #477, #1358, #75, .T. ) ;
#1063 = ORIENTED_EDGE ( 'NONE', *, *, #1578, .T. ) ;
#1064 = ADVANCED_BREP_SHAPE_REPRESENTATION ( '零件4', ( #293, #786 ), #1471 ) ;
#1065 = CARTESIAN_POINT ( 'NONE',  ( 16.50000000000000355, 12.00000000000000000, 9.000000000000001776 ) ) ;
#1066 = ORIENTED_EDGE ( 'NONE', *, *, #577, .F. ) ;
#1067 = ORIENTED_EDGE ( 'NONE', *, *, #295, .F. ) ;
#1068 = CIRCLE ( 'NONE', #65, 3.000000000000000444 ) ;
#1069 = AXIS2_PLACEMENT_3D ( 'NONE', #1083, #360, #368 ) ;
#1070 = LINE ( 'NONE', #1805, #705 ) ;
#1071 = ORIENTED_EDGE ( 'NONE', *, *, #1667, .F. ) ;
#1072 = PLANE ( 'NONE',  #1069 ) ;
#1073 = CARTESIAN_POINT ( 'NONE',  ( 16.50000000000000355, -12.00000000000000000, 5.999999999999999112 ) ) ;
#1074 = CIRCLE ( 'NONE', #246, 9.000000000000000000 ) ;
#1075 = VECTOR ( 'NONE', #958, 1000.000000000000000 ) ;
#1076 = CARTESIAN_POINT ( 'NONE',  ( 16.50000000000000355, -2.500000000000000000, 7.500000000000000000 ) ) ;
#1077 = EDGE_CURVE ( 'NONE', #901, #331, #343, .T. ) ;
#1078 = CARTESIAN_POINT ( 'NONE',  ( 6.500000000000004441, -2.500000000000000000, 7.500000000000000000 ) ) ;
#1079 = ORIENTED_EDGE ( 'NONE', *, *, #1444, .F. ) ;
#1080 = VERTEX_POINT ( 'NONE', #919 ) ;
#1081 = CARTESIAN_POINT ( 'NONE',  ( 19.50000000000000355, -17.99999999999999645, 1.000000000000000888 ) ) ;
#1082 = ORIENTED_EDGE ( 'NONE', *, *, #589, .F. ) ;
#1083 = CARTESIAN_POINT ( 'NONE',  ( 0.000000000000000000, 0.000000000000000000, 12.00000000000000000 ) ) ;
#1084 = CARTESIAN_POINT ( 'NONE',  ( 10.50000000000000178, -8.874119674649419309, 1.000000000000000888 ) ) ;
#1085 = EDGE_CURVE ( 'NONE', #415, #1446, #928, .T. ) ;
#1086 = DIRECTION ( 'NONE',  ( 0.000000000000000000, 0.000000000000000000, 1.000000000000000000 ) ) ;
#1087 = LINE ( 'NONE', #1218, #932 ) ;
#1088 = VECTOR ( 'NONE', #905, 1000.000000000000000 ) ;
#1089 = ORIENTED_EDGE ( 'NONE', *, *, #1796, .T. ) ;
#1090 = DIRECTION ( 'NONE',  ( 0.000000000000000000, 0.000000000000000000, -1.000000000000000000 ) ) ;
#1091 = FACE_BOUND ( 'NONE', #1778, .T. ) ;
#1092 = DIRECTION ( 'NONE',  ( -0.000000000000000000, -0.000000000000000000, -1.000000000000000000 ) ) ;
#1093 = DIRECTION ( 'NONE',  ( -1.000000000000000000, 0.000000000000000000, 0.000000000000000000 ) ) ;
#1094 = CIRCLE ( 'NONE', #943, 3.500000000000000000 ) ;
#1095 = CARTESIAN_POINT ( 'NONE',  ( 11.50000000000000355, 16.99999999999999289, 0.000000000000000000 ) ) ;
#1096 = VERTEX_POINT ( 'NONE', #489 ) ;
#1097 = ADVANCED_FACE ( 'NONE', ( #1534 ), #1652, .T. ) ;
#1098 = DIRECTION ( 'NONE',  ( 1.000000000000000000, 0.000000000000000000, 0.000000000000000000 ) ) ;
#1099 = CARTESIAN_POINT ( 'NONE',  ( 16.50000000000000355, 6.000000000000000000, 9.000000000000000000 ) ) ;
#1100 = FACE_OUTER_BOUND ( 'NONE', #142, .T. ) ;
#1101 = ADVANCED_FACE ( 'NONE', ( #52 ), #1134, .T. ) ;
#1102 = AXIS2_PLACEMENT_3D ( 'NONE', #1277, #1001, #1294 ) ;
#1103 = DIRECTION ( 'NONE',  ( -0.000000000000000000, 1.000000000000000000, -0.000000000000000000 ) ) ;
#1104 = CARTESIAN_POINT ( 'NONE',  ( 20.50000000000000355, -17.99999999999999645, 1.000000000000000888 ) ) ;
#1105 = ORIENTED_EDGE ( 'NONE', *, *, #708, .T. ) ;
#1106 = AXIS2_PLACEMENT_3D ( 'NONE', #1760, #1034, #634 ) ;
#1107 = DIRECTION ( 'NONE',  ( 1.000000000000000000, 0.000000000000000000, 0.000000000000000000 ) ) ;
#1108 = EDGE_CURVE ( 'NONE', #868, #1420, #123, .T. ) ;
#1109 = FACE_OUTER_BOUND ( 'NONE', #880, .T. ) ;
#1110 = CARTESIAN_POINT ( 'NONE',  ( 0.000000000000000000, 0.000000000000000000, 12.00000000000000000 ) ) ;
#1111 = CARTESIAN_POINT ( 'NONE',  ( 0.000000000000000000, 0.000000000000000000, 3.000000000000000888 ) ) ;
#1112 = CYLINDRICAL_SURFACE ( 'NONE', #964, 1.000000000000000888 ) ;
#1113 = ORIENTED_EDGE ( 'NONE', *, *, #745, .F. ) ;
#1114 = SHAPE_DEFINITION_REPRESENTATION ( #299, #1064 ) ;
#1115 = CIRCLE ( 'NONE', #1505, 1.000000000000000888 ) ;
#1116 = EDGE_CURVE ( 'NONE', #1759, #1458, #1426, .T. ) ;
#1117 = CIRCLE ( 'NONE', #1173, 3.000000000000000444 ) ;
#1118 = CARTESIAN_POINT ( 'NONE',  ( 0.000000000000000000, 0.000000000000000000, 17.00000000000000000 ) ) ;
#1119 = CARTESIAN_POINT ( 'NONE',  ( 16.50000000000000355, 2.500000000000000000, 4.500000000000000000 ) ) ;
#1120 = CIRCLE ( 'NONE', #716, 1.000000000000000888 ) ;
#1121 = FACE_OUTER_BOUND ( 'NONE', #759, .T. ) ;
#1122 = ADVANCED_FACE ( 'NONE', ( #1109 ), #112, .T. ) ;
#1123 = CYLINDRICAL_SURFACE ( 'NONE', #507, 1.000000000000000000 ) ;
#1124 = EDGE_CURVE ( 'NONE', #1786, #1153, #817, .T. ) ;
#1125 = EDGE_CURVE ( 'NONE', #1080, #66, #67, .T. ) ;
#1126 = FACE_BOUND ( 'NONE', #988, .T. ) ;
#1127 = EDGE_CURVE ( 'NONE', #143, #890, #973, .T. ) ;
#1128 = CARTESIAN_POINT ( 'NONE',  ( 0.000000000000000000, 0.000000000000000000, 17.00000000000000000 ) ) ;
#1129 = CARTESIAN_POINT ( 'NONE',  ( 19.50000000000000355, 18.00000000000000355, 12.00000000000000000 ) ) ;
#1130 = DIRECTION ( 'NONE',  ( 1.000000000000000000, 0.000000000000000000, 0.000000000000000000 ) ) ;
#1131 = DIRECTION ( 'NONE',  ( -1.000000000000000000, 0.000000000000000000, 0.000000000000000000 ) ) ;
#1132 = EDGE_CURVE ( 'NONE', #1358, #1425, #1704, .T. ) ;
#1133 = VERTEX_POINT ( 'NONE', #266 ) ;
#1134 = TOROIDAL_SURFACE ( 'NONE', #1226, 2.000000000000000000, 1.000000000000000000 ) ;
#1135 = ORIENTED_EDGE ( 'NONE', *, *, #571, .T. ) ;
#1136 = AXIS2_PLACEMENT_3D ( 'NONE', #435, #623, #1303 ) ;
#1137 = AXIS2_PLACEMENT_3D ( 'NONE', #499, #92, #1523 ) ;
#1138 = DIRECTION ( 'NONE',  ( 0.000000000000000000, 0.000000000000000000, 1.000000000000000000 ) ) ;
#1139 = CARTESIAN_POINT ( 'NONE',  ( 10.50000000000000000, 1.285879139104720831E-15, 17.00000000000000000 ) ) ;
#1140 = CYLINDRICAL_SURFACE ( 'NONE', #1572, 1.000000000000000888 ) ;
#1141 = EDGE_CURVE ( 'NONE', #611, #607, #614, .T. ) ;
#1142 = DIRECTION ( 'NONE',  ( 1.000000000000000000, 0.000000000000000000, 0.000000000000000000 ) ) ;
#1143 = CARTESIAN_POINT ( 'NONE',  ( 0.000000000000000000, 0.000000000000000000, 4.000000000000000000 ) ) ;
#1144 = ORIENTED_EDGE ( 'NONE', *, *, #842, .T. ) ;
#1145 = ORIENTED_EDGE ( 'NONE', *, *, #757, .T. ) ;
#1146 = AXIS2_PLACEMENT_3D ( 'NONE', #1489, #187, #618 ) ;
#1147 = ORIENTED_EDGE ( 'NONE', *, *, #1816, .T. ) ;
#1148 = EDGE_CURVE ( 'NONE', #1636, #756, #1544, .T. ) ;
#1149 = DIRECTION ( 'NONE',  ( -0.000000000000000000, -0.000000000000000000, 1.000000000000000000 ) ) ;
#1150 = EDGE_CURVE ( 'NONE', #66, #841, #1285, .T. ) ;
#1151 = CARTESIAN_POINT ( 'NONE',  ( 9.500000000000001776, -8.874119674649419309, 11.00000000000000000 ) ) ;
#1152 = ORIENTED_EDGE ( 'NONE', *, *, #1325, .T. ) ;
#1153 = VERTEX_POINT ( 'NONE', #1725 ) ;
#1154 = EDGE_LOOP ( 'NONE', ( #724, #119 ) ) ;
#1155 = CARTESIAN_POINT ( 'NONE',  ( 11.50000000000000355, 16.99999999999999289, 12.00000000000000000 ) ) ;
#1156 = FACE_OUTER_BOUND ( 'NONE', #1340, .T. ) ;
#1157 = ORIENTED_EDGE ( 'NONE', *, *, #1667, .T. ) ;
#1158 = ORIENTED_EDGE ( 'NONE', *, *, #1584, .F. ) ;
#1159 = AXIS2_PLACEMENT_3D ( 'NONE', #1833, #1252, #1813 ) ;
#1160 = AXIS2_PLACEMENT_3D ( 'NONE', #29, #1324, #1608 ) ;
#1161 = ORIENTED_EDGE ( 'NONE', *, *, #982, .F. ) ;
#1162 = DIRECTION ( 'NONE',  ( 1.000000000000000000, 0.000000000000000000, 0.000000000000000000 ) ) ;
#1163 = CARTESIAN_POINT ( 'NONE',  ( 20.50000000000000355, -5.999999999999998224, 9.000000000000000000 ) ) ;
#1164 = FACE_BOUND ( 'NONE', #676, .T. ) ;
#1165 = ORIENTED_EDGE ( 'NONE', *, *, #460, .F. ) ;
#1166 = ORIENTED_EDGE ( 'NONE', *, *, #197, .T. ) ;
#1167 = ORIENTED_EDGE ( 'NONE', *, *, #727, .T. ) ;
#1168 = CARTESIAN_POINT ( 'NONE',  ( 19.50000000000000355, 17.00000000000000000, 1.000000000000000888 ) ) ;
#1169 = AXIS2_PLACEMENT_3D ( 'NONE', #1753, #447, #1025 ) ;
#1170 = VECTOR ( 'NONE', #44, 1000.000000000000000 ) ;
#1171 = CARTESIAN_POINT ( 'NONE',  ( 11.50000000000000355, 8.874119674649419309, 0.000000000000000000 ) ) ;
#1172 = CARTESIAN_POINT ( 'NONE',  ( 16.50000000000000355, 12.00000000000000000, 5.999999999999999112 ) ) ;
#1173 = AXIS2_PLACEMENT_3D ( 'NONE', #1781, #916, #1494 ) ;
#1174 = CARTESIAN_POINT ( 'NONE',  ( -1.179611963664227720E-14, 16.99999999999998579, 11.00000000000000000 ) ) ;
#1175 = ORIENTED_EDGE ( 'NONE', *, *, #1239, .T. ) ;
#1176 = ORIENTED_EDGE ( 'NONE', *, *, #1197, .T. ) ;
#1177 = PRODUCT_RELATED_PRODUCT_CATEGORY ( 'part', '', ( #282 ) ) ;
#1178 =( LENGTH_UNIT ( ) NAMED_UNIT ( * ) SI_UNIT ( .MILLI., .METRE. ) );
#1179 = CIRCLE ( 'NONE', #365, 1.000000000000000888 ) ;
#1180 = ORIENTED_EDGE ( 'NONE', *, *, #1701, .F. ) ;
#1181 = VECTOR ( 'NONE', #1688, 1000.000000000000000 ) ;
#1182 = EDGE_CURVE ( 'NONE', #1006, #890, #459, .T. ) ;
#1183 = EDGE_CURVE ( 'NONE', #925, #531, #276, .T. ) ;
#1184 = FACE_OUTER_BOUND ( 'NONE', #1647, .T. ) ;
#1185 = CARTESIAN_POINT ( 'NONE',  ( 0.000000000000000000, 0.000000000000000000, 7.500000000000000000 ) ) ;
#1186 = CARTESIAN_POINT ( 'NONE',  ( 19.50000000000000355, 17.00000000000000000, 12.00000000000000000 ) ) ;
#1187 = ORIENTED_EDGE ( 'NONE', *, *, #1631, .T. ) ;
#1188 = ORIENTED_EDGE ( 'NONE', *, *, #1366, .F. ) ;
#1189 = CARTESIAN_POINT ( 'NONE',  ( 16.50000000000000355, 6.000000000000000000, 9.000000000000000000 ) ) ;
#1190 = EDGE_CURVE ( 'NONE', #611, #162, #1309, .T. ) ;
#1191 = ORIENTED_EDGE ( 'NONE', *, *, #544, .F. ) ;
#1192 = ORIENTED_EDGE ( 'NONE', *, *, #1801, .F. ) ;
#1193 = FILL_AREA_STYLE ('',( #180 ) ) ;
#1194 = CARTESIAN_POINT ( 'NONE',  ( 8.038461538461541878, 7.508870493934124646, 1.000000000000000000 ) ) ;
#1195 = CARTESIAN_POINT ( 'NONE',  ( 8.645808232895291212, 2.500000000000000000, 3.000000000000000888 ) ) ;
#1196 = CIRCLE ( 'NONE', #463, 2.000000000000000000 ) ;
#1197 = EDGE_CURVE ( 'NONE', #383, #892, #1553, .T. ) ;
#1198 = VERTEX_POINT ( 'NONE', #1431 ) ;
#1199 = ORIENTED_EDGE ( 'NONE', *, *, #1532, .T. ) ;
#1200 = DIRECTION ( 'NONE',  ( 0.000000000000000000, 0.000000000000000000, 1.000000000000000000 ) ) ;
#1201 = VERTEX_POINT ( 'NONE', #527 ) ;
#1202 = ORIENTED_EDGE ( 'NONE', *, *, #935, .T. ) ;
#1203 = EDGE_CURVE ( 'NONE', #1201, #841, #1614, .T. ) ;
#1204 = DIRECTION ( 'NONE',  ( 1.000000000000000000, 0.000000000000000000, 0.000000000000000000 ) ) ;
#1205 = LINE ( 'NONE', #864, #153 ) ;
#1206 = DIRECTION ( 'NONE',  ( 0.000000000000000000, 0.000000000000000000, -1.000000000000000000 ) ) ;
#1207 = AXIS2_PLACEMENT_3D ( 'NONE', #659, #1236, #541 ) ;
#1208 = EDGE_LOOP ( 'NONE', ( #1344, #1467, #1018, #1427 ) ) ;
#1209 = DIRECTION ( 'NONE',  ( -1.000000000000000000, 0.000000000000000000, 0.000000000000000000 ) ) ;
#1210 = LINE ( 'NONE', #1053, #357 ) ;
#1211 = EDGE_LOOP ( 'NONE', ( #57, #133 ) ) ;
#1212 = AXIS2_PLACEMENT_3D ( 'NONE', #1555, #488, #847 ) ;
#1213 = ORIENTED_EDGE ( 'NONE', *, *, #571, .F. ) ;
#1214 = DIRECTION ( 'NONE',  ( 0.000000000000000000, -1.000000000000000000, 0.000000000000000000 ) ) ;
#1215 = DIRECTION ( 'NONE',  ( 0.000000000000000000, 0.000000000000000000, -1.000000000000000000 ) ) ;
#1216 = CYLINDRICAL_SURFACE ( 'NONE', #90, 3.000000000000000444 ) ;
#1217 = CARTESIAN_POINT ( 'NONE',  ( 16.50000000000000355, -12.00000000000000000, 5.999999999999999112 ) ) ;
#1218 = CARTESIAN_POINT ( 'NONE',  ( 16.50000000000000355, 12.00000000000000000, 2.999999999999998668 ) ) ;
#1219 = EDGE_LOOP ( 'NONE', ( #1360, #515, #1580, #1010 ) ) ;
#1220 = VERTEX_POINT ( 'NONE', #1857 ) ;
#1221 = AXIS2_PLACEMENT_3D ( 'NONE', #1073, #781, #62 ) ;
#1222 = DIRECTION ( 'NONE',  ( 1.000000000000000000, 0.000000000000000000, 0.000000000000000000 ) ) ;
#1223 = VERTEX_POINT ( 'NONE', #1687 ) ;
#1224 = CYLINDRICAL_SURFACE ( 'NONE', #1800, 3.500000000000000000 ) ;
#1225 = DIRECTION ( 'NONE',  ( 1.000000000000000000, -0.000000000000000000, -0.000000000000000000 ) ) ;
#1226 = AXIS2_PLACEMENT_3D ( 'NONE', #845, #966, #248 ) ;
#1227 = AXIS2_PLACEMENT_3D ( 'NONE', #584, #297, #223 ) ;
#1228 = CARTESIAN_POINT ( 'NONE',  ( 20.50000000000000355, -16.99999999999999289, 1.000000000000000888 ) ) ;
#1229 = CARTESIAN_POINT ( 'NONE',  ( 10.50000000000000178, 16.99999999999999289, 11.00000000000000000 ) ) ;
#1230 = ORIENTED_EDGE ( 'NONE', *, *, #1714, .T. ) ;
#1231 = APPLICATION_PROTOCOL_DEFINITION ( 'draft international standard', 'automotive_design', 1998, #1289 ) ;
#1232 = DIRECTION ( 'NONE',  ( 0.000000000000000000, 0.000000000000000000, -1.000000000000000000 ) ) ;
#1233 = CARTESIAN_POINT ( 'NONE',  ( 9.000000000000000000, 0.000000000000000000, 4.500000000000000000 ) ) ;
#1234 = CARTESIAN_POINT ( 'NONE',  ( 9.000000000000000000, 0.000000000000000000, 3.000000000000000888 ) ) ;
#1235 = AXIS2_PLACEMENT_3D ( 'NONE', #736, #345, #1765 ) ;
#1236 = DIRECTION ( 'NONE',  ( -0.000000000000000000, 0.000000000000000000, -1.000000000000000000 ) ) ;
#1237 = AXIS2_PLACEMENT_3D ( 'NONE', #1143, #253, #125 ) ;
#1238 = ORIENTED_EDGE ( 'NONE', *, *, #26, .T. ) ;
#1239 = EDGE_CURVE ( 'NONE', #1601, #109, #833, .T. ) ;
#1240 = CARTESIAN_POINT ( 'NONE',  ( 10.50000000000000178, -16.99999999999999289, 11.00000000000000000 ) ) ;
#1241 = EDGE_CURVE ( 'NONE', #1487, #734, #534, .T. ) ;
#1242 = DIRECTION ( 'NONE',  ( 0.000000000000000000, -0.000000000000000000, 1.000000000000000000 ) ) ;
#1243 = CARTESIAN_POINT ( 'NONE',  ( 0.000000000000000000, 0.000000000000000000, 17.00000000000000000 ) ) ;
#1244 = AXIS2_PLACEMENT_3D ( 'NONE', #1118, #1138, #980 ) ;
#1245 = LINE ( 'NONE', #1076, #1822 ) ;
#1246 = CIRCLE ( 'NONE', #1512, 3.000000000000000444 ) ;
#1247 = DIRECTION ( 'NONE',  ( 0.000000000000000000, 0.000000000000000000, 1.000000000000000000 ) ) ;
#1248 = CARTESIAN_POINT ( 'NONE',  ( -3.500000000000000000, 0.000000000000000000, 12.00000000000000000 ) ) ;
#1249 = ORIENTED_EDGE ( 'NONE', *, *, #1610, .F. ) ;
#1250 = EDGE_CURVE ( 'NONE', #1693, #1789, #394, .T. ) ;
#1251 = DIRECTION ( 'NONE',  ( -1.000000000000000000, 0.000000000000000000, 0.000000000000000000 ) ) ;
#1252 = DIRECTION ( 'NONE',  ( 1.000000000000000000, -0.000000000000000000, -0.000000000000000000 ) ) ;
#1253 = DIRECTION ( 'NONE',  ( -1.000000000000000000, 0.000000000000000000, 0.000000000000000000 ) ) ;
#1254 = CARTESIAN_POINT ( 'NONE',  ( 0.000000000000000000, 0.000000000000000000, 4.500000000000000000 ) ) ;
#1255 = CARTESIAN_POINT ( 'NONE',  ( 20.50000000000000355, 12.00000000000000000, 2.999999999999998668 ) ) ;
#1256 = ADVANCED_FACE ( 'NONE', ( #1733 ), #139, .F. ) ;
#1257 = ORIENTED_EDGE ( 'NONE', *, *, #1116, .T. ) ;
#1258 = DIRECTION ( 'NONE',  ( 0.000000000000000000, 0.000000000000000000, 1.000000000000000000 ) ) ;
#1259 = DIRECTION ( 'NONE',  ( 0.000000000000000000, 0.000000000000000000, 1.000000000000000000 ) ) ;
#1260 = CARTESIAN_POINT ( 'NONE',  ( 10.50000000000000178, -8.874119674649419309, 11.00000000000000000 ) ) ;
#1261 = DIRECTION ( 'NONE',  ( 0.000000000000000000, 0.000000000000000000, -1.000000000000000000 ) ) ;
#1262 = CARTESIAN_POINT ( 'NONE',  ( 16.50000000000000355, 6.000000000000000000, 9.000000000000000000 ) ) ;
#1263 = EDGE_CURVE ( 'NONE', #901, #601, #852, .T. ) ;
#1264 = ORIENTED_EDGE ( 'NONE', *, *, #1263, .F. ) ;
#1265 = CIRCLE ( 'NONE', #1354, 10.50000000000000000 ) ;
#1266 = COLOUR_RGB ( '',1.000000000000000000, 1.000000000000000000, 1.000000000000000000 ) ;
#1267 = CARTESIAN_POINT ( 'NONE',  ( -10.00000000000000000, 1.224646799147353256E-15, 16.50000000000000000 ) ) ;
#1268 = DIRECTION ( 'NONE',  ( -1.000000000000000000, 5.329070518200750605E-15, 0.000000000000000000 ) ) ;
#1269 = EDGE_CURVE ( 'NONE', #1446, #1362, #1342, .T. ) ;
#1270 = CARTESIAN_POINT ( 'NONE',  ( 20.50000000000000355, -16.99999999999999289, 11.00000000000000000 ) ) ;
#1271 = DIRECTION ( 'NONE',  ( 0.000000000000000000, 0.000000000000000000, 1.000000000000000000 ) ) ;
#1272 = CARTESIAN_POINT ( 'NONE',  ( 0.000000000000000000, 0.000000000000000000, 12.00000000000000000 ) ) ;
#1273 = AXIS2_PLACEMENT_3D ( 'NONE', #482, #1642, #342 ) ;
#1274 = VERTEX_POINT ( 'NONE', #573 ) ;
#1275 = CARTESIAN_POINT ( 'NONE',  ( 0.000000000000000000, 0.000000000000000000, 16.50000000000000000 ) ) ;
#1276 = EDGE_CURVE ( 'NONE', #262, #1492, #1859, .T. ) ;
#1277 = CARTESIAN_POINT ( 'NONE',  ( 0.000000000000000000, 0.000000000000000000, 17.00000000000000000 ) ) ;
#1278 = CARTESIAN_POINT ( 'NONE',  ( 20.50000000000000355, 12.00000000000000000, 9.000000000000001776 ) ) ;
#1279 = CARTESIAN_POINT ( 'NONE',  ( 19.50000000000000355, -16.99999999999999289, 1.000000000000000000 ) ) ;
#1280 = CARTESIAN_POINT ( 'NONE',  ( 9.500000000000001776, 8.874119674649419309, 1.000000000000000888 ) ) ;
#1281 = ORIENTED_EDGE ( 'NONE', *, *, #1590, .F. ) ;
#1282 = VECTOR ( 'NONE', #1022, 1000.000000000000000 ) ;
#1283 = ORIENTED_EDGE ( 'NONE', *, *, #1635, .F. ) ;
#1284 = AXIS2_PLACEMENT_3D ( 'NONE', #1677, #1501, #228 ) ;
#1285 = LINE ( 'NONE', #1139, #1459 ) ;
#1286 = LINE ( 'NONE', #1868, #278 ) ;
#1287 = CARTESIAN_POINT ( 'NONE',  ( 11.50000000000000355, 8.874119674649419309, 12.00000000000000000 ) ) ;
#1288 = ORIENTED_EDGE ( 'NONE', *, *, #846, .T. ) ;
#1289 = APPLICATION_CONTEXT ( 'automotive_design' ) ;
#1290 = VERTEX_POINT ( 'NONE', #1155 ) ;
#1291 = VECTOR ( 'NONE', #1042, 1000.000000000000000 ) ;
#1292 = ORIENTED_EDGE ( 'NONE', *, *, #1116, .F. ) ;
#1293 = VECTOR ( 'NONE', #6, 1000.000000000000000 ) ;
#1294 = DIRECTION ( 'NONE',  ( 1.000000000000000000, 0.000000000000000000, 0.000000000000000000 ) ) ;
#1295 = EDGE_CURVE ( 'NONE', #1499, #1636, #35, .T. ) ;
#1296 = CIRCLE ( 'NONE', #539, 9.000000000000000000 ) ;
#1297 = DIRECTION ( 'NONE',  ( 0.000000000000000000, 0.000000000000000000, 1.000000000000000000 ) ) ;
#1298 = EDGE_LOOP ( 'NONE', ( #1435, #738, #1811, #210 ) ) ;
#1299 = ORIENTED_EDGE ( 'NONE', *, *, #1190, .T. ) ;
#1300 = EDGE_LOOP ( 'NONE', ( #170, #56, #1604, #700 ) ) ;
#1301 = DIRECTION ( 'NONE',  ( 1.000000000000000000, 0.000000000000000000, 0.000000000000000000 ) ) ;
#1302 = DIRECTION ( 'NONE',  ( -1.000000000000000000, 0.000000000000000000, 0.000000000000000000 ) ) ;
#1303 = DIRECTION ( 'NONE',  ( 0.000000000000000000, 0.000000000000000000, 1.000000000000000000 ) ) ;
#1304 = DIRECTION ( 'NONE',  ( 0.000000000000000000, -0.000000000000000000, -1.000000000000000000 ) ) ;
#1305 = VECTOR ( 'NONE', #214, 1000.000000000000000 ) ;
#1306 = ORIENTED_EDGE ( 'NONE', *, *, #1182, .F. ) ;
#1307 = ORIENTED_EDGE ( 'NONE', *, *, #460, .T. ) ;
#1308 = VECTOR ( 'NONE', #671, 1000.000000000000000 ) ;
#1309 = CIRCLE ( 'NONE', #494, 1.000000000000000000 ) ;
#1310 = CIRCLE ( 'NONE', #497, 3.000000000000000444 ) ;
#1311 = ORIENTED_EDGE ( 'NONE', *, *, #446, .F. ) ;
#1312 = CARTESIAN_POINT ( 'NONE',  ( 19.50000000000000355, -16.99999999999999289, 1.000000000000000000 ) ) ;
#1313 = CARTESIAN_POINT ( 'NONE',  ( 0.000000000000000000, 0.000000000000000000, 3.000000000000000888 ) ) ;
#1314 = DIRECTION ( 'NONE',  ( -0.000000000000000000, -0.000000000000000000, 1.000000000000000000 ) ) ;
#1315 = DIRECTION ( 'NONE',  ( 1.000000000000000000, 0.000000000000000000, 0.000000000000000000 ) ) ;
#1316 = ORIENTED_EDGE ( 'NONE', *, *, #1846, .F. ) ;
#1317 = CARTESIAN_POINT ( 'NONE',  ( 8.038461538461541878, -7.508870493934124646, 11.00000000000000000 ) ) ;
#1318 = EDGE_CURVE ( 'NONE', #1789, #901, #1585, .T. ) ;
#1319 = EDGE_CURVE ( 'NONE', #348, #1693, #218, .T. ) ;
#1320 = VERTEX_POINT ( 'NONE', #581 ) ;
#1321 = CARTESIAN_POINT ( 'NONE',  ( -1.500000000000000222, 1.836970198721030181E-16, 12.00000000000000000 ) ) ;
#1322 = AXIS2_PLACEMENT_3D ( 'NONE', #931, #1367, #64 ) ;
#1323 = DIRECTION ( 'NONE',  ( -0.000000000000000000, -0.000000000000000000, -1.000000000000000000 ) ) ;
#1324 = DIRECTION ( 'NONE',  ( 0.000000000000000000, 0.000000000000000000, 1.000000000000000000 ) ) ;
#1325 = EDGE_CURVE ( 'NONE', #611, #196, #445, .T. ) ;
#1326 = DIRECTION ( 'NONE',  ( 0.000000000000000000, 0.000000000000000000, 1.000000000000000000 ) ) ;
#1327 = EDGE_LOOP ( 'NONE', ( #1, #1257 ) ) ;
#1328 = ORIENTED_EDGE ( 'NONE', *, *, #1062, .F. ) ;
#1329 = DIRECTION ( 'NONE',  ( 0.000000000000000000, 0.000000000000000000, 1.000000000000000000 ) ) ;
#1330 = ORIENTED_EDGE ( 'NONE', *, *, #1852, .F. ) ;
#1331 = VERTEX_POINT ( 'NONE', #284 ) ;
#1332 = CIRCLE ( 'NONE', #1758, 3.000000000000000444 ) ;
#1333 = SURFACE_STYLE_FILL_AREA ( #1193 ) ;
#1334 = EDGE_CURVE ( 'NONE', #1220, #383, #1648, .T. ) ;
#1335 = LINE ( 'NONE', #28, #1088 ) ;
#1336 = DIRECTION ( 'NONE',  ( 0.000000000000000000, -1.000000000000000000, 0.000000000000000000 ) ) ;
#1337 = ORIENTED_EDGE ( 'NONE', *, *, #422, .T. ) ;
#1338 = CYLINDRICAL_SURFACE ( 'NONE', #669, 10.50000000000000000 ) ;
#1339 = FILL_AREA_STYLE ('',( #177 ) ) ;
#1340 = EDGE_LOOP ( 'NONE', ( #392, #1158, #961, #897 ) ) ;
#1341 = ORIENTED_EDGE ( 'NONE', *, *, #1675, .T. ) ;
#1342 = CIRCLE ( 'NONE', #1033, 1.000000000000000000 ) ;
#1343 = CARTESIAN_POINT ( 'NONE',  ( 3.500000000000000000, 4.286263797015736595E-16, 12.00000000000000000 ) ) ;
#1344 = ORIENTED_EDGE ( 'NONE', *, *, #1032, .T. ) ;
#1345 = LINE ( 'NONE', #182, #412 ) ;
#1346 = DIRECTION ( 'NONE',  ( -0.000000000000000000, -0.000000000000000000, -1.000000000000000000 ) ) ;
#1347 = ORIENTED_EDGE ( 'NONE', *, *, #1433, .F. ) ;
#1348 = DIRECTION ( 'NONE',  ( 0.000000000000000000, 0.000000000000000000, 1.000000000000000000 ) ) ;
#1349 = ORIENTED_EDGE ( 'NONE', *, *, #846, .F. ) ;
#1350 = EDGE_LOOP ( 'NONE', ( #1230, #668, #1051, #1574 ) ) ;
#1351 = DIRECTION ( 'NONE',  ( 0.000000000000000000, 0.000000000000000000, 1.000000000000000000 ) ) ;
#1352 = DIRECTION ( 'NONE',  ( 0.000000000000000000, 0.000000000000000000, 1.000000000000000000 ) ) ;
#1353 = DIRECTION ( 'NONE',  ( -0.000000000000000000, 0.000000000000000000, -1.000000000000000000 ) ) ;
#1354 = AXIS2_PLACEMENT_3D ( 'NONE', #1272, #848, #1844 ) ;
#1355 = CARTESIAN_POINT ( 'NONE',  ( 10.50000000000000000, 1.285879139104720831E-15, 12.00000000000000000 ) ) ;
#1356 = VECTOR ( 'NONE', #479, 1000.000000000000000 ) ;
#1357 = CARTESIAN_POINT ( 'NONE',  ( 16.50000000000000355, 12.00000000000000000, 9.000000000000000000 ) ) ;
#1358 = VERTEX_POINT ( 'NONE', #1740 ) ;
#1359 = CIRCLE ( 'NONE', #442, 1.000000000000000000 ) ;
#1360 = ORIENTED_EDGE ( 'NONE', *, *, #209, .T. ) ;
#1361 = SPHERICAL_SURFACE ( 'NONE', #1284, 1.000000000000000000 ) ;
#1362 = VERTEX_POINT ( 'NONE', #1761 ) ;
#1363 = CARTESIAN_POINT ( 'NONE',  ( 16.50000000000000355, -2.500000000000000000, 7.500000000000000000 ) ) ;
#1364 = CYLINDRICAL_SURFACE ( 'NONE', #399, 11.99999999999999822 ) ;
#1365 = CYLINDRICAL_SURFACE ( 'NONE', #114, 1.000000000000000888 ) ;
#1366 = EDGE_CURVE ( 'NONE', #143, #753, #1767, .T. ) ;
#1367 = DIRECTION ( 'NONE',  ( 1.000000000000000000, 0.000000000000000000, 0.000000000000000000 ) ) ;
#1368 = ORIENTED_EDGE ( 'NONE', *, *, #1567, .F. ) ;
#1369 = FACE_OUTER_BOUND ( 'NONE', #165, .T. ) ;
#1370 = FACE_OUTER_BOUND ( 'NONE', #742, .T. ) ;
#1371 = FACE_OUTER_BOUND ( 'NONE', #1643, .T. ) ;
#1372 = VECTOR ( 'NONE', #1149, 1000.000000000000000 ) ;
#1373 = DIRECTION ( 'NONE',  ( 0.000000000000000000, 0.000000000000000000, -1.000000000000000000 ) ) ;
#1374 = DIRECTION ( 'NONE',  ( -0.000000000000000000, -0.000000000000000000, 1.000000000000000000 ) ) ;
#1375 = ORIENTED_EDGE ( 'NONE', *, *, #1150, .F. ) ;
#1376 = EDGE_CURVE ( 'NONE', #1223, #1003, #1074, .T. ) ;
#1377 = EDGE_CURVE ( 'NONE', #805, #120, #50, .T. ) ;
#1378 = DIRECTION ( 'NONE',  ( 1.000000000000000000, -8.673617379884035472E-16, 0.000000000000000000 ) ) ;
#1379 = DIRECTION ( 'NONE',  ( -1.000000000000000000, -0.000000000000000000, -0.000000000000000000 ) ) ;
#1380 = DIRECTION ( 'NONE',  ( 0.000000000000000000, 0.000000000000000000, -1.000000000000000000 ) ) ;
#1381 = PLANE ( 'NONE',  #843 ) ;
#1382 = ADVANCED_FACE ( 'NONE', ( #1035 ), #1692, .T. ) ;
#1383 = AXIS2_PLACEMENT_3D ( 'NONE', #1561, #277, #1131 ) ;
#1384 = CYLINDRICAL_SURFACE ( 'NONE', #1055, 9.000000000000000000 ) ;
#1385 = DIRECTION ( 'NONE',  ( 0.000000000000000000, 0.000000000000000000, 1.000000000000000000 ) ) ;
#1386 = TOROIDAL_SURFACE ( 'NONE', #1438, 11.00000000000000000, 1.000000000000000000 ) ;
#1387 = ORIENTED_EDGE ( 'NONE', *, *, #1796, .F. ) ;
#1388 = PRODUCT_CONTEXT ( 'NONE', #802, 'mechanical' ) ;
#1389 = DIRECTION ( 'NONE',  ( 0.000000000000000000, 0.000000000000000000, 1.000000000000000000 ) ) ;
#1390 = DIRECTION ( 'NONE',  ( 0.000000000000000000, 1.000000000000000000, 0.000000000000000000 ) ) ;
#1391 = EDGE_CURVE ( 'NONE', #776, #120, #832, .T. ) ;
#1392 = CARTESIAN_POINT ( 'NONE',  ( 20.50000000000000355, -6.000000000000000000, 9.000000000000000000 ) ) ;
#1393 = CARTESIAN_POINT ( 'NONE',  ( 10.50000000000000178, 17.99999999999999645, 11.00000000000000000 ) ) ;
#1394 = DIRECTION ( 'NONE',  ( 1.000000000000000000, -0.000000000000000000, -0.000000000000000000 ) ) ;
#1395 = ORIENTED_EDGE ( 'NONE', *, *, #420, .T. ) ;
#1396 = LINE ( 'NONE', #641, #1037 ) ;
#1397 = DIRECTION ( 'NONE',  ( 1.000000000000000000, -0.000000000000000000, -0.000000000000000000 ) ) ;
#1398 = AXIS2_PLACEMENT_3D ( 'NONE', #957, #85, #1495 ) ;
#1399 = DIRECTION ( 'NONE',  ( 0.000000000000000000, 0.000000000000000000, -1.000000000000000000 ) ) ;
#1400 = VECTOR ( 'NONE', #172, 1000.000000000000000 ) ;
#1401 = DIRECTION ( 'NONE',  ( 0.000000000000000000, 0.000000000000000000, -1.000000000000000000 ) ) ;
#1402 = DIRECTION ( 'NONE',  ( -0.000000000000000000, -0.000000000000000000, -1.000000000000000000 ) ) ;
#1403 = ORIENTED_EDGE ( 'NONE', *, *, #173, .F. ) ;
#1404 = EDGE_CURVE ( 'NONE', #779, #4, #739, .T. ) ;
#1405 = CYLINDRICAL_SURFACE ( 'NONE', #1502, 1.500000000000000222 ) ;
#1406 = DIRECTION ( 'NONE',  ( -0.000000000000000000, -0.000000000000000000, 1.000000000000000000 ) ) ;
#1407 = CARTESIAN_POINT ( 'NONE',  ( 8.769230769230770051, 8.191495084291771533, 11.00000000000000000 ) ) ;
#1408 = CARTESIAN_POINT ( 'NONE',  ( -9.000000000000000000, 1.102182119232617714E-15, 3.000000000000000888 ) ) ;
#1409 = CYLINDRICAL_SURFACE ( 'NONE', #1383, 1.000000000000000888 ) ;
#1410 = EDGE_LOOP ( 'NONE', ( #466, #626, #1639 ) ) ;
#1411 = VECTOR ( 'NONE', #118, 1000.000000000000000 ) ;
#1412 = EDGE_CURVE ( 'NONE', #620, #1425, #749, .T. ) ;
#1413 = PLANE ( 'NONE',  #198 ) ;
#1414 = CARTESIAN_POINT ( 'NONE',  ( -9.000000000000000000, 1.102182119232617714E-15, 3.000000000000000888 ) ) ;
#1415 = CARTESIAN_POINT ( 'NONE',  ( 0.000000000000000000, -16.99999999999999289, 11.00000000000000000 ) ) ;
#1416 = AXIS2_PLACEMENT_3D ( 'NONE', #31, #1209, #1029 ) ;
#1417 = LINE ( 'NONE', #976, #234 ) ;
#1418 = PLANE ( 'NONE',  #325 ) ;
#1419 = TOROIDAL_SURFACE ( 'NONE', #1273, 2.000000000000000000, 1.000000000000000000 ) ;
#1420 = VERTEX_POINT ( 'NONE', #480 ) ;
#1421 = EDGE_LOOP ( 'NONE', ( #1057, #1330, #1721, #279 ) ) ;
#1422 = DIRECTION ( 'NONE',  ( 0.000000000000000000, 0.000000000000000000, -1.000000000000000000 ) ) ;
#1423 = SURFACE_SIDE_STYLE ('',( #1333 ) ) ;
#1424 = DIRECTION ( 'NONE',  ( 0.000000000000000000, 0.000000000000000000, 1.000000000000000000 ) ) ;
#1425 = VERTEX_POINT ( 'NONE', #1163 ) ;
#1426 = CIRCLE ( 'NONE', #1679, 10.00000000000000000 ) ;
#1427 = ORIENTED_EDGE ( 'NONE', *, *, #1816, .F. ) ;
#1428 = CIRCLE ( 'NONE', #796, 1.000000000000000888 ) ;
#1429 = EDGE_CURVE ( 'NONE', #1290, #1655, #1345, .T. ) ;
#1430 = ORIENTED_EDGE ( 'NONE', *, *, #1276, .T. ) ;
#1431 = CARTESIAN_POINT ( 'NONE',  ( -3.500000000000000000, 0.000000000000000000, 3.000000000000000888 ) ) ;
#1432 = CARTESIAN_POINT ( 'NONE',  ( 20.50000000000000355, -12.00000000000000000, 2.999999999999998668 ) ) ;
#1433 = EDGE_CURVE ( 'NONE', #431, #331, #329, .T. ) ;
#1434 = VERTEX_POINT ( 'NONE', #1771 ) ;
#1435 = ORIENTED_EDGE ( 'NONE', *, *, #653, .T. ) ;
#1436 = AXIS2_PLACEMENT_3D ( 'NONE', #628, #1776, #464 ) ;
#1437 = ORIENTED_EDGE ( 'NONE', *, *, #281, .T. ) ;
#1438 = AXIS2_PLACEMENT_3D ( 'NONE', #622, #434, #1204 ) ;
#1439 = DIRECTION ( 'NONE',  ( 1.000000000000000000, 0.000000000000000000, 0.000000000000000000 ) ) ;
#1440 = EDGE_CURVE ( 'NONE', #348, #1756, #1335, .T. ) ;
#1441 = VECTOR ( 'NONE', #837, 1000.000000000000000 ) ;
#1442 = CARTESIAN_POINT ( 'NONE',  ( 16.50000000000000355, 6.000000000000000000, 9.000000000000000000 ) ) ;
#1443 = FACE_OUTER_BOUND ( 'NONE', #407, .T. ) ;
#1444 = EDGE_CURVE ( 'NONE', #162, #607, #1050, .T. ) ;
#1445 = DIRECTION ( 'NONE',  ( 1.000000000000000000, 0.000000000000000000, 0.000000000000000000 ) ) ;
#1446 = VERTEX_POINT ( 'NONE', #1586 ) ;
#1447 = ORIENTED_EDGE ( 'NONE', *, *, #1469, .T. ) ;
#1448 = EDGE_LOOP ( 'NONE', ( #909, #176, #128, #1166, #237, #549, #24, #723 ) ) ;
#1449 = ADVANCED_FACE ( 'NONE', ( #469 ), #1386, .T. ) ;
#1450 = DIRECTION ( 'NONE',  ( 0.000000000000000000, 0.000000000000000000, 1.000000000000000000 ) ) ;
#1451 = LINE ( 'NONE', #307, #231 ) ;
#1452 = CARTESIAN_POINT ( 'NONE',  ( 11.50000000000000355, -16.99999999999999289, 0.000000000000000000 ) ) ;
#1453 = ADVANCED_FACE ( 'NONE', ( #863 ), #1741, .F. ) ;
#1454 = DIRECTION ( 'NONE',  ( -6.938893903907228378E-16, 1.000000000000000000, 0.000000000000000000 ) ) ;
#1455 = AXIS2_PLACEMENT_3D ( 'NONE', #885, #1336, #1630 ) ;
#1456 = EDGE_CURVE ( 'NONE', #892, #601, #1451, .T. ) ;
#1457 = ORIENTED_EDGE ( 'NONE', *, *, #1578, .F. ) ;
#1458 = VERTEX_POINT ( 'NONE', #1463 ) ;
#1459 = VECTOR ( 'NONE', #562, 1000.000000000000000 ) ;
#1460 = CIRCLE ( 'NONE', #1136, 1.000000000000000888 ) ;
#1461 = EDGE_LOOP ( 'NONE', ( #1724, #933, #1180 ) ) ;
#1462 = ADVANCED_FACE ( 'NONE', ( #593 ), #720, .F. ) ;
#1463 = CARTESIAN_POINT ( 'NONE',  ( 10.00000000000000000, 0.000000000000000000, 17.00000000000000000 ) ) ;
#1464 = LINE ( 'NONE', #470, #650 ) ;
#1465 = FACE_OUTER_BOUND ( 'NONE', #787, .T. ) ;
#1466 = ORIENTED_EDGE ( 'NONE', *, *, #1716, .F. ) ;
#1467 = ORIENTED_EDGE ( 'NONE', *, *, #701, .F. ) ;
#1468 = VERTEX_POINT ( 'NONE', #1171 ) ;
#1469 = EDGE_CURVE ( 'NONE', #1645, #779, #1722, .T. ) ;
#1470 = ORIENTED_EDGE ( 'NONE', *, *, #110, .T. ) ;
#1471 =( GEOMETRIC_REPRESENTATION_CONTEXT ( 3 ) GLOBAL_UNCERTAINTY_ASSIGNED_CONTEXT ( ( #560 ) ) GLOBAL_UNIT_ASSIGNED_CONTEXT ( ( #333, #609, #302 ) ) REPRESENTATION_CONTEXT ( 'NONE', 'WORKASPACE' ) );
#1472 = DIRECTION ( 'NONE',  ( 0.000000000000000000, 0.000000000000000000, -1.000000000000000000 ) ) ;
#1473 = AXIS2_PLACEMENT_3D ( 'NONE', #236, #1507, #960 ) ;
#1474 = ORIENTED_EDGE ( 'NONE', *, *, #68, .T. ) ;
#1475 = CARTESIAN_POINT ( 'NONE',  ( 0.000000000000000000, 0.000000000000000000, 0.000000000000000000 ) ) ;
#1476 = CARTESIAN_POINT ( 'NONE',  ( 20.50000000000000355, 18.00000000000000355, 12.00000000000000000 ) ) ;
#1477 = ADVANCED_FACE ( 'NONE', ( #884 ), #1520, .T. ) ;
#1478 = ORIENTED_EDGE ( 'NONE', *, *, #797, .T. ) ;
#1479 = VERTEX_POINT ( 'NONE', #1095 ) ;
#1480 = ORIENTED_EDGE ( 'NONE', *, *, #1433, .T. ) ;
#1481 = EDGE_CURVE ( 'NONE', #130, #1011, #1797, .T. ) ;
#1482 = AXIS2_PLACEMENT_3D ( 'NONE', #1275, #1702, #256 ) ;
#1483 = EDGE_LOOP ( 'NONE', ( #300, #1470, #1311, #1066 ) ) ;
#1484 = CYLINDRICAL_SURFACE ( 'NONE', #1016, 1.000000000000000888 ) ;
#1485 = DIRECTION ( 'NONE',  ( 1.000000000000000000, 0.000000000000000000, 0.000000000000000000 ) ) ;
#1486 = CARTESIAN_POINT ( 'NONE',  ( 19.50000000000000355, 17.00000000000000000, 1.000000000000000000 ) ) ;
#1487 = VERTEX_POINT ( 'NONE', #674 ) ;
#1488 = DIRECTION ( 'NONE',  ( 0.6826245903576483309, 0.7307692307692306155, -0.000000000000000000 ) ) ;
#1489 = CARTESIAN_POINT ( 'NONE',  ( 11.50000000000000355, 0.000000000000000000, 11.00000000000000000 ) ) ;
#1490 = ORIENTED_EDGE ( 'NONE', *, *, #312, .T. ) ;
#1491 = AXIS2_PLACEMENT_3D ( 'NONE', #1806, #663, #948 ) ;
#1492 = VERTEX_POINT ( 'NONE', #1248 ) ;
#1493 = EDGE_CURVE ( 'NONE', #262, #1009, #1546, .T. ) ;
#1494 = DIRECTION ( 'NONE',  ( 0.000000000000000000, 0.000000000000000000, -1.000000000000000000 ) ) ;
#1495 = DIRECTION ( 'NONE',  ( 1.000000000000000000, 0.000000000000000000, 0.000000000000000000 ) ) ;
#1496 = DIRECTION ( 'NONE',  ( 0.000000000000000000, 0.000000000000000000, -1.000000000000000000 ) ) ;
#1497 = FACE_OUTER_BOUND ( 'NONE', #1500, .T. ) ;
#1498 = VERTEX_POINT ( 'NONE', #1255 ) ;
#1499 = VERTEX_POINT ( 'NONE', #952 ) ;
#1500 = EDGE_LOOP ( 'NONE', ( #1729, #766, #272, #1711 ) ) ;
#1501 = DIRECTION ( 'NONE',  ( -0.000000000000000000, 1.000000000000000000, 0.000000000000000000 ) ) ;
#1502 = AXIS2_PLACEMENT_3D ( 'NONE', #831, #990, #1557 ) ;
#1503 = CARTESIAN_POINT ( 'NONE',  ( 0.000000000000000000, 0.000000000000000000, 12.00000000000000000 ) ) ;
#1504 = LINE ( 'NONE', #76, #1305 ) ;
#1505 = AXIS2_PLACEMENT_3D ( 'NONE', #149, #1326, #1315 ) ;
#1506 = FACE_OUTER_BOUND ( 'NONE', #135, .T. ) ;
#1507 = DIRECTION ( 'NONE',  ( 0.000000000000000000, 1.000000000000000000, 0.000000000000000000 ) ) ;
#1508 = ORIENTED_EDGE ( 'NONE', *, *, #536, .T. ) ;
#1509 = DIRECTION ( 'NONE',  ( 1.000000000000000000, 0.000000000000000000, 0.000000000000000000 ) ) ;
#1510 = ORIENTED_EDGE ( 'NONE', *, *, #703, .F. ) ;
#1511 = UNCERTAINTY_MEASURE_WITH_UNIT (LENGTH_MEASURE( 1.000000000000000082E-05 ), #1178, 'distance_accuracy_value', 'NONE');
#1512 = AXIS2_PLACEMENT_3D ( 'NONE', #54, #792, #72 ) ;
#1513 = ADVANCED_FACE ( 'NONE', ( #514 ), #382, .F. ) ;
#1514 = DIRECTION ( 'NONE',  ( 0.000000000000000000, 0.000000000000000000, 1.000000000000000000 ) ) ;
#1515 = ORIENTED_EDGE ( 'NONE', *, *, #962, .T. ) ;
#1516 = FACE_OUTER_BOUND ( 'NONE', #190, .T. ) ;
#1517 = CARTESIAN_POINT ( 'NONE',  ( 0.000000000000000000, -16.99999999999999289, 0.000000000000000000 ) ) ;
#1518 = DIRECTION ( 'NONE',  ( 1.000000000000000000, -0.000000000000000000, -0.000000000000000000 ) ) ;
#1519 = EDGE_CURVE ( 'NONE', #1492, #1198, #1674, .T. ) ;
#1520 = SPHERICAL_SURFACE ( 'NONE', #1473, 1.000000000000000000 ) ;
#1521 = ADVANCED_FACE ( 'NONE', ( #391 ), #944, .T. ) ;
#1522 = ORIENTED_EDGE ( 'NONE', *, *, #1493, .T. ) ;
#1523 = DIRECTION ( 'NONE',  ( 0.000000000000000000, 0.000000000000000000, -1.000000000000000000 ) ) ;
#1524 = ADVANCED_FACE ( 'NONE', ( #784 ), #1112, .F. ) ;
#1525 = FACE_OUTER_BOUND ( 'NONE', #971, .T. ) ;
#1526 = LINE ( 'NONE', #1517, #578 ) ;
#1527 = AXIS2_PLACEMENT_3D ( 'NONE', #1168, #426, #872 ) ;
#1528 = FACE_OUTER_BOUND ( 'NONE', #1044, .T. ) ;
#1529 = CIRCLE ( 'NONE', #954, 1.000000000000000888 ) ;
#1530 = CARTESIAN_POINT ( 'NONE',  ( 16.50000000000000355, -6.000000000000000000, 9.000000000000000000 ) ) ;
#1531 = VERTEX_POINT ( 'NONE', #773 ) ;
#1532 = EDGE_CURVE ( 'NONE', #1756, #629, #353, .T. ) ;
#1533 = DIRECTION ( 'NONE',  ( 0.000000000000000000, 0.000000000000000000, 1.000000000000000000 ) ) ;
#1534 = FACE_OUTER_BOUND ( 'NONE', #274, .T. ) ;
#1535 = CARTESIAN_POINT ( 'NONE',  ( 16.50000000000000355, 2.500000000000000000, 4.500000000000000000 ) ) ;
#1536 = CIRCLE ( 'NONE', #1436, 9.000000000000000000 ) ;
#1537 = SPHERICAL_SURFACE ( 'NONE', #633, 1.000000000000000000 ) ;
#1538 = CARTESIAN_POINT ( 'NONE',  ( 11.50000000000000355, 0.000000000000000000, 11.00000000000000000 ) ) ;
#1539 = EDGE_CURVE ( 'NONE', #179, #1498, #1087, .T. ) ;
#1540 = VECTOR ( 'NONE', #1684, 1000.000000000000000 ) ;
#1541 = ORIENTED_EDGE ( 'NONE', *, *, #441, .T. ) ;
#1542 = AXIS2_PLACEMENT_3D ( 'NONE', #521, #555, #1142 ) ;
#1543 = CARTESIAN_POINT ( 'NONE',  ( 9.500000000000001776, -8.874119674649419309, 11.00000000000000000 ) ) ;
#1544 = LINE ( 'NONE', #704, #1372 ) ;
#1545 = CARTESIAN_POINT ( 'NONE',  ( 11.50000000000000355, -8.874119674649419309, 0.000000000000000000 ) ) ;
#1546 = LINE ( 'NONE', #208, #1540 ) ;
#1547 = EDGE_LOOP ( 'NONE', ( #1879, #43, #1739, #1582 ) ) ;
#1548 = LINE ( 'NONE', #540, #137 ) ;
#1549 = CIRCLE ( 'NONE', #1455, 0.5000000000000004441 ) ;
#1550 = CARTESIAN_POINT ( 'NONE',  ( 20.50000000000000355, 17.00000000000000000, 12.00000000000000000 ) ) ;
#1551 = AXIS2_PLACEMENT_3D ( 'NONE', #501, #519, #769 ) ;
#1552 = CARTESIAN_POINT ( 'NONE',  ( 10.50000000000000178, 17.99999999999999645, 1.000000000000000888 ) ) ;
#1553 = CIRCLE ( 'NONE', #375, 1.000000000000000888 ) ;
#1554 = VECTOR ( 'NONE', #1206, 1000.000000000000000 ) ;
#1555 = CARTESIAN_POINT ( 'NONE',  ( 19.50000000000000355, 17.00000000000000000, 11.00000000000000000 ) ) ;
#1556 = LINE ( 'NONE', #1571, #1815 ) ;
#1557 = DIRECTION ( 'NONE',  ( 1.000000000000000000, 0.000000000000000000, 0.000000000000000000 ) ) ;
#1558 = CARTESIAN_POINT ( 'NONE',  ( 11.50000000000000355, -16.99999999999999289, 11.00000000000000000 ) ) ;
#1559 = CARTESIAN_POINT ( 'NONE',  ( 0.000000000000000000, 0.000000000000000000, 0.000000000000000000 ) ) ;
#1560 = CARTESIAN_POINT ( 'NONE',  ( 11.50000000000000355, 16.99999999999999289, 11.00000000000000000 ) ) ;
#1561 = CARTESIAN_POINT ( 'NONE',  ( 11.50000000000000355, 16.99999999999999289, 12.00000000000000000 ) ) ;
#1562 = ORIENTED_EDGE ( 'NONE', *, *, #935, .F. ) ;
#1563 = ORIENTED_EDGE ( 'NONE', *, *, #853, .F. ) ;
#1564 = VECTOR ( 'NONE', #1374, 1000.000000000000000 ) ;
#1565 = DIRECTION ( 'NONE',  ( 0.000000000000000000, 0.000000000000000000, -1.000000000000000000 ) ) ;
#1566 = DIRECTION ( 'NONE',  ( 0.000000000000000000, -1.000000000000000000, 0.000000000000000000 ) ) ;
#1567 = EDGE_CURVE ( 'NONE', #925, #1487, #814, .T. ) ;
#1568 = SPHERICAL_SURFACE ( 'NONE', #493, 1.000000000000000000 ) ;
#1569 = AXIS2_PLACEMENT_3D ( 'NONE', #163, #743, #898 ) ;
#1570 = DIRECTION ( 'NONE',  ( -0.7307692307692310596, 0.6826245903576478868, 0.000000000000000000 ) ) ;
#1571 = CARTESIAN_POINT ( 'NONE',  ( 16.50000000000000355, 2.500000000000000000, 7.500000000000000000 ) ) ;
#1572 = AXIS2_PLACEMENT_3D ( 'NONE', #1415, #1253, #974 ) ;
#1573 = EDGE_CURVE ( 'NONE', #162, #431, #363, .T. ) ;
#1574 = ORIENTED_EDGE ( 'NONE', *, *, #1826, .T. ) ;
#1575 = ORIENTED_EDGE ( 'NONE', *, *, #982, .T. ) ;
#1576 = ORIENTED_EDGE ( 'NONE', *, *, #1539, .T. ) ;
#1577 = DIRECTION ( 'NONE',  ( -1.000000000000000000, -0.000000000000000000, -0.000000000000000000 ) ) ;
#1578 = EDGE_CURVE ( 'NONE', #1878, #918, #1691, .T. ) ;
#1579 = CARTESIAN_POINT ( 'NONE',  ( 8.645808232895291212, -2.500000000000000000, 3.000000000000000888 ) ) ;
#1580 = ORIENTED_EDGE ( 'NONE', *, *, #264, .F. ) ;
#1581 = VECTOR ( 'NONE', #1397, 1000.000000000000000 ) ;
#1582 = ORIENTED_EDGE ( 'NONE', *, *, #842, .F. ) ;
#1583 = ORIENTED_EDGE ( 'NONE', *, *, #1319, .T. ) ;
#1584 = EDGE_CURVE ( 'NONE', #1468, #1479, #372, .T. ) ;
#1585 = LINE ( 'NONE', #592, #525 ) ;
#1586 = CARTESIAN_POINT ( 'NONE',  ( 19.50000000000000355, -16.99999999999999289, 0.000000000000000000 ) ) ;
#1587 = CARTESIAN_POINT ( 'NONE',  ( 20.50000000000000355, 17.00000000000000000, 11.00000000000000000 ) ) ;
#1588 = EDGE_LOOP ( 'NONE', ( #1774, #1563, #1738, #795 ) ) ;
#1589 = EDGE_LOOP ( 'NONE', ( #217, #1621 ) ) ;
#1590 = EDGE_CURVE ( 'NONE', #753, #531, #970, .T. ) ;
#1591 = CIRCLE ( 'NONE', #775, 2.000000000000000000 ) ;
#1592 = ORIENTED_EDGE ( 'NONE', *, *, #441, .F. ) ;
#1593 = EDGE_CURVE ( 'NONE', #1878, #179, #808, .T. ) ;
#1594 = DIRECTION ( 'NONE',  ( -0.000000000000000000, 0.000000000000000000, -1.000000000000000000 ) ) ;
#1595 = AXIS2_PLACEMENT_3D ( 'NONE', #768, #1351, #49 ) ;
#1596 = TOROIDAL_SURFACE ( 'NONE', #811, 11.00000000000000000, 1.000000000000000000 ) ;
#1597 = DIRECTION ( 'NONE',  ( 0.000000000000000000, 0.000000000000000000, 1.000000000000000000 ) ) ;
#1598 = CARTESIAN_POINT ( 'NONE',  ( 8.038461538461541878, -7.508870493934124646, 12.00000000000000000 ) ) ;
#1599 = DIRECTION ( 'NONE',  ( 1.000000000000000000, 0.000000000000000000, 0.000000000000000000 ) ) ;
#1600 = EDGE_LOOP ( 'NONE', ( #9, #1113, #1264, #1719 ) ) ;
#1601 = VERTEX_POINT ( 'NONE', #1229 ) ;
#1602 = SURFACE_STYLE_FILL_AREA ( #1339 ) ;
#1603 = ADVANCED_FACE ( 'NONE', ( #1810 ), #73, .F. ) ;
#1604 = ORIENTED_EDGE ( 'NONE', *, *, #181, .F. ) ;
#1605 = DIRECTION ( 'NONE',  ( 0.000000000000000000, 0.000000000000000000, -1.000000000000000000 ) ) ;
#1606 = CARTESIAN_POINT ( 'NONE',  ( 9.500000000000001776, -8.874119674649419309, 12.00000000000000000 ) ) ;
#1607 = DIRECTION ( 'NONE',  ( 1.000000000000000000, 5.329070518200750605E-15, 0.000000000000000000 ) ) ;
#1608 = DIRECTION ( 'NONE',  ( 1.000000000000000000, 0.000000000000000000, 0.000000000000000000 ) ) ;
#1609 = CARTESIAN_POINT ( 'NONE',  ( 0.000000000000000000, 0.000000000000000000, 12.00000000000000000 ) ) ;
#1610 = EDGE_CURVE ( 'NONE', #188, #1685, #132, .T. ) ;
#1611 = ORIENTED_EDGE ( 'NONE', *, *, #1250, .F. ) ;
#1612 = ORIENTED_EDGE ( 'NONE', *, *, #853, .T. ) ;
#1613 = DIRECTION ( 'NONE',  ( 0.000000000000000000, 0.000000000000000000, 1.000000000000000000 ) ) ;
#1614 = CIRCLE ( 'NONE', #1886, 10.50000000000000000 ) ;
#1615 = ORIENTED_EDGE ( 'NONE', *, *, #269, .T. ) ;
#1616 = AXIS2_PLACEMENT_3D ( 'NONE', #211, #59, #788 ) ;
#1617 = LINE ( 'NONE', #747, #1356 ) ;
#1618 = DIRECTION ( 'NONE',  ( 0.7307692307692306155, 0.6826245903576483309, 0.000000000000000000 ) ) ;
#1619 = DIRECTION ( 'NONE',  ( -0.000000000000000000, -1.000000000000000000, -0.000000000000000000 ) ) ;
#1620 = ADVANCED_FACE ( 'NONE', ( #1156 ), #1123, .T. ) ;
#1621 = ORIENTED_EDGE ( 'NONE', *, *, #1723, .F. ) ;
#1622 = DIRECTION ( 'NONE',  ( -0.000000000000000000, -0.000000000000000000, -1.000000000000000000 ) ) ;
#1623 = DIRECTION ( 'NONE',  ( -0.000000000000000000, -0.000000000000000000, 1.000000000000000000 ) ) ;
#1624 = ORIENTED_EDGE ( 'NONE', *, *, #1493, .F. ) ;
#1625 = ORIENTED_EDGE ( 'NONE', *, *, #1635, .T. ) ;
#1626 = CIRCLE ( 'NONE', #134, 1.000000000000000888 ) ;
#1627 = CARTESIAN_POINT ( 'NONE',  ( 0.000000000000000000, 0.000000000000000000, 12.00000000000000000 ) ) ;
#1628 = VECTOR ( 'NONE', #605, 1000.000000000000000 ) ;
#1629 = CARTESIAN_POINT ( 'NONE',  ( 16.50000000000000355, 6.000000000000000000, 2.999999999999998668 ) ) ;
#1630 = DIRECTION ( 'NONE',  ( 0.000000000000000000, 0.000000000000000000, -1.000000000000000000 ) ) ;
#1631 = EDGE_CURVE ( 'NONE', #1320, #1011, #1556, .T. ) ;
#1632 = CIRCLE ( 'NONE', #1212, 1.000000000000000888 ) ;
#1633 = ORIENTED_EDGE ( 'NONE', *, *, #665, .F. ) ;
#1634 = PLANE ( 'NONE',  #1821 ) ;
#1635 = EDGE_CURVE ( 'NONE', #756, #303, #896, .T. ) ;
#1636 = VERTEX_POINT ( 'NONE', #397 ) ;
#1637 = ORIENTED_EDGE ( 'NONE', *, *, #366, .T. ) ;
#1638 =( NAMED_UNIT ( * ) SI_UNIT ( $, .STERADIAN. ) SOLID_ANGLE_UNIT ( ) );
#1639 = ORIENTED_EDGE ( 'NONE', *, *, #1197, .F. ) ;
#1640 = DIRECTION ( 'NONE',  ( -1.000000000000000000, 0.000000000000000000, 0.000000000000000000 ) ) ;
#1641 = CARTESIAN_POINT ( 'NONE',  ( 10.50000000000000178, -16.99999999999999289, 1.000000000000000888 ) ) ;
#1642 = DIRECTION ( 'NONE',  ( 0.000000000000000000, 0.000000000000000000, 1.000000000000000000 ) ) ;
#1643 = EDGE_LOOP ( 'NONE', ( #938, #1347, #710, #642 ) ) ;
#1644 = FACE_OUTER_BOUND ( 'NONE', #1870, .T. ) ;
#1645 = VERTEX_POINT ( 'NONE', #856 ) ;
#1646 = VECTOR ( 'NONE', #835, 1000.000000000000000 ) ;
#1647 = EDGE_LOOP ( 'NONE', ( #471, #850, #89, #1082 ) ) ;
#1648 = CIRCLE ( 'NONE', #702, 1.000000000000000888 ) ;
#1649 = AXIS2_PLACEMENT_3D ( 'NONE', #1783, #1048, #458 ) ;
#1650 = CARTESIAN_POINT ( 'NONE',  ( 11.50000000000000355, 16.99999999999999289, 11.00000000000000000 ) ) ;
#1651 = ORIENTED_EDGE ( 'NONE', *, *, #528, .F. ) ;
#1652 = PLANE ( 'NONE',  #951 ) ;
#1653 = CARTESIAN_POINT ( 'NONE',  ( 16.50000000000000355, 6.000000000000000000, 9.000000000000000000 ) ) ;
#1654 = DIRECTION ( 'NONE',  ( -0.000000000000000000, 1.000000000000000000, 0.000000000000000000 ) ) ;
#1655 = VERTEX_POINT ( 'NONE', #1287 ) ;
#1656 = ADVANCED_FACE ( 'NONE', ( #707 ), #838, .F. ) ;
#1657 = ORIENTED_EDGE ( 'NONE', *, *, #589, .T. ) ;
#1658 = PLANE ( 'NONE',  #1137 ) ;
#1659 = ADVANCED_FACE ( 'NONE', ( #986 ), #167, .T. ) ;
#1660 = CARTESIAN_POINT ( 'NONE',  ( 19.50000000000000355, 17.00000000000000000, 11.00000000000000000 ) ) ;
#1661 = DIRECTION ( 'NONE',  ( -1.000000000000000000, -0.000000000000000000, -0.000000000000000000 ) ) ;
#1662 = ADVANCED_FACE ( 'NONE', ( #681, #821 ), #1418, .T. ) ;
#1663 = VECTOR ( 'NONE', #667, 1000.000000000000000 ) ;
#1664 = CYLINDRICAL_SURFACE ( 'NONE', #582, 3.000000000000000444 ) ;
#1665 = CARTESIAN_POINT ( 'NONE',  ( -3.500000000000000000, 0.000000000000000000, 12.00000000000000000 ) ) ;
#1666 = ORIENTED_EDGE ( 'NONE', *, *, #1108, .T. ) ;
#1667 = EDGE_CURVE ( 'NONE', #1331, #1645, #1728, .T. ) ;
#1668 = AXIS2_PLACEMENT_3D ( 'NONE', #1696, #393, #409 ) ;
#1669 = VECTOR ( 'NONE', #687, 1000.000000000000000 ) ;
#1670 = FACE_BOUND ( 'NONE', #1547, .T. ) ;
#1671 = CYLINDRICAL_SURFACE ( 'NONE', #1159, 3.000000000000000444 ) ;
#1672 = DIRECTION ( 'NONE',  ( 0.000000000000000000, 0.000000000000000000, -1.000000000000000000 ) ) ;
#1673 = DIRECTION ( 'NONE',  ( 0.000000000000000000, 0.000000000000000000, -1.000000000000000000 ) ) ;
#1674 = LINE ( 'NONE', #1665, #476 ) ;
#1675 = EDGE_CURVE ( 'NONE', #130, #925, #97, .T. ) ;
#1676 = ORIENTED_EDGE ( 'NONE', *, *, #1444, .T. ) ;
#1677 = CARTESIAN_POINT ( 'NONE',  ( 19.50000000000000355, 17.00000000000000000, 1.000000000000000000 ) ) ;
#1678 = DIRECTION ( 'NONE',  ( 1.000000000000000000, -0.000000000000000000, -0.000000000000000000 ) ) ;
#1679 = AXIS2_PLACEMENT_3D ( 'NONE', #100, #1866, #410 ) ;
#1680 = PRODUCT_DEFINITION ( '未知', '', #335, #254 ) ;
#1681 = DIRECTION ( 'NONE',  ( 0.000000000000000000, 0.000000000000000000, 1.000000000000000000 ) ) ;
#1682 = AXIS2_PLACEMENT_3D ( 'NONE', #947, #798, #1258 ) ;
#1683 = DIRECTION ( 'NONE',  ( 0.000000000000000000, 0.000000000000000000, 1.000000000000000000 ) ) ;
#1684 = DIRECTION ( 'NONE',  ( -0.000000000000000000, -0.000000000000000000, -1.000000000000000000 ) ) ;
#1685 = VERTEX_POINT ( 'NONE', #1432 ) ;
#1686 = CYLINDRICAL_SURFACE ( 'NONE', #1616, 1.000000000000000000 ) ;
#1687 = CARTESIAN_POINT ( 'NONE',  ( 8.645808232895291212, 2.500000000000000000, 7.500000000000000000 ) ) ;
#1688 = DIRECTION ( 'NONE',  ( 0.000000000000000000, 0.000000000000000000, -1.000000000000000000 ) ) ;
#1689 = AXIS2_PLACEMENT_3D ( 'NONE', #141, #1599, #450 ) ;
#1690 = CARTESIAN_POINT ( 'NONE',  ( 11.50000000000000355, -17.99999999999999645, 1.000000000000000888 ) ) ;
#1691 = LINE ( 'NONE', #1357, #1663 ) ;
#1692 = TOROIDAL_SURFACE ( 'NONE', #1873, 10.00000000000000000, 0.5000000000000000000 ) ;
#1693 = VERTEX_POINT ( 'NONE', #690 ) ;
#1694 = AXIS2_PLACEMENT_3D ( 'NONE', #1727, #456, #1058 ) ;
#1695 = VECTOR ( 'NONE', #1103, 1000.000000000000000 ) ;
#1696 = CARTESIAN_POINT ( 'NONE',  ( 11.50000000000000355, 16.99999999999999289, 11.00000000000000000 ) ) ;
#1697 = DIRECTION ( 'NONE',  ( -0.000000000000000000, 1.000000000000000000, -0.000000000000000000 ) ) ;
#1698 = PLANE ( 'NONE',  #750 ) ;
#1699 = DIRECTION ( 'NONE',  ( 0.000000000000000000, 0.000000000000000000, 1.000000000000000000 ) ) ;
#1700 = FACE_OUTER_BOUND ( 'NONE', #1043, .T. ) ;
#1701 = EDGE_CURVE ( 'NONE', #109, #1479, #387, .T. ) ;
#1702 = DIRECTION ( 'NONE',  ( -0.000000000000000000, -0.000000000000000000, -1.000000000000000000 ) ) ;
#1703 = CIRCLE ( 'NONE', #491, 9.000000000000001776 ) ;
#1704 = LINE ( 'NONE', #402, #400 ) ;
#1705 = CARTESIAN_POINT ( 'NONE',  ( 19.50000000000000355, 17.00000000000000000, 12.00000000000000000 ) ) ;
#1706 = AXIS2_PLACEMENT_3D ( 'NONE', #5, #719, #1301 ) ;
#1707 = CIRCLE ( 'NONE', #883, 1.000000000000000888 ) ;
#1708 = DIRECTION ( 'NONE',  ( -0.000000000000000000, -0.000000000000000000, 1.000000000000000000 ) ) ;
#1709 = DIRECTION ( 'NONE',  ( 0.000000000000000000, 0.000000000000000000, 1.000000000000000000 ) ) ;
#1710 = ORIENTED_EDGE ( 'NONE', *, *, #1241, .T. ) ;
#1711 = ORIENTED_EDGE ( 'NONE', *, *, #1440, .F. ) ;
#1712 = DIRECTION ( 'NONE',  ( -1.000000000000000000, 0.000000000000000000, 0.000000000000000000 ) ) ;
#1713 = DIRECTION ( 'NONE',  ( -0.000000000000000000, -0.000000000000000000, 1.000000000000000000 ) ) ;
#1714 = EDGE_CURVE ( 'NONE', #477, #620, #421, .T. ) ;
#1715 = CARTESIAN_POINT ( 'NONE',  ( 0.000000000000000000, 0.000000000000000000, 4.000000000000000000 ) ) ;
#1716 = EDGE_CURVE ( 'NONE', #1080, #1201, #1736, .T. ) ;
#1717 = CARTESIAN_POINT ( 'NONE',  ( 16.50000000000000355, 6.000000000000000000, 2.999999999999998668 ) ) ;
#1718 = CARTESIAN_POINT ( 'NONE',  ( 0.000000000000000000, 0.000000000000000000, 12.00000000000000000 ) ) ;
#1719 = ORIENTED_EDGE ( 'NONE', *, *, #1318, .F. ) ;
#1720 = VECTOR ( 'NONE', #261, 1000.000000000000000 ) ;
#1721 = ORIENTED_EDGE ( 'NONE', *, *, #115, .F. ) ;
#1722 = CIRCLE ( 'NONE', #1169, 11.99999999999999822 ) ;
#1723 = EDGE_CURVE ( 'NONE', #841, #1201, #1265, .T. ) ;
#1724 = ORIENTED_EDGE ( 'NONE', *, *, #398, .T. ) ;
#1725 = CARTESIAN_POINT ( 'NONE',  ( 20.50000000000000355, -12.00000000000000000, 9.000000000000001776 ) ) ;
#1726 = AXIS2_PLACEMENT_3D ( 'NONE', #1317, #1488, #627 ) ;
#1727 = CARTESIAN_POINT ( 'NONE',  ( 0.000000000000000000, 0.000000000000000000, 3.000000000000000888 ) ) ;
#1728 = LINE ( 'NONE', #414, #1720 ) ;
#1729 = ORIENTED_EDGE ( 'NONE', *, *, #698, .T. ) ;
#1730 = ORIENTED_EDGE ( 'NONE', *, *, #595, .T. ) ;
#1731 = ADVANCED_FACE ( 'NONE', ( #1700 ), #1409, .T. ) ;
#1732 = ORIENTED_EDGE ( 'NONE', *, *, #422, .F. ) ;
#1733 = FACE_OUTER_BOUND ( 'NONE', #840, .T. ) ;
#1734 = EDGE_CURVE ( 'NONE', #805, #74, #230, .T. ) ;
#1735 = CIRCLE ( 'NONE', #675, 1.500000000000000222 ) ;
#1736 = LINE ( 'NONE', #1002, #862 ) ;
#1737 = ORIENTED_EDGE ( 'NONE', *, *, #25, .F. ) ;
#1738 = ORIENTED_EDGE ( 'NONE', *, *, #1377, .F. ) ;
#1739 = ORIENTED_EDGE ( 'NONE', *, *, #1241, .F. ) ;
#1740 = CARTESIAN_POINT ( 'NONE',  ( 20.50000000000000355, 6.000000000000000000, 9.000000000000000000 ) ) ;
#1741 = PLANE ( 'NONE',  #388 ) ;
#1742 = DIRECTION ( 'NONE',  ( -1.000000000000000000, 0.000000000000000000, 0.000000000000000000 ) ) ;
#1743 = EDGE_CURVE ( 'NONE', #868, #36, #1626, .T. ) ;
#1744 = DIRECTION ( 'NONE',  ( 0.000000000000000000, 0.000000000000000000, 1.000000000000000000 ) ) ;
#1745 = ORIENTED_EDGE ( 'NONE', *, *, #1773, .T. ) ;
#1746 = ORIENTED_EDGE ( 'NONE', *, *, #1854, .T. ) ;
#1747 = CARTESIAN_POINT ( 'NONE',  ( 10.50000000000000178, 16.99999999999999289, 12.00000000000000000 ) ) ;
#1748 = CIRCLE ( 'NONE', #18, 0.5000000000000004441 ) ;
#1749 = VECTOR ( 'NONE', #225, 1000.000000000000000 ) ;
#1750 = ORIENTED_EDGE ( 'NONE', *, *, #1610, .T. ) ;
#1751 = CARTESIAN_POINT ( 'NONE',  ( 11.50000000000000355, 0.000000000000000000, 0.000000000000000000 ) ) ;
#1752 = ADVANCED_FACE ( 'NONE', ( #586 ), #298, .T. ) ;
#1753 = CARTESIAN_POINT ( 'NONE',  ( 0.000000000000000000, 0.000000000000000000, 11.00000000000000000 ) ) ;
#1754 = DIRECTION ( 'NONE',  ( 0.000000000000000000, 0.000000000000000000, -1.000000000000000000 ) ) ;
#1755 = CARTESIAN_POINT ( 'NONE',  ( 11.50000000000000355, -8.874119674649419309, 1.000000000000000000 ) ) ;
#1756 = VERTEX_POINT ( 'NONE', #733 ) ;
#1757 = ORIENTED_EDGE ( 'NONE', *, *, #1532, .F. ) ;
#1758 = AXIS2_PLACEMENT_3D ( 'NONE', #411, #828, #1399 ) ;
#1759 = VERTEX_POINT ( 'NONE', #310 ) ;
#1760 = CARTESIAN_POINT ( 'NONE',  ( 9.500000000000001776, 8.874119674649419309, 12.00000000000000000 ) ) ;
#1761 = CARTESIAN_POINT ( 'NONE',  ( 20.50000000000000355, -16.99999999999999289, 1.000000000000000888 ) ) ;
#1762 = LINE ( 'NONE', #1060, #879 ) ;
#1763 = ORIENTED_EDGE ( 'NONE', *, *, #1743, .F. ) ;
#1764 = EDGE_LOOP ( 'NONE', ( #138, #1480, #1337, #152 ) ) ;
#1765 = DIRECTION ( 'NONE',  ( 1.000000000000000000, 0.000000000000000000, 0.000000000000000000 ) ) ;
#1766 = ORIENTED_EDGE ( 'NONE', *, *, #1716, .T. ) ;
#1767 = CIRCLE ( 'NONE', #824, 9.000000000000000000 ) ;
#1768 = ORIENTED_EDGE ( 'NONE', *, *, #1085, .T. ) ;
#1769 = AXIS2_PLACEMENT_3D ( 'NONE', #1812, #508, #1090 ) ;
#1770 = ORIENTED_EDGE ( 'NONE', *, *, #1801, .T. ) ;
#1771 = CARTESIAN_POINT ( 'NONE',  ( 11.50000000000000355, -8.874119674649419309, 12.00000000000000000 ) ) ;
#1772 = FACE_OUTER_BOUND ( 'NONE', #1211, .T. ) ;
#1773 = EDGE_CURVE ( 'NONE', #196, #498, #599, .T. ) ;
#1774 = ORIENTED_EDGE ( 'NONE', *, *, #658, .T. ) ;
#1775 = ORIENTED_EDGE ( 'NONE', *, *, #173, .T. ) ;
#1776 = DIRECTION ( 'NONE',  ( -0.000000000000000000, -0.000000000000000000, -1.000000000000000000 ) ) ;
#1777 = EDGE_LOOP ( 'NONE', ( #425, #346, #888, #81 ) ) ;
#1778 = EDGE_LOOP ( 'NONE', ( #1283, #1403 ) ) ;
#1779 = ADVANCED_FACE ( 'NONE', ( #596 ), #886, .T. ) ;
#1780 = PRESENTATION_LAYER_ASSIGNMENT (  '', '', ( #475 ) ) ;
#1781 = CARTESIAN_POINT ( 'NONE',  ( 20.50000000000000355, -12.00000000000000000, 5.999999999999999112 ) ) ;
#1782 = DIRECTION ( 'NONE',  ( 1.000000000000000000, 0.000000000000000000, 0.000000000000000000 ) ) ;
#1783 = CARTESIAN_POINT ( 'NONE',  ( 20.50000000000000355, -17.99999999999999645, 12.00000000000000000 ) ) ;
#1784 = AXIS2_PLACEMENT_3D ( 'NONE', #673, #1699, #260 ) ;
#1785 = CARTESIAN_POINT ( 'NONE',  ( -11.99999999999999822, 0.000000000000000000, 11.00000000000000000 ) ) ;
#1786 = VERTEX_POINT ( 'NONE', #1017 ) ;
#1787 = ORIENTED_EDGE ( 'NONE', *, *, #506, .T. ) ;
#1788 = DIRECTION ( 'NONE',  ( 0.000000000000000000, 1.000000000000000000, 0.000000000000000000 ) ) ;
#1789 = VERTEX_POINT ( 'NONE', #1587 ) ;
#1790 = ADVANCED_FACE ( 'NONE', ( #1465 ), #161, .T. ) ;
#1791 = ORIENTED_EDGE ( 'NONE', *, *, #1820, .F. ) ;
#1792 = DIRECTION ( 'NONE',  ( 0.000000000000000000, -1.000000000000000000, 0.000000000000000000 ) ) ;
#1793 = DIRECTION ( 'NONE',  ( 0.000000000000000000, 1.000000000000000000, 0.000000000000000000 ) ) ;
#1794 = DIRECTION ( 'NONE',  ( 0.000000000000000000, 0.000000000000000000, 1.000000000000000000 ) ) ;
#1795 = DIRECTION ( 'NONE',  ( 1.000000000000000000, 0.000000000000000000, 0.000000000000000000 ) ) ;
#1796 = EDGE_CURVE ( 'NONE', #1223, #1320, #741, .T. ) ;
#1797 = LINE ( 'NONE', #1078, #1749 ) ;
#1798 = AXIS2_PLACEMENT_3D ( 'NONE', #654, #502, #664 ) ;
#1799 = ORIENTED_EDGE ( 'NONE', *, *, #727, .F. ) ;
#1800 = AXIS2_PLACEMENT_3D ( 'NONE', #1503, #213, #1640 ) ;
#1801 = EDGE_CURVE ( 'NONE', #498, #1331, #1115, .T. ) ;
#1802 = ORIENTED_EDGE ( 'NONE', *, *, #1334, .T. ) ;
#1803 = VECTOR ( 'NONE', #1713, 1000.000000000000000 ) ;
#1804 = AXIS2_PLACEMENT_3D ( 'NONE', #503, #352, #1795 ) ;
#1805 = CARTESIAN_POINT ( 'NONE',  ( 10.50000000000000178, -17.99999999999999645, 11.00000000000000000 ) ) ;
#1806 = CARTESIAN_POINT ( 'NONE',  ( 11.50000000000000355, -16.99999999999999289, 12.00000000000000000 ) ) ;
#1807 = CARTESIAN_POINT ( 'NONE',  ( 11.50000000000000355, 16.99999999999999289, 1.000000000000000888 ) ) ;
#1808 = CARTESIAN_POINT ( 'NONE',  ( 11.50000000000000355, 16.99999999999999289, 11.00000000000000000 ) ) ;
#1809 = EDGE_CURVE ( 'NONE', #1220, #162, #8, .T. ) ;
#1810 = FACE_OUTER_BOUND ( 'NONE', #313, .T. ) ;
#1811 = ORIENTED_EDGE ( 'NONE', *, *, #1318, .T. ) ;
#1812 = CARTESIAN_POINT ( 'NONE',  ( 11.50000000000000355, -16.99999999999999289, 1.000000000000000000 ) ) ;
#1813 = DIRECTION ( 'NONE',  ( 0.000000000000000000, 0.000000000000000000, -1.000000000000000000 ) ) ;
#1814 = LINE ( 'NONE', #53, #819 ) ;
#1815 = VECTOR ( 'NONE', #714, 1000.000000000000000 ) ;
#1816 = EDGE_CURVE ( 'NONE', #588, #1290, #1885, .T. ) ;
#1817 = DIRECTION ( 'NONE',  ( 1.000000000000000000, -0.000000000000000000, 0.000000000000000000 ) ) ;
#1818 = CARTESIAN_POINT ( 'NONE',  ( 11.50000000000000355, 17.99999999999999645, 12.00000000000000000 ) ) ;
#1819 = ORIENTED_EDGE ( 'NONE', *, *, #1429, .T. ) ;
#1820 = EDGE_CURVE ( 'NONE', #196, #776, #1591, .T. ) ;
#1821 = AXIS2_PLACEMENT_3D ( 'NONE', #186, #1348, #154 ) ;
#1822 = VECTOR ( 'NONE', #207, 1000.000000000000000 ) ;
#1823 = FACE_OUTER_BOUND ( 'NONE', #23, .T. ) ;
#1824 = FACE_OUTER_BOUND ( 'NONE', #301, .T. ) ;
#1825 = DIRECTION ( 'NONE',  ( -1.000000000000000000, 0.000000000000000000, 0.000000000000000000 ) ) ;
#1826 = EDGE_CURVE ( 'NONE', #996, #477, #11, .T. ) ;
#1827 = CARTESIAN_POINT ( 'NONE',  ( 9.500000000000001776, 8.874119674649419309, 0.000000000000000000 ) ) ;
#1828 = DIRECTION ( 'NONE',  ( -1.000000000000000000, 0.000000000000000000, 0.000000000000000000 ) ) ;
#1829 = CARTESIAN_POINT ( 'NONE',  ( 6.500000000000004441, -2.500000000000000000, 4.500000000000000000 ) ) ;
#1830 = ORIENTED_EDGE ( 'NONE', *, *, #772, .T. ) ;
#1831 = VECTOR ( 'NONE', #721, 1000.000000000000000 ) ;
#1832 = DIRECTION ( 'NONE',  ( -1.000000000000000000, 0.000000000000000000, -0.000000000000000000 ) ) ;
#1833 = CARTESIAN_POINT ( 'NONE',  ( 16.50000000000000355, 12.00000000000000000, 5.999999999999999112 ) ) ;
#1834 = AXIS2_PLACEMENT_3D ( 'NONE', #1128, #992, #678 ) ;
#1835 = DIRECTION ( 'NONE',  ( 0.000000000000000000, 0.000000000000000000, 1.000000000000000000 ) ) ;
#1836 = ADVANCED_FACE ( 'NONE', ( #889 ), #878, .T. ) ;
#1837 = FACE_OUTER_BOUND ( 'NONE', #451, .T. ) ;
#1838 = DIRECTION ( 'NONE',  ( 0.000000000000000000, 0.000000000000000000, -1.000000000000000000 ) ) ;
#1839 = EDGE_LOOP ( 'NONE', ( #615, #199, #423, #178, #587 ) ) ;
#1840 = DIRECTION ( 'NONE',  ( -0.000000000000000000, 1.000000000000000000, -0.000000000000000000 ) ) ;
#1841 = DIRECTION ( 'NONE',  ( 0.000000000000000000, 0.000000000000000000, -1.000000000000000000 ) ) ;
#1842 = DIRECTION ( 'NONE',  ( 0.000000000000000000, 0.000000000000000000, -1.000000000000000000 ) ) ;
#1843 = VECTOR ( 'NONE', #22, 1000.000000000000000 ) ;
#1844 = DIRECTION ( 'NONE',  ( 1.000000000000000000, 0.000000000000000000, 0.000000000000000000 ) ) ;
#1845 = EDGE_LOOP ( 'NONE', ( #1819, #1307, #461, #1637, #1541, #572, #440, #1147 ) ) ;
#1846 = EDGE_CURVE ( 'NONE', #1003, #130, #1536, .T. ) ;
#1847 = DIRECTION ( 'NONE',  ( 1.224646799147353207E-16, 1.000000000000000000, -0.000000000000000000 ) ) ;
#1848 = CARTESIAN_POINT ( 'NONE',  ( 11.50000000000000355, -16.99999999999999289, 1.000000000000000000 ) ) ;
#1849 = LINE ( 'NONE', #1129, #1831 ) ;
#1850 = DIRECTION ( 'NONE',  ( 1.000000000000000000, 0.000000000000000000, 0.000000000000000000 ) ) ;
#1851 = DIRECTION ( 'NONE',  ( 0.000000000000000000, 0.000000000000000000, -1.000000000000000000 ) ) ;
#1852 = EDGE_CURVE ( 'NONE', #1096, #1274, #754, .T. ) ;
#1853 = ORIENTED_EDGE ( 'NONE', *, *, #1269, .T. ) ;
#1854 = EDGE_CURVE ( 'NONE', #779, #868, #1871, .T. ) ;
#1855 = CARTESIAN_POINT ( 'NONE',  ( 19.50000000000000355, -16.99999999999999289, 1.000000000000000888 ) ) ;
#1856 = EDGE_CURVE ( 'NONE', #734, #1320, #1210, .T. ) ;
#1857 = CARTESIAN_POINT ( 'NONE',  ( 11.50000000000000355, -17.99999999999999645, 11.00000000000000000 ) ) ;
#1858 = CYLINDRICAL_SURFACE ( 'NONE', #758, 1.000000000000000888 ) ;
#1859 = CIRCLE ( 'NONE', #151, 3.500000000000000000 ) ;
#1860 = DIRECTION ( 'NONE',  ( 1.000000000000000000, 0.000000000000000000, 0.000000000000000000 ) ) ;
#1861 = CARTESIAN_POINT ( 'NONE',  ( 9.500000000000001776, 8.874119674649419309, 11.00000000000000000 ) ) ;
#1862 = VECTOR ( 'NONE', #816, 1000.000000000000000 ) ;
#1863 = EDGE_CURVE ( 'NONE', #588, #1789, #439, .T. ) ;
#1864 = ORIENTED_EDGE ( 'NONE', *, *, #110, .F. ) ;
#1865 = EDGE_LOOP ( 'NONE', ( #3, #902, #610, #430, #815 ) ) ;
#1866 = DIRECTION ( 'NONE',  ( 0.000000000000000000, 0.000000000000000000, 1.000000000000000000 ) ) ;
#1867 = ADVANCED_FACE ( 'NONE', ( #1644 ), #155, .F. ) ;
#1868 = CARTESIAN_POINT ( 'NONE',  ( -1.179611963664227720E-14, 16.99999999999998579, 0.000000000000000000 ) ) ;
#1869 = CARTESIAN_POINT ( 'NONE',  ( 16.50000000000000355, -12.00000000000000000, 2.999999999999998668 ) ) ;
#1870 = EDGE_LOOP ( 'NONE', ( #1089, #1187, #344, #1316, #19 ) ) ;
#1871 = CIRCLE ( 'NONE', #1235, 11.99999999999999822 ) ;
#1872 = ORIENTED_EDGE ( 'NONE', *, *, #1141, .F. ) ;
#1873 = AXIS2_PLACEMENT_3D ( 'NONE', #285, #760, #320 ) ;
#1874 = ORIENTED_EDGE ( 'NONE', *, *, #1567, .T. ) ;
#1875 = DIRECTION ( 'NONE',  ( 0.000000000000000000, -1.000000000000000000, 0.000000000000000000 ) ) ;
#1876 = DIRECTION ( 'NONE',  ( 1.000000000000000000, 0.000000000000000000, 0.000000000000000000 ) ) ;
#1877 = EDGE_LOOP ( 'NONE', ( #987, #1562, #923, #1625 ) ) ;
#1878 = VERTEX_POINT ( 'NONE', #1065 ) ;
#1879 = ORIENTED_EDGE ( 'NONE', *, *, #1631, .F. ) ;
#1880 = DIRECTION ( 'NONE',  ( 0.000000000000000000, 0.000000000000000000, -1.000000000000000000 ) ) ;
#1881 = AXIS2_PLACEMENT_3D ( 'NONE', #644, #1672, #340 ) ;
#1882 = CARTESIAN_POINT ( 'NONE',  ( 19.50000000000000355, -17.99999999999999645, 12.00000000000000000 ) ) ;
#1883 = SPHERICAL_SURFACE ( 'NONE', #1227, 1.000000000000000000 ) ;
#1884 = CIRCLE ( 'NONE', #184, 1.000000000000000888 ) ;
#1885 = LINE ( 'NONE', #1747, #1170 ) ;
#1886 = AXIS2_PLACEMENT_3D ( 'NONE', #131, #257, #712 ) ;
ENDSEC;
END-ISO-10303-21;
