:040000006F10001F5E
:1000040000000000000000006F0080086F00401E28
:1000140000000000000000000000000000000000DC
:1000240000000000000000000000000000000000CC
:100034006F004006000000006F00E00500000000B3
:100044006F0080056F0060056F0040056F0020059C
:100054006F0000056F00E0046F00A02100000000A5
:100064006F0060046F0040046F0020046F00000400
:100074006F00C01E6F00C003000000006F0060032B
:100084006F0040036F0020036F0000036F00E00265
:1000940001A001A001A001A001A001A001A001A054
:1000A40001A001A001A001A001A001A001A001A044
:1000B40001A001A001A001A001A001A0B717004068
:1000C400930670052380D704130780FA2380E7047E
:1000D40003C6B7041376F60DA385C704238007046B
:1000E400137605022DC603C6A700118A0DE22380EC
:1000F400D7042380E70403C7A700136747002385B9
:10010400E7009307004B01000100FD17EDFFB7174F
:100114000040930670052380D704130780FA2380D8
:10012400E7047D892394A700010001000100010078
:10013400238007042380D7042380E7049306100553
:1001440037270040A303D7802380070482801376D7
:1001540005046DDE03C6A700418A0DE22380D7049F
:100164002380E70403C7A700136707012385E7007B
:100174009307007D01000100FD17EDFFB717004054
:10018400930670052380D704130780FA7D892380A2
:10019400E704136505042394A7000100010001008E
:1001A4000100238007042380D7042380E7049306F7
:1001B40030053727004079B7411181460146814512
:1001C400114506C60924B71700401307700523809C
:1001D400E704130780FA2380E70403C7670413675F
:1001E40017002383E70423800704B240410182807F
:1001F4008146014681451145F922B717004013078E
:1002040070052380E704130780FA2380E7047D57F1
:100214002396E70203C76704136717002383E704E1
:100224002380070401A0BD473305F50201007D15B5
:1002340075FD8280411122C426C206C6AA840144E7
:1002440063179400B2402244924441018280050421
:100254001305803E4204C13F4180DDB7B71700401B
:10026400130700032388E702854723ACF188730052
:10027400203097E0FFDFE780E06D7300203041110C
:1002840006C622C426C24AC09304100A97E0FFDFC0
:10029400E780009C154997E0FFDFE780609F1784A3
:1002A40001E0130464787D2197F0FFDFE780805D2F
:1002B40097E0FFDFE78020A31C41E39697FE834786
:1002C4004500D91793F7F70FE36FF9FC8A07A29754
:1002D40098438347650022970287114591E30145BE
:1002E40097E0FFDFE780205D7DBF0545F5FBC5BFD7
:1002F4000945FDF7EDB74145E5F7D5B7130500020C
:10030400E5F3F1BFE9DF2145E1BF2303048015478D
:100314002303E48001002302A48082808307648095
:10032400E3CE07FE23030480828083076480E3CE48
:1003340007FE03454480828083076480E3CE07FE82
:100344002302A4808280411126C44AC24EC006C63C
:100354001377F50BAD47AA892E8995446306F700F8
:1003640019456537653F8D444E854537FD59FD1464
:1003740063983401B240A244124982494101828007
:10038400135509011375F50F453F2209CDB7011126
:1003940026CC06CEB704080051371545BD37713752
:1003A40069372AC6A53F32459377150089EB136553
:1003B40015001375F50FF240E24405618280FD14C7
:1003C400E9FC0145CDBF397126DC4ADA4ED852D654
:1003D40056D45AD25ED006DE62CE66CCB7E700E0D1
:1003E4007D5783AA070022C603AA470023A0E71863
:1003F40023A2E718B7170040130770052380E7040A
:10040400130780FA2380E70483C74704930B75FF1F
:10041400B684E20793FBFB0F8546AA892E8B3289AB
:1004240037240040E187015763FA76016308D50059
:100434008946130700026313D5000157D98F93F738
:10044400F70FB71C00402382FC0411472303E48008
:100454001305F00F5D3D094CD13563697C11B70775
:1004640007003E9B378707007955637EEB02B3078D
:100474009B00636AF702A9476399F90689E48144FA
:10048400713D26850DA0DA850945753D05090345AD
:10049400F9FFFD14050B4D3581C49377FB0FFDF770
:1004A400FD3569FD7D55B71700401307700523809E
:1004B400E704130780FA2380E70403C74704418B4A
:1004C4002382E704F250B7E700E023A0571123A2E8
:1004D4004711E25432445259C259325AA25A125B59
:1004E400825B724CE24C21618280A5476395F906D8
:1004F40085691309F00FB3069900B3742B01B69400
:100504001349F9FFB3749900856B33796901416B21
:100514009387F9FFB3F7270199E363FC340193D977
:100524004900C147E3E637FF99BF0569C1697D19F1
:10053400D9B71305800D638869011305000263842C
:10054400790113051008CA85FD3B913521DD4E99CB
:10055400B3843441D9B7DA852D45F533CA94E30021
:1005640099F20509D933A30FA9FED5BF9387F9FFE3
:1005740093F7F70F636CFC0803C75C04B707080024
:100584001377070219E3B78707007955E37DFBF07A
:1005940033079B00E3E9E7F089476390F904898016
:1005A400D549E38E04ECDA850945713B110903272B
:1005B400C9FF91472320E48003076480E34E07FECC
:1005C40023033481FD17EDFBFD14110B81C49377D4
:1005D400FB0FE9FF6D3B71F5F1B58547E387F9F44E
:1005E400DA852D458D339389F4FFE38A04E8353B9E
:1005F40093F7390091EB83260480032709009307BE
:100604004900E39FE6E63E89CE84F1BFB547639691
:10061400F9001305900BD5399DB5B1471305B00A00
:10062400E38BF9FE9947639EF902DA852D45213B58
:1006340081448D4BA149D539639674018327048085
:100644002320F9008504E39834FF832704801317DB
:100654002B01635507002312F90015B52322F90075
:1006640039BD9D476399F90281451305B004E13909
:10067400BD442320090023220900FD597D3193F74D
:100684007400CA9703C70700FD14398D2380A7009F
:10069400E39634FFEDB3A1476392F904CD39814465
:1006A400630D0B008D479304C0036308FB009304A0
:1006B400000563048B01930440041375C507E3002C
:1006C40095DC194599319939054581312685AD3136
:1006D40009459D316D39E31405DAE9B3914763990E
:1006E400F90013056006153115391305900925B76E
:1006F400E38709D8F15469B319CDB717004013073C
:1007040070052380E704130780FA2380E704239607
:10071400A70223800704828019C1814799E9828056
:100724003387F500834607003307F5008507230068
:10073400D700E397C7FEE5B719C1FD5781E9828069
:10074400910503A7C5FF1105232EE5FE7D16E319C8
:10075400F6FEF5B7797122D417340000130444303F
:100764001C4006D626D24AD04ECE91C782979737E0
:10077400000023A7072E5C4089CB03D5418EAD3FF3
:100784005C40829703D5618E853F1C40639C0718AB
:100794009737000083C75740858B95C7973700006C
:1007A400A38C073E173700000347373F914763FC8C
:1007B400E700752B9737000083C7373EF9178A0780
:1007C400A2979C4382979737000083C7A741918BD8
:1007D40089C7970001E0E780E0621C4491C38297D7
:1007E4009387018E984317360000034676253E8989
:1007F400973400009384C4249737000083C74724A8
:1008040093961700BA9683D606006383061097372B
:10081400000083C7E72263FBC70686073E9783551C
:1008240007002310070003D5418E2EC6F1359387A8
:10083400418F9C431735000003458520131725007D
:10084400BA979C43B2458297AA8903D5618E6D35C8
:100854009737000083C7C71E139717008327090023
:10086400BA9703D70700B3E9E9002390370183C798
:100874000400850793F7F70F173700002302F71CCE
:10088400173700000347D71B63E6E70097370000DC
:100894002388071A1C40D9E79387C18E98433E8466
:1008A40051C39737000083C7972F91CB9737000028
:1008B40083C7B72E89E7970001E0E78080191C40C1
:1008C40082972A8425C19C48AA97173700002321C0
:1008D400F7189387018F9C4381CF03D5418E293D1F
:1008E400228597F0FFDFE780605E03D5618E2935AE
:1008F4009737000093870711DC538DC72254B250F9
:1009040092540259F249456117F3FFDF6700C3347B
:10091400850793F7F70F973600002383F612E3ED6C
:10092400C7ECF5B5B250225492540259F2494561CC
:1009340082809167B7C600409387373023A6F6209C
:100944000F100000973700009387870F884F938715
:10095400C19D9C43316713073730F053B70710002C
:10096400FD17918F99833A0523A6E6205D8D828039
:100974004111B7170040985F3AC6945F3247E39C31
:10098400E6FE324541018280411106C6D5379736CD
:10099400000083C66608858AB1C6930730333307DF
:1009A400F502B337F5023983CA07D98F1737000028
:1009B40013070709584B01456303F7023385E740E2
:1009C400636BF70037653D0889C637856F081305E3
:1009D4000590198D3E9517370000232DF706B24078
:1009E40041018280E5473307F502B337F5022583D9
:1009F400DE0765BF0327C50F8346B50097370000A0
:100A0400938747199C4F58439386160295829043C7
:100A1400FD1693F6F60F10C3D04350C3904710C78A
:100A2400D04750C7904B10CBD04B50CB904F10CFEA
:100A3400D04F50CF91C61307070293870702C1BF57
:100A440082808347E50193F7E70F91CB01458280CC
:100A54000145B240224492440249410182808347C5
:100A6400F501EDF7834605010347850089CA03466E
:100A740065029737000083C737FA6367F6009377F8
:100A84000701E9D7814789CA834705158346F514C9
:100A9400418BA207D58F01CB0347451583463515F6
:100AA4002207558FBA97DDD3173700000347C7F6DF
:100AB40041119316870106C622C426C24AC0E186A4
:100AC40063D506049387C71313D4570097370000E0
:100AD4009387C717BC479734000083C484F47D59B7
:100AE40003A70708637327013A899C43F5FB93879F
:100AF400818F9C438297E36DA9F43305A940269422
:100B04003334850013451400A9B7058B9387C712A6
:100B140009CB8A071384F7039307D0073354F402ED
:100B240075B786071384F7019307D003C5BF5D71BA
:100B340022DE1384C19C3AD218403ED04ACA1C5FBC
:100B440086C696C499839AC29EC026DC2ADA2ED819
:100B540032D636D442CE46CC72C876C67AC47EC269
:100B6400858B1389819CC1C31C5F973400009384D7
:100B7400640293F7F7F91CDF9737000083C78701F6
:100B840093F707048DC39387818F9C43829797378C
:100B9400000023A9A70083C7040093F7F70B1737B6
:100BA40000002309F7FE854717370000A306F7FE68
:100BB40083C7440093F7070481EF9387C19D9C4347
:100BC400D844B8D3930700FC173700002306F7FC7A
:100BD4008387640063D90700832709009C43173780
:100BE4000000230CF7FA18401C5F8583858BC9CB62
:100BF400F5571CDF010001000100010001000100A4
:100C040001000100010001000100010001000100D8
:100C140001000100010001000100010001000100C8
:100C240001000100010001000100010001000100B8
:100C340001000100010001000100010001000100A8
:100C44000100010001000100010001000100010098
:100C54000100010001000100010001000100010088
:100C64000100010001000100010001000100010078
:100C7400010001009387C19D9C4313075004B8CB26
:100C840018401C5F9183858B89CFBD571CDF9387E8
:100C9400C19D9C4323A80704854717370000230DF3
:100CA400F7EE83270900D8430583058B19C7D8437A
:100CB400759BD8C3D843799BD8C37254B640A64217
:100CC40016438643E2545255C2553256A256125721
:100CD40082577248E2485249424EB24E224F924FD6
:100CE400616173002030173700001307A7EA8347B8
:100CF4004700858B89EF83472700858B89EB8347E2
:100D04003700858BEDD797370000238707E882806B
:100D14009387819D9C4399CB944BD04B9842518FA0
:100D240098C294439C479842D98F9CC29387C19D93
:100D34009C4337C700401306C003A8CB9306200387
:100D440097350000938505E583278720C18393F7B2
:100D5400F7036369F60083278720C18393F7F703BA
:100D640063E6F60083C74500858BF9DF8280173779
:100D74000000130727E283474700858B89EB8347ED
:100D84000700858B91CB97370000238707E09737BF
:100D94000000A38307E0828083471700858BE1DF8F
:100DA400DDB79387819D9C4399CB944BD04B98425C
:100DB400518F98C294439C479842D98F9CC2938781
:100DC400C19D9C4337C700404146A8CBE5469735B3
:100DD4000000938525DC83278720C18393F7F703DD
:100DE400637DF60083278720C18393F7F70363E6C7
:100DF400F60083C74500858BF9DF82801387C19C89
:100E04001843AA87185F1583058B25EF0345150042
:100E140015051377C51F19C6B386E70083C62600D8
:100E24002300D60095C59736000083C606D793F6EF
:100E340006040945A1CAB386E70083C63600054601
:100E440093F5F6066390C504E206E18663CC0602D8
:100E54003385E7008347150003470500A20793F78E
:100E64000770D98F1397070141839376074099C67A
:100E740013670780239AE19C01458280239AF19CA1
:100E8400E5BF05458280011136C89386C19D2ECCED
:100E94008C423AC63EC498452ACE32CA93170701FB
:100EA40042C2C1831378172036853E8697360000E8
:100EB400938646CE630408041377072061CF03C7E3
:100EC400260013671700173800002306E8CC130721
:100ED4000019B8D1130700F897350000238EE5CA2E
:100EE4001387C19C0C4337080010D855719B1367B6
:100EF4002700D8D598413367070198C11377261086
:100F040005C31376061045CA03C706001367170006
:100F1400173600002300E6C817370000231007C85F
:100F240083C6460093C7F7FFC207E206E186C18382
:100F3400184163D106029396170163D7060830530C
:100F44008D4663E9C6008546173600002306D6C4DD
:100F54003453FDFE973600009386C6AA8386460165
:100F640063DD060093960701C18663D506067053B8
:100F7400894663E4C6007453FDFE14477245E24596
:100F8400F58F1CC75246C2463247A2471248056134
:100F94007300203003C7160013671700973500004D
:100FA400A38AE5BE17370000230807BE17370000E1
:100FB400231607BEA1B703C73600136717001736F9
:100FC4000000A30AE6BC89BF854617360000230546
:100FD400D6BC49B754471396060163510602B706B7
:100FE4001000FD1674D397360000938666A5944EC0
:100FF4008506173600002321D6A641B7A166D58FF2
:10100400ADBF173700001307A7BA8346B701973758
:10101400000083C737BDB69793F7F70FFD4663EA21
:10102400F6044C4B97360000A384F6B897370000BB
:1010340083C717B805473317F70097360000A38313
:10104400F6BA6D8F1DEF9736000083C6F6B9B3F676
:10105400D70213050002814733D6F500058A13F839
:10106400F70F09CE6399E60097370000A38207B50E
:10107400828081177DB705071377F70F8507E39DF6
:10108400A7FC82809387419E9843B75702009387B9
:10109400079F832607091396560063580600832684
:1010A40007091396660063440600FD17FDF382806A
:1010B40051C9AA870145C9C98D07C207C183F19BDC
:1010C400C207C18313074003636BF702138781A729
:1010D4000843138701A714436396A6021737000039
:1010E40013074792185B014525C34111C20706C681
:1010F4000545DD8D0297B240014541018280138789
:1011040041A7F9B70357650005EF03574500636925
:10111400F702B306F74021466370D6021041938666
:1011240087001D8FAA96611790C22392E60023932D
:10113400060014C12312F5002313B5002105828093
:10114400084159BF01458280828001CD938781A7E0
:1011540003A80700938701A78C430147C28763E371
:10116400B70082809443636FF50663EDA606138689
:101174008700E368C5FE03D567002166050663178B
:10118400C50003C6019905062388C1982393070067
:1011940063840703138641A71042630FF6000356C6
:1011A400670019EA83D7470014C383564700B697EC
:1011B400A1072312F700BA879843E304B7FA93868A
:1011C40041A79442E30FD7F883566700D9FA83D630
:1011D4004700035647001843A106B2962392D7004E
:0C11E40098C382803E87B6879DBF000044
:1011F000974100209381813617710020130181E00F
:1012000013054000972500209385C55F1736002001
:101210001306067E63FAC5008322050023A055004D
:1012200011059105E3EAC5FE17C501001305C59830
:10123000973500209385C57B1386818763FAC500A7
:101240008322050023A0550011059105E3EAC5FEA0
:1012500013858187976500209385452A6377B500BC
:10126000232005001105E36DB5FE9302800873A0ED
:101270000230972200209382E25893E2120073908A
:101280005230972200009382C299739012347300F7
:1012900020303D432A876373C3029377F700BDEF85
:1012A000ADE5937606FF3D8ABA960CC34CC30CC7D6
:1012B0004CC74107E36BD7FE11E28280B306C340FF
:1012C0008A069702000096966780A6002307B7005B
:1012D000A306B7002306B700A305B7002305B70090
:1012E000A304B7002304B700A303B7002303B70088
:1012F000A302B7002302B700A301B7002301B70080
:10130000A300B7002300B700828093F5F50F9396F2
:101310008500D58D93960501D58D61B793962700ED
:101320009702000096968682E78086FA9680C1171B
:101330001D8F3E96E374C3F8A5B783C7F1A8D9CB38
:1013400001119387818052C403AA470022CC26CA88
:1013500003D4A180AA844AC84EC61399040106CEBC
:1013600056C2330794009307F01FAE8933058A00F5
:101370001359090163CCE7022686938541E0EF907B
:1013800011344A942395818085476398F9009387A7
:10139000C1A8DC47850723ACF1A8F2406244D244DF
:1013A0004249B249224A924A056182803304804010
:1013B0001374F40F938A41E02286D685EF90313082
:1013C00033868440B3858A005285EF90512F3304D1
:1013D00089404DBF8280938741E019472381E70010
:1013E0007D771307B7DEA381A7002392E700194595
:1013F000A9B741111306001081451385C1AD06C67A
:101400009747002023AC07946935130600208145D7
:10141000138541C023A40180AD3D9387C1A823A8B3
:10142000070023A60700938701AA23A2070023949D
:10143000070023880700B240138581AB23A0070073
:10144000C8CB1306100281454101A1B5411106C662
:10145000792E4537370710009387C1A81307072057
:1014600098C33707000213070710D8C3514798C71E
:1014700023A6070023A80700B24085679387E70BE0
:10148000239EF1BC2392F1E0410182808547A3872E
:10149000F1A8828083C7F1A895C79747002093875A
:1014A000E78B03A8470001479747002083D7278B86
:1014B00081461376F70F6368B60089C61747002088
:1014C000231FF7888280B306E50003C60600B30633
:1014D000F80085072380C60093F7F70F05078546B8
:1014E000C9BF23A001AA83C7F1A8638F072E797112
:1014F00022D426D24AD04ECE52CC56CA62C406D688
:101500005AC85EC615449744002093842485130965
:10151000E00BC149130A2002138C01AA938AC1A8C7
:1015200017460020035686839747002083D72783DA
:101530006309F600637DF602918FC207C183636B76
:10154000F40283D5818083D7A1801384818063983E
:10155000F524B250225492540259F249624AD24AB6
:10156000424BB24B224C138501AA4561828093877E
:101570000710D9B7D44013071600131B0701338790
:10158000C60003470700135B0B016311270F137B92
:10159000FB0F33876601034707001377070F6317B5
:1015A000370D13071B001377F70FB385E60083CBC6
:1015B0000500131B0701135B0B019385ABFF93F52C
:1015C000F50F6365BA0A9388DBFF93F8F80FE3EA37
:1015D00077F70507238F71BD1388C1BD1377F70F08
:1015E0008145C2873385E60003450500050785056B
:1015F000A301A8001375F70F1317050193F5F50F55
:1016000041830508E3E015FFB385770183C8F5FF43
:101610001308D00E639C080503C8E5FF9305B00EC0
:101620006316B80403C8F1BD23A001AB83C571A93B
:10163000A9E9930510086306B80423A0B1AA328B68
:1016400003270C0093062009630FD70E63E0E6081A
:1016500093064008630ED70C63E9E604930710086D
:10166000630EF70A930720086301F70C9377FB0FCB
:10167000173700202314F76E83270C00E38207EA54
:10168000C9B505E3A38F060E03260C009306400898
:101690003A8BE307D6FA83A60A01850623AED1A8C2
:1016A00045B7AA96A38F06FEC5B7930650086307F1
:1016B000D70893061009E31BD7FA83D7470003C75F
:1016C00021BE2395F1AA2386E1AA4DB79306500ABD
:1016D0006308D70863E3E6029306100A6306D7009F
:1016E0009306400AE314D7F803C7470083C757009F
:1016F0002382E1AA2383F1AA95BF9306700A63F3BC
:10170000E6089306800AE313D7F603C7470083C7AA
:1017100057002382E1AA2388F1AA89BF8547814522
:101720000545A38BF1A8453991B7A38B01A83DBF0F
:1017300081450D454D3123A001AA0DBF83D7470038
:101740002392F1AA25B703C74700A386E1AA03C7DE
:10175000570083C767002387E1AAA387F1AA39B797
:1017600083C7470003254C0113869BFF938511BE59
:101770002382F1AAEF90A17483274C01BE9BA38C16
:101780000BFEEDB503C747002382E1AA03C757004C
:1017900083D76700A383E1AA2394F1AAC1BD48407F
:1017A0002E9563FFF500B385B740CD4763C0B70200
:1017B00093F5F50F3528835724002394F18051BB0E
:1017C000930700208D8F51476358F700D1450D20B6
:1017D00083570400D107D5B7B305B04093F5F50F93
:1017E000012823940180B5B3138501AA82808280E9
:1017F00041112E86AA85175500201305E57D06C6E2
:10180000EF106035B2408547238CF186410182801C
:10181000B717004003C777051377E70FA38BE704DB
:10182000130700F8A38DE7043D47238CE704130753
:101830005003A38CE704828041112A83014E930E4A
:10184000407E130F0019930F400663EB6E0A930856
:10185000001913034006B3781503854E0D4FA14FB1
:10186000337365020D891335150063E5BE0C13084B
:10187000F6FF794672984208135808013307C702E9
:1018800013D61700BE0732976146B3F6C602130699
:101890008070B386C6023697A166F58F42075D8FCA
:1018A000B717004083C6F70293F60608A307D100D6
:1018B0000346F10083C6F70293F60608E394C6FEDA
:1018C0008346F10093F6F60FF1DE93067005238050
:1018D000D704930680FA2380D70423AA070383C67C
:1018E000170393E60608A388D702D8DB03C71703BC
:1018F00013670704A388E70223800704410182805D
:101900007D133368E3039308E016630E0800336821
:10191000F3039308D016630808009378330093B854
:1019200018009388D81633081E01131E0801135E91
:101930000E0121BF6393E503054863860800014853
:10194000630303002A8871087298FD15131E0801AD
:10195000C205135E0E01C18109BF13F8150063F4BF
:10196000BF007908D5B713381800E5BF914763EE7B
:10197000B70217B701001307A78C8A05BA959C41D7
:10198000BA978287B717004003A7470B1345F5FFA7
:10199000698F23AAE70A03A7070B698F23A8E70A21
:1019A00003A7070A798D23A0A70A8280B7170040F2
:1019B00083A6470B1347F5FFF98E23AAD70A83A600
:1019C000070B558D23A8A70A83A6070A758F23A0A6
:1019D000E70A8280B717004003A7470B498F23AA65
:1019E000E70A03A7070B1345F5FF45BFB7170040EC
:1019F00083A6470B1347F5FF758F23AAE70A03A7B2
:101A0000070A598D4DB7B717004003A7470B498FF9
:101A1000EDB7B717004003D58700420541819377A2
:101A2000050491EB9377F5013755E801130505801F
:101A30003345F50282809377050C13070004639702
:101A4000E7009377F50137459C1CCDB72165130559
:101A500005D0828037E700E01C435443A183E206AF
:101A6000D58F1CC1FD572320F7182322F718828039
:101A700013178500B7E700E023A0E710618123A2D8
:101A8000A7108280B7F700E0C8439C478280814757
:101A900037370040A14663C4C700328582800345C2
:101AA000B740E38EA6FE3385F500034505008507A4
:101AB0002304A740CDB7411122C406C62A84913F12
:101AC0002947B307E502B2408D83B3D7870222448A
:101AD0009507B3D7E70237370040C207C183231603
:101AE000F74041018280716541111305052006C64A
:101AF000D937B7370040130770F82381E7400D4707
:101B0000A381E74013070004A380E740054723872C
:101B1000E740B24041018280B78700402380070040
:101B20001307C0FC2386E700A386E70003D7C1871D
:101B30002398E70003D70188239AE70003D7418859
:101B4000239CE70003D78188239EE70089462381F1
:101B5000D70249472383E7022385E7022387E70269
:101B60002389D702A3810700130790022380E7008F
:101B7000B716004003D7A6011367070C239DE600A4
:101B80007D572383E700130710F8A380E7001D4764
:101B90002381E7008280B78700402382A70203C722
:101BA00067021377C70F2383E7028280B78700405D
:101BB0002384A70203C7A7021377C70F2385E70271
:101BC0008280B78700402386A70203C7E702137706
:101BD000C70F2387E7028280B78700402388A702C8
:101BE00003C727031377C70F2389E7028280CC41FD
:101BF000411106C6328503C6150083C505002206BD
:101C00004D8E42068D654186138875A2630C060FC2
:101C10006348C804138845A26306060B634AC800DC
:101C2000938535A26309B60623900600294679A05C
:101C3000138855A26308060B938565A2E316B6FECA
:101C4000C1451D4663ECE5064546198E63F3C700A2
:101C50003E862390C60097A501009385A56089A8BC
:101C6000138895A26300060F634E060B1388A5A286
:101C7000630A060F938505A5E318B6FA99451D4634
:101C800063EEE502198E63F3C7003E862390C6001B
:101C90009385818131A89D451D4663E1E50221467A
:101CA000198E63F3C7003E862390C6009385C188D2
:101CB000BA9597200020E78060260146B240328521
:101CC00041018280AD451D46E3EAE5FE3146198EAD
:101CD00063F3C7003E862390C60097A50100938555
:101CE000255CF9B7B1451D46E3EAE5FC3546198E9A
:101CF00063F3C7003E862390C60097A50100938535
:101D0000255B7DB7C1451D46E3EAE5FA4546198ED8
:101D100063F3C7003E862390C60097A50100938514
:101D2000A55579B7C1451D46E3EAE5F84546198E44
:101D300063F3C7003E862390C60097A501009385F4
:101D40002558BDB7C1451D46E3EAE5F64546198E5F
:101D500063F3C7003E862390C60097A501009385D4
:101D6000E552B9B7B5451D46E3EAE5F43946198EA3
:101D700063F3C7003E862390C60097A501009385B4
:101D8000654D3DB797360020938686D94146CD45AF
:101D9000173500201305C5C56F7060774111939604
:101DA0002500AA852D4506C697200020E780E0E1A2
:101DB000B240014541018280411122C426C24AC07D
:101DC0002A842E89B284AA859306002001462545DF
:101DD00006C697200020E78040DF9316290026865C
:101DE000A285294597200020E78020DEB2402244CA
:101DF00092440249014541018280011122CC06CE64
:101E00003714004026CA4AC84EC652C483447405DB
:101E1000034AB4058349840503499405D53A8347A9
:101E2000A40593F4F40F137AFA0F93E71700230D28
:101E3000F40493F9F90F1379F90FB717004003C7AA
:101E4000A705058B6DFF03D5C705A38D4705238C1B
:101E50003705A38C2705A38B9704F2406244D24434
:101E60004249B249224A0561828041119397050196
:101E700022C406C6C1872E8463DD0700EF104042EE
:101E800019C1EF10403B2165218DB2402244410130
:101E9000828093F7150013C51500E5FB9397250184
:101EA00063DF0700EF20015D37F60200130606E04E
:101EB000896503C54189EF10F00E0965F1B7939765
:101EC00015010145E3D307FC17A5010013050545DE
:101ED000EF90E11B13060064916503C54189EF1083
:101EE000700C116555B71D71494697A50100938582
:101EF000653E17B501001305E58986CEEF104074E5
:101F000001E917A501001305253EEF90411801A036
:101F100037F700E0F9575CC7FD571CCB8566B7E77C
:101F200000E023A0D7101306701010C3B843414639
:101F3000B0C323A0D718B8C3010001001306C00323
:101F400081454808EF10A069973700209387C7683C
:101F50003ECA896793870780231CF100ED47A301E0
:101F6000F1029307A0102312F102D1472303F102DB
:101F7000A167938707E03ECE97070000938747E26B
:101F8000BEC497070000938767E3BEC6B547230822
:101F9000F102B7F50700970700009387E7AE3EDA36
:101FA000814697070000938787E57000E105194592
:101FB0003EDE97200020E78040C1580881479946BF
:101FC00070003E960346060085070507A30AC70072
:101FD000E398D7FED24791C70357810185676373A2
:101FE000F70001A04808EF105035AA8501C917A5D0
:101FF00001001305A530EF80F17701A0F6402561BF
:102000008280411117050000130565E606C622C44B
:10201000EF10302F138441892300A40029280345A1
:1020200004002244B24037F60200130606E0896538
:1020300041016F102077411106C6B7170040130702
:1020400070052380E704130780FA2380E70403C7A1
:10205000F7021305407E814613677700A387E702E6
:10206000238007040147814705468545EFF0CFFCF3
:10207000B240014541016F1030549387C1E223AE55
:10208000F1869387C1EE23A0F1889387C1F64111B1
:1020900023A2F1889387C1FE06C623A4F188AD3C34
:1020A000B240B7E700E03707400023A0E710410146
:1020B0008280938701889C432380A7040545E1BC67
:1020C00081471386018813F7F70F6363A700E1B414
:1020D00018423E9783460700850793C6F6FF230004
:1020E000D704D5B781471386418813F7F70F636389
:1020F000A7006DBC18423E9783460700850793C62C
:10210000F6FF2300D704D5B781471386818813F7DC
:10211000F70F6363A70075B418423E978346070024
:10212000850793C6F6FF2300D704D5B781471386EA
:10213000C18713F7F70F6363A70079BC18423E9776
:1021400083460704850793C6F6FF2300D708D5B753
:10215000B787004003C767001377F70F9376270010
:1021600063840676011106CE22CC26CA4AC84EC622
:1021700052C403C777009306000313770703630B6A
:10218000D70203C7770091461377F7036300D7267A
:1021900063EBE6088546630DD71A63030718894683
:1021A0006308D71C8D466304D720B78700400947D2
:1021B0002383E7003787004083477700E207E18702
:1021C00063D4073A930720FC2301F7029386C18763
:1021D00080428349740083476400A209B3E9F9008F
:1021E0002391318B834714002380F18A0349040033
:1021F000137709066300072813770904631E072075
:1022000013770902630A0720F91793F7F70F254799
:102210006361F73417A70100130787108A07BA977D
:102220009C43BA978287930620026303D71663E91B
:10223000E60293060002630CD70493061002E3162D
:10224000D7F603C76702134707042383E70203C7D0
:1022500067021377C70F136727002383E702B1B71D
:10226000930630026305D71693064002E31FD7F2A8
:1022700003C72703134707042389E70203C727037C
:102280001377C70F136727002389E70239BF03C7F6
:10229000018A9546630BD7069947630AF7008D4775
:1022A000E305F7F0B78700402380070285A89387EE
:1022B000218A03D4070013070004BE8463748700D7
:1022C000130400049387C1871389818A88434204D9
:1022D0008325090041802286EF80713E83D7040068
:1022E0009379F40F818F2391F18A832709003E941B
:1022F00023A4818AB78700402380370303C72702BE
:10230000134707042381E7024DB503C7370083C68F
:10231000218A13770708558FA381E7000947DDB7A6
:1023200083C7870003C7018AA547E310F7E89387AF
:10233000C1879C4317A501001305050D83C707003E
:1023400089E717A501001305A50DEF805154B1BD14
:1023500003C7770013770704E30907E403C767029D
:10236000134707082383E70203C58700913B35BD68
:1023700003C7770013770704E30907E203C7A7023F
:10238000134707082385E70203C58700A13B31BD3A
:1023900003C7A702134707042385E70203C7A70261
:1023A0001377C70F136727002385E702FDBB03C719
:1023B000770013770704E30A07DE03C7E702134732
:1023C00007082387E70203C587003D3BF9BB03C726
:1023D000E702134707042387E70203C7E7021377DF
:1023E000C70F136727002387E702C1B303C777002E
:1023F00013770704E30B07DA03C72703134707081C
:102400002389E70203C58700153345B39387C1E2EB
:1024100083C73700A38EF188620913598941814629
:102420006352090283D7218A930600043E8763F42E
:10243000F6001307000442074183998F9376F70F44
:102440002391F18AB78700402380D702130700FC4D
:1024500029A29387C1E283C72700A38FF1886DBFAC
:102460009387D18983C707002386F1E275B79387E5
:10247000F189CDBF2D47636EF70C17A70100130735
:10248000A7EC8A07BA979C43BA97828783473400A0
:10249000034724009946A207D98F13D78700630604
:1024A000D71663EFE60089466308D70C0D46630B29
:1024B000C71085476302F7049304F00F8147A9A072
:1024C000930710026304F70C93072002630CF70CC8
:1024D0009D47E313F7FE1306000297A501009385BD
:1024E000C5EC1725002013058564EF80511D972743
:1024F00000209387A76369A097A70100938707ED42
:1025000023A4F18A8144C947C207C18363F4370118
:102510002391F18A9387218A03D607009307000449
:1025200063F4C70013060004138A818A9319060115
:1025300083250A0093D909014E862285EF80311840
:1025400003260A004E9623A4C18A9307F00FE39551
:10255000F4ECB78700401307F0FC2381E702B7874C
:10256000004009472383E700F2406244D2444249D5
:10257000B249224A0561828097A701009387C7E28A
:1025800023A4F18A814493072002BDBF83474400FE
:1025900085F797A70100938747E223A4F18A814436
:1025A000A5479DB783474400B5EB97A701009387E4
:1025B000A7DC23A4F18A8547238FF1888144930700
:1025C000F00299B793F7F70F0547638EE7008DC7C1
:1025D000E394D7EE97A70100938787E123A4F18ABC
:1025E0008144B14715B797A70100938767DF23A4FC
:1025F000F18A8144B94709BF97A701009387C7565D
:1026000023A4F18A8144914701B797A701009387DA
:10261000E7DE23A4F18A8144A947FDB581449307ED
:10262000F00FDDB5834724002391F18AF5B383C70A
:10263000C1892300F40003D7218A8547E3FEE7DC44
:102640008547DDB783472400238EF188F1B31377E4
:10265000F90189476310F70A834744008D46638276
:10266000D70663EEF6008546638FD706E393E7EE61
:10267000378700408347A70293F7370795A01307D2
:1026800020086387E704130730086381E702130714
:102690001008E390E7EC378700408347670293F721
:1026A000C70B93E727002303F702BDB3378700402A
:1026B0008347E70293F7C70B93E727002307F70247
:1026C000A1BB378700408347E70293F73707FDB781
:1026D000378700408347A70293F7C70B93E727008C
:1026E0002305F70215BB378700408347670293F73E
:1026F000370755BFE31F07E483473400034724002F
:10270000A207D98F0547E399E7D083C7418A93F79A
:10271000E70F2382F18A09B31377F901894763141C
:10272000F70A8347540083464400A207D58F8D469D
:102730006380D70663E0F6028546638DD706E39A89
:10274000E7E0378700408347A70293F7370793E70F
:10275000C70079B7130720086385E704130730081B
:10276000638FE70013071008E395E7DE3787004023
:102770008347670293F7C70B93E737002DB7378777
:1027800000408347E70293F7C70B93E737003DB755
:10279000378700408347E70293F7370793E7C7007F
:1027A00031BF378700408347A70293F7C70B93E7F2
:1027B00037003DB7378700408347670293F73707F5
:1027C00093E7C700CDB5E31607D883473400034726
:1027D0002400A207D98F0547E390E7C483C7418A45
:1027E00093E717003DB723000400B1B59375F901D5
:1027F0008947639FF50A23000400984283475700E6
:1028000003464700A207D18F0D46638BC70463615F
:10281000F60205466384C7086386B7069C42A38018
:10282000070003D7218A8547E3F8E7BE8947EDBB58
:10283000930520086383B70493053008638BB700C2
:1028400093051008E39CB7FCB787004083C7670275
:1028500029A0B787004083C7E70293F7370401A890
:10286000B787004083C7E702314693F7C708E3976D
:10287000C7FA85472300F70055B7B787004083C7DD
:10288000A702E1BFB787004083C7A702B14593F70E
:10289000C708E395B7F82300C70049B7378600405B
:1028A00003466602B1451376C608E319B6F6D9B7F2
:1028B000B5F52300040003C7418A19C398425DBFE0
:1028C0009C422380070099BF9376170085C2094771
:1028D000A38107002381E7022383E7022385E70220
:1028E0002387E70205472383E7008280937647002A
:1028F000FDDA03C757001147FDB7797126D206D616
:1029000022D44AD04ECE52CC03C88500A1441378BD
:1029100008026311080683C8050009482E84814413
:10292000639A080503A84500AA89328A83471800DC
:10293000034808003689A207B3E70701C2070D68FC
:10294000C187130828906380070581440357A400BA
:102950009727002083D76725631EF7009387C18AD6
:102960009C4389CB0D473AC22316210152C44C0027
:102970004E858297B2502254268502599254F249CC
:10298000624A456182808547EF40507CAA845DFDA4
:102990009387C18A984355DB83471A0083460A0010
:1029A0004C00A207D58FB337F00085073EC24E8595
:1029B000029769BF011117A501001305E5A722CCF5
:1029C00026CA2EC606CEB28436C4EF80416CB2450C
:1029D000214483C78500C18B9DEF03C6050089474D
:1029E0000144A2466319F602D84183471700034702
:1029F0000700A207D98FC2070D67C1871307279069
:102A0000639BE700CC452390C600268509469710B6
:102A10000020E780A0502285F2406244D244056144
:102A2000828041677917630CE502411122C406C612
:102A300085472A84639AF50022852244B240938513
:102A4000C10641016F60903789476396F50085455F
:102A5000EF80105575D1B2402244410182808280BE
:102A6000411126C2AA8441659385C1067D1506C61B
:102A700022C4EF60B034170500001305C5FAEF80DB
:102A8000B049972600209386A612414699451725FE
:102A900000201305E50BEF6090272A8419C517A5C0
:102AA00001001305259AEF80815E2285B240224401
:102AB00023A6918A92444101828041119385C106E7
:102AC00006C6EF407065B2407D1513351500410113
:102AD0008280411122C42E849385C10626C206C677
:102AE000AA84EF407063058915C19727002093875A
:102AF000270683D7A702A285B2402310F400224400
:102B000026859244014641016F50703BB2402244F9
:102B100092444945410182808357250003550500B1
:102B20003385A740420541818280AA8705C21307E9
:102B3000F6FFB376C700054599EA23A00700CCC38A
:102B40002394C7002395E7000145828005458280D4
:102B50002320050082802A8725C1835605008357DC
:102B6000A500B697835625008507958FC207C183B8
:102B7000BE866373F600B286C206C1820D4595CF4C
:102B800081471396070141826364D6000145828024
:102B90003386F500034806000355A70003562700B7
:102BA0008507718D50432A9623000601035627009E
:102BB00005062311C700F1B711458280AA87114588
:102BC000B1CF29CE83D6070003D72700158F8356B0
:102BD0000600420741836373D700BA86C206C182EA
:102BE00009450DCF01476366D7002310D600014584
:102BF000828003D5070003D8A70033780501C843B6
:102C00004295034805003385E500050723000501CB
:102C100003D5070005052390A700F1B78280411175
:102C20001305800406C697100020E78060C9371797
:102C300000408327870A8D451305002093E707206E
:102C40002324F70AEFE09FD2EFE0FFE917A5010088
:102C5000130545B4EF80A143EFF0EFA8EFF06FBA92
:102C6000EF60E14E41219921EFF02FC19710002034
:102C7000E78020E12A86B305B04017A501001305BF
:102C8000658C6F80212F9C410947638FE7000D47BA
:102C90006382E70205476393E704AA8517A501004D
:102CA0001305C5806F80012DAA8517A501001305A6
:102CB0002582CDBF411122C42E8483D5850017A55E
:102CC00001001305258306C6EF80C12A83458400D1
:102CD00048402244B24041016FE0CFFB8280411165
:102CE0009397050122C406C626C24AC0C1872E8416
:102CF00063DF070003C55182652311C12D2B2165B8
:102D0000218DB2402244924402494101828093F7CE
:102D1000150091CF17260020130646EA9385C18B34
:102D200003C55182EF50D16D13451400D9BF93F7FD
:102D3000850099CF83C751821307400681465146CB
:102D4000A14503D5018DEF5011651345840055BF92
:102D500093F705010145D5D7938701839C438544AB
:102D60006389970081C70D49637DF91013450401FC
:102D700049BF03D5018D913303D7018D19E9C1678F
:102D8000F917E315F7FE174500201305E524C933AD
:102D9000F1BF3A85EF10A0637515239CA18C1745F0
:102DA0000020130565238D3B83D7818D6364F50A6D
:102DB00017450020130545228533AA851795010084
:102DC0001305456CEF80011B1386818D974500200C
:102DD000938505421745002013050520C53313755B
:102DE000F50F23A2018C59F103D6818D014781464D
:102DF000ED4503D5018D2395C18CEF40E06F23A6EF
:102E0000A18C630C050C03D6A18C974500209385FB
:102E1000253E97100020E78060109385818C014645
:102E200003D5018D7D31AA8539C51795010013059C
:102E30006566EF8021148D4723A8F182ED45138547
:102E4000818CEF4030030946C14503C55182EF0034
:102E5000701529BF9384418C9840A947E3E6E7F6B3
:102E60001146C14503C55182EF00D0139C40850730
:102E700023A2F18CE5BD854723A8F182239C018C18
:102E8000D9B703D6818D01478146ED4503D5018D24
:102E90002395C18CEF40406623A6A18C1DCD03D69F
:102EA000A18C974500209385A53497100020E780DA
:102EB000E0069385818C014603D5018D1939AA85D9
:102EC00011C9179501001305A55DEF80A10A23A87C
:102ED0002183ADB723A8918255B7894723A8F182F2
:102EE0009DB783D7018D6390A7022399B18C239A54
:102EF000C18C239BD18C2E8617950100130505618B
:102F0000BE856F802107179501001305A5616F80AD
:102F1000011803574500011106CE83D7018D6315B3
:102F2000F702C167F91723A8F18C23AA018C854702
:102F30001306F100854513055030A307F100EF504B
:102F40001179F24005618280179501001305055340
:102F5000EF80E113FDB77D15954763E2A712179740
:102F60000100130727500A053A951C41411122C45C
:102F700006C6BA972E848287179501001305055E51
:102F80002244B24041016F80811003C72500994758
:102F90006314F7002E85B53F179501001305055DF5
:102FA000C5B703C7250095476317F70CC16703D75B
:102FB000018DF91703D5A500630FF700EF60E11647
:102FC000179501001305855BEF80610C17950100D3
:102FD0001305455D75B72398A18C83D7E500096675
:102FE000130606902399F18C83D7050103C55182FE
:102FF000239AF18C83D72501A145239BF18CEF0007
:10300000607A0356E4008355A40017950100130568
:103010002558EF7031765DBF1795010013054559AE
:1030200085B783C5250091476397F5001795010083
:1030300013058559B1B79947639FF5002285D13DA6
:1030400083456400179501001305C5592244B24019
:1030500041016F7031729547639AF5008347140000
:10306000F1F7179501001305A55919BF1795010030
:1030700013058559E1BFB24022444101828082801C
:103080000111680006CEEFE0FF9C83C7818789CBE2
:103090000946C14503C55182EF00C070238C0186EB
:1030A0003245EFE0FF9CF24005618280411113063A
:1030B0000020974500209385E5F217450020130571
:1030C000651206C6EFF07FA6B240130600209745B2
:1030D0000020938565D0174500201305E5EF4101D9
:1030E0006FF0BFA4011117050000130585BF06CEC0
:1030F00022CC26CAEF00F0209384518299470544E0
:103100002380A4002315F100130691009307803E4D
:103110008545130550302316F100A3048100EF50BC
:10312000115B172600201306A6ABD9451305703096
:10313000EF50F159138681829D4513056030EF50A1
:1031400011591306A100894513051031EF5031586C
:103150007000894513052031EF5071571726002064
:10316000130686A6D5450145EF30B0749305000AD5
:103170000D45EF20E03F9305000A1145EF20403F49
:103180007000914513057040A30381002304810062
:10319000A304810002C623050100EF409128130615
:1031A0007100854513050040EF40B127300085458B
:1031B00013051040EF40F1261306A10085451305C5
:1031C0002040EF401126130691008545130550401D
:1031D000EF4031257D55EF30B07B7D55EF60E03A13
:1031E000EFE05FBA17050000130525AAEFF05F872F
:1031F000C1671387018DF9171CC3232207001385AC
:10320000418BEF30313C03C5040085454929F2402C
:103210006244D2440561828023AC05FE1C4191E7E3
:10322000010001000CC18280BA8703A787FF6DFFF0
:1032300023ACB7FE82801DC18346E5FF1307F00F64
:103240009147639EE600411106C697100020E78073
:103250000070B24081473E854101828095473E859E
:10326000828001E9014582800145B240224441014A
:103270008280411122C42A84210542059305D0048D
:10328000418106C697100020E780C06271DDFD57BE
:1032900023200500231285002303F5002105F1B743
:1032A0001387C18D1C43411122C426C24AC006C6E1
:1032B00001440149BA8489E7A165912D0DC401A893
:1032C00003C7E7FF6318A7021DC8A165C92E984070
:1032D000832784FF6317E40223AEF18CFD57232C70
:1032E00004FE230FF4FE2285B24022449244024998
:1032F0004101828011E03E8983A787FF6DBF3E8434
:10330000E5BF232CF9FED9BFA9C9411122C406C6C5
:103310002A849747002083C7B7F22E856368F4009C
:10332000193F0D45B24022444101828083A785FFA9
:1033300099E703C7E5FF9307F00F6305F700E53D45
:103340001545CDB7238F85FE1385C18DF1352285B7
:103350002244B240A165410199A61545828023AE61
:10336000018C82809387018F9C4399E33E85828004
:1033700003D727006316B70003C70700E308A7FEBB
:10338000DC47E5B74111939705014AC006C622C440
:1033900026C2C1872E8963DE0700193711C1613D3E
:1033A00021653345A900B2402244924402494101BB
:1033B0008280AA860145E5D901443D47B35789403B
:1033C000858B95CB9387818E8443BD4791E281475E
:1033D000A2978E070545BE94331585001314050189
:1033E0009C40C8404180829723A0040023A204008F
:1033F000334524014DBF0504E312E4FC0144CDBF75
:1034000097470020938707E09C53411122C406C6CA
:103410001384418395C7829723AAA1820840B747A6
:1034200003009387D73F3305F502B7A7260093879C
:1034300037ECB24022443E9523AAA182410182800A
:10344000974700209387C7DF18409C4BBA9723AA61
:10345000F182E9B79387018E90439746002083C697
:1034600036DE814713F7F70F6361D70A174700204D
:103470000347B7F2914763E1E70A9747002083C704
:1034800067F6918BD1EB0111680006CE22CC26CADB
:10349000EFB070737D576308E50EB2471744002004
:1034A000034474D76374F40C97470020938747D97B
:1034B000C4479747002083C727D66386E406858BD9
:1034C000A9CFD147B384F4026372940A9710002005
:1034D000E78040CAB24763F3F400A6871744002090
:1034E000034474D3818F3384A700974700209387C8
:1034F00067D18387470163CE0702B707C0A8636A15
:10350000F402B70740573E942DA085071397170084
:1035100032970357E7FF39D7828093079002B3842D
:10352000F402858055B7E207E18763D607043304C8
:10353000854003D5618E97100020E780209C19E01C
:103540003704C0A8974700209387C7CBDC53228558
:10355000829709ED974700209387C7E39C4F99C74F
:10356000EF00712CEF10C104EF005120F2406244D3
:10357000D24405618280E37C85FAB707C0A8338412
:1035800087402A947DB797470020938767CBDC4715
:10359000E38EA7FC174700201307C7C683464701E1
:1035A000BA84858A9DC65144338487029747002098
:1035B00083C777C6E3FC87FA97100020E78080BBBB
:1035C0009747002083C737C51D8C2A948387440101
:1035D0001DB713049002338487020580C1BF2A9669
:1035E00009E582800505A30FB5FEE31DC5FED5BF25
:1035F00081473307F5000307070019E33E85828002
:103600008507C5BF01112E8626CAAA841315060197
:103610009305F004418122CC06CE32C697100020DB
:10362000E78040292A8419C53246A68597100020D4
:10363000E780C08E2285F2406244D24405618280D8
:1036400081476314F600054582803307F50085073E
:10365000B386F5000347070083C6F6FFE383E6FE63
:10366000014582809307F6FFBE952A966313C50035
:103670008280FD1583C715000505A30FF5FEFDB774
:10368000814711E9014582803307F50003470700B0
:10369000E31AB7FE8507E319F6FE054582809747D2
:1036A000002083C7F7B9637FF5001387018E931756
:1036B000150008433E9583570500DD8D2310B500A6
:1036C000014582800D458280FD570111174700207A
:1036D000232EF7B69387018F22CC804326CA4AC88F
:1036E0004EC652C406CE56C22A898144974900204C
:1036F000938949B1174A0020130A8AB418448147B4
:103700006374E900B307274103A749021CC409CB2E
:103710000327CA0063F6E700174700202328F7B203
:10372000A1E3835524009DE55C44A1E423A8F18E28
:10373000832AC400228597100020E7804021568408
:1037400055FCF2406244D2444249B249224A924A6C
:10375000056182800345040099375C4081CB1CC41D
:1037600083572400F1D3A2844044D9BF1C44CDDF49
:10377000C5BFDCC475BF9747002083C777AC6371B2
:10378000F5021387018E93171500084393C5F5FFC3
:103790003E9583570500FD8D2310B50001458280BD
:1037A0000D4582809747002083C797A96364F50081
:1037B00001458280411122C426C24AC006C62A841D
:1037C0002E89B284453601C504C505452DA09365F3
:1037D00004F0C205C181414597100020E780800DAB
:1037E0000DE1974700209387E7A19C5B81C7A285E5
:1037F000114582970145B240224492440249410159
:1038000082809387018F9C438DE323A8A18E8547F7
:103810002326050004C52311250123008500A300EC
:10382000F5002322050055B7BA87D84775FFC8C7EA
:10383000F9BF45C539715AD0138B818E22DC26DA47
:103840004AD84ED652D45ECE66CA6AC86EC606DE66
:1038500056D262CC3689328AAE89AA8401445A8D06
:10386000B94D854BF94C03270B00131C3400937A98
:10387000F40F62971C43A9EF13B5FA001345150026
:10388000B3978B0063F65D01930714FFB397FB00BA
:1038900093950701C181528631371DC983270D00D9
:1038A0000145E29784C323A2370163040900230082
:1038B0005901F2506254D2544259B259225A925A82
:1038C000025BF24B624CD24C424DB24D2161828080
:1038D0000504E31A94F92145E9BF094582804111A5
:1038E00022C426C24AC006C6AA842E8932845D3DFF
:1038F000CA852685EFF01FA709C940C10145B2401E
:10390000224492440249410182802145CDBF4111A8
:1039100022C426C24AC006C6AA842E89EFF09FA4FC
:103920002A8419C123110500CA852685A9350145B8
:1039300011E01945B240224492440249410182807B
:103940007547636BA7041387818E1443411126C208
:1039500093143500A696944222C406C6AA873A84D8
:10396000094595C613B5F70039471345150063732C
:10397000F700C5178545B395F500C205C181413FE4
:103980001C400145A69723A0070023A20700B240D0
:10399000224492444101828009458280411106C639
:1039A000EFF05F9C09C50845B240410182800145A6
:1039B000E5BFF54763EDA7049387818E9C431317FA
:1039C0003500BA979843894721C7011126CA06CE08
:1039D0009334F50022CCB94793C4140063F3A700D5
:1039E000451505443314A400420441802EC62685A3
:1039F000A2856D378947324609C5A28526855D3384
:103A00008147F2406244D2443E8505618280894705
:103A10003E858280411106C623A6A18E0295B24042
:103A20009747002023A8A78201454101828099473A
:103A300063E9B7008A059747002093876782BE95A0
:103A400088C18280411106C622C426C2EF50217768
:103A50007146814517450020130585804936173486
:103A600000201304E47D1306000222858145853E73
:103A700023A8018E23A6018E9737002083C7477A9B
:103A800013D527008D8B3E958D473305F502994759
:103A9000930510109384418F35051375F50F23019D
:103AA000A4003305F5021305050F97100020E780E9
:103AB00060E023A4A18E834724001305050F88C06E
:103AC0008A073E9523A0A18EEFF07F89A126834728
:103AD00014009840170600001306068B93962700E3
:103AE000BA9690C293862700850793F7F70FA30035
:103AF000D400B24022448A07BA9790C3924441014D
:103B000082809737002083C7B77317370020034799
:103B1000477363F1E7021387418F184393861700B9
:103B200017360020A30ED67093962700369708C349
:103B30003E8582809307F00FE5BF1C416387071421
:103B400041777D8FB706002089476311D71403574B
:103B50004500630D0712411122C419462A849305BA
:103B6000F00F590506C6EFF0BFB105478D47630951
:103B7000E5101306C003814517350020130585683D
:103B8000EFF0FFA51306C003A2851735002013052B
:103B9000656797000020E7806038173700200357DB
:103BA0002767973700209387E76519E713070020F9
:103BB00097360020239EE664173700200347676589
:103BC00011E70547973600202385E6641737002064
:103BD0000347376411E76D4797360020A38BE662F1
:103BE000173700200347076311E715479736002072
:103BF0002382E662173700200347D76111E70547A4
:103C000097360020A388E660173700200347D76067
:103C100019E703C7070197360020A38FE65E173721
:103C200000200347475F11E7514797360020238460
:103C3000E65E173700200347C75E19E713078002C7
:103C400097360020238FE65C173700200347B75CC8
:103C500019E71307D00297360020A38EE65A0347D0
:103C6000D40111E7094797360020A38BE65A9C57E9
:103C700091C78297973700202397A75CE13381474C
:103C8000B24022443E854101828089473E85828040
:103C9000011122CC06CE2A842EC6EFF06FF6B24573
:103CA000F240818D33A5A502229562441375F50F6C
:103CB00005618280011122CC06CE2A842EC6EFF047
:103CC0002FF4B245F240818D33A5A50222956244BE
:103CD0004205418105618280011122CC06CE2A84F1
:103CE0002EC6EFF0EFF1B245F240818D33B5A5025B
:103CF0002295624405618280973700209387875020
:103D0000985725C3411122C426C206C6BE84029715
:103D100017370020035727532A8441C7BA87637394
:103D2000A700AA87C207C183BA866373E400A2868C
:103D3000C206C182958F51476355F706DC5491C383
:103D40008297854717370020230AF764EF008172B6
:103D5000973700202399874EB24022449244410174
:103D600082809737002083C767639DE797370020DD
:103D70009387476283C79700850793F7F70F173735
:103D80000020A30DF760A18B9DC785471737002042
:103D90002316F7606F00C17397370020A380076078
:103DA000D5BF9737002083C7675FDDD72244B24075
:103DB00092444101C5B7828097370020938787449A
:103DC000D857011122CC06CE3E8401C72AC60297DD
:103DD000324509CD23ACA18E170500201305053B04
:103DE0001539F24062440145056182808307440130
:103DF00063DD07009737002023A0074697070020C0
:103E00009387673323ACF18EC1BF97070020938758
:103E10006736CDBF011122CC173400201304843E35
:103E2000084406CE26CA19E50545F2406244D2444C
:103E3000056182805C58EDDB185C7DD7700085459C
:103E400082971844B247E301F7FE8357C400173541
:103E500000200345053C9305E0043305F502973443
:103E600000209384E43D4205418197100020E780C3
:103E700060A4173700202323A73E5DD59737002085
:103E800083D70739173600200346A6383306F602D3
:103E90009305F00FEFF0AFF4D04C084497370020B3
:103EA00083D7073708C29735002083C58536B38589
:103EB000F5021C5C89818297C84C97100020E7802E
:103EC00000A901459737002023AA0738B9BF41113F
:103ED00022C4173400201304E4321C4426C206C650
:103EE000973400209384C435ADCB1C5CBDC7DC4C3B
:103EF0008DE78357C40017350020034585319305AE
:103F0000E0043305F5024205418197100020E78067
:103F1000609A9737002023A3A734C84C1DCD97374C
:103F2000002083D7E72E173600200346862E33065F
:103F3000F6029305F00FEFF08FEAD04C0844973764
:103F4000002083D7E72C08C29735002083C5652C55
:103F5000B385F5021C5C89818297C84C09C997100A
:103F60000020E780C09E9737002023A9072EB2408B
:103F700022449244014541018280011126CA9734AE
:103F800000209384E42B22CCC04C4EC652C456C2AF
:103F900006CE4AC8AA8AAE89328A31EC1739002087
:103FA000130949268327890099E3A94471A08357FF
:103FB000C900173500200345C5259305E0043305E6
:103FC000F5024205418197100020E780A08E2A84E7
:103FD00041C583274903C9C39735002083C565239D
:103FE000173700200357C722B385E5022A86032529
:103FF00089008981829791451307A005898193974C
:104000002500A29783C607006395E60483C61700C0
:10401000639E560385058A054E86A29552859700B4
:104020000020E780A0EFDC4C814463878700228575
:1040300097100020E780A091F24062442685424913
:10404000D244B249224A924A0561828083D5270030
:1040500075B7DC4CE38B87F4228597100020E7804E
:10406000008FA1B7973700209387C719984729CBAE
:104070009C5FB9C785466315D504411122C4173426
:1040800000201304E41B504C06C61DC697360020C2
:1040900083D606189735002083C5A517B385D502AA
:1040A0003A8589818297484C97100020E780208AC2
:1040B0009737002023A4071AB2402244410182808E
:1040C0008280973700209387A717D84F011122CC01
:1040D00026CA4AC852C406CE4EC62A89AE84328445
:1040E0003E8A35E7973900209389C91183D7C900E3
:1040F000173500200345E5119305E0043305F5026B
:104100004205418197000020E780C07A9737002060
:1041100023A6A7142A8611E92945F2406244D24415
:104120004249B249224A0561828003A5890005C13E
:1041300083A7490389CF9735002083C5850D17379D
:1041400000200357E70CB385E50289818297032598
:10415000CA0191461308A005FD5593D72600C20752
:10416000C183139727002A9703460700631B0603A2
:10417000834817000356270063932803B306D640ED
:1041800063CD960085078A073E952686A28597000F
:104190000020E780A0D8014549B7A300B700B28648
:1041A0006DBF173600200356A6069735002083C53D
:1041B0004506B385C502338696001106E3EEC5F4C5
:1041C00013863400719A1106B29623000701A300EA
:1041D00027012311D7007DB7973700209387470623
:1041E000D44F8DCE91471306A0059305F00F898318
:1041F0008A07B69703D7270003C5070009830A0774
:104200003697631DC500034517006316B5000357B5
:1042100027002391E70083D72700D1BF0145828083
:1042200083C705002300F50083D72500A300F50010
:1042300083D72500A1832301F50083C74500A3018F
:10424000F5001145828023A0019023AE018E82806B
:1042500029C1411126C206C622C4AA8401458DC5C2
:104260002E8422854146978501009385A53A9700C3
:104270000020E780A0CA83C7040005452306F40098
:1042800083C71400A306F400B240224492444101C3
:10429000828001458280011122CC26CA06CE0947C0
:1042A000AA8432846381E50441468147639BC5004B
:1042B000638FE6006397B6000DA841478147638E80
:1042C000E600F2406244D2443E85056182808A85E0
:1042D0002285BD3F41468A8519A88A85953F41467A
:1042E0008A85228531A0E39AB6FC2E86A285268592
:1042F000EFF00FB5AA87F1B723A0A190828001113A
:1043000022CC0354650006CE26CA4AC84EC641C018
:1043100083298500AE842A8803C9090081471317C1
:104320008901618763550702B147054563FA870430
:104330005114420403552800418033878900A28626
:104340004E868545EF901045B337A00085077D1454
:1043500013556900420405891379F90341802380CC
:10436000F400A380A4002381240123928400014748
:1043700019C01387190098C409476383E7000145F2
:10438000F2406244D2444249B24905618280054507
:10439000C5BFC167F917630AF502D94763F7B702CA
:1043A000011122CC2EC606CE2A84EF50D03CB24555
:1043B0006368B50022856244F24005616F70404138
:1043C000F240624405450561828005458280C167EF
:1043D000F9176314F5006F50103A411106C6EF70DB
:1043E000E02E11E15D45B2404101828039714ED627
:1043F00056D25AD006DE22DC26DA4AD852D4AA8A0D
:104400002E8BB28941EF36C6D9379145EF505046D1
:10441000AA844D492DC9B246054A2380340105447A
:10442000630A0B00B68513851400029B050513145F
:1044300005014180E20993D9894163D30902C1454D
:104440005685EF70E035654905E933868400A2851D
:104450002685EF9020782A8905E1310442044180C5
:1044600091472C085685231CF10026CE231D810080
:10447000EF60B04A2A8901C963070A0026859700C0
:104480000020E780C04CF25062544A85D254425911
:10449000B259225A925A025B21618280BA84014A3F
:1044A000ADBF011122CC26CA4AC84EC606CE2A8903
:1044B0003284B689253FAA8405E1938701909C4305
:1044C00081CF05476317E40003C409000504137492
:1044D000F40FA2854A858297F240624426854249BC
:1044E000D244B24905618280AE86014705469705F0
:1044F0000000938525D375B7011106CE2EC6EF7047
:10450000601901C9B245F2400355250005616FA04D
:10451000203AF240494505618280A38601922386B4
:10452000019223AA019023AC019023AE019023A015
:10453000019223A8019023A601909737002093872A
:10454000E7D33707B40098C33747A000D8C337076D
:1045500010009306070A94C7B7065000C106D4C7D7
:10456000930607054107D8CB3707D007410798CFF7
:1045700037070F0098D337C70700130707B8D8D3FA
:10458000416794CB93060701130717F8D8D74177F3
:1045900023AE070094D798DB8280011126CAAA8433
:1045A000214522CC06CE2E8432C636C43AC2EFE074
:1045B0005FCB1DC9A24612473246930700FD230078
:1045C000F5009947A30095002301F5002303D500CA
:1045D000A303E5002312C500AA8522856244F240A8
:1045E000D24405616FE05FD2F2406244D24405617B
:1045F000828023AAA190828023ACA190828023AEE6
:10460000A190828023A0A1928280011122CC4AC86D
:1046100006CE26CA2A890144B30489006368B4001F
:10462000F2406244D2444249056182802EC6EFE0E6
:104630003FDD93170501C183A183B2452380F400B8
:104640009307140093F7F70F850463F9B700CA972F
:1046500009042380A7001374F40F7DBF3E847DBF3F
:10466000C16717350020035505C5FD176302F50224
:10467000411103C6819B9385419206C6EF60506B42
:10468000B240FD57173700202317F7C2410182803F
:10469000828009C925151375F50F1335850E13454D
:1046A000150082800145828023800500F94763E27E
:1046B000C708797122D426D24ECE56CA5AC806D619
:1046C0004AD052CC5EC63684B289AE8A2A8B8144E7
:1046D00063FF3405B307940003CA0700138914006D
:1046E0001379F90F63050A04B3072A0163C1F904BA
:1046F000B307240183CB07005E85613F0DC9930793
:10470000FAFF2380FA0063906B03130519002295CA
:10471000B250225492540259F249624AD24A424B50
:10472000B24B45618280D29493F4F40F55B70145A2
:10473000C5B701458280411126C2AE8422C4973795
:10474000002023A1C7B89737002023ABB7B697370F
:10475000002023A5A7B62A8441469305F00F26859D
:104760004AC006C60549EFE0BFF1631E250397372F
:1047700000209387E7B3884BC145413D41469305EF
:10478000F00F2285EFE0DFEF8544631695022244A7
:10479000973700209387C7B1B24092440249C84777
:1047A000C14541019DB5414681452685EFE05FED5C
:1047B000E31625FD6DBF414681452285EFE05FECA4
:1047C000E30795FCB24022449244024941018280B1
:1047D000411122C426C22E84AA84130600028145F8
:1047E000173500201305C5AC06C6EFE05FDF97372D
:1047F0000020A38097ACA38D819AEFA0E00C8547A1
:1048000019C181474945B24022441737002023018E
:10481000F7AA924441018280814781CD19C9854719
:10482000631BF50083C7550093E707FCA382F500DF
:1048300085473E85828089476317F50083C7550009
:1048400093F7F703E5B70D478547E314E5FE03C784
:1048500055001377F70313670704A382E500D1BF60
:1048600081478DC105C103C755009306000C8547DC
:104870001377070C6308D700930600048D47630382
:10488000D70089473E858280411122C4005D06C65B
:1048900026C21DC8AA84085009C597000020E780D9
:1048A000000B485009C597000020E780400A0854D3
:1048B00009C597000020E780800922859700002025
:1048C000E780E00823AC0402B24022449244410154
:1048D000828009ED9737002083C7A79D17350020F8
:1048E0001305859E81CB138541908280173500206A
:1048F0001305859D8280173500200345859B8280A6
:10490000973700209387C79AC8478280973700203F
:104910009387079A884B828097370020938747991F
:10492000DC4B884382809737002093876798D84B69
:104930001C4385071CC31735002003459597930733
:10494000F00F6305F50091656FE07FD5828001115E
:1049500022CC06CE2E8432C6EF6010639147B2455A
:10496000631FF500938701929C438DC303A3070047
:10497000630E030022856244F2400561028393873F
:1049800081919C4381C703A34700DDB7F240624495
:10499000054505618280011122CC2A84035545001A
:1049A00006CE26CA4AC84EC6EF60504635C52A898B
:1049B000834405008349C500C13D4A85EF705036E8
:1049C00003554400EF60D05783C7C192B1CB6399C0
:1049D000970483C5D1922685EFF01FB219E1238693
:1049E000019203554400EF60305A9147631FF50070
:1049F000035744009737002083D7E78B6317F700EE
:104A0000FD57173700202318F78AF2406244D2443A
:104A10004249B2490561828081499304F00F6DB724
:104A20009307F00FE38FF4FA8346640003564400C3
:104A3000034524004E87A685EFF03FB65DB7797138
:104A40005EC6AA8B2E8552CC56CA5AC806D622D428
:104A500026D24AD04ECEAE8A328B368AEF60103BD9
:104A60006DC1045D2A89F1CC9C50614599C3130541
:104A700040039C5481C751054205418163050A00EA
:104A8000710542054181DC5081C7590542054181CC
:104A9000EFE02FFD2A8455C561468145EFE03FB424
:104AA0009739002083C989806394090083490900EC
:104AB000930700FD2300F400A947A300740123011C
:104AC000F400230364018C50231254011305840164
:104AD00091C908C47146930A440397F0FF1FE78009
:104AE000E04356858C5491C948C45146930A450108
:104AF00097F0FF1FE78080425685630C0A0008C8C4
:104B00007146D285930AC50197F0FF1FE7800041E7
:104B10005685CC5099C548C8594697F0FF1FE78085
:104B2000E03FA2854E85EFE02FFE2254B250925412
:104B3000F249624AD24A424BB24B4A850259456118
:104B4000A1B3B250225492540259F249624AD24A55
:104B5000424BB24B4561828001114EC6AA892E8517
:104B60004AC806CE22CC26CA2E89EF60302A31C52B
:104B70009724002083C4847399E083440500194579
:104B8000EFE02FEE2A8415C981451946EFE03FA5D5
:104B9000930700FD2300F400B947A300340123016B
:104BA000F40023122401A2856244F2404249B24932
:104BB0002685D24405616FE02FF5F2406244D2446D
:104BC0004249B2490561828039715ECEAA8B2E8539
:104BD00026DA4ED652D456D25AD006DE22DC4AD835
:104BE000AE84328BB68A3A8ABE8942C6EF60102202
:104BF00031C92A894145EFE0CFE62A8421C54146E3
:104C00008145EFE0DF9D172500200345256A19E166
:104C100003450900930700FD2300F400BD4723016D
:104C2000F400B247A300740123129400230464012A
:104C3000A304540123054401A30534015CC4A285E7
:104C4000EFE08FECF2506254D2544259B259225ADA
:104C5000925A025BF24B21618280797126D2AA843A
:104C600039454AD04ECE06D622D42EC6B2893689D0
:104C7000EFE02FDF21C1B2459307000D2310F500AF
:104C8000B1472A842312B5002301F500CE8519050A
:104C9000194697F0FF1FE780602823062401A285AC
:104CA0002254B2500259F24913F5F40F925445615F
:104CB0006FE08FE5B250225492540259F249456197
:104CC0008280172700200347D75E9307F00F630DFC
:104CD000F706411126C2AA84394522C406C64AC035
:104CE000EFE02FD82A8439C9930700FD2300F5008F
:104CF000A300950023010500972500209385C55C3E
:104D00000D05194697F0FF1FE78040211729002065
:104D10001309095A83578900A285172500200345E6
:104D200055592315F400834719002306F400224443
:104D3000B2409244024941016FE00FDDB24022448B
:104D400092440249410182808280011156C2AA8A9E
:104D5000314526CA4AC84EC652C406CE22CCAE84BD
:104D6000328AB6893A89EFE0CFCF29C92A842685CD
:104D7000EF60D0091DCD03450500930700FD23001A
:104D8000F4009D47A30054012301F4002312940072
:104D9000231344012314340123152401A285624402
:104DA000F240D2444249B249224A924A05616FE038
:104DB000AFD5172500200345D54FC1B7F240624457
:104DC000D2444249B249224A924A056182803971ED
:104DD00062CC2A8C594526DA4AD84ED652D456D2BD
:104DE0005AD05ECE06DE22DCAE8432C636C4BA8B22
:104DF0003E8BC28A468A8359010403494104EFE08D
:104E00004FC635C53246930700FDA2462300F50084
:104E10009547A301C500A30085012301F5002A845D
:104E200019461105A9C2B68597F0FF1FE780000F4C
:104E300023066401230A2401231574012317540156
:104E40002318440123193401A2856254F2504259B7
:104E5000B259225A925A025BF24B624C2685D254C6
:104E600021616FE06FCA8145EFE06FF7D1B7F25073
:104E70006254D2544259B259225A925A025BF24BAE
:104E8000624C216182809727002083C787428DCBA7
:104E90004111AA8519461385419006C697F0FF1F58
:104EA000E780C007938541901725002003456540A2
:104EB000EFF09F96B2401385419041016F905021D1
:104EC00001458280411106C622C426C21727002050
:104ED0000347373E9307F00F6308F704AA84294578
:104EE000EFE02FB82A8429C1930700FD2300F500C5
:104EF000A1472301F500A300950097270020938781
:104F0000273B83C72700938541901105A30FF5FE2A
:104F1000194697F0FF1FE7806000A2851725002043
:104F200003453539EFE04FBE172700200347873888
:104F300085476315F7029387C1919C4381C79C47BE
:104F400091C382972244B24092445D6603C5819B1F
:104F500013060670914541016FE07F98B2402244EC
:104F6000924441018280797122D406D626D24AD059
:104F70004ECE52CC094445C92A89035505002E8AD4
:104F80005144EF60A068AA8459CD83C7B19BFD1737
:104F900093F7F70F054749446377F7080347C500C0
:104FA000A1476314F70063100A089C5C4544A5EF11
:104FB0009165938545711305C00297000020E78035
:104FC000608F88DCAA894D4439CD1306C002814523
:104FD000EFE0EFE08357090093864900368523917F
:104FE000F90071469305490036C697F0FF1FE78028
:104FF000E0F289472380F90003C5C400B246035696
:105000000900611583C5819B13351500EF80D06BB6
:105010002A8463060A00D2852685EF70807B01C44E
:105020002685EFF07F862285B25022549254025991
:10503000F249624A4561828083C7B19BFD1793F7AD
:10504000F70F05476378F708894751C6011122CC4D
:1050500026CA4AC84EC652C406CEAA89368AB28427
:105060002E89EF60A05A2A84D14729C9485509C51D
:1050700097000020E780A08DF1452685EFE08FD8CE
:1050800048D4CD4705CD8346C40021478147639F5F
:10509000E600630D0A000347A501035605019306C8
:1050A0002501AA854E85EF60B06AAA8703474400B0
:1050B000630F0900136767002302E400F2406244B3
:1050C000D2444249B249224A3E8505618280136733
:1050D0004700DDB7C9473E858280E14763EBA70003
:1050E000972700209387871906053E9503550500ED
:1050F000828041657D158280011122CC2A842E8513
:1051000026CA06CEAE84EF6060500DCDB7470F00C3
:105110009387F723094563E2870281450A85414663
:10512000EFE0EFCBA685231081000A8541802301A3
:105130008100A3010100EF80903BF2406244D24421
:10514000056182804945D5BFA38CA19A82806F807A
:105150007050797152CC2A8A328522D426D24AD014
:105160004ECE56CA5AC85EC606D662C4AE8BB28A46
:10517000368BBA843E89C2894684EF60204915C9BE
:105180002A8C63140A0213774B008347450015CF1E
:1051900093E727012302FC008DEC631C0902639A4C
:1051A000090205E8ED9B2302FC00832B8C03639F1F
:1051B0000B06B250225492540259F249624AD24A22
:1051C000424BB24B224C45618280F59B93E707012D
:1051D000D1B793E747002302FC0001CC1C484146AD
:1051E000A2852324FC0213058C0197F0FF1FE780A2
:1051F000E0D263910B02D5D80325CC0209C597F004
:10520000FF1FE780C074F1452685EFE0AFBF23267E
:10521000AC0261BFE30B09F80325CC0209C597F086
:10522000FF1FE780C072F1454A85C5B79DC483A7BB
:105230000B0299EB916593853571714597F0FF1FCE
:10524000E780406723A0AB0203A50B0219C5714696
:10525000A68597F0FF1FE78060CC6388090283A7CB
:105260004B0299EB916593852571594597F0FF1F86
:10527000E780406423A2AB0203A54B0219C559463F
:10528000CE8597F0FF1FE78060C91DC483A78B02FE
:1052900099EB916593851571514597F0FF1FE78054
:1052A000606123A4AB0203A58B0219C55146A285F8
:1052B00097F0FF1FE78080C62254B2509254F24903
:1052C000B24B224CCA865A860259424BD685528529
:1052D000D24A624A45616FF08FF6011126CA52C464
:1052E00006CE22CC4AC84EC62A8AAE84EF6000326F
:1052F00025C5AA893945EFD0DFF62A8431CD172993
:1053000000200349A9FA6314090003C9090093079F
:10531000000D2310F400AD472301F40093856900CC
:1053200013053400194697F0FF1FE78020BF93F75D
:105330001400858085882306F400A30694002315B5
:105340004401A2856244F240D244B249224A4A85CD
:10535000424905616FD05FFBF2406244D24442494A
:10536000B249224A056182809387C190884301CD6A
:10537000411106C697F0FF1FE780605DB24023A68B
:105380000190410182808280011106CE22CC26CA82
:105390004AC82EC6EF60802739CDB24517290020B4
:1053A0000349C9F0AA840CD5631409000349050018
:1053B0004145EFD01FEB2A841DCD9307000D23102C
:1053C000F500A5472301F50083C7540093856400C9
:1053D0001105A30FF5FE194697F0FF1FE78000B4F3
:1053E0009C54A285F2405CC46244D2444A8542493E
:1053F00005616FD07FF1F2406244D24442490561B9
:105400008280797122D406D62A842EC6EF600020CD
:105410000DCD8346C5001147AA8749456393E6022F
:105420009C5FB24599C383C567010808EF7060436C
:10543000978600009386E6C8100889452285EF60AC
:10544000F035B2502254456182805145DDBF83C79B
:10545000B19BFD1793F7F70F0547637AF704894768
:1054600021CA411122C426C24AC006C6B2842E896E
:10547000EF60C0192A84D14705C563080900834736
:10548000450093E727002302F5004146A685130552
:10549000840197F0FF1FE78060A89C481CD48147D7
:1054A000B2402244924402493E8541018280C9476C
:1054B0003E858280797122D406D62A842EC6EF607A
:1054C000E01401CDB2452285230EB1006C08EF70C7
:1054D000C02CB2502254456182805145DDBF6F60BF
:1054E0006020C1671387E7FF6394E502938781918A
:1054F0009C4391EB494582804945B2402244924405
:1055000002494101828003A30700E30503FE0283F1
:10551000411122C426C24AC006C6FD172A892E841C
:10552000B2846395F502938781919C4391CB9C4310
:1055300081CB829711E523862193A386919275BF33
:10554000A6854A85EFE05FFB4DF9F5B72E85EF6044
:10555000E00B5DD1834705000D45E39027FB2285D5
:105560002244B2400249A685924441016F904034E2
:10557000E14763E8A70441677D1789476384E50431
:10558000411122C426C206C6C547AE842A84631AC6
:10559000F5001305C0033385A50242054181EF9054
:1055A000A0381315140017240020130424CD2295CD
:1055B000B240224423109500814792443E85410128
:1055C000828089473E858280011106CE2AC6EFE09F
:1055D000DFF4EF00107FEF00A072EF3081763245EC
:1055E000972700209387C7CC130700F02391E7008B
:1055F000238207007D579387819BA380E700238048
:10560000A700F240954505616F4090225D71939728
:105610000501CAC086C6A2C4A6C24EDE52DC56DA56
:105620005AD85ED662D466D26AD0C1872E8963D03A
:10563000074C03C5819BEFD0BFC68964416A856A68
:10564000797B2A84938BD4007D1AA50A691B15E007
:1056500021653345A900B640264496440649F259CF
:10566000625AD25A425BB25B225C925C025D61611B
:105670008280834704001307200A639DE7000355D7
:105680002400172C0020034CDCC22286D285EFF0C8
:105690000FAC3DAA1307100903CC919B6397E71643
:1056A000834714001547639EE7002285EFF0AFAEF5
:1056B0002285EFD05FB803C5819BEFD07FBE2A84DF
:1056C00079B739476399E71603554400631B5505BD
:1056D0000C4483C90500639D0900850591C91946DD
:1056E00017250020130545BE97F0FF1FE7800083B4
:1056F000172700200347C7BB85476318F710638A45
:10570000090097270020238507BA4E85EFF06FDB4D
:1057100045B7894717270020230CF7B8EF90001BE7
:1057200041BF93872400631AF50683298400638EA2
:10573000090C83C709008DE383C7290003C719003B
:10574000A207D98F172700202318F7B683C739007F
:1057500017270020A30EF7B417270020034747B5EB
:1057600089476314F70A83C7090081CB9727002074
:10577000238007B403C5090051BF8D47972500203A
:1057800083C515B317250020035505B3172700203F
:105790002300F7B2EF40D00CF1BF93875400631899
:1057A000F5001C4403C50700EFF0CFF111B7B307B4
:1057B0006501C207C1831147636FF7009387C191E9
:1057C0009C43E38707EE9C43E38407EE22858297A0
:1057D000E31005EE1DA89387B400631FF5009387BF
:1057E00041919C43E38607EC9C43E38307ECA2854D
:1057F0001385B4008297E9BF9387C4006310F50254
:105800001C4483C70700E38507EA9307F00FE30111
:10581000FCEAA2856285EFD03FAF71BD9387E400BB
:10582000E315F5FE938781919C43E38307E8DC430E
:10583000A285E9F3B5BD3D476397E70403554400EE
:10584000E30275FF93879401E30EF5FC938734011F
:10585000E31DF5FA9727002083D7E7A5639E47014C
:10586000938781919C43E38507E4DC43E38207E46B
:10587000A28513853401BDBF938701929C43E389C0
:1058800007E29C43E5B71307E003E390E7F883479B
:10589000240005476396E70E83476400138DC1908B
:1058A000F1E383270D00D5CB03CC0700A1490345C5
:1058B0007400930C8400E685EFE09FFA834744016F
:1058C000A303A400835804010358E40003574400D1
:1058D0002A86034534003EC283572401E686E285CA
:1058E0003EC0CE87EFF0AFCE8347340095E7DD476B
:1058F000835804010358E400834674008355440030
:105900003EC2835724013EC06687CE870546628526
:10591000EF50107DA301A40083270D0081C711451E
:10592000EFF09FA403C5C192E30405D883C5D192CB
:10593000EFE09FBCE30E05D68346340093071003C7
:10594000638AF600035644004E8783C5C1923685AC
:10595000EFE0BFC423860192A1BB172C0020034CAB
:105960005C95A9B79387C1919C43172C0020034CE9
:105970005C9491498DDFDC439DDB0145829705BF37
:105980002947639DE70883476400138DC190ADEB01
:1059900083270D00ADC303CC0700A1490345740064
:1059A000930C4401E685EFE0BFEB83470402A303B9
:1059B000A4008358C4010358A401035744002A8655
:1059C000034534003EC28357E401E686E2853EC0CB
:1059D000CE87EFF0CFBF834734009DFFDD4783586C
:1059E000C4010358A40183467400835544003EC299
:1059F0008357E40109BF172C0020034C9C8B71BF17
:105A00009387C1919C43172C0020034C9C8A914999
:105A1000D1D7DC43C1D70145829749B70947639D78
:105A2000E700938741919C43E38407C8DC43E3810B
:105A300007C822858297ADB92D476399E700938700
:105A400041919C43E38607C69C47D5B70D476397B2
:105A5000E70022868D450355440015B91947639523
:105A6000E7069305610113051031EF3081382C08EA
:105A700013052031EF30E13703566400835781016D
:105A80000355440063E8C70083568400035761014F
:105A900063F7E60093050002EF80106811B96374A4
:105AA000E6002313E40063F4D7002314F400035743
:105AB000C4008356A4000356840083556400014843
:105AC0008147EF803065EDB61D47E390E7D403577B
:105AD0004400E3ECE7D2972700209387A7870607C7
:105AE0003E9783576400F1172310F70039BB93F7F3
:105AF000150081CF938741919C4389C7DC4399C3AB
:105B00000145829713451900B9B693F7250081CF57
:105B10009387C1919C4389C7DC4399C3054582970C
:105B2000134529000DBE93F745000145E38507B2F3
:105B30009717002083C71778A5C7FD1793F7F70FAE
:105B400017170020A308F776A1EF938701919C43D4
:105B500091CF854717170020230EF7749387C191C3
:105B60009C4389C7DC4399C305458297971700205A
:105B700093870774C8472C08EF8080002808EFF04F
:105B80008FB0971700209387676F83D727029145BF
:105B900003C5819B17170020A30EF770EFD03FD7E6
:105BA000134549004DBC411122C42A84554506C6FF
:105BB000EFF0AFD2B335A00022852244B2404101BC
:105BC0006F805052797122D406D68D472E84631F80
:105BD000F50003D7A50083D6850003D665000345ED
:105BE000340083D54500EFF04F9609A889671387E5
:105BF000D7006310E50403C5250019E58547B250B9
:105C000022543E85456182809387C1909443FDD69E
:105C100003C6360083C50600814802C202C001489F
:105C2000814701479106EFF08F9A0545EFF0CFF3DA
:105C3000F1B71387E700E303E5FC13873701631A25
:105C4000E50003C525005DD9014781460146814530
:105C500059BFE507E304F5FA41677D178147E31073
:105C6000E5FA03C75500C947E31AF7F883D6E500FC
:105C700003D6C5000355840083D5A500EF80504BA3
:105C800021C15D45EFF06FC53335A000231EA10093
:105C900083454400035524007008EF50D00A835711
:105CA000C101A9FF0357E4008356C4000356A400B2
:105CB00083558400035524000148EF80B0433DBF65
:105CC0008547231EF100E9B7C1671387E7FF639D8E
:105CD000E5009387C1909C4395C383C707000D4798
:105CE000639CA7006F805040FD1749476396F500FD
:105CF0009387C1909C43FDF73A8582804947EDBF69
:105D0000238C019223A0019423AE019297170020C7
:105D10009387075C170700001307E72398C317074B
:105D2000000013070727D8C31707000013072759D8
:105D300098C79387019317070000130727F998C3A3
:105D400017070000130747E8D8C38280011122CC4F
:105D5000138401941C4006CE26CA4AC84EC652C4BB
:105D600099CF2E8AAA840149084063129902630CD4
:105D70000A0497F0FF1FE78080BD23A00194F24042
:105D80006244D2444249B249224A05618280931951
:105D90004900B3073501884709C997F0FF1FE7801D
:105DA00000BB1C40CE9723A407001C40CE97C847D9
:105DB00009C997F0FF1FE78080B91C40BE9923A650
:105DC0000900050955B745DD139644008145EFD01C
:105DD0001F81144081477D5613F7F70FE37197FA3F
:105DE0001397470036972300C7008507F5B70111C1
:105DF00052C4138AC19383270A0006CE22CC26CA36
:105E00004AC84EC656C25AC0C9CF2A89014419EDA4
:105E100093870194944399CA03C681932A84814746
:105E20009305F00F13F7F70F6367C70813153400D6
:105E30002105EFD00FC3AA8401E92145EFD06FC23D
:105E4000AA8421C501444D49930700FD2380F40035
:105E50008547A38024012381F400A38184005DC4CD
:105E60001389840023A224018149938A0194130B8E
:105E7000F00F83C7819363F3F90031E883270A00A9
:105E8000A68503C50700EFD02FC8814503C58193C0
:105E9000753D03250A0097F0FF1FE78040AB23AE56
:105EA0000192F2406244D2444249B249224A924AA3
:105EB000024B05618280139747003697034707001E
:105EC0006305B70005041374F40F8507A1BF83A70A
:105ED0000A0093954900BE9583C705006384670354
:105EE0002300F90083C71500130529007D14A300C2
:105EF000F900194689051374F40F97E0FF1FE78036
:105F0000E0012109850993F9F90FA5B723A204003F
:105F1000B5B7411122C406C62A8405E10945EFF050
:105F2000CF9B2A8611C5854503C5819BEFD09F87EE
:105F30000545EFF05FC72A8401C9854503C5819BEC
:105F4000EFD0FF9C22856535B240224405454101D2
:105F5000828089671387B700631AE5009387C1932E
:105F60009C439DC39C4503C5070065B71387C700C5
:105F70008147631CE5009C4503C50700854711C5A3
:105F80009387C1939C43F5F381473E8582801D71C1
:105F900086CEA2CCA6CACAC8CEC6D2C4D6C2DAC0E1
:105FA0005EDE62DC66DA6AD86ED663080526834751
:105FB00035002A8A95CB404105C85945EFF0EF914D
:105FC00093178501E187916B3EC40149938AC19380
:105FD00093890194930C000D130BF00F138DEB714B
:105FE00083473A006361F902F6406644D644464965
:105FF000B649264A964A064BF25B625CD25C425D29
:10600000B25D2561828083078402224763C1E72A4B
:1060100083A70A00B5CB034704008547630BF70647
:1060200003468400930694009305F1010545EFE0D3
:10603000AFE7814719C18347050083460400114734
:106040006381E60203A70A008D4603471700630A2F
:10605000D70081CB19C70DC98546631FD7028D8B29
:1060600085C703451400130C2400E285EFE04FFFC1
:10607000A300A40083A70900AA84814D95E70346E5
:1060800004009147631AF60C83A709006391072265
:1060900039A48147014555B78946E317D7FE858B5B
:1060A000C1B7850D93FDFD0F83C7819303A509003B
:1060B000E3F7FDFC93974D003E9503470500E3028F
:1060C00067FF03471500E31E97FC1946E2850905A3
:1060D0003EC6EFD0EFD6B24769D583A40900034787
:1060E0000400BE94C9DC9147631CF708C84405C589
:1060F00083478400034605006306F608034704004F
:106100009147631FF708C84419C597F0FF1FE78040
:10611000008423A6040003458400EA85050597E072
:10612000FF1FE780207905C50347040091476312EC
:10613000F708C8C483478400930594000505A30F9E
:10614000F5FE0346840097E0FF1FE78020DD8347CC
:106150008400639207140DBF83A7090095D783C5F8
:1061600081930147E302B7F2BE84C10703C507FF6D
:106170006300650D05071377F70FEDB788C4FDA021
:106180008844B5B7930594000505EFD06FCB8547DC
:10619000E316F5F65545EFE05FF4630E050EEDB539
:1061A000884435D997E0FF1FE780607A23A4040074
:1061B0009DB788C441B7B547231095012301F50069
:1061C00083470400194693052400A301F5008307C3
:1061D000840215052303F50083471400A30FF5FE81
:1061E00097E0FF1FE78080D3034684002386C40026
:1061F00015C21385440188C89305940097E0FF1FDA
:10620000E780C0D183A70A00A68503C50700EFD0A9
:10621000AF8F71A823A80400F5B79387C1939C435F
:10622000E38407DCEFF0BFBC0145EFF0DF976DBB07
:106230002380C40083471400E28513852400A380D3
:10624000F400194697E0FF1FE78040CD0345840026
:106250009385FB71050597E0FF1FE780A06505C5E5
:10626000034704009147E31BF7F0C8C48347840049
:10627000930594000505A30FF5FE0346840097E0FF
:10628000FF1FE780A0C98347840091E7034704000C
:106290008547E31BF7DE83A70A00E38707DE034594
:1062A00084005105EFC0FFFBAA84E31605F0050941
:1062B000130494021379F90F25B3797106D622D409
:1062C00026D24AD04ECE52CC56CA5AC85EC671C1EA
:1062D00083473500AA8985C7444195C05945EFE0F9
:1062E000DFDF931A850193DA8A410149138AC1934A
:1062F000130B00FDC14B83C73900636DF900B25029
:10630000225492540259F249624AD24A424BB24B49
:10631000456182808387F40063C8570783270A009A
:10632000A5C75145EFC0FFF32A8439CD230065018D
:10633000A30005002301750183C704001946938556
:106340002400A301F5008387F4001505A306F500DA
:1063500083C71400A30FF5FE97E0FF1FE78000BC82
:1063600083C78400938594001305C400A305F4003B
:10637000194697E0FF1FE78060BA83270A00A285CD
:1063800003C50700EFC05FF80509C1041379F90FD1
:106390009DB79387C1939C43BDD3EFF05FA5225473
:1063A000B25092540259F249624AD24A424BB24B1D
:1063B000014545616FF02FFF83C7B19BA18B13850A
:1063C000019391E301456FE02FA3411122C485455C
:1063D0002A8403C5819306C6EFF05F9783C7B19BFC
:1063E000A98BA5CB17150020130585EE238C819270
:1063F000EFE02FA0138401941C4091C74D45B2409B
:1064000022444101828003C5819319E10145C5BF42
:1064100091659385B571120597E0FF1FE78080496C
:1064200023A0A19461DD03C6819312068145EFD0BC
:106430000F9B104083C681938147FD5513F7F70FDB
:10644000E376D7FC1397470032972300B700850700
:10645000F5B70145238C0192EFE0AF9945BF9387D3
:106460000191884301CD411106C697E0FF1FE780E7
:10647000004EB24023A80190410182808280011128
:1064800022CC06CE8D472E846316F50603C7350051
:10649000E94703D545006318F7009717002083D715
:1064A00087E16385A706EF50601609C5835764002E
:1064B0002317F5000357A400835684000356640095
:1064C0008355440003453400EFE03F880357440000
:1064D0009717002083D727DE6308F7008547F2402F
:1064E00062443E8505618280FD5717170020231402
:1064F000F7DCEDB78967CD07631DF50083C725007D
:1065000031476385E7004547E39AE7FCEFE04F95A5
:10651000F1B741677D178147E313E5FC83C655005A
:106520004947E39EE6FA83C5450003552400300041
:1065300023140100EF40107C55B7797122D41384E5
:1065400001911C4006D626D24AD00545ADC70D455F
:10655000EFE0BFB8AA841145EFE03FB82A89930560
:10656000F1011305F041EF10E1440347F1019717E2
:10657000002083C707D4B336F00019C70D478946FA
:106580006384E700B336F0001C4036C603C537000D
:1065900093854700EFE04FA81040B2462A87834812
:1065A000B6000348A6009307460003462600CA85A6
:1065B0002685EF802032B250225492540259456110
:1065C0008280FD57238CF1822392019423A60194AB
:1065D00023A8019423AA019497170020938707D03A
:1065E000170700001307C70798C317070000130712
:1065F0004735D8C317070000130767F498C79707F4
:106600000000938707E823A4F1948280411126C2F9
:10661000938401919C4006C622C485CF2A840D45EF
:10662000EFC03FC4AA8519CD930700FD2300F500F4
:106630008D47A30085002301F5009C4003C507009A
:10664000EFC09FCC19C42244B240924441016FF084
:106650001FE1B2402244924441018280797122D4E8
:1066600003544500896706D626D24AD04ECE52CC76
:1066700013876700631EE402938701919C43814462
:1066800089CF18450345070015E10547A380E700BA
:106690000545EF80E02419E98544B250225426854F
:1066A00002599254F249624A456182808537EDB7BA
:1066B000138797006365870403C781839307F00FEF
:1066C000E30CF7FC1C45114583C40700EFC07FB9FC
:1066D000AA8579D1930700FD2300F500894723019E
:1066E000F500F977E1173E9413341400A3009500E8
:1066F000A301850003C58183EFC01FC171BFA90736
:106700008144E31CF4F813890191832709004A8A24
:10671000C9D7184583C41700854783490700638E8E
:10672000F4029717002083C7E7B8BDF70D45EFC007
:106730005FB3AA8505C1930700FD2300F5009147CB
:10674000A30035012301F5008327090003C50700D5
:10675000EFC09FBBEFF0BFD081B79387C1949C433C
:1067600091EF0145EFE07F972A8611C6894503C561
:10677000819BEFD02F8383270A00A9A003C60700BF
:10678000938617009305F1000545EFD0FFF171D90D
:1067900083470500858BF1D70545EFE01F949307EC
:1067A000B0032A8463FDA7025D661306067089455F
:1067B00003C5819B130444FCEFD06F922392819414
:1067C000832709000947A380E7009717002083C7A4
:1067D00067AE99CB97170020238E07AC7DBD1306BB
:1067E00000643306C50251B74E85EFF03FE275B540
:1067F000938701919C43011122CC06CE26CA4AC838
:10680000454499E783C7B19B13F7570009EB494407
:106810002285F2406244D244424905618280138756
:10682000C194184341446DD70347070075D3858B46
:10683000AE842A89C1CB83C704000547F91793F7B3
:10684000F70FE366F7FC916593857571314597E025
:10685000FF1FE780200623A8A1904D4455D92300AF
:106860002501A30005002946A685090597D0FF1F2D
:10687000E780C06A171700200347A7A38D47631B53
:10688000F704EFE0EF872C00EF70802F2800EFE097
:106890008FDF8547454517170020230DF7A0EFE050
:1068A000DF831375F50F97170020A385A7A0014478
:1068B00025D15D6613060670914503C5819BEFD017
:1068C0000F82B9B7EFE0BFC12A84EF409064E37450
:1068D000A4F695BFEFF07FC62A841DD9EFF03FB82C
:1068E00005BF411126C2938401919C4006C622C473
:1068F000A1C383C707000D44639DA702894503C553
:10690000819BEFD0CF80914503C5819B2392019459
:10691000EFC0FFFF97170020A38E07989C4001450A
:10692000A38087002244B240924441016F70507BA3
:1069300049442285B240224492444101828041115F
:1069400006C685476311F50683D74194A1C717177B
:106950000020034727961DEF1307B0036367F70274
:10696000894503C5819BEFC09FFA9307006403D656
:1069700041943306F602894503C5819BEFC09FE22F
:1069800023920194B24041018280938747FC239275
:10699000F194CDBF938701919C43EDD7B24003C5DD
:1069A000070041013DBF938701919C43E1DF83C70D
:1069B000B19B918BE1DB894503C5819BEFC03FF51E
:1069C000B2402392019441016FF07FA983C7B19B2C
:1069D000958BCDC79387C19499E1938741959C434B
:1069E000D1CFFD4763EEC70811C2D9CA411122C4F5
:1069F00026C206C64AC0238CA182B6843284A1C1B5
:106A00001389C194032509007D4681450505EFC022
:106A10001FBD03250900A6852286050597D0FF1F07
:106A2000E780C04F8325090022852380850022440A
:106A3000B24092440249850541016F70F0691389A3
:106A40004195032509007D4681450505EFC03FB905
:106A500003250900A6852286050597D0FF1FE7803C
:106A6000E04B832509002285238085002244B24023
:106A700092440249850541016F7050664945828004
:106A80000945828083C7B19B918B99CF41111385B2
:106A9000819406C6EFD01FB7B240FD5717170020EC
:106AA000231BF7804101828001456FD0BFB59387DA
:106AB000C1948843411122C406C626C23E8419C52A
:106AC00097E0FF1FE780A0E823A6019493874195F4
:106AD000884319C597E0FF1FE78060E723AA019468
:106AE0009384819B83C73400958BA5CF1705002025
:106AF0001305C57EEFD0BFB083C73400958B99E7EF
:106B00004D45B24022449244410182809164938574
:106B100064711305000297E0FF1FE780A0D923A648
:106B2000A19479DD130600028145EFC05FAB938528
:106B300054711305000297E0FF1FE780A0D723AA36
:106B4000A19401C9130600028145EFC05FA9014568
:106B50004DBF084097E0FF1FE78060DF23A6019448
:106B600045B70145EFD0BFA9DDB703C70500937650
:106B700025009377D70F99C29367270013188501D3
:106B80001358884113F7F7076354080013E7070801
:106B9000937685009377770F99C293678700137771
:106BA000050293F6F70D19C393E607022380D5007B
:106BB000634508009377A50281CB8347060093E7DE
:106BC000C7002300F60082807DFD83470600CD9B31
:106BD000CDBF2D456317071403C805000947631E81
:106BE000E812C84103471500034505002207498FF5
:106BF00042070D654187930825A06309170B011112
:106C000022CC26CA4AC84EC606CEBE89B684328475
:106C10002E8963CEE800930705A0630DF7021305E4
:106C200015A0630EA704239004000545A5A09307B3
:106C300045A06307F7086346F706130565AAE31442
:106C4000A7FE85472390F600DC4583C70700230095
:106C5000F60081A0C845EFC0BF99420541814E862C
:106C6000637335012A862390C4004206418283253E
:106C7000C900228597D0FF1FE780402A19A8DC456C
:106C800083D70700239006012300F600A183A30009
:106C9000F6000145F2406244D2444249B2490561DE
:106CA000828099472390F6001946D1B785472390F3
:106CB000F600DC45014583C707002300F60082800B
:106CC000DC45A9CB21472390E60003D7070023002A
:106CD000E60003D707002183A300E60003D72700BF
:106CE0002301E60003D727002183A301E60003D791
:106CF00047002302E60003D747002183A302E600F2
:106D000003D767002303E60083D76700A183A303AB
:106D1000F60041B723900600ADBF2390060005455D
:106D20008280828083C8050089476394F814DC411F
:106D3000797122D406D626D24AD04ECE52CC03C880
:106D4000170083C707002E8422083368F800420822
:106D50008D6713580841138327A0630D680E2A8A94
:106D60003A89B684B285634C0301138707A0630A8E
:106D7000E802938717A06304F808854711A81387D2
:106D800037A06305E80A138767AA8D47E317E8FE73
:106D9000B250225492540259F249624A3E854561EA
:106DA0008280484432C6EFC0BF84420541819D477E
:106DB000E36025FFB3099900D547B24563D4370195
:106DC000B547F9B748442686C2094A9597D0FF1FB0
:106DD000E780C014484493D9090159463306364127
:106DE00081454E95EFC0AFFF9387C1959C4399E3D2
:106DF000814779BF9C438145E5DF528535A0AD478A
:106E0000E31809F8E39E16FB834716008346060045
:106E10005844A207D58F2310F7009387C1959C4350
:106E2000E1DB9C438545E9D78297D9B7AD47E311AC
:106E300009F69947E396F6F84844194697D0FF1F9C
:106E4000E780C00D9387C1959C43DDD39C43CDD390
:106E50008D4565B7AD470DFF8547E393F6F60347CC
:106E6000060093070008E3E5E6F2DC452380E7002F
:106E700041B785473E85828023AE01948947238EA2
:106E8000F182170600201306264681475947B306AC
:106E9000F600238006008507E39BE7FE8947A38C65
:106EA000F182A38EF182239C01943707A00013077F
:106EB000070523A0E1843707E80323A2E184A38D1B
:106EC000F1820547238DE18297E6FF1F2386F6D2E4
:106ED000238D019497660100938606CD97E5FF1FE9
:106EE00023AED5D097E6FF1F238CE6D097E6FF1F91
:106EF000239906D097660100938686C897E5FF1F01
:106F000023A2D5D097E6FF1F2380F6D09766010015
:106F1000938606C897E5FF1F23AAD5CE97E5FF1FE6
:106F20002388E5CE97E5FF1F239505CE9385C18382
:106F300017E5FF1F2320B5CE97E5FF1F238EF5CC65
:106F400097650100938545C517E5FF1F2328B5CC3C
:106F500097E5FF1F23A8C5CC17E6FF1F2328D6CC33
:106F600017E6FF1F2306E6CC17E6FF1F230EF6CA1F
:106F700017E6FF1F231F06CA1386918397E5FF1F9D
:106F800023AAC5CA17E6FF1F2308F6CA1766010021
:106F9000130686BF97E5FF1F23A2C5CA17E6FF1F8A
:106FA0002300E6CA17E6FF1F231D06C81386819536
:106FB00097E5FF1F2386E5C697E5FF1F239305C6C8
:106FC00097E5FF1F23A0C5C817E6FF1F2320D6C8DB
:106FD00017E6FF1F230EE6C617E6FF1F2306F6C6B9
:106FE00017E6FF1F231706C61386D18397E5FF1FF9
:106FF00023A2C5C617E6FF1F2300F6C617660100C9
:10700000130646BA97E5FF1F23AAC5C417E6FF1F5C
:107010002308E6C417E6FF1F231506C41386018460
:1070200097E5FF1F23A0C5C417E6FF1F2320D6C482
:1070300097E6FF1F238EE6C297E6FF1F239B06C23B
:107040009386B18317E6FF1F2326D6C217E6FF1FDC
:10705000230CF6C097E6FF1F2380F6C29767010056
:107060009387C7B297E6FF1F23AAF6C097E7FF1FD3
:107070002388E7C097E7FF1F239507C09387A18365
:1070800017E7FF1F2320F7C0970700009387A7B4D7
:1070900017E7FF1F232AF7BE970700009387C7C88B
:1070A00017E7FF1F2324F7BE97E7FF1F23A207BEA2
:1070B0008280A54763ECA70C17570100130787567A
:1070C0000A053A951C41411122C426C206C6BA9748
:1070D000B2842E848287D547614563E5B70259465D
:1070E00081451705002013052520EFC04FCF2286CC
:1070F000A685170500201305251F97D0FF1FE780E1
:10710000E0E10145B2402244924441018280894736
:107110006145E399F5FE83570600239CF194D5B7AA
:10712000A1476145E390F5FE2146A68513850184BC
:10713000EF30F158F9B785476145E395F5FC97E7DE
:10714000FF1F938767ABD04F97E5FF1F938545AD32
:1071500003C50400EFF07FA16DB785476145E39358
:10716000F5FA97E7FF1F938727A9D05F97E5FF1FE1
:10717000938505ADF1BF85476145E395F5F88347F4
:107180000600238DF182B5BF0945ADBF0945828058
:1071900083C7A19595E38547238DF194058909CD92
:1071A00097E6FF1F938646AE4146A54517E5FF1FAC
:1071B000130585A46F20A035014582800111138835
:1071C000F5FF06CE22CC26CA4AC84EC652C4137852
:1071D000F80FAD4563EE050BBA890A081757010091
:1071E0001307C7463A983E8A832708003689B28437
:1071F000BA9782878545EFD0AFDD2A8419E1EFF099
:107200001F8B2285F2406244D2444249B249224A4D
:10721000056182808945EFD0AFDB2A847DF1268528
:10722000EFF0AF9AF9BF9145EFD08FDA2A8471F968
:107230005286CE854A85EFD00FD0EFF05F87EFF012
:107240007F84EF60D04675BFA145EFD06FD82A8408
:107250004DF95286CE854A85EFD0EFCD2685EFF0E9
:10726000CF96EFF06F95EF60F02661BFB145EFD09C
:107270002FD62A8459F55286CE854A85EFD0AFCBDA
:107280002685EFF08F94EFF02F93EF60B02475B761
:10729000094485BFBD47638CF50663E9B702A5477E
:1072A0006387F50663EDB7009947638CF5049D4746
:1072B000638FF5049547638CF50401458280B547DB
:1072C0006387F50463E1B704AD47F5B7DD47638E27
:1072D000F50263EAB700C947638BF502D9476386B5
:1072E000F502C547C9BFF5476383F50263E4B700FC
:1072F000ED47D1B793072005638BF5009307200D69
:107300005DBF4845828008418280084582804841AF
:1073100082809307F00F630CF506011126CAAA8438
:107320001305000222CC4AC84EC652C456C206CE2D
:107330003A89B689B28A2E8AEFB0BFF22A844D45C7
:1073400015C8930700FB2300F400A3005401231188
:1073500044012302340113058400614663050902D8
:10736000CA8597D0FF1FE78060BBA2852685EFB056
:10737000BFF90145F2406244D2444249B249224A2F
:10738000924A056182808145EFC06FA5F9BF09452A
:107390008280011122CC06CE2A842306B100A306E6
:1073A000C100EF40A02611CD0347C500A147631ED1
:1073B000F70078009306E0070146A28503C58184A3
:1073C000893FF24062440561828078009306E007BD
:1073D0000146A28503C59184E5B79307006433068F
:1073E000F6026FC00FC505C9034705008546930720
:1073F000270093F7F70F63F0F602411122C42A84A5
:107400003A8506C6EFC0CFD3FD572300F400B24043
:107410002244410182808280035705009307000BBC
:107420006313F702834745004947639CE70003471E
:10743000150185476399E7000355250085456F20B1
:10744000F0336D47C5BF8280011122CC06CE2A845D
:107450002EC632C436C2EF40601B0DC98346C5003C
:10746000A14712472246B245639CF600B28603C587
:1074700081842E86A2856244F24005616FF07FE927
:10748000B28603C591842E86A285F5B7F240624488
:1074900005450561828023A4A1968280011122CC3A
:1074A00026CA06CE2A84AE84EF404016A6852285E1
:1074B000EFC03FEE0DE5228523169100EF40001549
:1074C00019CD0347C500A1476310F7027800930662
:1074D000F0070146A28503C58184EFF09FE3F240E7
:1074E0006244D2440561828078009306F007014629
:1074F000A28503C59184D5B7011126CA06CEB684EC
:1075000022CCDD4663E2B608D94663FED50AA5461D
:107510006381D50A63EEB6049546638CD508994617
:107520006387D50A054441687D18631606093AC683
:10753000EFC0FFE9330685403247420641824204EC
:1075400041803305C4004205BA85418132C6EF202F
:107550003032AA8749C181C432462390C400B305A2
:1075600080406244F240D2443E8505616F10D14AAA
:10757000C5466380D504C9460D44E395D5FAC16775
:10758000FD17E31EF6FA65B7F5466380D50463E49C
:10759000B600ED46D5B7930620056388D50293065D
:1075A000200DE391D5F8C167FD170D446319F6006E
:1075B000BDBF09448DBF9306200DE392D5F8310677
:1075C00042064182ADBF15445DBF0D444DBFC1674A
:1075D000FD171D447DB7F2406244D24405618280AC
:1075E00079714ECEAE89C16526D20147AA848946FB
:1075F000175601001306C65BFD15054522D406D6B5
:107600004AD0EF00705B054431CD2A891307300260
:1076100081461146F5452685EFF01FEE2AC65544F2
:1076200031C18357A900CE8601462314F10091474A
:107630002315F10085472300F500B2472C0026856D
:10764000A38007003247FD572301F7003247A3010B
:10765000F700EF00304C2A8411C5324597D0FF1F48
:10766000E780E02E2285B250225492540259F2490A
:1076700045618280411106C6EFF0DFC119C5B240F5
:10768000410117D3FF1F6700832CB2404101828064
:10769000A384A1848280011106CE2AC6EFC0BFBA9E
:1076A0003245FD579145A384F1842384F18423A2BC
:1076B000019623A401962380A196EF207017F24033
:1076C00005616F10D07893970501C18763D60712C3
:1076D000797103C5019622D44AD006D626D22E89C6
:1076E000EFB01FBC2A8449CD034705009307000A69
:1076F0006315F70885474C08A305F100EFC03FC0AC
:10770000AA8405ED8347610171476374F708138705
:1077100017FE1377F70F9306000263F3E608858BD5
:10772000C5C7938741969C43994481CB0355240058
:107730001306B1004C088297AA848347B10099C709
:10774000084409C597D0FF1FE780602095E05247A5
:10775000B7070001938707F07D8FB7071200938763
:107760000710630CF70003476101ED476317F7004B
:10777000035524008545EF2070002285EFB0BFAB94
:10778000B250225421653345A900925402594561F3
:1077900082803707301405073357F700058B41D334
:1077A00013878196184351DB0347510159F723068C
:1077B000F10099472308F100035524006C002317BA
:1077C0000100EFC07FD295BF938781969C439DC3F4
:1077D000035524001306B1004C08829739DDAA84B2
:1077E00083475101B9FB83476101230891002306B8
:1077F000F100D9B79944EDB70145828001458280F7
:107800000DCD834725000547890793F7F70F63766A
:10781000F702411122C406C62A8483550500034598
:1078200035000147F9465D46EFF0BFAEF957231129
:10783000F400B2402244410182808280014582806E
:10784000938571859307000285462380F500FD57D7
:10785000238BF184A385F1842385F184239AD18439
:107860002396019623A8019623A0019823AA0196A6
:107870001386C18497570100938787325CC22387A0
:10788000019697D7FF1F9387E74009472300E6003B
:107890002380E7002388E7002380E7022388E702AC
:1078A000175701001307072FD8DB0D472384D70094
:1078B000D0C7238CD700238CE7021755010013058E
:1078C000A52E170700201307A7A3175601001306BC
:1078D000262C975601009386A62DD8DFC8C3239582
:1078E0000700D0CB239D0700CCCFD4D3238407023D
:1078F0002395070223A60702239D0702170700000E
:107900001307C70A97D7FF1F9387C73C23A0070019
:10791000D8C323A40700828083D705006384A7000F
:107920000145828003C52500828003D705006319C5
:10793000E5002381C500014582802390A500D5BFC5
:10794000C167FD17E30BF7FE4545828039E389489F
:10795000354763911605011106CE22CC26CA03478E
:1079600016000346060093C7F7FF2207598EF18FD2
:1079700032C69DE3C4452A84A685793F3246014735
:10798000630EA60022856244F240A685D2440561BA
:1079900069BF2D473A85828013070008F240624490
:1079A000D2443A850561828083C805000948639501
:1079B000080303A845008347180003480800A207EE
:1079C000B3E70701C2070D68C187130828906395C4
:1079D000070189476FF09FF70545828003C7B1848F
:1079E0009307F00F630AF70441114AC02A89294519
:1079F00022C426C206C63284AE84EFB09F861DC55F
:107A00009307100B2310F5002302050023148500B3
:107A100022442311250123139500B24092440249C8
:107A2000AA8503C5B18441016FB01F8EB2402244C4
:107A300092440249410182808280411126C2AE8473
:107A4000970500209385C58B22C406C62A84EFF0D3
:107A5000BFEC098909C922852244B240A685924417
:107A600041016FF0FFB7B240224492440545410105
:107A70008280411122C426C24AC006C6AA841304C9
:107A8000450013090504835704008DC3084409C544
:107A900097D0FF1FE780A0EB228531468145EFB0EC
:107AA0001FB43104231A04FEE31F24FDB240224414
:107AB000FD572390F400024992444101828093874C
:107AC00081979C4303D707006300A70283D607046E
:107AD000138707046388A6001387070883D707085E
:107AE0006396A7003A8582803E87EDBF0147DDBFE0
:107AF000938701989C4399C703D74700E31CA7FECF
:107B00008847828001458280411106C6D53709C564
:107B10000845B240410182800145E5BF011126CAF6
:107B20009384450022CC4EC606CE4AC852C456C2E3
:107B30005AC026878149014481468147154503562D
:107B4000070045CEC9E20354470083572700B28699
:107B5000A297C207C18385093107E392A9FE35C404
:107B60002E89916593854570228597D0FF1FE78008
:107B700060D42A8B39C9814A014A8C4485C503D611
:107B8000440033054B0197C0FF1FE780203983D79E
:107B9000440088443E9A420A135A0A0197D0FF1FB4
:107BA000E780E0DA63870A00314681452685EFB039
:107BB0001FA3850AB104E3C23AFD232669012314F9
:107BC0008900054521A0630DD6000145F2406244BD
:107BD000D2444249B249224A924A024B056182800C
:107BE00003562700E313F6FE035647003294B2977C
:107BF0004204C2074180C183B9BF0545E35835FD42
:107C0000B9BF938741979C4399E301458280984788
:107C10000357A700E319A7FE13854700828041118F
:107C200006C6C53711C503550500B2404101828023
:107C30000145E5BF411106C6EFF0BFFC11C5034584
:107C40002500B240410182804145E5BF411122C477
:107C50002A842E8506C6F93FAA8505462285EF307F
:107C6000B01D95476305F500BD476313F500214539
:107C7000B240224441018280411122C42A84090574
:107C800006C6EFF04FF6FD57A301F400B2402244C0
:107C9000410182809387C1979C4303D7070063000B
:107CA000A70283D66700138767006388A60013873F
:107CB000C70083D7C7006396A7003A8582803E87B6
:107CC000EDBF0147DDBF411122C4416406C626C293
:107CD0009307E4FF630EF500AA8485E1EFF09FFBB4
:107CE00001E91305F4FFEFF0FFFA19C12310950025
:107CF000B240224492444101828085476394F50456
:107D0000EFF05FF92A846DD5FD572310F500834706
:107D100024001307F00F6384E7021307E00F638A60
:107D2000E700034534000147F9465146A685EFF0C8
:107D30004FDE2285EFF05FF4FD572301F4002302AC
:107D400004007DB78947E395F5FA8545EF30502566
:107D500045F12685EFF01FF42A8455F951BF5D7176
:107D6000A6C24EDE86C6A2C4CAC052DC56DA5AD8B3
:107D7000AE8483C52500F947AA896396F504EFF020
:107D80007FF12A8409ED01442285B64026449644B9
:107D90000649F259625AD25A425B61618280834736
:107DA00025000547890793F7F70FE37EF7FC0345A6
:107DB00035000147F9460146CE85EFF08FD5228583
:107DC000EFF09FEBC9B783AA0400B70700019387C0
:107DD00007F037071200B3F7FA0013070710328ACB
:107DE000638AE7022EC6EFF0FFEA2A89B24505C58D
:107DF000034645000DC293178601E187E3C507F8E6
:107E00004E85EFF00FD98347490093E707F8230227
:107E1000F90095BF014903C761859307F00F194425
:107E2000E304F7F6E147E3E1B7F693D71500FD1752
:107E30008E071757010013076784BA9703A8070036
:107E4000E30408F403AB4700E3000BF4C20A93DA3F
:107E50000A0163850A00C947E398F5F283D6440016
:107E6000904483C5140003C50400380802982A848E
:107E700001FD2C084E85029B2A8421C983C714006A
:107E8000E39407F083C72400230AA100394723089D
:107E9000F1006399E7026247834717000347070031
:107EA000A207D98F0C084E852319F100EFC0CFE34C
:107EB000E30B05EC14080546D9454E85EFF0CFD805
:107EC0002A84D9B583578101F1BF83C62400914725
:107ED000E38BF6EA38080146CE8503C56185EFF0ED
:107EE0004FC32A84E31205EA83C524002808EFF073
:107EF0006FBA19C123000A009840B70700019387A1
:107F000007F07D8FB707120093870710E30DF7E6A0
:107F1000E30B09E683C724002302F900B5B501117C
:107F200006CE2EC6EFF01FD701CD83474500B245E0
:107F3000138717006396E50093F707F82302F5000F
:107F4000F2400561828093874197984319E3014687
:107F500015A81C4703D8A700636B05018358470089
:107F6000B38608016355D500814663941601184312
:107F7000F1BF3E86C10703D3A7FF6317A30099C1D2
:107F800023900501328582808506C206C182F1BF39
:107F9000397152D42E8A4ED69305E101AA895285B1
:107FA00022DC4AD856D206DE26DA328936C63AC4F0
:107FB000BE8AEFF05FF9054435C5AA840355E10197
:107FC0003944EFF0FFB239CD03284500630C0804B3
:107FD0002247B246D6874A86A6854E8502982A84CD
:107FE00031E19307E00F638FFA0203C7040089476A
:107FF000631AF702D8408347170003470700A20718
:10800000D98FC2070D67C18713072790639CE700CC
:108010008347190003460900D285A2075D8E4E856D
:10802000EFF0DF9B2285F2506254D2544259B2598C
:10803000225A925A21618280797122D403542500F8
:108040004ECEAA89228556CA06D626D24AD052CC0E
:108050005AC85EC662C4AE8AEFF07FA601E92285E7
:10806000EF10416E594429E90144B9A003C78900C2
:108070008547AA840144631AF702AA8513858900FB
:10808000EFF0DFA929CD03D7640083D68400D04464
:1080900083D5440003D52900E147EFF07FEFD947AE
:1080A0002A846318F50223A604002685EFF07F9C3E
:1080B00049C0D947E30AF4FA2285B25022549254B7
:1080C0000259F249624AD24A424BB24B224C4561B4
:1080D000828061DD83D744002390FA00F9B71389C9
:1080E0004400014A914B594C154B83550900D5DD8D
:1080F000E14763067A010357C90011C3D947035703
:108100002900835649000326890003D52900EFF092
:108110003FE82A846319850123240900050A3109EF
:10812000E3156AFD59B77DD9835709002390FA00FA
:10813000F5B703D529002DB701112317C100930707
:10814000E00F1306E1000147894606CEEFF05FE439
:10815000F24005618280797122D42A84035585001A
:1081600026D2AE849305210106D64AD0EFF0BFDDBA
:108170006308050E8347850093F7070295CF2AC64B
:1081800003552101EFF05F98AA87B24501ED8357AF
:10819000840039452390F400B2502254925402597D
:1081A00045618280035524004946829711C5835753
:1081B00084002390F400CDB7035924004A85EFF0E2
:1081C0001F9011ED41657D15EFF07F8F19E5835705
:1081D000840025452390F400C1B72310250113071F
:1081E000450081479546035607002DE63147B38782
:1081F000E702130984003146CA8591073E9597C06E
:10820000FF1FE780A0D13146CA85480897C0FF1FED
:10821000E780C0D00356C40003552400414781467F
:10822000DD45EFF06FAD2ACE19E583578400454553
:108230002390F40095B70C480356C40097C0FF1F65
:10824000E780C0CD035524004C08EF10614B29D5C1
:10825000594599B785073107E397D7F8254581BF79
:108260000545B1B7797122D42A840355850026D2F9
:10827000AE849305E1014AD006D63289EFF0BFCC37
:1082800051C58347850093F70702A9E70347140107
:108290009307200519E3834744008356A400504404
:1082A00083558400035524000147EFF07FCEAA8751
:1082B00021E98347140199E703552400EF10613F3A
:1082C000D94711E18147B2502254925402593E8558
:1082D000456182802AC60355E101EFF0FF82AA873B
:1082E00005C9B2450355240049468297AA8759DD3E
:1082F000035784002390E4000347140161F7E1B7BA
:108300005947E317E5FE230009006DBF8547CDB748
:10831000B947F9BF397122DC4AD84ED652D406DEAD
:1083200026DAAA892E8A32C63689EFF0BF9609442A
:1083300015C5834725001307E00FAA845D44638FAA
:10834000E7001307F00F5944639AE700324605E24D
:10835000D2854E85EF10E1422A8415CD2285F25058
:108360006254D2544259B259225A21618280035533
:108370000A009305E101231F0100EFF0DFBC035564
:10838000E101EFF03F8BAA8505464E85EF30C02A0C
:108390002A845DDDE1B79307F00FE301F9FC9386D2
:1083A00024007946A68517F5FFFF1305A545EFF0D4
:1083B000CF82A38124015DB739719387419726DA73
:1083C000844352D45AD05ECE62CC06DE22DC4AD838
:1083D0004ED656D266CA2A8BAE8B328C368A99E03C
:1083E0008149B9A0804483DC44000149835AA40038
:1083F000631499018440E5B78357A400A28963F808
:10840000670105094209135909014104D5B7E3EA97
:10841000FBFE630C0A00834504004840D286628656
:108420003AC6EFB05FE7324769DD19C32310570141
:10843000F25062544E85D2544259B259225A925A3D
:10844000025BF24B624CD24C2161828003D7050063
:1084500083D62500854763E9E60439C7411183C601
:10846000450026C29384550022C426862E841745D3
:10847000010013056573894506C6EFB0DFE1C1470A
:1084800011CD834644008355240003550400014761
:108490002686EFF07FF2814711E1A947B2402244DE
:1084A00092443E85410182803E8582802E8603551E
:1084B000060083D52500854763E2A50205C18346F2
:1084C000460041110147150606C6EFF0FFEE814751
:1084D00011E1A947B2403E85410182803E858280FC
:1084E0002E860355060083D52500854763E2A50245
:1084F00005C18346460041110147150606C6EFF047
:10850000BFEB814711E1A947B2403E85410182801E
:108510003E85828039714ED683D7250083D90500E8
:1085200006DE22DC26DA4AD852D456D25AD05ECEA3
:1085300062CC66CA6AC863E037198547638E09143E
:10854000416BAE8A2A8A2314010002C60144014904
:108550007D1B894B054CC94C054D83D52A0001472D
:10856000814601464E8523130100EFF0FFE4AA8403
:108570006300051209EC13072002930661005A8676
:1085800095455285EFE05FF72A846308051203578B
:10859000810083C7040045C70347A100630CA707F8
:1085A00041476385E7022C005285EF00715E09CDDB
:1085B00034001546D9455285EFE01FE911C5324513
:1085C00097C0FF1FE780A0388147F9A083D7A40098
:1085D0004146130524002300F40083D7A400A1839F
:1085E000A300F400CC4097C0FF1FE780209349040C
:1085F000835781008507C207C1832314F10063F903
:10860000270983D7A400638567098509C20993D91F
:108610000901A1B7E39977F983D7A40009461305A7
:1086200024002300F40083D7A400A183A300F40056
:10863000CC4097C0FF1FE780608E110455BF22C653
:108640000359610003C7A400130524006382770364
:1086500033599903230571012300E40083D7A40053
:108660004146A183A300F400CC401379F90FA5BFC4
:10867000230581012300E40083D7A40013592900B6
:108680001379F90FA183A300F4000946CC4055B734
:108690008357810089FBA947F2506254D254425952
:1086A000B259225A925A025BF24B624CD24C424D62
:1086B0003E85216182808547C5B7C547F1BF797185
:1086C00022D426D24AD04ECE06D683C9E1982A8437
:1086D000AE843289EFD04071637D35052285EFF09D
:1086E0006FDB01C9034725009307E00F5D45630871
:1086F000F700631D0900A6852285EF106105B250C1
:10870000225492540259F2494561828003D50400F3
:108710009305E10023170100EFF0FF820355E1000C
:10872000EFF04FD1AA8505462285EF20F07061D584
:10873000F9B75945E9B713F7050201C7B2856FF0DC
:10874000EFD0411126C24AC006C622C413F98500E3
:10875000AA8463170900139785016187635D070287
:1087600032853684EFF00FCDAA85054663130900E4
:1087700001462685EF20506C01E90145B2402244B4
:10878000924402494101828083479400E5DB83479C
:108790008400E5F7E5B793F72500E5F30D45F9BF4C
:1087A0007971AE8622D42A8403D506009305E101AF
:1087B00006D636C6EFF02FF909CD83458500B246BF
:1087C0000356E1012285EFF01FF7B25022544561B4
:1087D00082800545DDBF13F7050201C7B2856FF042
:1087E000EFC6411122C426C206C693F485002A842E
:1087F00091E4139785016187635007023285EFF09A
:108800006FC3AA85054691E0014622852244B24005
:10881000924441016F20506293F72500014591E396
:108820000D45B24022449244410182807971AE8666
:1088300022D42A8403D506009305E10136C606D664
:10884000EFF06FF0B24601CD834585000356E1019C
:108850002285EFF05FF8B2502254456182800545D1
:10886000DDBF797126D2AA840355A500C16722D441
:108870004AD04ECE06D623170100FD173284B689A2
:108880000149630DF500050583C60400D04042058B
:108890001307E1004181EFF03FB22A8983C604004B
:1088A000D04089451745010013050530EFB0BF9E44
:1088B0001DC503D4A4002285EFF06FB609C57D1451
:1088C0002A94420441806384090023908900B250B5
:1088D00022544A8592540259F2494561828083C6E6
:1088E0000400D0408945174501001305252CEFB041
:1088F0009F9A61F183C60400D04089451745010065
:1089000013050529EFB03F9919C9E30609FA835702
:10891000E100E39287FA0354A9007D145DB703D404
:10892000A40055B7397122DC26DA4AD84ED652D483
:1089300056D25AD062CC06DE5ECEBE8983C7850091
:108940002A8AAE84C18B328C36843A89C28A468B9D
:108950009DE783CB04008947638BFB046285EFF0BE
:108960002F991DC183280500638008025A88D68785
:108970004E87CA862286A6855285829839A032857E
:10898000EFF08F98AA8711ED3945F2506254D25416
:108990004259B259225A925A025BF24B624C2161FF
:1089A00082802946A6855285829745D5F9BFD84051
:1089B0008347170003470700A207D98FC2070D6737
:1089C000C187930607906380D72263CCF60693068F
:1089D0002780638CD70C63C1F60213070780E3CFAF
:1089E000E7F62D45E39309FADC4403C60700CC43C0
:1089F0002310C900228559A213073780E390E7F6B8
:108A00002D45E39409F885472310F900DC4481459E
:108A100083C707002300F40003D5A4000505420521
:108A20004181EFF04FD2835709006315051291077A
:108A30002310F9001146814513051400EFA03FBA39
:108A400029A2930627906381D71863CED712930685
:108A50003790638AD71813074790E391E7F02D45C5
:108A6000E39509F2DC441D472310E90003C7070022
:108A70002300E40003C71700A300E40003D7270086
:108A80002301E40003D727002183A301E40003C7E7
:108A900047002302E40003D76700A302E40083D762
:108AA0006700A1832303F4004DA02D45E39F09EC4B
:108AB000DC446C0083C9170003C70700A209B3E9AF
:108AC000E90011472310E90083C707004E85230002
:108AD000F400DC4483C71700A300F400EFF0AFC636
:108AE000AA8435C50356C100C1659306E100FD1592
:108AF0008329C500EFF0FFD619ED83C60400D040EE
:108B00008945174501001305650AEFB0CFF801E567
:108B1000FD572317F10003C7090089476310F702C7
:108B200083A5490009461305440097B0FF1FE7805D
:108B3000E03E8357090089072310F9008357E100BD
:108B40002301F400A183A301F40001453DBD2317D7
:108B50003101EDB7034705008907BA972310F900E3
:108B60008357A500A300F4008357A500A183230128
:108B7000F400034605004C411305340097B0FF1F75
:108B8000E780C039D9B7C844EFA09FA69317050165
:108B9000C1832A871D45E3EA37DF6399F900231073
:108BA0000900CC4403560900CE95A9B54207B38607
:108BB0003A01418363C7E600B38737412310F900C8
:108BC000CDB723105901F1BF2D45E39009DCCC440A
:108BD0005285EFE07FD4231079012300A400218186
:108BE000A300A4009DB72D45E39109DADC442310CE
:108BF000790183C707002300F400DC4483C7170012
:108C0000A300F40099B75D71CAC02A8903552500F5
:108C10004EDE52DC56DA5AD85ED662D466D26AD0BC
:108C20006ECE86C6A2C4A6C22E8BEFB04FFA130C2E
:108C3000F5FF931D0C01C16BAA8A814917EAFF1F3A
:108C4000130ACA6C93DD0D01938C0197138DC196A5
:108C5000FD1B8357C90063F8F90097E7FF1F83D70F
:108C6000E76A63CE87010355290097E5FF1F9385C7
:108C7000E569EF009118AA841DCDD9442DA883275A
:108C80008900139719009305E100BA9703C41700F0
:108C900083C7070022045D8C2285EFF0CFAAAA8546
:108CA0001DE923108B0003254A00854409C597C0A0
:108CB000FF1FE780C0C9B640264426850649964472
:108CC000F259625AD25A425BB25B225C925C025DFC
:108CD000F24D616182808348490083A60C000356EF
:108CE000E100035529006E8881476A87EFF09FC332
:108CF000AA8411C523108B0003254A0045BF832792
:108D00004A0095E303552900514781465E86BD45DB
:108D1000EFE08FFE97E7FF1F23ACA75E09E5231066
:108D20008B00C54449BF97E7FF1F83D7275E03D752
:108D3000C1963E976347570113C7F7FF569723968F
:108D4000E19603254A0083A50C0003D6C1963E9503
:108D500097B0FF1FE780801C83570A0003570D0060
:108D60008509C209BA9717E7FF1F2311F75A93D94C
:108D70000901C5B5397122DC2A840355250006DEB8
:108D800026DA4AD84ED652D45AD05ECE62CC66CAC3
:108D9000AE8B56D2EFB0AFE32A8A8346C400835528
:108DA000A4000355840078001306D400930CBAFF86
:108DB000651AEFF06FE0420A416B2A898144135A29
:108DC0000A01138C019797E9FF1F938929547D1B92
:108DD0006302090463D094058348440083260C0091
:108DE0000356C10003552400528881471387C1965A
:108DF000CA85EFF03FB315C5814A0356C1008355BC
:108E0000A4004A859306E100EFF0BFA52A89639B81
:108E10000A065DFDF1EC8357840029452390FB0091
:108E200035A80356040183D7C196E317F6FC8325C2
:108E30000C004848EFA0DF8061D183A74900A1E37F
:108E400003552400454781465A869D45EFE0CFEA09
:108E50001DE18357840045452390FB00F250625486
:108E6000D2544259B259225A925A025BF24B624C86
:108E7000D24C2161828097E7FF1F23ABA748835A1A
:108E8000A900A5BF83A74900A69723805701938710
:108E900014001397070183A74900418393DA8A00DE
:108EA000BA97238057011387240083A6490093872C
:108EB0003400420791044183C207C204C183C180C8
:108EC000369711CD8356E1002300D70003A7490050
:108ED000BA970357E10021832380E700D5BDFD56F3
:108EE0002300D70003A74900BA972380D7001DB7F6
:108EF00003552400898097E5FF1F9385254197E757
:108F0000FF1F23959740EF00415529D95945B9B71F
:108F1000411122C406C693F705012A84328585C310
:108F2000EFE05FD1AA8505462285EF20E0709547E6
:108F30006305F500BD47631DF502214515A893F7AC
:108F4000450099CBEFE01FCF0546AA852285224434
:108F5000B24041016F20406E93F7050489C7EFE0EE
:108F60007FCD0146DDB713F5150013351500060555
:108F7000B24022444101828079714AD04ECE52CC17
:108F800006D622D426D22A8AAE89014983D749003F
:108F90006364F9000145A1A083A709001314190017
:108FA000930414003387970003470700A29703C573
:108FB000070022079305E100598DEFE0DFF805E98E
:108FC00083A7090005453E94034704002380E7007A
:108FD00083A70900BE9403C70400A380E700B25032
:108FE000225492540259F249624A45618280834573
:108FF00085000356E1005285EFF09FF105C183A77C
:1090000009003E94034704002380E70083A709007A
:10901000BE9403C70400A380E700D1B70509420945
:1090200013590901A5B7011122CC2A8403D50500E3
:109030009305E10006CEEFE01FF101CD83458500E9
:109040000356E1002285EFF0BFECF2406244056177
:1090500082800545DDBF397126DAAA8403552500D3
:1090600006DE22DC4ED652D456D25AD05ECE62CC28
:1090700066CA6AC82E8A4AD8EFB06FB5AA8A83C674
:10908000C40083D5A40003D58400138CAAFF780004
:109090001386D400EFF04FB2420CC16CAA89014490
:1090A000135C0C01138BC196938B0197FD1CED1A79
:1090B00017EDFF1F130D8D25638B091A0356C10091
:1090C00083C5890003D52400EFF09FE42A89631B40
:1090D000051883C8440083A60B000356C10003D5BE
:1090E0002400628881471387C196CE85EFF09F8365
:1090F0002A896319051639C003D7C196110797E766
:10910000FF1F83D7C7206395E700A29763C0570965
:1091100097E7FF1F83D7A71F3354F40203D524001A
:1091200097E5FF1F9385851E97E7FF1F2390871EF6
:10913000EF0021502A890DC559491DA003D52400EF
:10914000494781466686C545EFE00FBB97E7FF1F9D
:1091500023A0A71C0DE583D7A90045492310FA00D9
:10916000F25062544A85D2544259B259225A925A04
:10917000025BF24B624CD24C424D2161828083579C
:109180000B00910717E7FF1F2313F71883274D00E4
:1091900003D7A9009306E100A2972380E700930775
:1091A00014001397070183274D0041834E85BA971A
:1091B00003D7A90021832380E7000356C10083D58C
:1091C000A400EFF00FEA1307240083264D00930755
:1091D0003400420711044183C2074204AA89C183B3
:1091E0004180369739E1FD562300D70003274D0013
:1091F00083A50B00BA972380D70003254D0003D623
:10920000C196229597B0FF1FE78040D183570B008E
:109210003E9442044180E31D04EE83D78400231072
:10922000FA00E31F09F2294925BF8356E10083A50F
:109230000B002300D70003274D00BA970357E10026
:1092400021832380E70003254D0003D6C196229594
:1092500097B0FF1FE78080CC83570B003E944204F9
:10926000418099BD83D7A9002310FA006DB7014949
:109270005DB75D71A6C2CAC0AA84035985000355B3
:109280002500A2C44EDE56DA5AD85ED662D466D223
:109290006AD086C652DC6ECE2E8BEFB04F93930B06
:1092A000D5FF7115931905010144138DD40093D98D
:1092B0000901138CC196938C019797EAFF1F938A3B
:1092C000EA046358741583C6C40083D5A400130749
:1092D000E1006A864A85EFF02F8EAA8D630B051296
:1092E0000359A500834585000356E10003D52400FA
:1092F000EFF01FC26314051283C8440083A60C005C
:109300000356E10003D524004E8881471387C19698
:10931000EE85EFF02FE1631305101DCC83D7C196C6
:1093200017E7FF1F0357A7FE8907630EF70697E7A6
:10933000FF1F83D7C7FD3354F40203D5240097E5FC
:10934000FF1F9385A5FC97E7FF1F239187FCEF0084
:10935000811A05C5594515A003D5240041664D471E
:1093600081467D16A545EFE02F9997E7FF1F23A1C2
:10937000A7FA1DE123102B014545B640264496442B
:109380000649F259625AD25A425BB25B225C925C45
:10939000025DF24D6161828083570C00890717E7F7
:1093A000FF1F2316F7F683D7C196A29763D37707DB
:1093B00083A74A0003D7AD00130A2400A297238095
:1093C000E70005049317040103A44A00C183420A7D
:1093D0003E9483D7AD0083A50C00135A0A01A183E4
:1093E0002300F40003A54A0003D6C196529597B016
:1093F000FF1FE780A0B203540C00C167FD17529411
:1094000042044180E30FF9EA0509420913590901B1
:109410004DBD294509FC23102B0185B76DDC01BF2B
:109420008357050099E309458280411126C24441D2
:1094300022C406C683C60400D0402A848945173555
:10944000010013056576EFA01FE551C18347240095
:1094500025476145E51793F7F70F6366F70803D7CC
:109460004185054549C383570400BA974167634C5A
:10947000F706916593852570314597B0FF1FE7800A
:109480006043AA844D45A5C08357040083D5418518
:1094900001460147B386E500C206C182634AF7046C
:1094A000AE97C207C18319C2239AF18423A0040096
:1094B0002146A2851385440097B0FF1FE78000A6D0
:1094C000938741979C439DEF23AA91963DA883C61D
:1094D0000400D0408945173501001305256DEFA024
:1094E0009FDB2DF50945B240224492444101828020
:1094F00050401315470005072A962315D600054648
:1095000051BFBA87984375FF84C30145E9BF011174
:1095100006CE22CC26CA4AC809E98944F2406244F0
:1095200026854249D244056182802AC62A842800C1
:1095300036892314B1002305C100EFF07FEEAA8421
:1095400071FDE30D09FC8357A400E1DB9165938570
:109550005570314597B0FF1FE780C0350DC5835763
:10956000A40023200500232425012312F50093875E
:1095700001989C4389E723A0A1984DB7BA879843E7
:1095800075FF88C361BFCD4451BF83C7E19695E3A2
:1095900085472387F196058909CD97B6FF1F9386E6
:1095A00066734146914517B5FF1F1305A56E6FF011
:1095B0001FF601458280A385A1848280C167FD17C3
:1095C0006318F500FD572390F50023810500828084
:1095D00083D70500E388A7FE828001114AC806CE22
:1095E00022CC26CA85472A896393F5044A85EFE091
:1095F0000FCD39E9C1649385F4FF1307E100894673
:1096000017360100130606590545EFE0FFDA2A84F4
:10961000FD140DC44C444A85EFF05FFA0356E10097
:1096200022858146A685EFF0CFA32A84DDB789473E
:109630006396F5008545EF20A0164DD9F2406244AF
:10964000D244424905618280EFE0AFC265B79165BF
:109650004111938515701305200D06C697B0FF1FA5
:10966000E780402523ACA196AA879306050C7D5779
:109670002390E7002392070023A607002398070002
:1096800023AC0700239E070023A2070223940702AE
:1096900023A80702239A070223AE07029387070431
:1096A000E398F6FC23AED196F9572313E50C231467
:1096B000E50C2316E50C2317E50C2310F50C2311FC
:1096C000E50C2305050C2308050C2302050C17E502
:1096D000FFFF13050569EFD01FDC17F5FFFF13052A
:1096E0004584EFA07FC117E5FFFF1305055EEF205E
:1096F000A002B240014541018280011106CE2AC676
:10970000EFD08FF7EFE0CF9332457D572385A184CB
:1097100097E7FF1F9387C7BE23810700F24023907E
:10972000E700238BA18417050000130545EB0561B5
:109730006F10907E93970501C18763D707387971C1
:1097400003C5A18422D452CC06D626D24AD04ECE0E
:109750002E8AEF90FFB42A8421C90347050093079E
:10976000000B6310F7048547A304F100938701976A
:109770009C4323150100A1E7EF00E07F91659385ED
:10978000357097B0FF1FE780E01223A8A19605E986
:109790008347910099C78345440013058400EFD0A7
:1097A0007FED2285EF903FA9B250225421653345C9
:1097B000AA0092540259F249624A45618280614688
:1097C000814517E5FF1F130565B4EF905FE103497D
:1097D0004400894797E9FF1F938949B36316F90A43
:1097E000035524009D4763E3A7021317150097E76D
:1097F000FF1F938727B6BA9783D7070081EB0566CB
:10980000130686849305B00FEFC01041EF00A076D9
:1098100097E7FF1F239CA7AE0355240097E5FF1F82
:109820009385C5AEEFF030320357240097E7FF1F52
:1098300083D7C7AD8356840011ED63E4F60023148B
:10984000F400835584003A85EFD05FC52285EFD0C0
:10985000BFBC3DBF63E4F6002314F40083578400CB
:10986000D9450D4697E6FF1F2392F6AA97E6FF1FFC
:109870009386C6A93A85EFD03FBD8D4561D917E5DE
:10988000FF1F1305A5A8E1A09947631CF9029305E2
:10989000A1002285EFF00FCEAA844DD9D947639B52
:1098A000F40E0509035524001379F90FD94597E6FD
:1098B000FF1F9386A6A54A86EFD01FB9CA8559D542
:1098C0007DBFA1476318F9009305A1002285EFF041
:1098D0005F9AD9B7A947631FF906035584006C0046
:1098E000EFE06FE6AA84630705160355240041667E
:1098F0009306E10055477D16AD45EFD0FFBF97E7D2
:10990000FF1F23A7A7A0AA8649C183484400035884
:10991000E1000356C10003552400A68581474E8708
:10992000EFF04F80AA846316051003552400CE85FE
:10993000EFF05042E30C05F003552400CE862D468F
:10994000D945EFD07FB0E30305F0AD454E85EFD0AC
:109950007FD2EDBDB1476315F910035584006C004B
:10996000EFE06FDEAA846307050E0355240041660D
:109970009306E10059477D16B545EFD0FFB797E74D
:10998000FF1F23A7A798AA863DE183578400C544FB
:109990002315F10003471400D147E309F7EA834791
:1099A00044000355240097E5FF1F9385259617E78C
:1099B000FF1F230DF7948357A10017E7FF1F2318FC
:1099C000F79497E7FF1F23859794EFA0FFB1E30F6C
:1099D00005E60355240097E6FF1F93862693054668
:1099E000D945EFD07FA6E30305E6854549BD834809
:1099F00044000358E1008357A4000356C1000355F7
:109A00002400A6854E87EFE0FFF1AA841DE10355EF
:109A10002400CE85EFF0D039E30A05E20355240097
:109A2000D945CE863546EFD03FA2B545E30005E2E5
:109A3000B9B5D9476393F400814403A5490097B0B1
:109A4000FF1FE780C0F0E38304E083578400231501
:109A5000F10089B78357840085442315F1001DBFA9
:109A6000B9476318F9009305A1002285EFF0AF997B
:109A700025B5C1476318F9009305A1002285EFF0D1
:109A80008FDD19BDC947631AF900130691009305CC
:109A9000A1002285EFE00FFD01B5D947631DF90054
:109AA0009305A1002285EFE00FEBAA84E31805DE01
:109AB000A304010061BBE147E31AF9D89305A100B3
:109AC0002285EFE06FD7C9BB01458280E9CA011149
:109AD00052C42E8A854522CC4EC656C206CE26CA10
:109AE0004AC8AA8AB6893284EF10904BD14715C173
:109AF00083C7C19883C6D198814419E0B684BE86D5
:109B000013874198184393974400BA9763EDD400A4
:109B1000D547F2406244D2444249B249224A924A6D
:109B20003E85056182803E89C10703D727FF09C7AB
:109B3000850493F4F40FD9BF29CC9565938525C08E
:109B40001305000297B0FF1FE780C0D62326A900A7
:109B500061D113060002814593840404EF903FA86D
:109B600023119900230009002313590115C41387F9
:109B700041998347940010432304F900118C8327F3
:109B8000C90011841180238E870023A029018147F9
:109B900049B723260900F9B723044901FDB78547D2
:109BA0003E85828093874198984383C5C1988147B9
:109BB0006395F50081463685828003562700BA8674
:109BC00019C2E30AA6FE850793F7F70F4107CDB741
:109BD00093874198984303C6C19881476315F6005F
:109BE00081463685828083552700BA8689C583459C
:109BF0004700E388A5FE850793F7F70F4107F9BFF4
:109C000093874199984383C5F19881476395F500FF
:109C100081463685828003560700BA8619C2E30A58
:109C2000A6FE850793F7F70F4107CDB793874198B5
:109C30009C4303C8D19801476315E80081463685E7
:109C4000828003D62700BE8619CA03D66700631830
:109C5000A600D04709C603562600E302B6FE050754
:109C60001377F70FC107C9BF411122C4404526C26F
:109C700006C6AA8415C0484409C597B0FF1FE780EF
:109C800000CD484809C597B0FF1FE78040CC22852A
:109C900097B0FF1FE780A0CB268541468145EF9016
:109CA0001F94B2402244FD57A384F4009244410122
:109CB0008280011122CC2A840355250006CE2EC6AF
:109CC000EF107004324622858145EF00B061228595
:109CD0006244F24005616FF03FF90DC5035725005E
:109CE000411122C406C62A8411CBDD45EF00706302
:109CF00022852244B24041016FF01FF7B240224456
:109D0000410182808280411126C231479304C5FF00
:109D10003387E40297D7FF1F9387C76006C622C424
:109D20003E978356A7006397B602484305C53E8415
:109D30009307F00F6306F60083470500639CC70096
:109D400097B0FF1FE780A0C0B147B387F402A29786
:109D500023A20700B2402244924441018280411173
:109D600022C42E8426C24946AA848145228506C67D
:109D7000EF90FF86B9CC83C7C40113974700938740
:109D800041999C43BA9703D707002310E40003D7F7
:109D9000270083D767002311E4001387A198035796
:109DA00007002312E40003D704002313E40003D7C1
:109DB00024002314E40003D744002315E40003D750
:109DC00064002316E40003D784002318F40023174B
:109DD000E400B24022449244410182809387419939
:109DE00003A8070093874198904383C5C198014712
:109DF00081476394E5003E8582808346060081CEDC
:109E0000544691CA83C6C6019206C2966315D50010
:109E1000850793F7F70F05071377F70F4106D1BFB3
:109E2000130600643386C50293069500AA851705BC
:109E300000001305C5EA6F90DF9F411122C406C6DA
:109E40002A8403459500EF90BFAFFD57A304F400AB
:109E5000B240224441018280011122CC4AC84EC640
:109E600052C456C206CE26CA2A89AE890144138A34
:109E700041989D4A83C7D1986362F40463970902AD
:109E800093894198130AF00F83C7C1986366F4065B
:109E90001144A1442285050442041306F00FCA852B
:109EA0004180EFF05FE6E31794FEF2406244D24453
:109EB0004249B249224A924A0561828083270A00B8
:109EC00093144400BE9483C704009DC383D76400E9
:109ED000639027036396590103D52400EF10A06215
:109EE00026854E868145EF00F03F2685EFF0DFD7CF
:109EF00005041374F40FBDBF83A709009314440035
:109F0000BE9483C704009DC383C794006380470346
:109F100083D76400639C27012685EFF01FF2268516
:109F2000D145EF0010402685EFF01FD405041374CF
:109F3000F40F99BF41677917630BE502411122C401
:109F400006C685472A846399F50022852244B240DB
:109F5000814541016FF05FF089476396F5008545C3
:109F6000EF1010047DD1B2402244410182808280F2
:109F70009D456FF07FEE03D5A1988280011106CE3A
:109F80002317A1002316B10003C7819885476318E2
:109F9000F70070009305E1000545EF40F011F24035
:109FA00005618280A947631CF60483C7150003C7B7
:109FB0000500A207D98F2310F50083C7350003C71A
:109FC0002500A207D98F2311F50083C7550003C7C9
:109FD0004500A207D98F2312F50083C7750003C778
:109FE0006500A207D98F2313F50083C7950003C727
:109FF0008500A207D98F2314F5000145828005450D
:10A00000828091476314F60283C7150003C70500D9
:10A01000A207D98F2310F50083C7350003C7250099
:10A02000A207D98F2311F500014582800545828062
:10A030009387C5FF93960701C1820D476360D702DE
:10A0400031473387E70297D7FF1F9387A72DBA972A
:10A050002381A7002390B7000145828009458280B3
:10A0600071152395A1982387B1982388B198828090
:10A070001905956542054111938535C0418106C694
:10A0800097B0FF1FE780008311C5B240E955410139
:10A090006FF08018B240410182804111238CA19859
:10A0A0001306000317D5FF1F1305C527814506C6F4
:10A0B0002386019823870198A3870198A386019896
:10A0C00023840198A3840198238F019823950198F4
:10A0D00023A20198EF90AFD0EF10E04B03C5C199D8
:10A0E00015C99565938545C0120597A0FF1FE780A8
:10A0F000607C23AAA19819CD9387C19983C71700C3
:10A1000003C6C1998145A386F198A387C198120619
:10A11000EF90EFCC9387D19883C7070003C5419A8E
:10A1200095653E951375F50F2386A198938555C0C7
:10A13000120597A0FF1FE780E07723A2A19821C115
:10A1400003C6C19812068145EF906FC99387419865
:10A15000984383C6C198814725077D56639AF600C8
:10A16000B24017050000130525DD41016F10C05AEC
:10A1700085072300C70093F7F70F4107C5B723866C
:10A180000198A3860198E9BF41119397050126C262
:10A1900006C622C4C187AE8463DA070803C5819965
:10A1A000EF900F902A8429C90347050093070009FF
:10A1B0006311F70403471500CD476317F7060345FE
:10A1C000250097D5FF1F83C5E50483C7E198930653
:10A1D0006400014601472E886317E50219C22387F0
:10A1E000F19883C7E19891C7854503C58199EF90A0
:10A1F0000FCB2285EF902F842165258DB24022441C
:10A2000092444101828003C60600B29713F6F70F0D
:10A210009377F80F6374B6009377F60F05071377FB
:10A22000F70F890605464DBF0125E1B793F71500E5
:10A230000145E9D7EF00D06A09C983C7E19891C702
:10A24000854503C58199EF908FC513C514007DB76F
:10A2500085462A8763FBC60483C7150003C605002D
:10A26000A207D18F2310F500639CD70083C7350068
:10A2700083C62500A207D58F2311F50001458280F2
:10A28000894601456394D70283C7350083C62500FC
:10A29000A207D58F2311F70083C7550083C6450059
:10A2A000A207D58F2312F70082800545828091474F
:10A2B0006314F60283C7150003C70500A207D98FF0
:10A2C0002310F50083C7350003C72500A207D98FE7
:10A2D0002311F50001458280054582809147631472
:10A2E000F60283C7150003C70500A207D98F231004
:10A2F000F50083C7350003C72500A207D98F2311B6
:10A30000F5000145828005458280A1476314F6046B
:10A3100083C7150003C70500A207D98F2310F500D6
:10A3200083C7350003C72500A207D98F2311F50085
:10A3300083C7550003C74500A207D98F2312F50034
:10A3400083C7750003C76500A207D98F2313F500E3
:10A3500001458280054582808947631CF60083C7DA
:10A36000150003C70500A207D98F2310F50001458A
:10A370008280054582808357260079714ECE06D6AD
:10A3800022D426D24AD01307F007AE896372F702AF
:10A3900009473AC42316F100300093F5F50FEF108A
:10A3A0006015B250225492540259F249456182809C
:10A3B00003574600D9462A89328463F8E60083575A
:10A3C000660063F4F6006379F7002314010030009F
:10A3D00093F5F90F4A85E1B70355060002C4EFF083
:10A3E0003F82AA8459C1EFF07F9F83C784006369CD
:10A3F000F5001146A246CE854A85EF10800555B777
:10A40000340026869305F00F4A85EFF02FEC75F1A6
:10A41000A24703578400DC472390E700035724003A
:10A420002391E700035744002392E7000357640099
:10A430002393E70003D744002394E700DC4485CB53
:10A4400093F4F90F2286A6854A858297C167FD1786
:10A450002A86E311F5FA22459947F9452300F500CC
:10A4600023029500EFF0DF9B2DBF094661B701463F
:10A4700051B7A947631CF60483C7150003C705003D
:10A48000A207D98F2310F50083C7350003C7250025
:10A49000A207D98F2311F50083C7550003C74500D4
:10A4A000A207D98F2312F50083C7750003C7650083
:10A4B000A207D98F2313F50083C7950003C7850032
:10A4C000A207D98F2314F5000145828005458280BB
:10A4D00083C705002300F50083C71500A300F5001E
:10A4E00083C7350003C72500A207D98F2311F500C4
:10A4F00082802322050003C7450089476304F700D3
:10A500000545828083D665000D47E37BD7FE9C45D9
:10A51000011106CE22CC26CA4AC84EC683C41700F3
:10A5200003C60700A204D18C138644006311D6042D
:10A5300003C4370083C72700AE8922045D8C9307CC
:10A54000C4FFC207C1832A89636FF70003A589008E
:10A550002311990023108900F155EFE0F04B2322DD
:10A56000A900014531A02285EFF0CFE365F1054553
:10A57000F2406244D2444249B24905618280397155
:10A5800022DC2E84834704004AD806DE26DA4ED623
:10A5900019472A89B285639AE706034624002800F2
:10A5A000EFF0FFD0AA8415E903558100EFF08FDFAB
:10A5B000AA898345140015C92E86171700001307B2
:10A5C00007E734009D454A85EF00B03C4E850946BB
:10A5D0008145092B4E85EFF02FE9F2506254268514
:10A5E0004259D254B2592161828089472310F10027
:10A5F000835781000A862311F1008357A10023129B
:10A60000F1004A85EF00106FC9BF4947639DE7021B
:10A61000035624002800EFF05FCFAA845DFD97D792
:10A62000FF1F83D7E7D099E3814445BF0347140058
:10A63000834604003C000146CA8517D5FF1F034529
:10A6400045CF252E59BF51476390E702035624009A
:10A650002800EFF03F95AA8449F1834514003000AB
:10A660004A85EFF05FD195BF5947639FE7040356D2
:10A6700024002800EFF0FF98AA8425F1835581007B
:10A680004A85EFF0AFDA1DC558458356A1008357C0
:10A690000700B697C207C1832310F700D1D75C47E4
:10A6A000C1D783C7E198C9D3854503C58199EF8098
:10A6B0001FFF25B789473EC0835781000A8683451F
:10A6C00014002312F10035BF834514000A862310BD
:10A6D0000100EF00306289BF5D71A6C256DA86C6FE
:10A6E000A2C4CAC04EDE52DCAA8A03C51500AE84DD
:10A6F00032C6EFF0EFCDB24501ED8144B6402644BD
:10A70000268506499644F259625AD25A616182807E
:10A71000230205002311050083C9040085472A840C
:10A72000639AF90003C624002808EFF07FB2AA84D8
:10A7300005492DA09D476394F904034705008D4703
:10A74000E31DF7FA03C6240028080549EFF01FB9F6
:10A75000AA8409E505468145228569262285EFF010
:10A76000CFED034584003C080147CE862686D6857A
:10A770002924E30509F82285EFF00FCF41B7CD4733
:10A78000639DF900034705009147E318F7F603C6F8
:10A7900024002808EFF05FBC59BFD547E39FF9F4C8
:10A7A000034A05008947E31AFAF403C6240028087F
:10A7B0000549EFF01FCCAA8455F183570102BDE390
:10A7C000035781011306F0035C44930607FCC2069D
:10A7D000C182636CD6000356A101D94663F7C60057
:10A7E0008356C101D94563EFD50003552400239159
:10A7F000E7000549EF00305103560102D28522855A
:10A800007124A9BF8355E1012391E7002392C7007A
:10A810002390B7002393D70085472300F400014A13
:10A820000149D9BF014AC9BF7971AA8522D426D26C
:10A8300003542500AA84280806D6EFF09FCBF245E2
:10A8400099E535E985452285EFF04FF3C1A083579F
:10A8500081011547639BE7060357A1018D4763FC00
:10A86000E7046800EFF0DFC60357E100DD4763FC53
:10A87000E7008345D100B707170085071008228538
:10A880003EC8EF0030478357E1000357A10191070D
:10A890006305F7002285EFF0AFED8347C1007246F4
:10A8A0006C00858B1106228591CFEFF0FFE201C588
:10A8B0002285EFF0EFEB884451D597A0FF1FE7808A
:10A8C000000949B7EFF0BFCBDDB711476389E70057
:10A8D0001387A7FF42074183854663EEE6023147AF
:10A8E000F117B387E70217D7FF1F1307A7A3BA977C
:10A8F00003D7070069D303C527003008A2850D20C0
:10A900005DF9035781019147E31EF7F2B2502254DB
:10A910009254456182802C0822852D2E49FDFDB779
:10A9200001114AC82A89314526CA06CE22CC2EC634
:10A93000B284EF801F9321C1B2459307000A231010
:10A94000F5002311B5002A84214611058DC0A68586
:10A950009790FF1FE780805CA2854A85EF80DF9A91
:10A960000145F2406244D2444249056182808145FA
:10A97000EF80FFC6D5B70545EDB7797126D2AA8419
:10A980001305000206D622D42ECE32CC36CA3AC8DF
:10A990003EC6EF801F8D21C96246F2454247D2462E
:10A9A000B2472A84130520FA2300A400A300C400A0
:10A9B0002311B4002302E400A302D4001305840091
:10A9C000614691CFBE859790FF1FE7802055A285F5
:10A9D0002254B2502685925445616F80FF92814582
:10A9E000EF80FFBFEDB7B250225492544561828090
:10A9F0005845797122D406D62A84AE8641C383573E
:10AA00002700231DF10093072006639FF504938719
:10AA1000A19803D60700835767006373F600B287D7
:10AA200013F6F70F83552701834707018D8F93F79F
:10AA3000F70F81E5890793F7F70FB297FD17B3C7B3
:10AA4000C702231EF1008357240083556400034589
:10AA50008400231CF10001473C080146EFF0FFF1A0
:10AA6000B2502254456182800347C70193874199C0
:10AA70009C431207BA9783D76700E1B72EC61946E1
:10AA800081452808EF80BFB5B24675BF797122D4E1
:10AA900006D626D22A848DC1814701479306000637
:10AAA0002E868355640003458400EFF01FEDB250FD
:10AAB0002254925445618280B28428005946EF8026
:10AAC0001FB22314910089E88357240048446C0086
:10AAD0002315F100EFF0AFA83C00014793060006F4
:10AAE0000146C1B7797106D6814799ED8357250094
:10AAF00058452316C1002314F1003C0011C78357A9
:10AB000027002315F1003C002E8683556500034580
:10AB10008500014793060006EFF03FE6B25045611D
:10AB20008280411122C406C68347050011472A844A
:10AB30006395E7022E8683556500034585008147AE
:10AB40000147CD46EFF07FE3494683556400224438
:10AB5000B240154541016FF00F9B13F7B70F8946BF
:10AB60006317D7000146EFF07FF25146F9BF0D475A
:10AB70006398E7002244B240014641016FF09FF61E
:10AB8000B24022444101828083D705003147F1174A
:10AB90003387E70297C7FF1F9387C778BA97D843D1
:10ABA00019EBD8412395A7000145D8C303D7250049
:10ABB0002394E700828059458280797122D44045F0
:10ABC00026D24AD006D6AA842E8925C0484419C563
:10ABD00097A0FF1FE780A0D7232604008357040017
:10ABE00083D5640003C584002315F1008357240036
:10ABF0000147930640062316F100835784004A86D6
:10AC00002317F1001C483EC883D724002314F10009
:10AC10003C00EFF09FD6A30E240123280400B2507D
:10AC20002254925402594561828028003146814560
:10AC3000EF80FF9A83D7240083D5640003C5840086
:10AC40002314F10001473C00930640064A86EFF0CA
:10AC5000DFD2F1B7797152CC2A8A03D5050026D20A
:10AC600006D622D44AD04ECE56CAAE84EFE09FF329
:10AC700019E18547BDA84045AA8965DC8357650071
:10AC8000E39947FF83578400638707128346C40113
:10AC9000938A419903A70A009206FD173697C207C7
:10ACA00003576700C1832314F4006316F70093056C
:10ACB0003006EFF0FFD35C48A5EFC840034915000C
:10ACC0008347050022093369F90083D7240013075D
:10ACD0002900631AF702F955EFE00054C8C0239128
:10ACE000240103C589002686D285EFF07FC3814702
:10ACF00021E1B250225492540259F249624AD24A96
:10AD00003E85456182809565938515C04A8597A0EB
:10AD1000FF1FE78020BA48C8C840231C2401F9550A
:10AD2000EFE0804F83D72400C8C0F9172391F400C7
:10AD3000484859C503D624008356A401835784018B
:10AD40003308D60063C007090347C40183A70A007C
:10AD500095451207BA9783D7270063CF0705CC40E4
:10AD600036959790FF1FE780601B0357A40183D798
:10AD70002400BA97C20703578401C183231DF4003E
:10AD8000E399E7EE03D7290003C5890030002314B7
:10AD9000E1005848D2852315F1003AC6EFF05FB8BC
:10ADA00011C5484897A0FF1FE78060BA232A040016
:10ADB000232C04007DBD99454E85EFE09FEF55BDE6
:10ADC000A545DDBF9145CDBF03D7250079CB83D6FF
:10ADD000A198ED4763E8E60C011122CC2E8426CA27
:10ADE000AA844840914506CEEFE0004383572400F3
:10ADF000AA862300F50083572400A183A300F50051
:10AE0000835704002301F50083570400A183A301A5
:10AE1000F50003562400C167F91711064206418266
:10AE20006394F4042AC4314532C6EF808FC3AA85E7
:10AE3000CD470DC5930700F93246A2462300F50021
:10AE4000F9572311F50089472302F5002313C500A4
:10AE500014C503C58199EF802FCB8147F24062442E
:10AE6000D2443E850561828081452685EF30102CD5
:10AE7000AA8701E903C7E19875D37D172387E19875
:10AE8000F1BF09476302E5021D476301E502494737
:10AE90006300E5027D47E313E5FC03C7E1988147C2
:10AEA000E1BFED473E858280D1474DBF91477DB7D9
:10AEB00089476DB7011122CC4AC831441309C5FF37
:10AEC0003304890297C7FF1F9387C74506CE26CA5A
:10AED0003E94584031C783C6E198BE84854795CAE1
:10AEE0002314A100835784000355A4002C003AC604
:10AEF0002315F100EFF05FED11C5484097A0FF1F4B
:10AF0000E780E0A4B147B307F902A69723A20700A0
:10AF10008547F2406244D24442493E8505618280C1
:10AF20008147C5BF797126D244451387A1984AD07D
:10AF300083D764000359070052CC06D622D44ECEE4
:10AF400056CA2A8A63F327013E8903D7240142099E
:10AF50001359090183D7040141CB998F4A8463D5E2
:10AF6000270113940701418089452285EFF04F9016
:10AF7000AA89CD4A25C183D724002AC6231581007A
:10AF80002314F10083D7240185E383D704019309B7
:10AF900025002300F50083D70401A183A300F50059
:10AFA0006376240503D4040183D72401CC4422868C
:10AFB0004E85BE959790FF1FE78040F603556A00C7
:10AFC0002C00EFF07FE0AA8A15C54E8597A0FF1FE1
:10AFD000E780E097B2502254568592540259F249C4
:10AFE000624AD24A4561828089078DBF7914420442
:10AFF00041805DBF03D7240183D704003A94FD1735
:10B00000C207420403D70401C18341802390F400A6
:10B01000239984006377E400D5FFFD57A38EF400E5
:10B0200055BF81455285EFF05FB96DB701114EC62E
:10B0300083C9E19922CC52C456C25AC006CE26CA50
:10B040004AC84E84138A4198854A130BF00F832710
:10B050000A0093144400BE9403C9040063175907FF
:10B06000DC44A5C7D84735C303D7070039C383C716
:10B07000E19889CF2685EFF0FFEAAA8515E505045A
:10B0800083C7D198635FF400238F8198F2406244B4
:10B090004A85D2444249B249224A924A024B05614A
:10B0A0008280238F0198DDB72685EFF01FB101491B
:10B0B000F1BF83C7D701639A6701930520062685F0
:10B0C000EFF01F93DC44A38E070005041374F40F04
:10B0D00083C7D1986363F4000144E31A34F7C1BF16
:10B0E0004111154506C6EFF0FFDC09C50545B24024
:10B0F000410182801945EFF0FFDB6DF91145EFF05A
:10B100007FDB6DF51D45EFF0FFDA6DF103C5D198DA
:10B1100079DDB24041016FF07FF183D705000D4723
:10B12000F117C207C183636CF704DC41A9CB41115D
:10B1300022C42E84854526C206C6AA84952531C11F
:10B1400026856923C167F917638FF40009ED8357DA
:10B15000240091CB835604001947639AE60203D773
:10B16000A19863F6E70283C7E198594581CFA2858C
:10B170002244B2402685924441016FF0FFC4094544
:10B1800082805145B24022449244410182806D4503
:10B19000D5BF397126DA4ED6AA84AE895D45894578
:10B1A0004AD806DE22DC328936C63AC4EFE05FECCC
:10B1B00025C522472A84014511C7B246130544001C
:10B1C000B68502979357850023003401A30024011C
:10B1D0002301A400A301F40011059547231DA1003C
:10B1E000231CF10022CE83C7E1982C08268595C345
:10B1F000EFF09FBDAA8411C522859790FF1FE780BD
:10B200000075F250625426854259D254B2592161D8
:10B210008280EFF07F97F9BFCD44E5B7797126D2F0
:10B220004AD052CC56CA06D6BA8A22D44ECE194734
:10B230002E89B284368A639AE506035526000944AE
:10B24000EFE05F962AC635C95C458359650083D710
:10B2500027002390F400B24715479306F00F238090
:10B2600057012391E70003C791986312D70605475A
:10B27000A384E1982382E7005147631AE900154748
:10B280002391E40083D68400D8472314D70003C653
:10B2900047005287A686CA854E85EFF09FEF2A8425
:10B2A00032451DC8EFE05F9C09A842867400BE8548
:10B2B000AA89EFE0BF812A8459DD2285B250225449
:10B2C00092540259F249624AD24A456182809306F9
:10B2D0001700A384D19879BFF945EFE07FB4F1BF9F
:10B2E00083D705002300F50083D70500A183A300C1
:10B2F000F50083D725002301F50083D72500A1831E
:10B30000A301F5001145828083D705002300F500D5
:10B3100083D70500A183A300F50083D7250023016F
:10B32000F50083D72500A183A301F50083D745004D
:10B330002302F50083D74500A183A302F50083D73C
:10B3400065002303F50083D76500A183A303F500FF
:10B350002145828083D705002300F50083D70500AF
:10B36000A183A300F5000945828083D7050023004F
:10B37000F50083D70500A183A300F50083D725003E
:10B380002301F50083D72500A183A301F50083D70E
:10B3900045002302F50083D74500A183A302F500F1
:10B3A00083D765002303F50083D76500A183A3033A
:10B3B000F50083D785002304F50083D78500A1839A
:10B3C000A304F5002945828003D705008546AA8796
:10B3D0002300E50003D705002183A300E50003D780
:10B3E0000500631DD70003D725002301E50003D71F
:10B3F00025002183A301E5001145828009456315DD
:10B40000A70203D7250019452381E70003D72500AC
:10B410002183A381E70003D745002382E70003D7F8
:10B4200045002183A382E700828083D705002300A3
:10B43000F50083D70500A183A300F50083D725007D
:10B440002301F50083D72500A183A301F500114551
:10B450008280797126D24AD04ECEB2842A89AE89B2
:10B4600029468145480022D406D63684EF802F979E
:10B470002316910085EC835724002312F100938753
:10B48000A19883D707002314F1005C4485C383C6C9
:10B49000C701138741991843920683D787003697CF
:10B4A000035727002315F1002313E1004A851707EE
:10B4B00000001307C7EB540013F6F90FD545EFF062
:10B4C0005FCD2A8911C19DE085472300F400230246
:10B4D0000400014681452285EFF04FDBB250225433
:10B4E0004A8592540259F249456182802285EFE0F3
:10B4F000AFF7EDB7B28617070000130727ED2E86CA
:10B5000085456FF01FC901112317A1004165700027
:10B5100001489307F00F0D4797060000938686DCDD
:10B5200099457D1506CEEFF07FCFF2400561828010
:10B53000B28701482E86114797060000938606DDE4
:10B54000C9456FF0BFCDB286170700001307C7E0EB
:10B550002E86CD456FF0FFC3011122CC26CA4AC802
:10B560004EC606CE2A89AE8917C4FF1F130484DF96
:10B5700097C4FF1F938404E21C4081C7CE854A858F
:10B5800082971104E31A94FEF2406244D244424985
:10B59000B2490561828017C5FF1F034565C89377CF
:10B5A00035000981AA972382F19AA5C31305C00328
:10B5B0003385A702A5654111850506C69790FF1F33
:10B5C000E780402F23A0A19A03C7419A090581472C
:10B5D000FD5663C2E70297C7FF1F9387A7D817C717
:10B5E000FF1F130727DB23A007009107E39DE7FE5A
:10B5F000B240410182802310D5002301050023259C
:10B60000050285071305C503E9B782809387019A70
:10B61000984303C6419A81476315F60081463685F3
:10B620008280BA861307C703835567FCE389A5FEAA
:10B63000850793F7F70FCDB7011122CC2EC632C480
:10B6400006CE2A84EFF09FFC2246B24511E9C1677D
:10B65000F9176303F4005145F240624405618280AA
:10B6600054558347450095C213F72701414563149C
:10B67000A700154575F2C18B3D45F9DF83C7A601CB
:10B680000145E3FBB7FC3145C1BFC18B0145E9F77B
:10B690001545D9B79387019AC166984383C5419AE6
:10B6A0008147FD166395F500014632858280035877
:10B6B00027003A866306D80003480700E307A8FE80
:10B6C000850793F7F70F1307C703E9BF411106C6B4
:10B6D000EFF0DFF311C503554501B240410182800F
:10B6E0000145E5BF9387019A984383C6419A8147F4
:10B6F000110701456393F60082800346070001C6E7
:10B7000005051375F50F850793F7F70F1307C703A3
:10B71000D5B703C5419A828017C7FF1F130787C497
:10B720008147BA8631460C4391E58A07B69788C3AC
:10B730000145828085071107E397C7FE4D4582804A
:10B74000411106C622C4EFF07FEC0DCD2A840355CB
:10B7500025008545EFF05FE0485409C59790FF1F2D
:10B76000E780E01E22851306C0038145EF703FE7A6
:10B77000FD572311F400230204000145B240224486
:10B78000410182800945DDBF411106C6EFF01FE887
:10B7900011C50345C500B240410182800145E5BFA6
:10B7A000C167F9176304F502411122C406C62E844D
:10B7B000EFF0DFE5AA87014591C703C54700698C13
:10B7C00033358000B24022444101828005458280A9
:10B7D000011106CE2EC6EFF07FE3854711C903574E
:10B7E0004501B24585476305B700231AB500814777
:10B7F000F2403E850561828021C901114AC8416934
:10B8000022CC26CA4EC652C406CE0144AA849389CD
:10B81000019A130AC0037D1983C7419A634AF40051
:10B82000F2406244D2444249B249224A05618280D0
:10B830003305440383A709003E958357250063839E
:10B84000270182940504C9BF82809387019A9C4393
:10B85000C16603C6419A890701450147FD16914516
:10B860006313E600828003D807006309D80003C889
:10B87000A7006315B80005051375F50F05071377C5
:10B88000F70F9387C703E9BF9387019A944303C6D1
:10B89000419A0147910681476310E602858393C769
:10B8A000F7FFC207C18305456364E5028547339509
:10B8B000A70042054181828083C5060081C583D5EA
:10B8C000C602CD8F05071377F70F9386C603E9B736
:10B8D00093F61700E1FE050585831375F50FE9B7AB
:10B8E000797156CAAA8A2E8526D24AD04ECE52CC1B
:10B8F0005AC85EC662C406D622D4AE84328B368C59
:10B90000BA8B3E8AC2894689EFF05FD049E1416532
:10B910007D15EFF0BFCF2A84554531CC1946DE8521
:10B9200013056400A30284019780FF1FE780005F76
:10B930008357010323119400230264012319F400A7
:10B94000835741032300540123260402231AF400E1
:10B95000230644012317340123182401EFF0DFF2FA
:10B960002318A402232A04022685232C04028145DD
:10B97000EFF09FBE0145B250225492540259F24951
:10B98000624AD24A424BB24B224C456182804545C5
:10B99000DDB79387019A984383C6419A814763959F
:10B9A000F60041657D1582803A861307C7038355EB
:10B9B00047FF6395A500035526008280850793F70E
:10B9C000F70FF1BF9387019A4166984303C8419AE4
:10B9D00081477D1685482D43314E6314F80001459B
:10B9E0008280835627003A856382C602545B99CED3
:10B9F00083C506006397150183C616006378DE00D1
:10BA0000828089E583C61600E37CD3FC850793F723
:10BA1000F70F1307C703D1B79387019A416698437D
:10BA200083C5419A81477D1625486394F5000145F9
:10BA30008280835627003A85638BC600545B81CA97
:10BA400083C61600E51693F6F60FE373D8FE850756
:10BA500093F7F70F1307C703C9BF894791C909C9EE
:10BA600095472380F50083470500A380F5008147B3
:10BA70003E85828039714ED652D4AE892A8A93058A
:10BA80003005414526DA4AD856D206DE22DC32C6D7
:10BA90003689BA8A9790FF1FE780C0E1CD4421C95B
:10BAA0002A8489446380090432468145231AC100EF
:10BAB0004146EF70DFB25686CE8522859780FF1F04
:10BAC000E780C0452146630E0902CA852808978091
:10BAD000FF1FE780A044A28650082C085285EF2063
:10BAE000F061AA8422859790FF1FE78040E6F2501C
:10BAF000625426854259D254B259225A925A21612F
:10BB0000828081452808EF709FADF1B789478DC5C8
:10BB100005C5411106C6AE871947AA852380E700EF
:10BB20001385170041469780FF1FE780203FB240F2
:10BB300081473E85410182803E858280894795C943
:10BB40000DC9411106C625472380E50003470500BE
:10BB5000AE871946A380E5009305150013852700DD
:10BB60009780FF1FE780803BB24081473E854101BF
:10BB700082803E85828089478DC505C5411106C6F4
:10BB8000AE872147AA852380E70013851700414629
:10BB90009780FF1FE7808038B24081473E85410192
:10BBA00082803E85828089479DCD15CD411106C694
:10BBB0001D472380E50003570500AE872146A3807B
:10BBC000E5000357050021832381E5009305250047
:10BBD000138537009780FF1FE7804034B2408147CC
:10BBE0003E85410182803E85828089478DC505C59D
:10BBF000411106C6AE870D47AA852380E70013854D
:10BC0000170041469780FF1FE7804031B2408147CF
:10BC10003E85410182803E85828089478DC505C56C
:10BC2000411106C6AE871147AA852380E700138518
:10BC3000170041469780FF1FE780402EB2408147A2
:10BC40003E85410182803E85828089478DC505C53C
:10BC5000411106C6AE872947AA852380E7001385D0
:10BC6000170041469780FF1FE780402BB240814775
:10BC70003E85410182803E85828023A4019A23A6CD
:10BC8000019A23A8019A9797FF1F938767051717B3
:10BC900000001307075698C31707000013078746CD
:10BCA000D8C317070000130727DD98C79797FF1F12
:10BCB0009387C70317270000130707C898C3170700
:10BCC000000013074760D8C317170000130747DEAB
:10BCD00098C78280C14709CD144DC14791CA784D9C
:10BCE00001CB83C73600BD4663F4F6008347870166
:10BCF0003E858280411122C41384819A4AC02A89D8
:10BD0000084006C626C241C5A284631E09008347B7
:10BD100005002146B1CB29059780FF1FE780002051
:10BD20009C400545B9CF4945EF70AFD32A840DC576
:10BD3000930710FC2300F500A30025018C400905A2
:10BD4000414689059780FF1FE780401D9C40A285E2
:10BD500003C51700EF704FDB88409790FF1FE78007
:10BD600000BF23A4019A29A809059780FF1FE78037
:10BD7000E01AEF207038054945F51C402380270163
:10BD80000545B24022449244024941018280014566
:10BD9000CDBF1C4D639F0716411122C426C22A84C1
:10BDA000AE8441459305300506C69790FF1FE78096
:10BDB00060B008CCCD4763040510A6854146978046
:10BDC000FF1FE780A01583450400F9ED7C4C184C5B
:10BDD000D04B5443058A858A6307D60083D6470132
:10BDE000F99A239AD700D04B544305828582058A5D
:10BDF000858A6307D60083D64701F59A239AD70030
:10BE0000D04B544309828982058A858A6307D6000C
:10BE100083D64701ED9A239AD700D04B54430D8225
:10BE20008D82058A858A6307D60083D64701DD9A0D
:10BE3000239AD700D04B54432182A182058A858A58
:10BE40006308D60083D6470193F6F6EF239AD7000E
:10BE5000D04B54432582A582058A858A6308D60083
:10BE600083D6470193F6F6DF239AD700D04B54438D
:10BE70002982A982058A858A6308D60083D647016C
:10BE800093F6F6BF239AD700D44B5843AD822D8347
:10BE9000858A058B638AE60003D74701FD76938682
:10BEA000F67F758F239AE70003C714007C4C11CFEF
:10BEB00003C7170019CB9547A301F4008147B2408F
:10BEC000224492443E854101828003C72400118BA5
:10BED00019E703C72701118B19E38547F1BF03C792
:10BEE000070083C6040081C5B687BA863E8711461F
:10BEF000E147E366E6FCE364D6FC95473307F702C7
:10BF000097170100938747853E9736978347070029
:10BF100065B7C5473E858280AE8715C5784D05C794
:10BF2000834607002380D50083461700A380D500F1
:10BF3000834627012381D50083468701584BA3817F
:10BF4000D500D8C18280414681453E856F702FE97A
:10BF50009387C19A9C4391C703A38700630303009F
:10BF6000028309458280011122CC2A84494506CEEC
:10BF7000EF90AF9605C12AC62285EFF02FE919C9C7
:10BF80006244324683550503F24003C5A19B056117
:10BF90006F705F81F240624405618280797126D2C0
:10BFA0009947231DB100AA842E858D4522D406D63B
:10BFB00032C636C4231CF100EFE08F8B2ACE4D44ED
:10BFC0001DC13246A246AA85328582962A8419E589
:10BFD0002C082685EFF06F942A8411C5724597903E
:10BFE000FF1FE780C0962685EFF0FFF72285B2504D
:10BFF0002254925445618280011122CC9305C501DF
:10C000002A8441460A8506CE9780FF1FE78000F10B
:10C01000035544000A8697060000938646BDC54531
:10C02000EFF0DFF7F240624405618280011122CC1B
:10C030009305C5022A8441460A8506CE9780FF1FD4
:10C04000E780C0ED035544000A86970600009386FA
:10C0500006BDC545EFF09FF4F24062440561828061
:10C060002E86970600009386A6AAC5456FF01FF39B
:10C070000111B28722CC2300B1002A84BE851305AA
:10C080001100194606CE9780FF1FE78020E90A8637
:10C090002285970600009386A6AAA145EFF01FF01F
:10C0A000F2406244056182802E86970600009386E6
:10C0B000C6ACC5456FF09FEE0111B28722CC2310AC
:10C0C000B1002A84BE8513052100214606CE978043
:10C0D000FF1FE780A0E40A8622859706000093866A
:10C0E000C6ACAD45EFF09FEBF24062440561828043
:10C0F0002E8697060000938686B5C5456FF01FEA29
:10C10000011106CE22CC26CA834405008547639BD5
:10C11000F4048347150019472A84639AE7041C4DE9
:10C1200083D7470013F7071019C7784D0357470106
:10C130001377071021E313F7072001CB784C03573F
:10C140004701137707206315071093F7074081CB4A
:10C150007C4C83D7470193F70740639C0714C9477A
:10C16000A300F400F2406244D2440561828031476A
:10C170006392E70A3C5091EF930530057145978033
:10C18000FF1FE780207328D009C571468145EF70F5
:10C190000FC52450A9C883C7A40191E72285EFF0F9
:10C1A0007FB3238DA400814526854146EF702FC3C0
:10C1B00028503D478345A5019387F5FF93F7F70F77
:10C1C0006364F700EF806FC4EF708FA33C50A1450C
:10C1D0002398A70013852701EF802FC32C50035508
:10C1E0004400EFF0FFE7B54703554400A300F40017
:10C1F000EFF0CFC1414611C58357E50013D61700B4
:10C200003E966244F240D24403C5A19B8545056138
:10C210006F704FD93547639AE7023C5189CB83D57C
:10C2200007010355450013862701EFF0FFE81C4C7A
:10C2300083D7470013F7072039CB784C03574701C2
:10C240001377072029C7B94745B73947639BE700EC
:10C25000EF800FEBAA8503554400EFF0FFE4BD47E4
:10C2600061B73D476394E704EF80EFE8AA85630D6B
:10C270009502814526852EC6EF80AFE52A86B24518
:10C2800003554400EFF0DFDE1C4C83D7470093F7E3
:10C290000740E38607EC7C4C83D7470193F70740C0
:10C2A000E38F07EAC14789B78144E9B74147E3987B
:10C2B000E7EAEF80AFE5AA8503554400EFF05FE3BE
:10C2C00079BD797106D622D426D283440500A5E42F
:10C2D0008347150019472A846394E7067C4D83D76A
:10C2E000470113F7170011C7184D03574700058B77
:10C2F00039EB13F7270019C7184C03574700098B70
:10C30000631D0712918B99C71C4C83D74700918BF3
:10C31000639407187C4C83D7470113F70710630514
:10C320000718184C0357470013770710630E0716BA
:10C33000B147A300F400B250225492544561828068
:10C340001D47639FE70A3C5089EB93053005714513
:10C350009780FF1FE780005628D02450BDC8228553
:10C36000EFF05F97238DA400814526854146EF704D
:10C370000FA728503D478345A5019387F5FF93F705
:10C38000F70F6369F70283C741A1A5CB41468145F9
:10C390000808EF70CFA4194697B5FF1F9385C5F223
:10C3A00008089780FF1FE78060B730500C082E8583
:10C3B000EF70D02DEF70CF843C50A1452398A7009B
:10C3C00013852701EF806FA42C5003554400EFF034
:10C3D0003FC9A14703554400A300F400EFF00FA3A9
:10C3E000414611C58357E50013D617003E96854593
:10C3F00003C5A19BEF700FBB3DBFEF800FA15DBFD9
:10C4000021476399E7023C5189CB83D50701035546
:10C41000450013862701EFF03FCA7C4C83D74701C4
:10C4200013F7270021CF184C03574700098B39C752
:10C43000A5474DB72547639BE700EF806FCCAA85E2
:10C4400003554400EFF05FC6A94769B729476392D7
:10C45000E704EF804FCA8547AA856304F50081454C
:10C46000854426852EC6EF80CFC62A86B245035561
:10C470004400EFF0FFBF7C4C83D74701918BE38BE7
:10C4800007E81C4C83D74700918BE38507E8AD474D
:10C4900091B72D47E390E7E8EF804FC7AA85035592
:10C4A0004400EFF0FFC4BDB513F7072009CB184CCB
:10C4B000035747001377072019C3B9479DBD93F76A
:10C4C000074089CB1C4C83D7470093F7074099C39B
:10C4D000C14785B5C947B1BD0DCD01118A8522CCB3
:10C4E00006CE2A84EFF05FA383470400035544007F
:10C4F00097160000938666B089E79716000093862A
:10C5000066B00A869D45EFF07FA9F240624405615E
:10C51000828005458280AA8503C5A19B6F702FBFCD
:10C52000411122C4405926C206C6AA8431C4084C0F
:10C5300009C59780FF1FE7808041285009C5978073
:10C54000FF1FE780C040685009C59780FF1FE78044
:10C550000040285409C59780FF1FE780403F68547A
:10C5600009C59780FF1FE780803E22859780FF1FC7
:10C57000E780E03D23AA0402224403D50403B2402D
:10C58000924441016FF03FF9411126C206C622C410
:10C59000AE84EFF0AF8731C14C592A849DCD83A87A
:10C5A000C50603A88506FC51B85183C6650003D6AD
:10C5B000450083C505002685EF80BFB92285EFF0D1
:10C5C0003FF6EFF06FC511C92244B240924403C553
:10C5D000A19B854541016F708F8CB24022449244EB
:10C5E00041018280411122C4405926C206C67C4CBA
:10C5F000AA8483D7470113F7071019C7184C0357AC
:10C600004700137707101DE313F7072019C7184CCD
:10C61000035747001377072011EB93F707409DCB93
:10C620001C4C83D7470093F707408DC79947A30059
:10C63000F4002285EFF0DFAC03471400C947631F05
:10C64000F700224403D52400B240924481454101C1
:10C650006FF09FF3C947A300F400E5B7B24022444E
:10C66000924441018280411106C622C426C2EFF0E5
:10C670006FB521C14059AA840DCC834704009DC7E2
:10C680009387C19A9C4389C7DC4399C322858297CB
:10C6900003471400C947631EF700224403D5240052
:10C6A000B2409244814541016FF01FEE9387019B98
:10C6B000D1BFB2402244924441018280411126C23E
:10C6C0004AC006C622C4AA842E89EFE03FF40DCDED
:10C6D00040595DC0835744006390970A8347140014
:10C6E00019476392E70883470400BDCB7C4C83D78E
:10C6F000470113F7170005C3184C03574700058B74
:10C7000019CB9D47A300F400B24022449244024951
:10C7100005454101828013F7270001CB184C0357D0
:10C720004700098B19C3A547F1BF918B81CB1C4CE6
:10C7300083D74700918B99C3AD47E9B79387C19AD7
:10C740009C43F9D3DC43E9D3228582970347140045
:10C75000C9478145E31AF7FA2685EFF0FFE26DB786
:10C760009387019BF1BF45476398E7006304090085
:10C7700013092003CA85CDB7631C09002685EFE0A5
:10C78000FFE819C58347450093E707012302F50039
:10C79000A6854A85EF804FBC85BF411122C42E86F5
:10C7A0002E8497F6FFFF9386862B894506C626C200
:10C7B0004AC02A89EFF08FFE83450400AA844A8587
:10C7C000EFF09FDCB24022442685024992444101A9
:10C7D00082809387019B9C4395CB9C4385CB797149
:10C7E00022D406D6984110082A843AC8D8418545F3
:10C7F0003ACA829701C92306A100035524006C00A0
:10C80000EFF0BFF9B250225445618280828001115D
:10C8100022CC06CE2A842EC6EFE05FDF5C5991CF92
:10C8200083D74700B245639A870085476397F50031
:10C830006244F24005616FF0BFCEF2406244056190
:10C840008280411106C6EFF0CF94C167FD176307E0
:10C85000F500B240DD4541016FF01FD3B240410108
:10C8600082802300B500828001114AC84EC62E89FD
:10C87000AA89930530051305000326CA06CE22CCEB
:10C88000B2849780FF1FE780E00221CD13060003EA
:10C8900081452A84EF60BFD44146CE852285EF6072
:10C8A0007FDC0D46CA851305D401EF60BFDB13069C
:10C8B0000402930504012285EF70405D0D46930547
:10C8C000D4022685EF601FDA22859780FF1FE7805C
:10C8D00000080145F2406244D2444249B249056130
:10C8E00082804D45C5BF81474146B306F500338779
:10C8F000F5000347070003C8060085073347070113
:10C900002380E600E393C7FE82805D714EDE62D431
:10C91000AE892A8C9305300513050003A6C2CAC050
:10C9200052DC56DA5AD85ED686C6A2C4B28B368B93
:10C93000BA84BE8A4289468A9780FF1FE78080F7C3
:10C940006301050E1306000381452A84EF603FC989
:10C950004146E2852285EF60FFD0414681450A8548
:10C96000EF60FFC71D46DE850A85EF60BFCF1D461D
:10C97000DA8513057100EF60FFCE33392001B3343F
:10C98000900041468145080823072101A307910033
:10C99000EF60FFC41946D6854808EF60BFCC194642
:10C9A000D2851305A101EF60FFCB9304040141463A
:10C9B000CE852685EF601FCB8A852685EFF0BFF2F6
:10C9C000930904024E86A6852285EF70204C2A89A1
:10C9D0001DE54146CE8526859770FF1FE7800054F0
:10C9E0000C082685EFF03FF04E86A6852285EF7075
:10C9F000E0492A8946454146CE85EF60BFC622857B
:10CA00009780FF1FE780A0F4B64026444A859644ED
:10CA10000649F259625AD25A425BB25B225C6161AA
:10CA200082804D49D5B7011126CA52C4AA842E8AE4
:10CA300013050003930530054AC84EC606CE22CC26
:10CA40003289B6899780FF1FE780C0E631CD2A84FE
:10CA5000A6854146EF601FC1930404012146D2859B
:10CA60002685EF603FC0CA85214613058401EF602B
:10CA70007FBF13090402A6854A862285EF70004114
:10CA8000AA844146CA854E85EF60DFBD2285978026
:10CA9000FF1FE780C0EBF240624426854249D24442
:10CAA000B249224A05618280CD44F5B75D71A2C4C6
:10CAB000A6C24EDE52DC86C6CAC0AE89328AAA84BD
:10CAC000EFE0DFB44059414681450A85EF603FB150
:10CAD00059C0035944006310990883470400A5EF27
:10CAE000034714009947631CF70214081306C40493
:10CAF0009305C40213057400EFF0FFF229ED2285BF
:10CB0000EFF04F9D2A860C080A859770FF1FE7807B
:10CB1000E0408A854A85EF10705F054545A02C509E
:10CB20009DC9C54683D705016312D70A6310FA026F
:10CB30002146C9054E85EF60BFB085476318F500F3
:10CB40002285EFF02F992A862C507DBF9305200374
:10CB50002685EFF07FA32685EFE05FAB2A8441C9ED
:10CB60004C55D1C583D70501639347092146C905B3
:10CB70004E85EF60FFAC85472A89631AF5064C5451
:10CB80000A8503C6A5019770FF1FE780203983C778
:10CB9000918691C75C5483C7B70163972705BD454C
:10CBA0002685EF10305197A7FF1F9387A7659C5BE1
:10CBB000014589C71D45894582970145B6402644F0
:10CBC00096440649F259625A61618280E315FAF887
:10CBD0002146C9054E85EF60BFA68547E31DF5F6E2
:10CBE0002C5003C6A5010DB78A8526852DB703C72E
:10CBF00071A0894717A4FF1F1304C460631DF700C9
:10CC0000BD452685EF10104B1C589145E38707F072
:10CC10001D45829719B783C741A18DCF41468145F4
:10CC20000810EF60DF9B194697A5FF1F9385C56924
:10CC300008109770FF1FE780602E0C100A862E8563
:10CC4000EF70C0248A852685EF10504C1C588D4506
:10CC5000E1F3E1B52685EF10B04B1C58E38F07EAEE
:10CC600085457DB78147C1463307F500B388F50098
:10CC70000347070083C808003308F60085073347D9
:10CC800017012300E800E391D7FE82800147BD47EA
:10CC90001308F00F3306F50083460600B388F5004D
:10CCA000FD178606558F2380E8000347060093F79B
:10CCB000F70F1D83E39007FF82808147930800F8F8
:10CCC000414893F6F70F3387F50063FCC600B306BF
:10CCD000F50083C606002300D7008507E39307FF0E
:10CCE00082806395C60023001701C5BF230007009B
:10CCF000EDB701114AC856C22E89AA8A930530059C
:10CD0000414506CE22CC26CA4EC652C4328A9780EE
:10CD1000FF1FE78020BAAA8493053005414597801C
:10CD2000FF1FE78020B92A84CD49B5C021CD4146F7
:10CD30008145EF60DF8A2686A2855685EF70001553
:10CD4000AA8929E18387040063D30706A285268583
:10CD5000EFF0DFF34A86970501009385A5A12285B0
:10CD6000EFF05FF08307090063D80704A2854A85C6
:10CD7000EFF0DFF15286970501009385A59F22858C
:10CD8000EFF05FEE26859780FF1FE78040BC11C45F
:10CD900022859780FF1FE78080BBF24062444E856A
:10CDA000D2444249B249224A924A05618280CA85E8
:10CDB0002685EFF0BFED7DB7D2854A85EFF01FEDF8
:10CDC000D1B739715AD05ECE2A8BAE8B41459305CF
:10CDD000300506DE26DA52D456D262CC66CA6AC85C
:10CDE000368C328DBA8C22DC4AD84ED69780FF1F03
:10CDF000E78040ACAA8A9305300541459780FF1F24
:10CE0000E78040AB2A8ACD44638C0A0849C52A864C
:10CE1000D6855A85EFF0FFEDAA8435ED93053005F0
:10CE200041459780FF1FE780E0A82A8993053005D8
:10CE300041459780FF1FE780E0A7AA896308090E94
:10CE40006304050E1304FD0011841376FD003DCC30
:10CE50007D144204418025EE131544004E86D6858C
:10CE60005E95EFF03FE0414681454A85EF602FF740
:10CE7000014D93170D01C18363F48708BDC04A8536
:10CE80009780FF1FE780A0AC638709004E859780DD
:10CE9000FF1FE780C0AB56859780FF1FE78020AB60
:10CEA00063070A0052859780FF1FE78040AAF2506F
:10CEB000625426854259D254B259225A925A025B80
:10CEC000F24B624CD24C424D2161828001441315D9
:10CED00044008A855E95EFF05FDE4E86D2850A8536
:10CEE00049B793154D000A86DE954A85EFF09FD726
:10CEF0004A868A855A85EF607079AA84050D95BFA8
:10CF0000BDFC0A86CE854A85EFF0DFD54A868A8544
:10CF10005A85EF60B077AA846686CA856285977065
:10CF2000FF1FE780A0FFA1BFCD4491BFCD44A9BFA3
:10CF3000894761C2DDCD2300A60083C70500A30099
:10CF4000F60083C715002301F60083C72500A3015F
:10CF5000F60083C73500A30206002302F60083D73C
:10CF60004500A183858BA302F60003D74500137704
:10CF7000072009C793E72700A302F60083D74500DF
:10CF800093F7074099C78347560093E74700A302EA
:10CF9000F60083D74500139747016358070083477E
:10CFA000560093E78700A302F6002303060083C719
:10CFB0004500858B2303F60003D74500098B09C77D
:10CFC00093E727002303F60083D74500918B99C789
:10CFD0008347660093E747002303F60003D7450025
:10CFE0008147218B19C70347660013678700230316
:10CFF000E6003E8582802E86AA8505456FF05FF3A8
:10D000002E86AA8509456FF0BFF24DC95971A2D489
:10D010002A8403554500A6D2CAD0CECED6CA86D61B
:10D02000D2CCDAC8DEC6B68AB2892E89EFE00FDE2E
:10D03000AA8439C50C182285EFE01FEE834704004F
:10D04000138A6400A9CBEF701F8B2A8B014583CB19
:10D050005400EF701F88AA840C100818EFF0BFF975
:10D06000084C2C10EFF0DFF9D288268A56C05E8873
:10D07000D2875A8714103010CE854A85EFF0FF888A
:10D08000B650265496540659F649664AD64A464B37
:10D09000B64B65618280EF701F86AA8B014503CB7A
:10D0A0005400EF701F832ACE084C0C10EFF0BFF431
:10D0B0002C100818EFF0DFF4F2484DBF828089474A
:10D0C00091C909C9AD472380F50083470500A380B6
:10D0D000F50081473E858280011122CC4AC806CEE8
:10D0E00026CA2A84EFE0FFCA2A8901CDE147630EF0
:10D0F000F50E2149F24062444A85D2444249056115
:10D1000082807C4C83C72701858B91CF1C4C0547BF
:10D1100083C727008D8B6398E7008347640093E7FC
:10D1200017002303F4008344340089476391F40219
:10D13000035544008545EF804F9A8347640093E789
:10D1400047002303F4008D47A300F40065B70D47A3
:10D150006390E402035544008945EF800F988347AC
:10D160006400A300940093E747002303F40059B739
:10D170001147E38FE4FA0547639EE40293047400C9
:10D18000A300F400414681452685EF604FC5130694
:10D19000C4023285C14532C6EF702FC732462285A0
:10D1A0009306C401A685EFF05FE62285EFE0DFE499
:10D1B00031D181B71547E39FE4F293047400A300D3
:10D1C000F400414681452685EF606FC16C4C4146B5
:10D1D000268589059770FF1FE78040D48347640048
:10D1E00093E747002303F4005DB70D4921B7397178
:10D1F00022DC405926DA4AD84ED606DEAA89AE8409
:10D200003289630704200355250083574400638B4C
:10D21000A700A144F250625426854259D254B25913
:10D22000216182808347040099E39D44E5B7AD47BF
:10D23000E3EDB7FE9387E5FF93F7F70F2547E36626
:10D24000F7FE17F70000130767498A07BA979C4350
:10D25000BA978287B2852285EFF01FE8AA845DBF66
:10D260004146CA851305C4039770FF1FE78000CBB2
:10D270002285EFE0BFDBAA8411C1A1449547A3003A
:10D28000F40049BF9309C404CA8541464E8597708E
:10D29000FF1FE780A0C81309740014084E86CA85D2
:10D2A0002285EFF09FD641469305C4030808EF603E
:10D2B0002FB98547E310F5F68A861306C402CE859A
:10D2C0004A85EFF04FF611ED2285EFE0BFA02A87E7
:10D2D00003554400814601468A85EFE0AFF9AA84F0
:10D2E00011C1A144994761BF034714009D47E31E44
:10D2F000F7F27C5089EB9305300571459770FF1F5D
:10D30000E780405B68D068500DD14146CA85977070
:10D31000FF1FE780A0C02285EFE0DF9B7C50238DBC
:10D32000A700A147A300F4008144EDB56850E30EC7
:10D3300005EE03471400A147E319F7EE83570600F3
:10D340009305290021462318F50049059770FF1F12
:10D35000E780C0BC7C4C83D7470113F727002DC35F
:10D36000184C03574700098B21CFA54765BF0347DA
:10D370001400A547E31BF7EA3C5481EB854559456A
:10D380009770FF1FE780005328D4285419C54146E1
:10D39000CA859770FF1FE78060B8A94761B7034748
:10D3A0001400A947E313F7E8285419469305190018
:10D3B00041059770FF1FE78060B67C4C83D747011B
:10D3C000918B95CF1C4C83D74700918B8DCBAD476C
:10D3D00091BF7C5489EB9305300551459770FF1F31
:10D3E000E780404D68D46854E30505E24146CA85AC
:10D3F0009770FF1FE78080B27C547D5798CB4E8595
:10D40000EFF04F9E15B783450600EFF0EF9729BF69
:10D41000AD47E39BF5F083460600835525001306D0
:10D42000650003450500EF705F83FDBD15C1AA8748
:10D4300009458DC141112E8541469385170006C6C9
:10D440009770FF1FE78080ADB240014541018280A7
:10D4500009458280828089471DC595C5411106C650
:10D4600003471500AE8719462380E5009305250084
:10D47000138517009770FF1FE78040AAB2408147CD
:10D480003E85410182803E85828015C1AA8709457B
:10D490008DC141112E8541469385170006C69770B0
:10D4A000FF1FE780A0A7B2400145410182800945E6
:10D4B0008280828089471DC995C9411106C60347EC
:10D4C000250083461500AE872207558F2390E5007F
:10D4D000214693053500138527009770FF1FE780CD
:10D4E000E0A3B24081473E85410182803E85828033
:10D4F00015C1AA8709458DC141112E8541469385E5
:10D50000170006C69770FF1FE78040A1B240014593
:10D5100041018280094582808280094711CD89CDF1
:10D5200083471500A14601472380F500FD1793F7B7
:10D53000F70F63F3F60061473A85828015C1AA8729
:10D5400009458DC141112E8541469385170006C6B8
:10D550009770FF1FE780809CB240014541018280A7
:10D560000945828082808947630905106387051019
:10D57000411106C622C426C2834715002E8423808B
:10D58000F50083472500A380F500834735002381FC
:10D59000F50083474500A381F50083475500858B3F
:10D5A0009396870083D7450093F7F7EFD58F2392A3
:10D5B000F5008346550093F7F7DFA20693F60620A1
:10D5C000DD8E2392D5000347550093F6F6BF220760
:10D5D00013770740558F2392E50083475500FD766A
:10D5E0009386F67F8D83858B758FAE07D98F2392B7
:10D5F000F50083466500F99B858ADD8E2392D50070
:10D60000034765009377270013F7D6FF5D8F2392BA
:10D61000E5008347650093F647009377B7FFD58F02
:10D620002392F50003476500DD9B4D45218BD98F83
:10D630002392F500EF707FAAAA845145EF70FFA9ED
:10D640000347340093F4F40F1375F50FC947636073
:10D650009702636EE500834604001147E147636863
:10D66000D7008346140005476363D7008147B24063
:10D67000224492443E85410182803E85828015C1CC
:10D68000AA8709458DC141112E8541469385170012
:10D6900006C69770FF1FE7806088B24001454101D0
:10D6A0008280094582808280797122D42A8408454B
:10D6B00006D626D223060100834405002947938716
:10D6C000F4FF93F7F70F6362F70C17F700001307E7
:10D6D00067038A07BA979C43BA9782870C08EFF0D2
:10D6E0009FE8C9476312F50299472306F1000355E5
:10D6F00024006C00EFF06F8AB250225492544561BE
:10D7000082800C08EFF0DFDE29C98347C100E5F312
:10D7100003552400EFE03F85C5B70C08EFF01FE28A
:10D72000E5B70C08EFF07FDFC5B70C08EFF01FD0AE
:10D73000E1BF0C08EFF01FD8C1BF0C08EFF0FFD419
:10D74000E1B70C08EFF03FD1C1B70C08EFF03FF3A1
:10D7500065BF834715002308F10003552400EFD06F
:10D76000FFEAA14705C10347C5006312F70293878B
:10D77000C19A98439D4719C7184309C71008A68541
:10D780000297AA872306F10049B79D47B9BF93873F
:10D79000019BC5B7411122C406C603470500930784
:10D7A00020092A84631DF7088347150039476393CE
:10D7B000E70283564500096761078147639DE602DA
:10D7C0001C452244B24003C5070093851700410160
:10D7D0006FE04FD21307E0036391E708034725008A
:10D7E00095476311F70403554500EFD0FFF99147C2
:10D7F0006308F5008547B24022443E85410182809E
:10D800009387019B9C43FDD703A38700E30403FE9A
:10D810000356E40003554400930564002244B240DB
:10D8200041010283A1468147E317D7FC2244834587
:10D830006500B2400355450041016FE03FE89306A3
:10D84000000A8147E319D7FAEFF01FE608445DD1DB
:10D850009770FF1FE780A00F71BF814769BF41111B
:10D8600022C426C206C62A84EFE0AFD2AA8419C910
:10D87000E147630FF50AA144B24022442685924451
:10D88000410182802285EFE03FC56C4C83C72501B2
:10D89000858B91CF1C4C054783C727008D8B6398E0
:10D8A000E7008347640093E717002303F4008347EE
:10D8B000340009476391E702894503554400EF703E
:10D8C000DFA18347640093E747002303F4009147F7
:10D8D000A300F40055B79386D7FF93F6F60F0546DD
:10D8E0006364D6008545D1BF6390C702A300E400FE
:10D8F0004146814513057400EF507FCEC1451305A5
:10D90000C402EF609FD08DBF9546E397D7F6A30082
:10D91000E40041468905130574009760FF1FE78006
:10D92000E05F8347640093E747002303F400F9B7FF
:10D930008D4499B7797122D4405926D24AD04ECE1F
:10D9400006D6AA89AE8432896309042003552500CE
:10D9500083574400638BA700A144B250225426850C
:10D9600002599254F2494561828003470400854779
:10D970006314F7009D44D5B79387F5FF93F7F70F2E
:10D980002547E369F7FE17F70000130767DA8A07F0
:10D99000BA979C43BA978287B2852285EFF03FEC15
:10D9A000AA8465BF4146CA851305C4039760FF1F5B
:10D9B000E780C0560347140091476305F7029306BA
:10D9C000C4011306C402930574002285EFF0EFE34F
:10D9D0002285EFE06FE2AA8411C1A1449547A3001C
:10D9E000F400A5BF8D47A300F4008144BDB79307A1
:10D9F000C4043E85CA8541463E899760FF1FE78083
:10DA0000E0518A864A86930574002285EFF0EFDFA5
:10DA100041469305C4030A85EF509FC28547E31E24
:10DA2000F5F22285EFE08FE0AA841DF5994745BF06
:10DA300003471400B147E31FF7F27C5089EB9305CD
:10DA4000300571459770FF1FE780C0E668D06850C9
:10DA500015D14146CA859760FF1FE780204C22857B
:10DA6000EFE04FA77C50238DA700B547ADBF6850AE
:10DA7000E30205F003471400B547E31DF7EE8357B3
:10DA800006009305290021462318F50049059760F3
:10DA9000FF1FE780A0487C4C83D7470113F707207E
:10DAA0003DC3184C035747001377072029CFB947C8
:10DAB0001DBF03471400B947E31EF7EA3C5489EB46
:10DAC0009305300559459770FF1FE780A0DE28D4E5
:10DAD000285419C54146CA859760FF1FE780004456
:10DAE000BD4711B703471400BD47E315F7E82854B5
:10DAF00019469305190041059760FF1FE780004212
:10DB00007C4C83D7470193F707409DCF1C4C83D7AC
:10DB1000470093F707408DCBC147F1B57C5489EBA3
:10DB20009305300551459770FF1FE780A0D868D452
:10DB30006854E30305E24146CA859760FF1FE7800A
:10DB4000E03D7C547D5798CB03D529008145EFE01B
:10DB5000BFA361BD83450600DDBF8547E397F5E8B8
:10DB600003284600834736000347260083461600F5
:10DB700083552500034606000145EF70EF84B5B5D7
:10DB8000011126CA06CE22CC89441DCD95CDAA848A
:10DB90002E8468008D45EF605FA78347E1002685EE
:10DBA000228693F7F70393E707046C002307F1003D
:10DBB000EFE09FCBAA8409E90D466C001305340001
:10DBC0009760FF1FE7808035F24062442685D2448B
:10DBD000056182805D714EDE86C6A2C4A6C2CAC03F
:10DBE00052DC56DA5AD85ED6894955C54DC6138BD4
:10DBF0004500420B135B0B01AE8A2A8A9305300560
:10DC00005A85B2849770FF1FE780C0CA2A84CD4925
:10DC100059C1EF607FD02A895686D285935A8900F0
:10DC2000135A0901937BF90F1305440093FAFA0F75
:10DC3000137AFA0F13598901EF50DFA2A30174017F
:10DC400023015401A300440123002401EF601FCCF1
:10DC5000AA8541460808EF50FFA0214734005A86A4
:10DC6000A2850808EFF0EF95AA890DE121462C0066
:10DC700023807401A380540123814401A3812401E2
:10DC800013854400EF501F9EEF60FFC922859770F7
:10DC9000FF1FE780C0CBB64026444E859644064918
:10DCA000F259625AD25A425BB25B616182800111C1
:10DCB00006CE2AC6EFD07FFC32459945238DA19A26
:10DCC000EFC00FB7F24017F5FFFF130585B40561EC
:10DCD0006FD09FA483C7B19BA18B1777FF1F13073A
:10DCE000270091E3014723A6E19A014582807971DB
:10DCF00052CC2A8A2E8506D622D426D24AD04ECE9F
:10DD00002EC6EFD0BF9045C5405945C48347340067
:10DD10008949F91793F7F70F63EDF9088357440022
:10DD2000B24589446394B706130974004146D2850D
:10DD30004A859760FF1FE780601E1306C402328584
:10DD4000C14532C6EF607F8C32469306C401CA8556
:10DD50002285EFF08FAB03470400834714000DC307
:10DD60000D4781446394E702A300340122852254C5
:10DD7000B25092540259F249624A45616FE0CFA70E
:10DD80001147639EE700A30094008144B2502254DF
:10DD9000268502599254F249624A456182800D47B4
:10DDA0008144E395E7FE9547A300F400C1B7894499
:10DDB000F1BFC944E1BF79719397050122D406D61A
:10DDC00026D24AD04ECEC1872E8463D1070403C524
:10DDD000A19BEF50EFCC2AC611CDEFF0BF9BB2450F
:10DDE00019E503C5919B9307F00F631EF5002E857F
:10DDF000EF506FC42165218DB250225492540259C4
:10DE0000F24945618280EF502FD0EDB793F71500AE
:10DE100091C7EFE05F8513451400F9BF8DE9014517
:10DE2000E1BF850493F4F40FEFD0BF8EE3F9A4FEB5
:10DE3000339599001319050113590901B37724018A
:10DE4000EDD34A85EFE0FF9F3345240175B7854444
:10DE50008549D9BF39C9011126CA06CE22CCAA8468
:10DE600009459DCD0D4628002E848D059760FF1F26
:10DE7000E780C00A8347A10070002C0093F7F703E6
:10DE800093E7070426852305F100EFE0FF9D09E9EC
:10DE90000D46A2856800EF50AFFA7D153335A0001E
:10DEA000F2406244D244056182800945828083C782
:10DEB000B19B918B1777FF1F130747E391E301474E
:10DEC00023A8E19A01458280011152C42A8A328531
:10DED0004EC656C25AC006CE22CC26CA4AC82E8B7F
:10DEE000B28AB689EFD08FF209ED8944F2406244DC
:10DEF00026854249D244B249224A924A024B0561E0
:10DF000082805C592A89C544F5F34D45EF70EF9C3A
:10DF10001374F50F5145EF704F9CE38809FC83C7DC
:10DF20008901E3E487FC1375F50FE360F5FC9305C5
:10DF30003005130500079770FF1FE780A097232A7D
:10DF4000A9022A84CD445DD1130600078145EF5014
:10DF50000FE9A300040023004401230164012312FC
:10DF60005401232E3405232C0400A301040063175D
:10DF70000A008547A300F40081448DBF2285EFE0AD
:10DF8000AFD58547A300F400AA842DD14A85EFE0E0
:10DF90002FD9A9BF397122DC06DE26DA4AD84ED63F
:10DFA00052D456D25AD05ECE62CC66CA0944630FB0
:10DFB000060E630D070EAA8B3A89368BB28A2E8C19
:10DFC000EFD0CFE42A8A51446302050E9305300551
:10DFD00041459770FF1FE780E08DAA894D4479C5C0
:10DFE0008344190083472900A204C207BE948347D3
:10DFF0000900BE9483473900E207BE9483278A0252
:10E0000063E697007D570944639DE70863070C00AA
:10E0100083474A000544898BC9C7930C4B002146AE
:10E0200081450A85C20CEF508FDB93DC0C01930510
:10E03000300566859770FF1FE780C0872A8C4D44A6
:10E040002DC15A86D6851105EF50CFE11146CA85FC
:10E050006285EF502FE1414693058A014E85EF50CE
:10E060006FE021478A866686E2854E85EFE07FD5A0
:10E070002A841DE121468A852800EF50AFDE214623
:10E08000930549002800EF50AFDB8547631EF5027A
:10E09000A6855E85EF704FAF62859770FF1FE780A2
:10E0A000008B4E859770FF1FE780608A2285F250B3
:10E0B0006254D2544259B259225A925A025BF24BDC
:10E0C000624CD24C216182800544F9B739715ECE31
:10E0D000AA8B594526DA4AD84ED652D456D25AD0AF
:10E0E00006DE22DCAE84328BB68A3AC63E8AC2890C
:10E0F0004689EF500F9735C59167938717E923102D
:10E10000F50085472301F5002A8432472105638500
:10E110000B0693071003A301F40019468145EF5045
:10E120000FCC834701042312940023036401230AC4
:10E13000F400A303540123174401231834012319C5
:10E140002401A28503C5819BEF500F9C9D4763EA84
:10E15000970086049797FF1F9387C71FBE9423904D
:10E160000400F2506254D2544259B259225A925A7F
:10E17000025BF24B21618280A30104001946BA853B
:10E180009760FF1FE78080D969BF011122CC2A84E4
:10E19000314506CE2EC632C436C23AC0EF506F8C1F
:10E1A0001DCD9167938717E92310F5008D47230153
:10E1B000F500A3018500B24522469246024762441B
:10E1C000F2402312B5002313C5002314D5002315F4
:10E1D000E500AA8503C5819B05616F50EF92F2406F
:10E1E00062440561828001114AC82A89394526CADC
:10E1F00006CE22CC2EC6B284EF50AF8621C1B245E6
:10E200009167938727E92310F5009147A301250122
:10E210002312B5002A842301F500A685190521469D
:10E220009760FF1FE78080CFA2856244F240D2440E
:10E23000424903C5819B05616F500F8DF2406244D6
:10E24000D24442490561828001114AC82A89414568
:10E2500026CA06CE22CC2EC6B284EF508F801DCDAA
:10E260009167B245938727E92310F50095472A84E3
:10E27000231225012301F500214619059760FF1F90
:10E28000E780C0C9A285231794006244F240D244BB
:10E29000424903C5A19B05616F500F87F24062445C
:10E2A000D244424905618280011122CC2A84394539
:10E2B00006CE2EC632C436C23AC0EF409FFA1DCDFC
:10E2C0009167938717E92310F50099472301F5001B
:10E2D000B245224692460247231285006244F2402C
:10E2E0002313B5002314C5002315D5002316E5001C
:10E2F000AA8503C5819B05616F500F81F24062447E
:10E3000005618280797122D406D62A842EC632C451
:10E3100036C23AC0EFD08FAF1DC1B24522469246F9
:10E320000247231CB100231DC1002C081306F00F67
:10E330002285231ED100231FE100EFD06F9FB25032
:10E34000225445618280011122CC2A84394506CEAF
:10E350002EC632C436C23AC0EF40BFF01DCD916721
:10E36000938717E92310F5009D472301F500B24577
:10E37000224692460247231285006244F24023134C
:10E38000B5002314C5002315D5002316E500AA8582
:10E3900003C5819B05616F403FF7F2406244056110
:10E3A0008280397166CAAA8C1305200226DA52D4FB
:10E3B00056D25AD05ECE62CC06DE22DC4AD84ED689
:10E3C000AE84328BB68A3AC63E8CC28B468AEF4008
:10E3D0005FE941C99166938616E9A9472A8423100B
:10E3E000D5002301F5009309E40021051309440138
:10E3F000324763850C0893071003A301F400194604
:10E400008145EF50CF9D194681454E85EF502F9D98
:10E41000194681454A85EF508F9C8357010423128A
:10E42000940023036401231EF40083574104A303D3
:10E430005401231D4401231FF40083478104A28556
:10E4400003C5819B2300F402EF401FEC9D4763EA64
:10E45000970086049797FF1F9387C7EFBE9423907A
:10E460000400F2506254D2544259B259225A925A7C
:10E47000025BF24B624CD24C21618280BA85A301CF
:10E48000040019469760FF1FE78040A9E2854E858A
:10E4900019469760FF1FE78060A81946DE854A8508
:10E4A0009760FF1FE78080A78DBF011122CC2A84CF
:10E4B000214506CE2EC632C4EF40BFDA0DC5224636
:10E4C000930710592310F50023018500B24523035B
:10E4D000C5006244F2402312B500AA8503C5819BA2
:10E4E00005616F407FE2F240624405618280011164
:10E4F00022CC2A84214506CE2EC632C4EF407FD6D8
:10E500000DC922469167938727E92310F500A1479B
:10E510002301F500B24523038500A303C50062442F
:10E52000F2402312B500AA8503C5A19B05616F4087
:10E53000BFDDF240624405618280011122CC2A8451
:10E54000314506CE2EC632C436C23AC0EF407FD126
:10E5500005CD22468567938717C92310F50023014F
:10E560008500B2452303C500924602476244F2404B
:10E570002312B5002314D5002315E500AA8503C591
:10E58000819B05616F405FD8F240624405618280E3
:10E59000011126CAAE844AC82A891385C40006CE52
:10E5A00022CC32C6EF40FFCB0DCD8567B2459387B5
:10E5B00017E923019500231225012A842310F50071
:10E5C000310508C426869760FF1FE7802095A28545
:10E5D0006244F240D244424903C5819B05616F40C9
:10E5E000BFD2F2406244D2444249056182800111A7
:10E5F00022CC2A84194506CE2EC6EF409FC615C5EB
:10E600008567938717F92310F50085472301850057
:10E61000A301F500B2456244F2402312B500AA8579
:10E6200003C5819B05616F403FCEF24062440561A6
:10E630008280411122C42A840D4506C6EF407FC264
:10E6400015C1930710F92300F500E947A300F50071
:10E65000230185002244B240AA8503C5819B410164
:10E660006F409FCAB240224441018280011122CCF6
:10E670002A84194506CE2EC6EF40BFBE1DC18D6748
:10E68000938717092310F50023018500B2456244E2
:10E69000F2402312B500AA8503C5819B05616F4036
:10E6A000BFC6F2406244056182800111214506CE59
:10E6B0002EC632C4EF40FFBA15C585679387073968
:10E6C0002310F500B245224685472301F500F240AC
:10E6D0002312B5002313C500AA8503C581990561DE
:10E6E0006F409FC2F24005618280797122D44AD086
:10E6F0004ECE56CA06D626D252CC5AC8894AAA89C4
:10E7000032843689639A5511938A019983C7019996
:10E71000568A8944C1C383C7160003C70600A207EF
:10E72000D98F239FF19A1307C6FF6399E7083145F4
:10E730002EC6EF401FB3AA8435CDB24542044180B6
:10E740002302B50023138500930700F91504A16582
:10E750002310F50023113501850522859760FF1FE1
:10E76000E780401588C431C183C70A009305E9FFDB
:10E7700013562400FD172388F1989750FF1FE78058
:10E78000E07B9C44A68503C5819989079CC4EF4022
:10E79000BFB78144B2502254268502599254F2499F
:10E7A000624AD24A424B4561828026859760FF1FAC
:10E7B000E780E019239E019A8544E9BF1307D6FF3D
:10E7C000E3CAE7FE83C7419B89CB9387019C8843BB
:10E7D00009C59760FF1FE780801703D5E19B1105EE
:10E7E000A1654205850541819760FF1FE780800C88
:10E7F00023A0A19C71D183470A002286CA85FD17F8
:10E800002388F1989750FF1FE7804071239E819ADB
:10E810008547238AF19AB5BF83D7C19B138BC19BD0
:10E82000C1DF03D7E19B138A019CB386C7001107A0
:10E8300003250A006344D7063E95CA859750FF1FFB
:10E84000E780C06D03560B0081443294420441803E
:10E85000239E819A83D7E19B9107E31DF4F2314512
:10E86000EF403FA0AA850DC9930700F92310F500DA
:10E8700083570B0023113501230255012313F500A3
:10E8800083270A001CC503C58199EF40FFA7239E7B
:10E89000019A238A019AFDBD03250A0009C59760E4
:10E8A000FF1FE780C00A239E019A238A019A29B795
:10E8B0006F70A01B6F70C01C411106C6EF70601C0A
:10E8C000B2400145410182806F70E01E6F70E02010
:10E8D0006F70E0226F70C0246F70A0266F70802868
:10E8E0006F70602A6F70402C6F70202E6F70E02F59
:10E8F0006F70E0316F70E0336F70803583471600C2
:10E9000003460600A2075D8E6F70C0366F70003838
:10E910006F70C03A6F70803D6F7040406F70004301
:10E920006F7020456F7040476F7060496F70804B0B
:10E930001307A5FF420785672A8841831385A7C768
:10E94000636CE502138707C801456368B70263E695
:10E9500005031307301F6362C702138766FF420770
:10E960004183938767C763EAE70005063306B6026B
:10E970008E063325D60082800145828011C9832707
:10E98000050993E707402328F508FD572300F50202
:10E990008280011122CC06CE2A840345050293070A
:10E9A000F00F2E866309F5002EC6EF407FF9324640
:10E9B000FD572300F402834734020357A403930650
:10E9C000040293E70706A301F40283570403A28518
:10E9D000F240BA97231CF4026244170500001305A5
:10E9E00025FA05616F40FFE4011122CC06CE2A848E
:10E9F000034515029307F00F2E866309F5002EC616
:10EA0000EF401FF43246FD57A300F40293061402B0
:10EA1000A2856244F240171500001305C5F7056191
:10EA20006F403FE1011122CC06CE2A840345250226
:10EA30009307F00F2E866309F5002EC6EF405FF0B6
:10EA40003246FD572301F40293062402A285624454
:10EA5000F240171500001305A5F605616F407FDD34
:10EA60009797FF1F9387879E03C70702ED46A30D65
:10EA7000E51203C71702230EE51203D72702A30EE0
:10EA8000E5122183230FE51203C74702A30BE5120A
:10EA900003C7570283D767022311D514230CE5124D
:10EAA000A30CF512A183230DF512B7071B00938762
:10EAB00087142322F514930780142314F514ED47CB
:10EAC00013078004A306F514854723070514A3073D
:10EAD000E5142308F514A308D51423090514A30984
:10EAE000E514230AF51482800357C503954703569E
:10EAF000E502B307F7028356A50293D53740635565
:10EB0000B600118F93173700B3C7D702C207C1836E
:10EB1000231DF50282808327C50E0D469306F00F54
:10EB200003C707000D8B2305E5006314C70083C6E8
:10EB30002700A30AD50003C70700418B2308E5007F
:10EB400083C71700A305F50082800327050F63061E
:10EB50000710411122C406C6834785000326051508
:10EB60002A8493F7C70F2304F50083459700218279
:10EB70008356C700420613958501418261856378FB
:10EB8000D606635105060345870093F5F507A304F0
:10EB9000B700854593E627006314B50093E6170098
:10EBA0002304D4005C4389075CC31376F60FA304E7
:10EBB000C4009787FF1F9387E77DC84B4C43090527
:10EBC0009750FF1FE78080358327040F034694008A
:10EBD000D44303D7C700B296118FD4C32396E7005E
:10EBE000894715A893E717002304F4007DBF13F6A7
:10EBF000F60F635B050403458700854593E6270010
:10EC00006314B50093E617002304D400A304C400E2
:10EC1000A30407008547A30BF4008327040F0145D5
:10EC20009C4399CF034764029787FF1F83C7975E72
:10EC30006378F7008347840093E707012304F40017
:10EC4000B24022444101828093E717002304F4007C
:10EC5000A304C400A3040700A9BF0545828083471D
:10EC60008500CD9B2304F50082808327C50E0347D2
:10EC7000850083C70700935637408987B58F858BFA
:10EC800099C7134787002304E500014582800545A5
:10EC900082808327C50E0347850083C707009356EC
:10ECA00027408D87B58F858B99E71347470023044D
:10ECB000E50001458280054582808327050C850794
:10ECC0002320F50C91E78327450C85072322F50CBB
:10ECD0008327450C93F7070891C785472320F50C38
:10ECE0002322050C8347350293F7070491CF8357FE
:10ECF00005030357A503BA97231CF502832745098B
:10ED000093F7F7BF232AF50882808327850C8507B0
:10ED10002324F50C91E78327C50C85072326F50CE2
:10ED20008327C50C93F7070891C785472324F50C63
:10ED30002326050C8347350213F7070409C793E719
:10ED40000702A301F50282809787FF1F9387077050
:10ED5000BC470145054791E3828083C677006393F2
:10ED6000E60005059C43C5BF411122C491452A8494
:10ED7000014506C6EF40DFF12314A4041787FF1FE7
:10ED800003578772854763F4E70483570403835668
:10ED900004050355A4041787FF1F1307276B9D8ED7
:10EDA000B386A602832704088328870485451303B6
:10EDB000F5FF130E8002BE9683270415A183C207B8
:10EDC000C183938727028587AD0763E66500B2405C
:10EDD0002244410182803388C50346877D56369898
:10EDE00001E72314B404E5B76314E400184075DBAD
:10EDF000832EC7076398AE00032607083306C84072
:10EE00003376A6026364F6001843D9BF890575BF3F
:10EE10001787FF1F03574769854763FDE706832769
:10EE20000515834575041787FF1F13072762A18304
:10EE3000C207C18393872702032387048587AD0711
:10EE4000FD150546130E80026363B6008280B3068B
:10EE5000C603032705087D58BA961A8701E72314CD
:10EE6000C50482806314E500184175DB832EC70753
:10EE70008328C507639A1E01832807083388D84072
:10EE800063E41601338816416364F8001843F9B748
:10EE900005065DBF82801787FF1F0357E760854720
:10EEA00063F6E70C41119787FF1F9387275A22C407
:10EEB000A04706C626C2A28789E709E8230C0500F9
:10EEC000B5A003C7A7013DE39C43FDB76314A400AD
:10EED00000406DD483477400C1EB785C7C5D6305B2
:10EEE000F7080347850193070008AA846315F70410
:10EEF0008357A4021946930500082313F50623142B
:10EF0000F5068357C4022316F5048357E40223173A
:10EF1000F50403554500EF20707C8547238DF400F0
:10EF200083C7840193F7F707238CF400B24022448F
:10EF30009244410182808357A50219469305000837
:10EF40002313F4062314F4068357C5022316F4048E
:10EF50008357E502035544002317F404EF2010788B
:10EF60008947230DF400D9B7004081BF230C050069
:10EF70008280411126C206C622C41787FF1F03578D
:10EF8000A7528547AA8463F6E7188347050E898B45
:10EF9000638107189787FF1F9387474BB847BA8548
:10EFA000B5E983A7041501447D58A183C207C18335
:10EFB000938727028587AD077D5535E363000410ED
:10EFC000834774008356A402D5E38947A303F4045E
:10EFD00003570403835724052315D40422853E9741
:10EFE00041079D8B1D8F5C542318E4047CC4EFF013
:10EFF000BFD78327440993E74700232AF4088547AE
:10F00000A30CF4008D47230DF400B2402244924437
:10F010004101828083C7A501EDFB8C4151B71443A8
:10F0200063149700C1DE36870326070883A6040809
:10F030006361D602B306D640F05C6374D600B3F6C3
:10F04000C60263F6A600368563F3F600BA85184358
:10F05000ADB7918E705F6374D600B3F6C602E3F865
:10F0600006FF3688E3F5F6FE3A84D5B783D7A402C7
:10F07000B3F7D702D9FB1D4799476375D70093D7DC
:10F0800016008D0705672313F406130707C88A07C0
:10F090006353F700BA872314F4065C540355440005
:10F0A000130660087CC4C947230DF4002244B24013
:10F0B00092449305000841016F205062B9C903D7FB
:10F0C000A40283D7A502B3F7E702A1E783878401EF
:10F0D00063D107049D46994763F5E60093571700EF
:10F0E0008D0705672393F406130707C88A07635340
:10F0F000F700BA872394F406DC5403D544001306C2
:10F100006008FCC4CD47238DF40093050008EF2070
:10F11000F05C238C0400D5BD1787FF1F0357C73849
:10F12000854763F1E720397122DC26DA4AD84ED6CA
:10F1300052D456D25AD05ECE66CA06DE62CC6AC8B7
:10F140006EC6032C05155149AA8C135C8C00420C29
:10F15000135C0C01130C2C02135C1C402D0C335956
:10F160002C037945E5449787FF1F9387272E1306C5
:10F170001027814681457D6AA0478569B70A02004C
:10F18000930B8A84938909C8130A0A408D0A3305B0
:10F19000AC02B3049C02EFB010192A8BA58005E0E5
:10F1A000F2506254D2544259B259225A925A025BD6
:10F1B000F24B624CD24C424DB24D2161828063953C
:10F1C0008C0003A40C0069DC8347A401DDEB785CB0
:10F1D00083A7CC0763E7E70A03A50C088327040885
:10F1E0006361F50A178DFF1F034D0D03931D8D01FC
:10F1F00093DD8D411D8DDE8763C70D0093761D0065
:10F20000D28791E2D687637EF5066374A7003375D3
:10F21000E50263788507935717006373FC00E28764
:10F22000AA9763D20D067945130610278146B3B518
:10F23000A7023385A702EFB0100F9307150085468C
:10F240006381D704034674000357A40229EE2315F3
:10F25000E404585485832314F40478C40947A303B1
:10F26000E40483D70C03A30CD400A9072318F404E7
:10F270008327440993E74700232AF4089147230D85
:10F28000F400004029BF13771D0009C7514533D54D
:10F29000A70265B765473385E702B3B7E702258163
:10F2A000DE075D8D59BF83D6AC0263FFE602B3F67D
:10F2B000E602DA8763C70D0013761D00CA8711E2E4
:10F2C000A6878507858363E1F602DA8763C80D00A8
:10F2D000137D1D00A68763030D00CA8785078583FC
:10F2E000B307F740E3FFD7F89D46994763F5E6007B
:10F2F0000583930737002313F4061397270063D37E
:10F30000E9004E875C54035544002314E4067CC492
:10F31000D147230DF4001306600893050008EF2081
:10F32000F03B85B782809387419C9C43411122C466
:10F3300006C6858B2A84B5EF4165130525F5EF00D8
:10F34000904225C98347E5002317F5008327840FE2
:10F35000A1EB232CA40E232EA40E8547231AF4021E
:10F36000232005008347B4002316F5008347A4003B
:10F370002304F5008547A304F5009787FF1F83D773
:10F38000670D850722851787FF1F2315F70C9750F8
:10F39000FF1FE78060E60145B240224441018280C0
:10F3A0008327C40F88C383574403232EA40E8507E5
:10F3B00075B78347840023080400054593C74700B9
:10F3C0002304F400D1BF9787FF1F83C797E76380AB
:10F3D0000712411126C206C6AA8422C44AC07D551E
:10F3E000CDC89787FF1F93876706B8475DC3178906
:10F3F000FF1F130929E1830549011785FF1F0345F5
:10F4000035E205057D5485483708C0A8130E000C69
:10F410008346770083270708639316090353E7069B
:10F420008356C702637DD3060346D70063191607C8
:10F430000326070F2DE60326470935E20346F700AA
:10F44000631FC605705FB386664079163306D60221
:10F4500083264708B356D602B297AA96C206C1823F
:10F46000231AD70663D00504958F63F387003E8483
:10F47000184359FF9387818F9C4382976368A40246
:10F48000B307A4409CC09C4035476361F70423A0A8
:10F490000400B240224492440249410182808356D2
:10F4A0004707C9B7E3F2D7FCC2977DBFB3078540D2
:10F4B00063DB070083074901E3C407FCB707C0A863
:10F4C000A297898FC1B723A0040075BFCD179CC038
:10F4D0008307490163D50700130534FF5DBFB147BA
:10F4E000E3EC87FE3705C0A84D1522955DB77D5525
:10F4F00082809387C1A79843011126CA06CE22CCE9
:10F500004AC84EC6AA8435C73E891787FF1F0357CE
:10F51000A7F98547631FF7041787FF1F130787CED7
:10F52000830647018327050803544507BA8963DD2D
:10F530000604338487409387818F9C438297636B53
:10F54000A404B307A4401785FF1F034585CD05819B
:10F5500003270900637CF5063385A7409787FF1FC3
:10F5600083C787CB93968701E18663D3060416058C
:10F570000297F2406244930700FB2386F40042495D
:10F58000D244B24905618280E3F587FA3707C0A803
:10F59000BA9745B7330785408147E35607FA838713
:10F5A0004901E3C007FAB707C0A8A297898F61BFD6
:10F5B000858B99C79307803E3305F50215814DBFB2
:10F5C0009307D0033305F50205815DB701454DB7BB
:10F5D0009787FF1F938787E7FC4B411122C426C200
:10F5E00006C62A84AE846396A7009787FF1F23A9C7
:10F5F00007EA8327840F81CB035544000146930516
:10F600000008EF20B00D8357640381CB03554400FD
:10F610004D4693051008EF20700C03554400154625
:10F6200093051008EF20900B23030400A3060400A9
:10F63000230394041787FF1F035707E7854763E6F3
:10F64000E70085450145EF408FBEB2402244924419
:10F6500001454101828083476500638A07328357F1
:10F66000E506411122C406C685072317F506834720
:10F67000F500230F05002A841397870161876344EF
:10F68000070203570503954763E4E700014501A816
:10F690009305E003EFF0DFF32300A4040945B24033
:10F6A00022444101828013F707022DCB93F7F7FD27
:10F6B000A307F50083270509034775002300050408
:10F6C00093E747002328F50885476319F7040327C4
:10F6D00045087C5D9786FF1F83C606B41396860196
:10F6E000B3D7E7021787FF1F034797B361869107D8
:10F6F000BA97C207C1832319F50686071397070136
:10F70000418383477502635706129306204EB387E1
:10F71000D702BD079583BA972318F4068347E40000
:10F7200013F71700630907228357040503570403DF
:10F730006394E7208357C4028355E40403452402FD
:10F740002319F404834774049205A303F402835736
:10F7500084042314F4027C445CD4EF408FA5034658
:10F760007400231704069786FF1F83C6E6AA8357F3
:10F7700084020357A404631A061293958601E18557
:10F780000326040863D8050C1305204EB387A7028F
:10F79000BD0795835106B29763C905003706C0A817
:10F7A00063E5C70037064057B2972320F4082315B6
:10F7B000E40263D2050C9307204EB307F70295834A
:10F7C0007CDC63D9050C06079377E701230EF40070
:10F7D00083570403FD172319F4028347A40181C74B
:10F7E0002285EFF0EFE28347F40093E70702A307D7
:10F7F000F4008347E400F99B2307F40083473402B5
:10F8000093F70704E38407E803578403835704034B
:10F81000E31EF7E60347D4009307200A6315F700B9
:10F820008547A306F4008327440993E70740232A6A
:10F83000F408A9BD858A91C693068002B387D702D2
:10F84000D9BD85669386B647B387D70293870704E9
:10F850009D83D1B513F5160011C513058002B3873A
:10F86000A7020DBF05651305B547B387A7029387A8
:10F8700007049D8305B793F7160091C7930780028D
:10F88000B307F70235BF85679387B747B307F7021A
:10F890009D833DB7858A814795FA85679387B747EA
:10F8A000B307F7028983FD8B15B793958601E18530
:10F8B0009DC70326040863D005041305204EB387B3
:10F8C000A702BD079583B29763C905003706C0A894
:10F8D00063E5C70037064057B2972320F408231585
:10F8E000E40263DB05029307204E3307F7023D076E
:10F8F000158378DCCDBD13F5160011C51305800204
:10F90000B387A702C9B705651305B547B387A70233
:10F91000938707049D8345BF858A91C6930780021C
:10F920003307F702F9B785679387B7473307F702BD
:10F93000130707041D8375BF998F13970701E35FB2
:10F9400007EA930580022285EFF09FC82300A404F4
:10F9500013058002A9B3898BE38207EA0357A41039
:10F9600083570403B306F74013960601E34B06FCE6
:10F97000E316F7E815469305541013050410974055
:10F98000FF1FE780A0598347E400F59BB5B5054507
:10F99000828005C541119305200222C406C62A842F
:10F9A000EFF01FC3FD572300A404A3060400A30027
:10F9B000F402B24022444101828082800DC941118B
:10F9C00022C406C68307F5002A849305E00363D3A7
:10F9D0000700A145EFF0DFBFFD572300A404A306F5
:10F9E00004002301F402B24022444101828082805B
:10F9F0001786FF1F130686A53846630A07467971E6
:10FA00004AD01779FF1F1309E97F830849012C4A5F
:10FA100006D622D426D24ECE52CC56CA5AC85EC67C
:10FA200001457D583703C0A8832607088357470739
:10FA300063D90810B387F64063F50701BA853E889D
:10FA40000545184375F309C59787FF1F23A8B7A479
:10FA5000204A85649389818F370AC0A8B70A405726
:10FA6000054B9384B44783A70900832B040882972E
:10FA70006377752F035744079777FF1F83C7677A0C
:10FA8000B38BAB40BA9763E0772383570403228597
:10FA9000A30E040085072318F4020D2F2285EFF032
:10FAA0009FBB49E503064901230304028327040899
:10FAB00003574407635B06083387E74038DC785C0C
:10FAC000BA9763490600B706C0A863E5D700B70632
:10FAD0004057B697834674002320F4088545639EFB
:10FAE000B6068357E4060356C4026364F61403465D
:10FAF000D4006310D6148326040F8144D5E28326F4
:10FB00004409D9EE0346F4009306000C631AD608A4
:10FB1000B387E70203274408B3D7E7021777FF1F2D
:10FB2000034717700507BA97231AF406B2502254F8
:10FB300092540259F249624AD24A424BB24B456151
:10FB40008280E3F9F6EE9A96F5B5E3F7E7F6B706A5
:10FB5000C0A8BE963387E64095B70345C4018144EB
:10FB600021C1835604038354240313070002B38482
:10FB70009640B384A402C204C180637397021387C2
:10FB80001700634A06003706C0A86366C700370738
:10FB9000405705073E97FD162320E4082319D40299
:10FBA00083A7090082972A8A83A709008297E30D19
:10FBB00045FF83A70900032A840782979777FF1FD1
:10FBC00083C78765139787016187635607063305E7
:10FBD000AA4059CD745C637DD508635407061605A9
:10FBE0009387C19D9C432167130737302695D8C75B
:10FBF0000605A8D3130700F89776FF1F238EE67833
:10FC0000316713073730D8C7EF40C04DEF40C050C1
:10FC100003477400854781456313F70417350000D7
:10FC20001305E5EEEF30BFE0930700FD2306F40077
:10FC3000F5BD8144B5B7E37CAAF8B706C0A8369AEB
:10FC400079B7858B99C79307803E3305F5021581F7
:10FC500041BF9307D0033305F502058151B717154E
:10FC60000000130525E3EF309FDC930710FC7DBFF8
:10FC7000034774008547032309036317F70095457D
:10FC8000E30603EA154529A0E30203EA9545194571
:10FC90002254B25092540259F249624AD24A424B1B
:10FCA000B24B4561028363DD0B0483570403228555
:10FCB00085072318F402192B2285EFF0DF99785C71
:10FCC00083270408BA97030749016345070063E3E4
:10FCD0004701D6972320F408834774006395670192
:10FCE0002285EF2070608347D40185458507A30EE8
:10FCF000F40083270903E38807D615458297A5B347
:10FD00008357E4021777FF1F0347075193168701B4
:10FD1000E1868E0763D506021307204EB387E702FC
:10FD20009583E3F577E1A1452285EFF07F8A0323F0
:10FD300009032300A4048945E31603F4C5BB058B1E
:10FD400011C713078002B387E702E1BF05671307F6
:10FD5000B747B387E702938707049D83D9B78357D3
:10FD6000E4021777FF1F0347274B93168701E186AD
:10FD7000B30B75418E0763D6060A1307204EB3876F
:10FD8000E702958363F7FB0C83A7090082978357EB
:10FD90000403AA8B228585072318F40205292285EE
:10FDA000EFF07F8BE31405D8785C83270408BA97BB
:10FDB000030749016345070063E34701D697232002
:10FDC000F4088347D40113F7070F2DCB2285EFF0FA
:10FDD000AFB4A30E040083270408E3F7FBFA8356AD
:10FDE000E4067C5C03274408B387F602B3D7E70236
:10FDF0001777FF1F0347D7421107BA97231AF40654
:10FE000083477400639067058357C402E3FDD7C43A
:10FE10002285EF20704D83270903E38607C48D45B3
:10FE2000E9BD058B11C713078002B387E70299BFAD
:10FE3000B3879702938707049D83A9B78507A30E0D
:10FE4000F40051BF83270903E38F07C08D4519458F
:10FE500075B5E3CD0BCCA1452285EFF06FF70323F9
:10FE600009032300A404E30303CC914521BD828050
:10FE7000411122C406C62A848327040FD9E38327AD
:10FE8000840FD5E30325840E09C59750FF1FE78033
:10FE900000AC034514029307F00F6304F500EF3044
:10FEA0003FAA034504029307F00F6304F500EF3007
:10FEB0003FA9034524029307F00F6304F500EF30D8
:10FEC0003FA803554400B5249777FF1F93878733D6
:10FED0009C4785C79777FF1F83D7075D99EF977773
:10FEE000FF1F9387E735C84F09C99750FF1FE78069
:10FEF00000A69777FF1F23A30736B2402244410193
:10FF00008280C84309C59750FF1FE78040A483271C
:10FF1000040F03D7E700136707F02397E7009C431C
:10FF20002328F40E91BF03D7E700C843136707F0F7
:10FF30002397E70009C59750FF1FE78040A183275B
:10FF4000840F9C43232CF40E1DBF9777FF1F9387CC
:10FF5000E74FBC4799E33E85828003D74700E30C17
:10FF6000A7FE9C43C5BF9777FF1F9387274EBC4FC3
:10FF7000C1669775FF1F83C5E5290147FD1603D6A6
:10FF8000E700630BA6006309D60005071377F70F98
:10FF9000C107E3F6E5FE81473E8582809777FF1F24
:10FFA0009387C74ABC4FD1EB1775FF1F0355454CCC
:10FFB000130515029777FF1F83C7C725158585078A
:10FFC000160592073E954205411141819305B020E7
:10FFD00006C69750FF1FE780E08D1DC59776FF1F6F
:10FFE00083C64623138716009777FF1F23ACA74AC3
:10FFF0001207939506012A97C1818147130840F59E
:020000021000EC
:10000000930820F563D5F600B240410182808DE36C
:100010002317150158C1A304050041052A8663E38F
:10002000B70001468507C2072328C5FEC183D9BF93
:100030002317050123220500F9BF82804111930592
:10004000A0201305801506C622C426C29750FF1FA4
:10005000E78040861306801581452A84EF302FD82B
:10006000014559C89774FF1F9384443EB04429C684
:10007000F44483D74600138717009317070193159D
:100080000701C18363D30500854732878355470045
:10009000E383F5FE18437DFB2312F400B9C780C249
:1000A0009777FF1F23AA873E83D7C4058507177755
:1000B000FF1F231BF73E15A085472312F400177777
:1000C000FF1F2329873C1777FF1F2327873C1777BC
:1000D000FF1F231BF73CEFF07FECFC4423A007003D
:1000E000230304002306040031A022859750FF1F3C
:1000F000E780E08503554400B24022449244410128
:10010000828041119777FF1F9387473422C4A04F05
:1001100006C609E8B24022449777FF1F23A4073898
:100120004101828022859750FF1FE7804082004076
:10013000CDB7411122C41774FF1F13042431344476
:1001400006C60147B687B5C303D647006315A606A2
:100150000DEF98429776FF1F23AEE6323E8597401B
:10016000FF1FE780C07E7C4423A007009777FF1F16
:1001700083D7873395E7EFF0DFF89777FF1F23AB3F
:100180000730B24022444101828074446397F600F4
:100190009776FF1F23A2E630D1B7944314C37DBFE7
:1001A000FD171777FF1F2311F7309777FF1F83D7AE
:1001B000A72FE1FBC9B73E879C4371B761468145D4
:1001C0001775FF1F1305052D6F306FC1011126CA6A
:1001D0004AC806CE22CC4EC652C456C25AC02A893C
:1001E000930745109306F50F814401479319870043
:1001F00003C7070013D68401B3693601A204FD17B3
:10020000D98C4E87E394D7FE8347490203443901D2
:100210003E941374F40F9307400263F687001304AF
:10022000B4FD1374F40FA309890022862685CE85B8
:10023000EFA0B00C058909CD23098900F240624482
:10024000D2444249B249224A924A024B0561828015
:10025000814A014A130B500256862685CE85EFA0AF
:10026000D009058901C5050A137AFA0F850AE395B5
:100270006AFF33744403814A014A130B50025286C9
:100280002685CE85EFA07007058911C963958A0080
:100290002309490165B7850AE20A93DA8A41050A0A
:1002A000E31F6AFD61BFA30905008280832705095A
:1002B000411122C406C62A846389071813F7270050
:1002C00019CBF59B2328F5080355450019469305DE
:1002D0000008EF10B0408327040913F7470021CB33
:1002E000ED9B2328F4088347340293F7070491CB4E
:1002F00083274409228593E70740232AF408EFE087
:10030000AFFE8347940199E78347340293E71700D0
:10031000A301F402035544000D4693050008EF10B5
:10032000F03B93070004231CF400230D04008327F3
:10033000040913F7070139C7BD9B2328F408834735
:10034000F40303554400214689C7A30F0402130692
:10035000000393051008EF1070388347340293E7C9
:100360001700A301F4028347E40389CF8347040EF7
:10037000C18B89CB8355C40322859205C205C181F7
:10038000EFE02FE18327040913F7072001CF03557E
:10039000440093F7F7DF2328F4083146930510084B
:1003A000EF10D0338327040913F7070415C303554F
:1003B000440093F7F7FB2328F4081146930500083F
:1003C000EF10D0318347340293E71700A301F40202
:1003D0008327040913974701635507027D771307A5
:1003E000F77F03554400F98F2328F4081D46930531
:1003F0000008EF10B02E8347340293E71700A301E3
:10040000F4028327040913F7074009CF035544007A
:1004100093F7F7BF2328F408130670059305100817
:10042000EF10D02B8327040913972701635F070080
:100430008347340283456404228593E71700A301B0
:10044000F402EFF0EF982300A4048347640085CF03
:100450008327840F99CF8347640181EF03554400BC
:10046000014693050008EF10702701E58547230B2F
:10047000F4008357640381CB035544004D46930534
:100480001008EF10B02583473402F1C7918B91CF4C
:100490000346D400C165938505A02285EFE0CFD443
:1004A00083473402ED9BA301F40283473402858B1A
:1004B0008DC3034514029307F00F6307F500EF3077
:1004C0002FC8FD57A300F40283473402F99BA30110
:1004D000F40283473402898B89CF8355E4020345B4
:1004E00024029205EF30EFCC83473402F59BA30141
:1004F000F40283473402A18B99CF8355E4020D4661
:1005000022859205C205C181EFE00FCE83473402F8
:10051000DD9BA301F4028347340213F7070101CFE7
:100520000345040293F7F7F8A301F402EF304FC13B
:10053000FD572300F4028347340213F7070201CF6B
:100540008355C4030345040293F7F7FDA301F402A6
:100550009205EF300FC68347840193F7070C99C7C4
:1005600022852244B24041016FE0FF92B240224412
:1005700041018280411122C426C206C64AC0834777
:1005800065022A849384019D85072303F50283472E
:100590001501BDE70347850093070004A308F50094
:1005A00083274509319B13673700A30B05002304FC
:1005B000E5009396070163D50602E176FD16F58FF7
:1005C000232AF5088327850E2380E7008327840EDE
:1005D00003479400A380E7009C400327840E81A872
:1005E0000347D500054963182721638E071E13F7BB
:1005F000070821C393F7F7F7232AF508EF10001730
:100600008347740105476398E7448327040F034732
:100610008400DC432380E7008327040F0347940012
:10062000DC43A380E7000327040F9C40584398CB8A
:10063000A9A113F7072011CBEF10602183274409EC
:1006400093F7F7DF232AF40865BF13F7270019C7CC
:10065000F59B232AF508EF10A02F5DB713F747008D
:1006600019C7ED9B232AF508EF00106651BF13F759
:10067000870019C7DD9B232AF508EF00907049B762
:1006800013F7074001CB93F7F7BF232AF508EF10C4
:100690000043BDB71397370163500702EFE0EFCA7D
:1006A00025D1832744097D777D17F98F232AF40804
:1006B0002285EF104045A9B713F7070201CBEF10D1
:1006C00000148327440993F7F7FDADBF13F7070420
:1006D00001CBEF00D0748327440993F7F7FB9DB754
:1006E00013F7071001CBEF10600D8327440993F730
:1006F000F7EF89BF139717016355070271777D17CD
:10070000F98F232AF5088347040E918B99C7BD45BD
:100710002285EF1060388547B9A02285EF10E01BD5
:10072000DDBF1397F700635E070041777D17F98FF0
:10073000232AF5088327040993E727002328F408D0
:10074000C1B51397E7006356070201777D17F98F4C
:10075000232AF5088347050E918B89CBBD45EF1001
:10076000A033930720F9A306F40059BDEF10E0165B
:10077000CDBF1397D700635307023707FCFF7D17E0
:10078000F98F232AF5088347050E918B89C7BD454C
:10079000EF108030B5B5EF1040149DB50567130715
:1007A00007807D8F11CBEF106034832744097D775C
:1007B0001307F77FF98F79B51397C70063520702C4
:1007C000EFE0AFB8E30E05E2832744093707F8FFEF
:1007D0007D17F98F232AF4082285EF10E03A0DB532
:1007E000232A050831BDEFE04FB6E30B05E0228573
:1007F000EF10604031B565DF930650076300D718EE
:1008000063EAE60893069004630ED71463E9E604EE
:10081000930730036308F71463ECE70093070003C2
:10082000E317F7FCEF00705CD9472303F404C9BB5E
:1008300093075004E30DF7FA93078004E319F7FADE
:100840002285EF10403B8347E400DD9B2307F40043
:100850008327040993E707012328F4086DBD930655
:100860003006630ED71263E9E60093073005630A8A
:10087000F71093075005D9B7930650066306D712B1
:1008800093074007E315F7F68547A30FF502EF003E
:100890001059BDB39307300A630EF71663E2E706FB
:1008A0009307900963EFE70293078009637AF708DB
:1008B000930750086309F71293073009E319F7F219
:1008C000834705047947E380E7E4054963952707F3
:1008D0008357650603578506BA9785872315F50460
:1008E00061B39307A009E314F7F003470504F94740
:1008F0006318F704EF00707E8547A306F400A1A8F3
:100900009307300B630BF71063E9E7009307500A76
:10091000E3EFE7ECEF10202EC5B79307400B630E13
:10092000F7109307500BE314F7ECEF10C02C85473A
:10093000A306F40011AAEF10002CA3062401DDBBCE
:1009400083576406035784062285BA978587231543
:10095000F404EF0070378347340293E71700A301D4
:10096000F40279B92285EF10002983270409096769
:10097000A3060400D98F2328F40859B1EF00106BA7
:1009800041B18D47230FF5022320050C2322050CCE
:100990002324050C2326050CEF00D05895B1EF0059
:1009A000F061A3062401A9B90347C5138346B51313
:1009B0002207558FED4663FBE6000347050E1377CC
:1009C000070209C70567D98F232AF5082285EF108A
:1009D00080228547A306F40083270409230004042A
:1009E00093E70704A1BBEF1000218347B401858B77
:1009F00099CB8327040923000404A30D040093E783
:100A000007202328F4088347340293E71700A30143
:100A1000F40211B3EF10800D69B7EFE00F93E3011B
:100A200005BE2285EF1040168327040905671307CA
:100A3000078023000404D98F05B5EF10C01B85473C
:100A4000A306F400230004048327040905671307A1
:100A50000780D98FE5B109476397E7029777FF1FB2
:100A600093874793DC4B41779443758F98C38356A4
:100A70008400558F98C398401CCBB24022449244C6
:100A80000249410182808327840E034784002DBEE2
:100A900001119777FF1F9387679B22CCA04B26CA33
:100AA0004AC84EC652C4B164216A0569B72902001A
:100AB00056C206CE5AC0930A3A3093843430130992
:100AC0000980938949068347C4001307100C639A71
:100AD000E714138BC19D83270B0098430D8B05C32F
:100AE000B84B619BB8CB98431367870098C39C436E
:100AF0008D83858B89C701000100010001002285DB
:100B0000EFF05FA703270B009776FF1F9386868879
:100B100083C74600858B99E33C53FDFB9777FF1F06
:100B2000238C0786834794006389070E8347E40379
:100B3000898BE5C7A2850545EF30403683270B003A
:100B40001307A007B8CB83270B001307000AB706CB
:100B500000F9B8D37D47D8C39387C19C9C43FD1649
:100B6000984F758FB7060002558F98CF984F13771F
:100B700037F81367870198CF1387419E1443D856DF
:100B8000759BD8D6034724019376F70798431377CC
:100B900007F8558F98C303278408B70600F0FD16A1
:100BA00098C70327C408D8C3D857719BD8D7984390
:100BB000758F98C39767FF1F238F077C930700F8F3
:100BC0001767FF1FA309F77C9767FF1FA386077CA2
:100BD0009767FF1F2383077C930730FC2306F400ED
:100BE000EF304050C1471767FF1FA308F77A03276C
:100BF0000B003C53FDFF83479400232657019207C7
:100C0000938787153CD3930700F89766FF1F2385CA
:100C1000F67844C7EF30E0477DB59307A0053CCB9D
:100C20001DB71307400C6395E77E9767FF1F83C7C7
:100C30009776858B176BFF1F130BCB756383077A32
:100C40009767FF1FA38907748347F40013978701F1
:100C50006187634E070093E707F8130700F8230C3A
:100C6000E400A307F4009777FF1F23AB07828345B7
:100C7000E4030325C40E1306440185899740FF1F32
:100C8000E78000989767FF1F2389A7700589631184
:100C9000056A83473402A30F04002317040693E771
:100CA0002700A301F4022285EFD03FFC21ED83272A
:100CB000040FA30804008DCF0347740115CB03C7AD
:100CC0009700058B15E703D7E700C843136707F0C4
:100CD0002397E7009740FF1FE78060C783576403AF
:100CE0008507231BF4028327040F9C432328F40E5B
:100CF0008347940081CB8347E403898B81C7228596
:100D0000EFD0BFFB8347E403858BE5C383476B00CC
:100D1000898BE1CF8347F4018507A30FF400834754
:100D2000F401639007628347E40193F7E70F639A46
:100D3000076022859730FF1FE780E05085476312E8
:100D4000F5602285EFF01F83834694009387C19D51
:100D50009C43139746001307C72023A65701B8D317
:100D6000130700F81766FF1F2308E662C4C783470E
:100D7000E403898B6384075C6382065CA285054576
:100D8000EF30C0111305A0079730FF1FE780807870
:100D90008327840FB1C30347F400137707040DCFF3
:100DA000D44303C6C70083C58700035544008906A2
:100DB000EF60000115E18327840F03D7E700136775
:100DC00007F02397E7009C43232CF40E835744033A
:100DD00081C7FD17231AF4029730FF1FE780E070E8
:100DE000930730FC2306F400F9B92285EFD07FEA9F
:100DF0001DF52285EFD03FD20347E40093778700AB
:100E000095C78347B4009DC383475401C54663E635
:100E1000F600B3D7F900858B91EB9307D00323033A
:100E2000F40493079004A306F40091A08346A40061
:100E30008D476394F64A83475401BD466393D70AAE
:100E40008346B400E1476393F6488347040E898BD9
:100E5000638E07460D8B0DCB9307A0022300F4048D
:100E60008327440937070400D98F232AF4088347CE
:100E7000E403858BE38507EA8347B400E38107EA4F
:100E80002285EFD09FE861BD8347D4000547639A70
:100E9000E7002285EF00F0572300A404930730F900
:100EA00059B793062004639CD7002285EF00705643
:100EB0002300A4044DFD83274409416775B79306B9
:100EC00020096395D740930730022300F404832759
:100ED0004409B7060200A306E400D58F232AF408CC
:100EE00079B7C1466395D7020347B400E147631F52
:100EF000F73C0347D400930720096319F73C228588
:100F0000EF00B0602300A4049307A0F929BF0946AD
:100F1000639FC7000347B400631AF73A8327C40EE0
:100F200083C737002303F40493073003EDBD2D4638
:100F3000639CC7020347B40085476319F73803472A
:100F4000D400930720076313F73893075007A306CD
:100F5000F40083473402230F040293F70704E3806D
:100F600007DCA301D40265BB91466396D70883468C
:100F7000B400B547639CF6348346D400930720043D
:100F80006396F6348327C40E1367870083C6570021
:100F900003C64700A2064206B29603C66700B29691
:100FA00003C637006206B296232ED40883C6970084
:100FB00003C68700A2064206B29603C6A700B296F1
:100FC00003C677006206B296232CD40883C6C700F6
:100FD00003C6D700A2064206B29603C6B70083C76F
:100FE000E7002307E400B296E207B697232EF40A3F
:100FF000930750040DBD15476390E7020347B40003
:1010000085476315F72C0347D40093075004631FEB
:10101000F72A9307300501BD19476392E70203479A
:10102000B40085476314F72A0347D40093074005AB
:10103000631EF7282300040493075005EDB33947D6
:10104000639DE7040347B400A5476311F72883476E
:10105000040EA18B638C07260327C40E9307040D8F
:101060001306840D0D078346070083C50700850717
:10107000A383D700ED8EA387D7000507E315F6FEFF
:101080000347D40085476315F7009307300661BB1B
:101090008327440993E70710C9BB25476394E704F6
:1010A0000347B400A5476313F7220347D40093070F
:1010B0002006631DF7200327C40E9307040D1306B3
:1010C000840D0D078346070083C507008507A383AA
:1010D000D700ED8EA387D7000507E315F6FE93072B
:1010E000500691B331476396E7040347B40099472C
:1010F000631EF71C2285EF00905B0347D400930723
:101100002008631DF700930750F8A306F4008347F7
:10111000B40193F7F7FBA30DF40091BB8307B4016F
:10112000E3D707FE8327440993E70720232AF4081F
:10113000F9BF49476394E7048347B40005476397C1
:10114000E7180347040E418B630207180347D400D6
:101150006315F700930730FAF9B19306200A631A72
:10116000D70003473402A306F40013671700A30156
:10117000E40283274409B3E72701C5B94D476390CB
:10118000E7020347B40085476312F7140347D4000E
:101190009307200A631CF712930740FA69B151477D
:1011A000639DE7020347B400A5476311F712834725
:1011B000040E93F70702638B07102285EF0010429D
:1011C0000347D40085476315F700930730FBA1B9A7
:1011D000832744093707080041B955476395E7025B
:1011E0000347B400A5476313F70E0347D4009307E2
:1011F000200B631DF70C930740FBA306F400228528
:10120000EF00D03DADB11D47639FE7040347B40035
:101210008947631DF70AE9472300F4048347D40094
:101220001307200A6395E700930750FAEDBE1307F2
:1012300020066395E70093077006F5B613072009AB
:10124000639CE700930790F9A306F4008347040E1C
:10125000F59B2300F40E21B91307200BE399E7C097
:10126000930750FBC9B63547639CE7000347B400BA
:101270008947631DF7048327C40E83C7370029A855
:1012800045476395E7040347B4008D476310F704AF
:101290008327C40E83C747002300F4048347D40088
:1012A000130720096386E700130770096395E700B9
:1012B000930780F98DBE130720046386E7001307A8
:1012C00050046395E70093078004B1BE2285A529E9
:1012D00083274409B3E7470149BE8347B40099C750
:1012E0002285EFE04F84E30405B815BC8347140161
:1012F000E39F07B68347D400C9466398D7001367B6
:1013000017002307E400854739BE930620021367C0
:101310002700E388D7FE13072003E39AE7B4832767
:1013200004090967A3060400D98F2328F40881B6AD
:101330008347E4018507230FF400D5B21305A00508
:10134000A1B4EF20705D8327840FB1C30347F4007D
:10135000137707040DCFD44303C6C70083C58700A6
:10136000035544008906EF50B02515E18327840F0B
:1013700003D7E700136707F02397E7009C43232C6C
:10138000F40E8357440381C7FD17231AF402228504
:10139000EFE0DFF18347F4018DCB37C7004003272F
:1013A000073893F7070F81CB9305D0032285EFE031
:1013B0002FA22300A4049767FF1F9387A7E49C5BD9
:1013C00089C7954513056008829722856244F240DB
:1013D000D2444249B249224A924A024B05616FE027
:1013E0004F9183474B000547631FF7EC9767FF1F3B
:1013F000238407FAEF2050522285EFE03FEB83472A
:101400003B00E207E187E3D207FCEF20FF8E75BFC8
:101410001307300C6397E70A9767FF1F83C7A7F787
:10142000858BD9C39767FF1F238707F68327040996
:101430001397270163530702EF20104E0345140250
:10144000EF200FD083456404FD57A300F4022285EA
:10145000EFE00F982300A4048DBF834704150347D2
:10146000F414138BC19DA207D98F86071767FF1F3E
:101470002328F7F28347E403858B95C3A2850145B2
:10148000EF20F02783270B0013079007B8CB9307B3
:1014900040FC2306F400EF20903D6FF0CFE283275D
:1014A0000B0013079005DDB79767FF1F938787EE43
:1014B00083C7470005476318F7E09767FF1F238D31
:1014C00007ECEF20704511B7B147A304F50083275F
:1014D000850ED5C70947A303E504835605050357C1
:1014E000050363E6E600998E15466345D6029766C6
:1014F000FF1F83D666FB8D45114663E5D500850643
:1015000013F6F60F83562505A303C5043697210766
:101510002318E5042381070003477504A381E7002E
:10152000034785042382E70003479504A382E7006D
:101530000347A5042383E7000357A5042183A3835E
:10154000E7000347C5042384E7000347D504A384C9
:10155000E7000347E5042385E7000357E5042183FB
:10156000A385E700034705052386E7000347150524
:10157000A386E700C947A306F5000145828005451B
:101580008280411126C28324850E06C622C4A1474B
:10159000A304F500A9C883570503035725052A842A
:1015A00093055510BA97A9072315F5108547238190
:1015B000F4001385340015469730FF1FE78000962E
:1015C0008347A41001452384F4008357A410A1830A
:1015D000A384F40093072002A306F400B24022443F
:1015E0009244410182800545D5BF8327850E094776
:1015F000A304E5009DC32381E70003476504A3819D
:10160000E7008347350293E78700A301F5029307BC
:101610002003A306F500014582801D45828041110B
:1016200026C28324850E06C622C4DD47A304F50026
:10163000BDC88D472A849305F5102381F400214607
:10164000138534009730FF1FE780408D8347841156
:10165000034774112146A207D98FA385F400A18303
:101660002386F400930594111385D4009730FF1F4F
:10167000E780C08A138554011146930514129730F0
:10168000FF1FE780A08983473402014593E74700A5
:10169000A301F40293072004A306F400B2402244FD
:1016A0009244410182800545D5BF411126C2832461
:1016B000850E06C622C4B547A304F500A9C091470C
:1016C0002A842381F4009305851221461385340072
:1016D0009730FF1FE78080841385B400114693057F
:1016E00004139730FF1FE780608393074004A3062D
:1016F000F4000145B24022449244410182800545F4
:10170000D5BF8547A304F5008327850E91CB1547E8
:101710002381E70093072005A306F5000145828099
:10172000054582808547A304F5008327850E91CB6C
:1017300019472381E70093074005A306F5000145FB
:101740008280054582808947A304F5008327850EA2
:1017500081CF1D472381E7008327850E034755016D
:101760000145A381E700828005458280A547A30447
:10177000F5008327850EA9C3411122C406C621475F
:101780002381E7002A840325850E9305040D214655
:101790000D059720FF1FE7806078834734020145DD
:1017A00093E74700A301F40293072006A306F40081
:1017B000B240224441018280054582808327850E04
:1017C0002547A304E50095CB411106C62381E70018
:1017D00083477500AA8521460325850E81EF9385F1
:1017E000050D0D059720FF1FE7804073B2400145AE
:1017F000410182809385850DEDB70545828085473F
:10180000A304F5008327850E85C329472381E700BC
:101810008347350293E74700A301F50293072007AA
:10182000A306F50001458280054582808547A30413
:10183000F5008327850E91CB2D472381E700930781
:101840004007A306F500014582800545828099473F
:10185000A304F5008327850EBDCF31472381E70020
:101860001767FF1F130787BE8356E700A381D700C2
:10187000834607012382D70003471701A382E700AD
:101880001767FF1F0347A7BD2383E7001767FF1FE5
:101890000357E7BC2183A383E7008347B50113F710
:1018A000070409CF930720F8A306F5008347B50185
:1018B00093F7F707A30DF50001458280858BFDD7CF
:1018C0008327050923000504A30D050093E70720DE
:1018D0002328F508E1BF1D4582808947A304F50050
:1018E0008327850E81CF35472381E7008327850E27
:1018F000034705040145A381E700828005458280F6
:10190000A547A304F5008327850EA9C3411122C46E
:1019100006C639472381E7002A840325850E9305EF
:10192000840D21460D059720FF1FE780205F834728
:101930003402014593E74700A301F4029307200610
:10194000A306F400B2402244410182800545828012
:10195000E147A304F5008327850ED1CF411122C4AE
:1019600006C63D472381E700034765062A849305A1
:10197000A505A381E700035765063146218323822D
:10198000E70003478506A382E70003479506238304
:10199000E7000347C504A383E7000347D504238476
:1019A000E7000347E504A384E7000357E504218328
:1019B0002385E70003576505A385E70003478505F1
:1019C0002386E700034795051385E700A386E70014
:1019D0009720FF1FE780805483473402014593E737
:1019E0004700A301F402930720F9A306F400B240D4
:1019F00022444101828005458280E147A304F5002D
:101A00008327850EC1CB411122C406C641472381DD
:101A1000E700034765062A849305A505A381E7002F
:101A200003576506314621832382E7000347850675
:101A3000A382E700034795062383E7000347C50415
:101A4000A383E7000347D5042384E7000347E504A5
:101A5000A384E7000357E50421832385E7000357A8
:101A60006505A385E700034785052386E70003474F
:101A700095051385E700A386E7009720FF1FE78001
:101A8000E049930770F9A306F400B24022440145EF
:101A900041018280054582808D47A304F50083279C
:101AA000850E81CF45472381E700A381B700034717
:101AB000050401452382E700828005458280854731
:101AC000A304F5008327850E85C349472381E700DA
:101AD000930720FAA306F5008347350293E74700F2
:101AE000A301F50201458280054582808547A30454
:101AF000F5008327850E91C74D472381E7000145F7
:101B0000828005458280A547A304F5008327850EC2
:101B1000B5CB51472381E7000347851383467513EF
:101B20002207558FA381E70021832382E700032743
:101B30008513218342074183A382E7002183238306
:101B4000E7000347C5138346B5132207558FA383C8
:101B5000E70021832384E7000327C513218342077D
:101B60004183A384E70021832385E700834735026F
:101B700093E74700A301F502930720FBA306F500B6
:101B80000145828005458280A547A304F50083278F
:101B9000850EA5C355472381E70003478513834678
:101BA00075132207558FA381E70021832382E70065
:101BB00003278513218342074183A382E700218302
:101BC0002383E7000347C5138346B5132207558FC8
:101BD000A383E70021832384E7000327C51301457E
:101BE000218342074183A384E70021832385E70003
:101BF00082800545828083478500A3040500F19B10
:101C000093E717002304F5000325850E133515000F
:101C100082808325C50E411126C206C622C483C711
:101C2000450003C735000568A207D98F1387A7FFB2
:101C3000420741839306A8C7F94463E2E60C03C751
:101C4000650083C65500130808C82207558FF9445C
:101C50006367E80A6365F70A03C6850083C67500F3
:101C60002206558E9306301F63EBC60883C6A50077
:101C700083C89500A206B3E616016362D80813086C
:101C800016003308F80293983600635A180783C881
:101C9000B5001398080113580801638408006360B5
:101CA00007078358A5028144639D1701631BF70052
:101CB0008358C5026397C8008354E502958C93B49A
:101CC00014002316C5042313F5062314E506231771
:101CD000D504231B050583C7D50003C7C5002A8487
:101CE000A207D98F231CF5043146B9051305A505B4
:101CF0009720FF1FE78080229147230DF400B24018
:101D0000224426859244410182808325C50E856840
:101D10001387A8C783C6450083C73500A206DD8E9A
:101D20009387A6FFC207C1836367F70A03C76500ED
:101D300083C75500938808C822075D8FF94763ED74
:101D4000E808636BD70803C8850083C775001306CE
:101D5000301F22083368F800F947636F060703C68F
:101D6000A50083C7950022065D8EF94763E6C80685
:101D700093081800B388D80213133600634E130576
:101D800083C7B5009398070193D8080181C7F94725
:101D900063641705411106C62317C5042313D5062E
:101DA0002314E50623160505231B150583C7D50057
:101DB00003C7C5001305A505A207D98F231FF5FE8C
:101DC0003146B9059720FF1FE7804015B240814793
:101DD0003E8541018280F9473E8582808327C50E7A
:101DE0008328851303C6470003C737002206598E90
:101DF0002311C51403C7670083C657002207558FF8
:101E00002312E51483C5870083C67700A205D58D0C
:101E10002313B51483C6A70003C89700834775131F
:101E2000A206B3E6060113F8F80F22083368F8009B
:101E30002314D514C28763F30501AE87C207C1839B
:101E400093D58800A306F514A1832307F514AE8764
:101E5000C205C18163F3B600B6878326C513C207E6
:101E6000C18393F5F60FA307F51493D88801A183D6
:101E7000A2052308F514B3E51501AE876373B60018
:101E8000B287C207C183A182A308F514A1832309E5
:101E9000F514B687C206C1826373D700BA87C2073A
:101EA000C183A309F514A183230AF51482800327B3
:101EB000C50E83473700A300F504834757008346C8
:101EC0004700A207D58F2311F50483477700834687
:101ED0006700A207D58F2312F5048280011122CC5E
:101EE0002A84114506CE2EC632C4EF108FB71DC10D
:101EF000B2452246231185002300B500A300C5008A
:101F00006244F240AA851755FF1F034595330561CA
:101F10006F108FBFF24062441145056182803971B4
:101F200006DE22DC26DA4AD88347050013070008BC
:101F3000639AE7428344150095476386F43863E368
:101F400097020544638B840EB5C48D476383F432D6
:101F500091476383F4342285F2506254D25442593B
:101F600021618280930710086386F42863EA970052
:101F70009947638DF4369D476384F43A0544E1BF85
:101F8000930720086380F42A93076008E398F4FE1F
:101F900003552500EFD07FFB05C50357E5048356A5
:101FA000C504035685068355650603554500EF4075
:101FB000305D51A003552500EFD03FF9AA8419E107
:101FC000094451BF8347F500230B05000D4493F7E7
:101FD0000704D1D38327850FA9CFD44303C6C700F5
:101FE00083C58700035545008906EF40705D15E104
:101FF00083A7840F03D7E700136707F02397E70051
:102000009C4323ACF40E83D7440381C7FD17239A66
:10201000F40283A7840F91CF03D5440001469305B2
:102020000008EFF0BFEB2A8419E58547238BF40005
:102030001DB7239A0402014439BF03552500EFD090
:10204000DFF02A8435DD034775009757FF1F93871C
:10205000E73F631A970C845BA5D483C717081389DD
:102060002407898BC9CF03C7040689471946631C17
:10207000F7069385240628089720FF1FE78000EACB
:1020800003C714078547194663F4E706CA85081095
:102090009720FF1FE78080E8EC4C19469105281037
:1020A0009720FF1FE78080E7834754028358A402EC
:1020B00083C6140783554400034504043EC4835774
:1020C000E4021308010238103EC28357C4020546D9
:1020D0003EC03C08EF40504B8347F40093E70704B1
:1020E000A307F40089BF81452808EF104FCF49BFEF
:1020F00081450810EF10AFCE1946CA854DB703478A
:1021000054028358E5020358C5028357A50283553C
:10211000450083C614070345050405463AC04A87AF
:10212000EF40704455BFA443E38C04E883C717080D
:1021300013896404898BD9CF03C74403894719469F
:102140006319F7069385640328089720FF1FE7802B
:10215000E0DC03C74404894719466311F706CA85C2
:1021600008109720FF1FE78060DBEC481946281015
:1021700091059720FF1FE78060DAFC4883C737008E
:1021800093E72700A382F4048358A40283C654046F
:10219000835544000345040402C48357E402130832
:1021A000010238103EC28357C40201463EC03C08BB
:1021B00015B781452808EF108FC261BF081081450F
:1021C000EF10EFC11946CA8528109720FF1FE7803E
:1021D000E0D45DBF8358E5020358C5028357A502CA
:1021E0008355450083C65404034505044A8702C04D
:1021F00001463DB79757FF1F93874725B843E30133
:1022000007DC835847010358270183574702834659
:102210005704014602C01307670481450945EF4092
:10222000903411BD9757FF1F93874722985BE309AE
:1022300007D883C71708898B85C302C402C202C0AE
:10224000814801488147014781460546814513057C
:10225000C003EF407033C5B383469706814802C080
:10226000014881471307A706054681451305C003AA
:102270007DB703552500EFD05FCDE30305D40357A9
:10228000E5048356C5040356A5048355450003455C
:102290000504EF40F02D45B303552500EFD0FFCAEC
:1022A0002A86E30F05D08347750083554500034513
:1022B0000504639787001306060DEF40B02BA5BBFE
:1022C0001306860DDDBF03552500EFD01FC8E309B7
:1022D00005CE83478511034675119305F510035507
:1022E0004500A2075D8EEF403029B1B303552500AC
:1022F000EFD0BFC52A84E30505CC0357E504835618
:10230000C504035685068355650603554500EF4011
:10231000F0268347E40093E747002307F40021BB3E
:1023200003552500EFD07FC2E30C05C883250515B2
:102330008326C5148347451513F7F50F13D8860177
:1023400013D68501A182A18103554500A20722076A
:10235000C206C20533670701C1825D8EC181EF40AD
:102360007022D1B9130710080544E396E7BE8347EE
:1023700015004D47638AE70E6367F70621476381BF
:10238000E70A3147638FE70A1547E396E7BC035531
:102390002500EFD09FBB2A84E30405C28324050FE8
:1023A0009DC4C8409720FF1FE780605A035664030E
:1023B0008440050642064182231BC402FDF001CA87
:1023C000835544000545EF40D01E231B04020345FE
:1023D00004040346640483554400EF40501C2285E6
:1023E000EFD01FA989B9130700036383E70A63606D
:1023F000F7026947E391E7B603552500EFD0FFB434
:10240000E30005BC03450504EF40F01A2DB11307A6
:102410007005638CE708138417F03334800025BE01
:1024200003552500EFD07FB2E30C05B80346E50362
:1024300083554500034505043336C000EF40701650
:10244000DDBE03552500EFD05FB0E30B05B60357A3
:10245000450483562504034615048355450003456A
:102460000504EF405014C1BE03552500EFD0FFAD69
:10247000AA84E30705B4035665030144E30D06ACE3
:10248000835545000545EF40D012239B0402E1B47B
:1024900003552500EFD07FABE30405B2835545001B
:1024A00003450504EF40701179B603552500EF4050
:1024B000101151B641119757FF1F938727F922C476
:1024C00006C6805F9757FF1F83C777ED81CF1757E9
:1024D000FF1F0347C7EC95476316F7009757FF1F89
:1024E000A38F07EA9756FF1F83C636EB9387A6FF95
:1024F00093F7F70F0547636AF7009757FF1F23808D
:10250000D7EA9757FF1FA38CE7E8EF10F040930737
:102510008002230304001757FF1F2304F7D0484C01
:10252000A3030400230204009720FF1FE78020423A
:10253000C145231C0400232E040023200402175548
:10254000FF1F034515D0EF108FBC2244B240175532
:10255000FF1F034515CF9305000241016F102FBBEC
:1025600083270509411122C406C62A84638A071EEF
:1025700013F7270019CBF59B2328F50803554500D1
:10258000194693050008EFF07F958327040913F798
:10259000470041C7ED9B032744082328F4087C5CCF
:1025A000B3D7E7021757FF1F034797C79107BA979B
:1025B000C207C1832319F40686072318F40683474C
:1025C000340293F7070491CB83274409228593E7CC
:1025D0000740232AF408EFC02FD1834704041307D0
:1025E000000499E313070008230CE4000347940157
:1025F00019EF8347340293E71700A301F402035550
:1026000044000D4693050008EFF05F8D29A00357A5
:10261000440511E3EDD7230D04008327040913F7C4
:1026200087000DC303554400DD9B2328F40815469D
:1026300093050008EFF09F8A8347340293E7470031
:10264000A301F4028327040913F7070139C7BD9BCF
:102650002328F4088347F40303554400214689C71F
:10266000A30F04021306000393051008EFF01F8761
:102670008347040EC18B89CB8355C4032285920501
:10268000C205C181EFC0EFB08347340293E7170062
:10269000A301F4028547A306F4008327040913F776
:1026A000072001CF0355440093F7F7DF2328F408F0
:1026B000314693051008EFF07F828327040913F752
:1026C000070415C30355440093F7F7FB2328F408C8
:1026D000114693050008EFF07F808347340293E7AB
:1026E0001700A301F40283270409139747016355D8
:1026F00007027D771307F77F03554400F98F2328DE
:10270000F4081D4693050008EFF04FFD834734029F
:1027100093E71700A301F4028327040913F7074086
:1027200009CF0355440093F7F7BF2328F408130695
:10273000700593051008EFF06FFA832704091397CB
:102740002701635F070083473402834564042285C1
:1027500093E71700A301F402EFC09FE72300A4044E
:102760008347640085CF8327840F99CF8347640113
:1027700081EF03554400014693050008EFF00FF682
:1027800001E58547230BF4008357640381CB035590
:1027900044004D4693051008EFF04FF48347340290
:1027A000F1C7858B8DC3034514029307F00F6307B0
:1027B000F500EF10EF98FD57A300F40283473402B1
:1027C000F99BA301F40283473402898B89CF835597
:1027D000E402034524029205EF10AF9D83473402C3
:1027E000F59BA301F40283473402918B91CF0346FA
:1027F000D400C165938505A02285EFC0EF9E834775
:102800003402ED9BA301F40283473402A18B99CFDC
:102810008355E4020D4622859205C205C181EFC0B1
:10282000AF9C83473402DD9BA301F402834734024B
:1028300013F7070101CF0345040293F7F7F8A3014B
:10284000F402EF10EF8FFD572300F40283473402A8
:1028500013F7070201CF8355C4030345040293F71E
:10286000F7FDA301F4029205EF10AF9483478401B2
:1028700093F7070C99C722852244B24041016FC0EB
:102880004FEFB240224441018280411126C206C668
:1028900022C4EFD0AFFAAA844DC5EFD00FEB2A8443
:1028A0005DC5930710112313F5009307001B231632
:1028B000F5009757FF1F9387E7AD9C4FDD45232613
:1028C000F50E130500029720FF1FE780A0FE2324CA
:1028D000A40E1757FF1F130767B79307840D13063E
:1028E000040E8346870785070507A38FD7FEA383BA
:1028F000D700E398C7FEFD572318F4022310F40213
:102900002301F4028347B40131469305F00F93E7A6
:1029100007FCA30DF4001305A405EF005FCC856749
:10292000938787BB231EF4022285EFC06F93228515
:10293000EFC0EFB222859757FF1F239D07B0EFD05E
:102940009F96B2402244268592444101828085446C
:10295000CDBF411122C406C68347550217A7000008
:10296000130747E29756FF1F83C6068B8607BA9761
:1029700083D707001396860161862322F5082A84EF
:102980006350060ED1072322F40803274408B747F3
:102990000F009387072433D7E7028357A40223222B
:1029A000E4086351060E9305204EB387B702BD07B6
:1029B00095837CDCB3D7E7021757FF1F0347578681
:1029C0002C5C9107BA97C20703578402C18323196D
:1029D000F40605076359060C1305204E3307A702BA
:1029E0003D07158386079D8D2E9763490600B70521
:1029F000C0A86365B700B70540572E972320E408A9
:102A0000C207C183034774026350060C9306204E2D
:102A10003307D7023D071583BA972318F40622859A
:102A2000EFC08F8C8355E40222859205C205C181D7
:102A3000EFB05FFF03554400054693050008EFF033
:102A4000EFC9854517D5FFFF1305C5FAEF003FFE17
:102A5000B2409757FF1F23A587A4224441018280DB
:102A600093F5360081C59387873E31BF93D54640A5
:102A700099C586052E9703570700BA9729B79387FC
:102A8000270311B793F5160091C593058002B3870C
:102A9000B70205B785659385B547B387B7029387B6
:102AA00007049D8339B713F5160011C5130580027D
:102AB0003307A70205BF05651305B5473307A7020E
:102AC000130707041D8339BF858A91C693068002C8
:102AD0003307D70291B785669386B6473307D70287
:102AE000130707041D830DBF8357E5068946035767
:102AF000250763F3F6008947C207C183FD17B317A3
:102B0000F700231AF5066F102F9F79719757FF1F53
:102B10009387C79322D4A04B26D24ECE5AC85EC606
:102B2000216BB1698564FD7B56CA62C406D64AD062
:102B300052CC66C2930A3B30938939309384048027
:102B4000138CFB7F8347C4001307000D639CE714BD
:102B50001389C19D832609009C428D8B89C79C42A5
:102B600093E787009CC29387C19C9C43370600F97A
:102B70007D16984F718F37060002518F98CF984F6E
:102B8000137737F81367870198CF1387419E104357
:102B90005856759B58D6034724011376F707984378
:102BA000137707F8518F98C303278408370600105E
:102BB00098C70327C408D8C3D857719B1367270049
:102BC000D8D79843518F98C3FD47DCC2EF1080518E
:102BD000C1471747FF1FA302F77C930710FD230689
:102BE000F400834704150347F4149746FF1F9386A8
:102BF000667AA207D98F86071747FF1F2322F77A25
:102C0000930700FC1747FF1F2306F77803270900E7
:102C10009747FF1FA38007789747FF1FA38E07766C
:102C200083C74600858B99E33C53FDFB9747FF1F05
:102C3000238407769387819D9C4399CB904BCC4B03
:102C40001442CD8E14C290439C471442D58F1CC2AF
:102C50008357440783560407232657018607B697F0
:102C60009A07938707053CD3930700F89746FF1F01
:102C70002384F6722326370185471CC38347E40368
:102C8000858B89CFA2850545EF1060278327090032
:102C900013079007B8CBEF10A0426DB593079005CE
:102CA0003CCBD5BF1307100DE39DE75A9747FF1F95
:102CB00083C7476E858B1749FF1F1309A96DE38FE3
:102CC00007548345E4030325C40E13064401858994
:102CD0009720FF1FE780C0929747FF1F238FA76AA7
:102CE000058963120578834734028346F40093E72D
:102CF0002700A301F40283470900E207E18763D1BB
:102D0000070693F70602705C89CF032744089747AC
:102D1000FF1F83C7F7503357E60211073E97231969
:102D2000E4068327090103572407F917B297998FFF
:102D30001747FF1F1307074D0307470163490700A4
:102D40003707C0A863E5E70037074057BA97232045
:102D5000F40883574407231704068583231AF406CF
:102D6000E206E18663D906082285EFB01FF041E54F
:102D70008327040FA30804008DCF0347740115CBEC
:102D800003C79700058B15E703D7E700C843136710
:102D900007F02397E7009720FF1FE78040BB83578A
:102DA00064038507231BF4028327040F9C43232815
:102DB000F40E8347940081CB8347E403898B81C75A
:102DC0002285EFB09FEF0347D400930740046314BC
:102DD000F702832704092300040493E787002328CC
:102DE000F4088347E40093E787002307F400930780
:102DF0006004A306F4008347E403858BE9C7834797
:102E00006900898BE9C38347F4018507A30FF400A8
:102E10008347F4001397870161876340070493E7B2
:102E200007F8A307F400930700F8230CF400032726
:102E300044087C5CB3D7E7021747FF1F0347573EA0
:102E40009107BA97C207C1832319F406860723188E
:102E5000F4069747FF1F23A507649747FF1F238B9F
:102E6000075283476402138A019D85072303F402F6
:102E700083471401639207628347840013070004A9
:102E8000A308E40003274409BD9B93E73700A30B85
:102E900004002304F4009316070163DC065CE1766A
:102EA000FD16758F232AE4080327840E2300F700FC
:102EB0008327840E03479400A380E70083270A003A
:102EC0000327840E19A52285EFB0BFDC31F1A30FD3
:102ED00004002285EFB03FC48347E400A18B95C373
:102EE0008347B40099CF83475401094793F7B70F3D
:102EF0006389E7008347840093C747002304F400F5
:102F000001BF8346A4008D476395F654834754015F
:102F10003D476397E7060347B400E147630FF700B7
:102F20002285EFE05F8283274409B3E76701232A04
:102F3000F4088347B400B5EFE1BD8347040E898BE5
:102F4000E5D38347D40005476386E70013072009CC
:102F5000E398E7FC2285EFE0DFCB0347D4002300B2
:102F6000A404930720096318F7008347340293E70A
:102F70001700A301F402930730F9A306F40055BF2C
:102F8000A9EB0347B400B147E31CF7F88347D4002B
:102F90000547638AE700130720096385E7021307E3
:102FA0007009E39FE7F6CD47A306F4009547230D8C
:102FB000F4008347E403858BE38C07E42285EFB0BC
:102FC000DFD4B9B58347340293E71700A301F402B5
:102FD000D9BF05476399E7048346B4002147E391CD
:102FE000E6F40347D4006317F70093073002A30603
:102FF000F400C1B793072009E314F7F29307A00286
:103000002300F4048327040993E747002328F408E6
:1030100093074002A306F4008347340293E71700A6
:10302000A301F40279B70946639FC7000347B400C0
:10303000E318F7EE8327C40E83C737002303F40495
:10304000930730036DB72946639DC7008347B400DB
:10305000E398E7EC0347D400E314F7EC9307300759
:1030600079B72D46639BC7028347B400E39AE7EA2A
:103070000347D40093074007E314F7EA8347340279
:10308000230F040293F7070481C7C147A301F40289
:1030900093075007A306F400A5BB6391D71003471D
:1030A000B400DD47E31EF7E6032AC40E21461305EC
:1030B000F41093053A009710FF1FE78020E683473E
:1030C000CA000347BA00A207D98FA30BF410A1834B
:1030D000230CF410EF00CFB22324A412EF004FB260
:1030E0002326A4128347FA000347EA0093168501BA
:1030F000A2074207BA9703470A01BA970347DA00C3
:103100006207BA972322F40A83473A0103472A0148
:10311000A2074207BA9703474A01BA9703471A0121
:103120006207BA972320F40A034794128347A41234
:103130004207A207BA970347B412BA97034784120B
:103140006207BA97232EF4084167935705017D174C
:10315000A207F98F135785013697BA9722053707CB
:10316000FF00798DAA97232CF408EF006FA923287C
:10317000A41283476A0103477A01A2074207BA975C
:1031800003475A01BA9703478A01232EA40A62070C
:10319000BA97232CF40A93073004C5B39946639F6A
:1031A000D7008347B400E39DE7D60347D4009307D5
:1031B0002005E317F7D69307500515BD2147639304
:1031C000E7040347B400A547E31CF7D40347D40042
:1031D0008547E317F7D40327C40E9307040D13069E
:1031E000840D0D078346070083C587008507A38FDD
:1031F000D7FEED8EA387D7000507E395C7FE93079B
:103200003006F5B325476393E7040347B400E31999
:10321000F7D00347D40093072006E313F7D0032722
:10322000C40E9307040D1306840D0D078346070093
:1032300083C587008507A38FD7FEED8EA387D700B0
:103240000507E395C7FE9307500655B3B14663964D
:10325000D7040347B4009947E314F7CC2285EFE085
:103260001FC50347D40093072008631DF700930789
:1032700050F8A306F4008347B40193F7F7FBA30DBE
:10328000F40045B98307B401E3D707FE8327440957
:1032900093E70720232AF408F9BFC9466395D704AA
:1032A0008347B4000547E39DE7C60347040E418BFF
:1032B000E30807C60347D4006315F700930730FA05
:1032C0003DB39306200A631AD70003473402A306CE
:1032D000F40013671700A301E40283274409C58F94
:1032E000232AF408F9B1CD466390D7020347B4000E
:1032F0008547E317F7C20347D4009307200AE31179
:10330000F7C2930740FAE5B1D1466391D7028347EC
:10331000B400E397E7C00347D4008547E312F7C042
:103320002285EFE0BFAB930730FB81B9D5466392AE
:10333000D7028347B400E395E7BE0347D400930761
:10334000200BE31FF7BC2285EFE05FA9930740FB4A
:103350002DB11D47639FE7040347B4008947E3117C
:10336000F7BCE9472300F4048347D4001307200A7D
:103370006395E700930750FA9DB9130720066395FC
:10338000E70093077006A5B113072009639CE700C7
:10339000930790F9A306F4008347040EF59B2300DE
:1033A000F40E9DB91307200BE395E7C0930750FB7C
:1033B0003DB93547639AE7020347B4008947E311F3
:1033C000F7B68327C40E83C737002300F40483476E
:1033D000D400130720096383E70613077009639677
:1033E000E706930780F921B14547E39BE7B203471E
:1033F000B4008D47E316F7B28327C40EB94603C75E
:10340000370083C747002300F4048347D400631EBA
:10341000D700130720066398E7008347340293E739
:103420001700A301F4028547D9B6BD46E303D7FAD6
:10343000D146631CD7001307200BF1BF834734022A
:1034400093E71700A301F40269BF0547E39AE7ACCD
:103450008DB68347B400E38D079A2285EFB0BFECA9
:10346000E318059AF9B48347E4018507230FF400B4
:1034700045B28347D400854C63969713630B0710BE
:1034800093770720A9C72285EFE06FBC8327440903
:1034900093F7F7DF232AF4088347740113F7170023
:1034A0006303074A8327040F03478400DC43238018
:1034B000E7008327040F03479400DC43A380E70061
:1034C0000327040F83270A005843D8CB69A99377B1
:1034D000070889CB1377F7F7232AE4082285EFE062
:1034E0002FC25DBF9377270081CB759B232AE40809
:1034F0002285EFE0EFC54DB79377074089CB13776F
:10350000F7BF232AE4082285EFE06FDB71B793173A
:10351000370163D107022285EFB02FE335DD832722
:1035200044091387FBFF2285F98F232AF408EFE073
:103530008FDD9DB79317270163DB0700F977FD1730
:103540007D8F232AE4082285EFE02FCBB1B79317B4
:10355000170163D40702F177FD177D8F232AE40852
:103560008347040E918B63840724BD452285EFE0D9
:10357000AFD28547A306F40005B7B3779700E38D74
:1035800007F033778701232AE4082285EFE00FD67E
:1035900021B72285EFB06FDBE30005F02285EFE075
:1035A0008FE5DDBDE5DF13077006638BE730636DE4
:1035B000F71213073004638EE7266365F70C1307D1
:1035C0004002636DF7081307300263F2E7204D47AE
:1035D000E396E7FC8327C40E03C73700A303E40484
:1035E00003C7570083C647002207558F2314E404FE
:1035F00003C7770083C667002207558F2315E404AD
:1036000083C6970003C68700A206D18E2316D40472
:1036100083C6B70003C6A700A206D18E2317D40421
:1036200083C6C70083C7D700A207D58F8356A402DD
:103630002318F40481476397E6005C547844998F1B
:1036400093B71700231AF4048347E40093E71700A5
:103650002307F4002285EFE00FDA21BF13071003E0
:10366000638AE71A13073003E39AE7F22285EFE053
:103670008FD8832704090967D98F2328F408A30664
:10368000040019BD13070005638EE71C6369F7008A
:10369000130770046386E71E13079004F1B713073E
:1036A00030066381E720130750066387E72013077E
:1036B0005005E395E7EE8347E4032320040C23221F
:1036C000040C93E72700230FF4022285EFE08F8597
:1036D0008347E40023000404DD9B2307F4008327D1
:1036E000040993E70701BDA0130790096367F70674
:1036F0001307800963F1E70C130750076387E7128C
:103700006367F70213073007E39AE7E82285EFB013
:10371000CFC3E30305D88547A30FF4022285EFE06A
:10372000EF908347E403F99B230FF402B5B313072B
:1037300050086384E71A13073009E391E7E68347EB
:103740000404E39F07E02285EFE0EFCA8327040922
:1037500093E727002328F40829BD1307500A636E56
:10376000F7001307400A63F2E71A1307300AE397DA
:10377000E7E22285EFE08FB7EDBB1307400B6382D2
:10378000E71A1307500B6389E71A1307300BE39707
:10379000E7E02285EFB06FBBE30005D02285EFE0C4
:1037A000AFBE8327040923000404C58F65B72285B3
:1037B000EFE0AF927DBB2285EFE0EFC383270409E2
:1037C000A306940193E747002328F408F1B1832767
:1037D000C40E03C73700A302E41003C74700230346
:1037E000E41003C75700A303E41003C767002304D2
:1037F000E41003C77700A304E41003C7870083C75E
:103800009700A207D98F2315F4108347E40093E7AC
:1038100027003DBD2285EFD05FDDD9472303F404A7
:10382000832704090967D98F45B72285EFE0AFBC2C
:10383000B9B58347040E13F7170009C72285EFD0E7
:10384000DFE699B969472300E404918B81CB8D456C
:103850002285EFE06FA4A30694013DB92285EFE035
:10386000CF87D5BF2285EFD0DFE98347E403232448
:10387000040C2326040C93E71700230FF40229B944
:103880008347040E918B99CB8D452285EFE0CFA025
:103890008347E400DD9B2307F400E1B92285EFE0D4
:1038A000CF83FDB72285EFD07FF183270409230062
:1038B000040493E7070479BD2285EFE0CFB3F5B7A1
:1038C0002285EFE04FB3E9472300F404832704097E
:1038D00093E707042328F408BDBF2285EFE0AFB1CA
:1038E0008347B401858B99CB832704092300040403
:1038F000A30D040093E707202328F408834734022C
:1039000093E71700A301F402ADB12285EFE0AFAE5B
:1039100083473402A306940193E71700A301F4023E
:10392000A5BE2285EFE02FADA30694012300040479
:1039300083270409C58F49BD2285EFE0CFAB8547BA
:10394000A306F400F5B70947639FE70A83274901F7
:1039500041779443758F98C383568400558F98C3DD
:1039600003270A001CCB834694009387C19D9C4388
:10397000139746001307C72023A65701B8D3130790
:1039800000F81746FF1F2309E6A023A63701C1C68A
:103990008347E403898BC1C3A28501450123130535
:1039A000A0079710FF1FE78000C0930720FD2306A4
:1039B000F4008327840FB1C30347F400137707048F
:1039C0000DCFD44303C6C70083C587000355440009
:1039D0008906EF30E03E15E18327840F03D7E70027
:1039E000136707F02397E7009C43232CF40E8357BB
:1039F000440381C7FD17231AF4029710FF1FE780C5
:103A000040B76FF02F948327840E034784002380F0
:103A1000E7006FF0EFC91305A00561B783474900C0
:103A200005476311F7929747FF1F23870796EF001B
:103A3000A06E834709002285E207E18763DF070E56
:103A4000EFF08F8A22852254B25092540259F249E3
:103A5000624AD24A424BB24B224C924C45616FB003
:103A60005FA91307200D639EE70E9747FF1F83C7CB
:103A70007792858BF1C79747FF1FA38D07908347E8
:103A8000F401BDEF8347E40193F7E70FB5EB22851F
:103A90009700FF1FE780207B85476313F506138996
:103AA000C19D0327090093070019232657013CD322
:103AB000930700F89746FF1F2380F68E23263701D1
:103AC000834704158346F414A207D58F86079746CB
:103AD000FF1F23A7F68C8347E403858B91CFA28534
:103AE00039298327090013079007B8CB930710FDE6
:103AF0002306F4006FF02F9A930790053CCBFDB797
:103B0000212D8347F4018DCB37C7004003270738A9
:103B100093F7070F81CB9305D0032285EFB05FABFE
:103B20002300A4049737FF1F9387C76D9C5B89C749
:103B300095451305500882972285EFE07FA219B7BB
:103B40009747FF1F9387078583C74700054763048F
:103B5000F7006FE03FFF9747FF1F238F07826D2B12
:103B6000E1BF5D2BC5B5411106C6EF60D013974785
:103B7000FF1F9387A78D17F7FFFF130747D1B240A9
:103B8000B8D317F7FFFF130707DDF8D34101828091
:103B900001119747FF1F9387678B22CCE05726CAF6
:103BA00006CE2AC42EC6854419E40145F24062447B
:103BB000D244056182800347140083479100630467
:103BC000F7000044D5B719469305A100130524005A
:103BD000EFF01EA7E31795FE0545C9BF011126CAE0
:103BE0009744FF1F9384848622CCE0544AC84EC673
:103BF00052C456C206CE2A898149130A2500854A35
:103C000039E4E54531459710FF1FE780A0CA2A84B3
:103C1000014525C083471900194693052900A300D3
:103C2000F400130524009700FF1FE780202FFC54A9
:103C3000B1EB9747FF1F23A1878883D784062324EE
:103C4000040085071747FF1F2316F78615A00347B3
:103C50001400834719006305F700A28900444DB79B
:103C60001946D28513052400EFF09E9DE31755FFFA
:103C70000545F2406244D2444249B249224A924A3E
:103C800005618280E38B09FA23A489007DB7973709
:103C9000FF1F9387A77BE85711E99747FF1F23ADC5
:103CA00007809747FF1F239707808280411106C630
:103CB00022C400459710FF1FE78060C9228575F870
:103CC000B24022449737FF1F23A8077E9737FF1F74
:103CD0002392077E410182809737FF1F93870777E2
:103CE00023A607062394070682809386819C9C4224
:103CF0009843659B98C30347150003482500220796
:103D0000420842970348050042970348350062087D
:103D1000429798D703475500034865002207420899
:103D2000429703484500429703487500620842974E
:103D3000D8D7034795000348A500220742084297B9
:103D40000348850042970348B5006208429798DB14
:103D50000347D5000348E50022074208429703487D
:103D6000C5000345F500429762052A97D8DB03C7D3
:103D7000150003C52500220742052A9703C5050043
:103D80002A9703C5350062052A9798CF03C75500C7
:103D900003C56500220742052A9703C545002A97F7
:103DA00003C5750062052A97D8CF03C7950003C5E0
:103DB000A500220742052A9703C585002A9703C557
:103DC000B50062052A9798D303C7D50003C5E5005F
:103DD000220742052A9703C5C50083C5F5002A9727
:103DE000E2052E97D8D3D843759BD8C3D843136721
:103DF0001700D8C398431367170098C398425C43D1
:103E0000858BD9E31C4F01452300F6009C429C4F53
:103E1000A183A300F6009C429C4FC1832301F600BE
:103E20009C429C4FE183A301F6009C42D84F2302A1
:103E3000E600D84F2183A302E600D84F4183230335
:103E4000E600D84F6183A303E60098532304E600FD
:103E500098532183A304E600985341832305E60089
:103E600098536183A305E600D8532306E600D85390
:103E70002183A306E600D85341832307E600DC53E1
:103E8000E183A307F600828001008DBF411106C6C1
:103E9000EFF0BFE5B2400145410182809387819CEC
:103EA0009C4303A7050C16051365051088C398CB22
:103EB00003A7450C0145D8CB03A7850998CF03A7D5
:103EC000C509D8CF03A7050A98D303A7450AD8D3B5
:103ED00003A7850A98D703A7C50AD8D703A7050B58
:103EE00098DB03A7450BD8DB03A7850B98C703A76F
:103EF000C50BD8C798431367070498C3828093877C
:103F0000819C9C4303A7850C16051365051088C387
:103F100098CB03A7C50C0145D8CB03A7850998CF3B
:103F200003A7C509D8CF03A7050A98D303A7450A55
:103F3000D8D303A7850A98D703A7C50AD8D703A75C
:103F4000050B98DB03A7450BD8DB03A7850B98C7A8
:103F500003A7C50BD8C798431367070498C39307F3
:103F600000F81737FF1F230AF74282809386C19C0F
:103F700090429737FF1F83C7072A139787000C4289
:103F800093F7F703A2074D8FB78500014D8F18C235
:103F90001842F1759385F50F6D8FD98F1CC23717B5
:103FA0000040930770052300F704930780FA23006D
:103FB000F704010001001736FF1F0346C625D1474D
:103FC00063FBC7048357270293E707012311F70216
:103FD0009C424567130787E7D8D7984FA166558F4E
:103FE00098CF984FE1769386F607758F8D66938606
:103FF0000650558F98CF13072015D8DB9707FF1F62
:1040000093872733B20737070014B183D98F37E777
:1040100000E07CD7828083572702C207C183BD9B03
:10402000C207C18365B71737FF1F1307A7369387EA
:10403000019D9C43544B184F096694CBD4CB98CF29
:10404000D8CF9447D18E94C7D847518FD8C79447BB
:104050000566D18E94C7D847518FD8C79843136748
:10406000270098C398431367070298C382809387F9
:10407000819D9C4399CBD44390479842518F98C2DD
:10408000D447DC4B9842D98F9CC21703FF1F6700AF
:10409000C3459387819D9C4399CB944BD04B9842C9
:1040A000518F98C294439C479842D98F9CC2938762
:1040B000C19D9C43094798C31703FF1F6700E34254
:1040C0009387819D9C4399CBD44390479842518FCD
:1040D00098C2D447DC4B9842D98F9CC21703FF1F6C
:1040E000670023499737FF1F83C7772B8DE7173763
:1040F000FF1F0347972A9307B7FF93F7F70F8946E8
:1041000063EBF6009737FF1F238BE72885471737A8
:10411000FF1FA306F72882801387C19D1C43944389
:104120008D8A85C2B44BE19AB4CB944393E6860062
:1041300094C39C438D83858B89C7010001000100D6
:1041400001001C4323A807049387819D9C4399CBBE
:10415000D44390479842518F98C2944BDC4B98427D
:10416000D98F9CC29737FF1FA3890722828093862D
:10417000C19D9C4298430D8B05C3B84B619BB8CB46
:1041800098431367870098C39C438D83858B89C7A9
:1041900001000100010001009387C19C9C43370886
:1041A0000010D857719B13672700D8D798433367FF
:1041B000070198C3984F370800F97D183377070136
:1041C000370800023367070198CF984F137737F805
:1041D0001367870198CF1387419E032807000327A1
:1041E000C802759B2326E8021377F60790431376DF
:1041F00006F8598E90C388C7CCC39737FF1F238B0F
:1042000007189737FF1FA389071898429737FF1F92
:1042100023840718FD475CC39387819D9C4399CBFA
:10422000904BCC4B1442CD8E14C290439C47144209
:10423000D58F1CC285679387870B9736FF1F23A1F5
:10424000F61685471CC3930790053CCB828041112D
:104250009737FF1FA385071422C406C626C217344A
:10426000FF1F0344C41395476319F4069737FF1FD4
:104270009387C71D985F3E8483467700B1CA034683
:104280005700B755550037C5898E93855555130589
:1042900065EDEFF0DFED9736FF1F83C616109387AD
:1042A000A6FF93F7F70F0547636AF7009737FF1FDD
:1042B0002387D70E9737FF1FA383E70E954717373E
:1042C000FF1FA30CF70C1C5C130710FA2383E700F5
:1042D000B24022449244410182809947631EF40215
:1042E0009734FF1F93848416BC4003C777006DD3B7
:1042F00003C65700B755550037C5898E9385555568
:10430000130565EDEFF0BFE69737FF1FA38787081A
:10431000BC40130710FB5DBF9D47E31BF4FA9737C2
:10432000FF1F83C7E708858B1736FF1F0346760AF2
:104330009736FF1F83C6E60995C39737FF1F9387FC
:104340002709C84301CD834515000905B12649D188
:1043500085471737FF1FA304F7049DBF814501451B
:10436000F5B71387C19D1C4394438D8A85C2B44B16
:10437000E19AB4CB944393E6860094C39C438D8327
:10438000858B89C7010001000100010014439307D8
:10439000A0051387419EBCCA9307000ABCD293872D
:1043A000C19C9C4303280700D1C50327C80213659D
:1043B0000504759B2326E8021377F50788431375D8
:1043C00005F8598D3747767188C31307971298C738
:1043D0003757550013075755D8C31737FF1F230CFE
:1043E00007FA1737FF1FA30807FA1737FF1F230520
:1043F00007FA23A20600D857B70500F0FD15719BF8
:10440000D8D798436D8F98C3BC52FDFFA16793879F
:1044100037301206DCC613068611B0D2930700F8B7
:104420001737FF1F230AF7F6B16793873730DCC6CB
:104430006FF03FC6984FB70500F9FD156D8FB705B2
:1044400000024D8F98CF984F137737F81367870185
:1044500098CF0327C802759B2326E8021377F50738
:104460008843137505F8598D37C7898E88C313079C
:1044700067EDB1BF9737FF1F9387C7F19C4FA1CB63
:10448000411106C622C4EFF01FBA1384C19D0D224C
:104490006121EFF0BFAD1C401307D005B8CBEF0092
:1044A000407BEF10E049D523B92D85471737FF1F13
:1044B0002306F7EE1C4023A80704EFF0BFC2B2406A
:1044C00022449737FF1FA38A07EC41018280828034
:1044D000411122C41734FF1F1304C4EB1C4C06C641
:1044E00026C285CB9384C19D9C401307D005B8CBD1
:1044F000192D9C4023A8070483478400850717379C
:10450000FF1F230DF7E8EFF0FFBD9737FF1FA386CE
:1045100007E8B240224492444101828023AC019CCE
:10452000B7C7004023A8F19C1387073023A4E19C60
:104530001387072023AEE19C9387071037D70040ED
:1045400023A2E19E23A6F19C054741119737FF1F47
:10455000A385E7E422C41734FF1F1304A4CA1C4038
:1045600006C69736FF1F23A1F6E4938707119736F7
:10457000FF1F23ADF6E29737FF1F2381E7E2EFF03D
:104580007FEF37E700E0B70710002320F710B706EA
:1045900020002320D7100307440163570700138727
:1045A000C19D1843FD177CD3B24022444101828053
:1045B0009387C19D9C4313070005A946D8CBD4CF50
:1045C000D8D313064006D0D7D8DBD0DFF8C3F4C762
:1045D0001307600FB8CF316713073730D8C7970775
:1045E000FF1F9387870A370700F07D8FB7E600E04B
:1045F000B207F8C2B18337070015D98FBCD68280C5
:104600009387818F9C43411122C406C626C282979C
:104610009737FF1F9387C7DB8047630AA406BE84D2
:104620009737FF1F938707BE8387470163D9070426
:10463000018D135455009737FF1F83C707D963684F
:10464000F4049700FF1FE780001C98449737FF1F72
:1046500083C7A7D79396570036971D8C9736FF1FB1
:1046600023ACE6D6E37FF4FC2244B24092441735F3
:10467000FF1F0345F5D3814541016F10602DE3799C
:1046800085FAB707C0A83384874022955DB7B2404A
:104690002244924441018280011126CA9384C19D23
:1046A0009C404EC652C4984356C25AC006CE22CC35
:1046B0004AC80D8B2A8AAE89328BB68A05C3B84B9D
:1046C000619BB8CB98431367870098C39C438D8345
:1046D000858B89C701000100010001001734FF1F0D
:1046E000130404CF834744011739FF1F130949CC32
:1046F000918B99E78347090093F7070463930716A3
:1047000081451735FF1F0345B5CAEF106024938715
:10471000C19C9C4303278900B706001098C7032754
:10472000C900D8C3D857719B13672700D8D79843BF
:10473000558F98C3834709009840858B5CC3973792
:10474000FF1FA38867C99737FF1F238457C95C439E
:10475000858BADC75C4085E31735FF1F034515C743
:104760009305900409059700FF1FE780A014973771
:10477000FF1F23A1A7C65C400545F1CB1737FF1FDC
:10478000034727C52380E7005C4063000A0E638E61
:10479000090CA380370148404E86D285090597F061
:1047A000FE1FE780A0779387019D9C435840D8CB9C
:1047B000930700041737FF1F230EF7BCEFF09F92FB
:1047C0008347640193E747001737FF1F230DF7C0A6
:1047D0009737FF1FA38007BC9737FF1FA38E07BA29
:1047E0009737FF1F238A07BA9D471737FF1FA30676
:1047F000F7BA9737FF1F9387E7A09C5791CB130613
:104800000064C1451735FF1F034505BEEFE09EF963
:104810009387819D9C4399CB944BD04B9842518F69
:1048200098C294439C479842D98F9CC29737FF1FE8
:1048300083C7C7B99D0792071737FF1F2322F7B613
:104840009C400547014598C313079005B8CBF2403B
:104850006244D2444249B249224A924A024B05611B
:1048600082808545032549004DB5A380070025BFFB
:104870009387419E94430566D846518FD8C65147C9
:1048800001007D1775FF9043FD76FD165846758F24
:1048900058C6514701007D1775FF94430566D846F9
:1048A000518FD8C6514701007D1775FF9443D846F4
:1048B00013671700D8C6514701007D1775FF944351
:1048C000D846799BD8C6514701007D1775FF9443A0
:1048D000D84613671700D8C6514701007D1775FFEA
:1048E0009443D84613670710D8C6514701007D1777
:1048F00075FF9443D8461377F7EFD8C651470100A8
:104900007D1775FF98435C4793E707105CC7D14755
:104910000100FD17F5FF8280411106C6EFF05FF53B
:104920009387419E9C43130700483703009098D714
:10493000B8477D13370E0020337767003367C70110
:10494000B8C7B847B70600F9FD16758F37060004DB
:10495000518FB8C7B8473706F9FF7D16419B1367DB
:104960009700B8C7B847B7080080B70E0002718F2C
:10497000B8C7B847370600FF7D1633671701B8C7B9
:10498000F84745757D1E619B13673700F8C7F847E8
:104990001377F7F813670703F8C7EC4793F5F58F1C
:1049A00093E50530ECC7F847718FF8C7F8471166F3
:1049B0003367D701F8C703A807051307F5FF7D750F
:1049C0003378E8003368C80023A8070503A8470523
:1049D0007D15137808FF1368480023AA0705F04BDC
:1049E00013660608F0CBF04B698EF0CBC85F798D6B
:1049F0002167598DC8DFCC5F37070040F58DB3E5DF
:104A0000D501CCDFD05FB70570003376C601598E73
:104A1000D0DFD05709674D8ED0D7D057F18ED4D77D
:104A2000D45775767D16F18ED98ED4D7D4573706E4
:104A3000FDFF7D1637070200F18ED98ED4D7945B27
:104A4000C19A94DB945B93F6F6F094DB945B93F657
:104A5000F68F94DB985BB70600504D8F98DB985B20
:104A600033776700558F98DB985FB70608FFFD1610
:104A7000758FB7061800558F98DF985FB3681701D8
:104A800023AC1703B240410182801387419E1C432F
:104A900041767D16B44BF18EB4CB94473706200097
:104AA000D18E94C7D44793E60601D4C7D447BD9AA4
:104AB000D4C7010001000100010014430566DC4673
:104AC00093E70701DCC6DC42D18FDCC283A7C609AD
:104AD000A183858BE5DF01000100010001001C437B
:104AE000416603A7C709B44BD18EB4CB9376F701C7
:104AF000B84B019B558FB8CB9847B706E0FFFD1622
:104B0000758F98C782801388419E417703C6019EA6
:104B1000832708007D1763180610B44FC165411143
:104B2000F98EB4CF9447C16E3D4FCD8E94C78D4F53
:104B30008147414E83260800CC4693F5F5EFCCC65D
:104B4000CC42B3E5D501CCC2CC4693E50510CCC62A
:104B500083A5C608A1818589E5DD0100010001006A
:104B600001008326080003A5C608CC423D89F98DC3
:104B7000CCC26305E50105061376F60F814513F3F4
:104B8000F50F636AF3006311F30493080101C695FE
:104B90002388A5FE15A8AE888505B302B10083C29F
:104BA000F2FFE37E55FCBE8593020101AE9283C302
:104BB000F2FEFD1593F5F50F238872FEE316B3FEA2
:104BC0000C08AE982388A8FE6308F601850793F7C2
:104BD000F70FE391C7F731C28347010021476371A3
:104BE000F702F5172300F10083470100BD8B1397EF
:104BF0007700BC4E93F7F787D98FBCCE41018280F6
:104C000011476374F700F917F1BF05476374F700A4
:104C1000FD17C9BFF1FB8D47F1B7BC4E93F7F7877E
:104C200093E70728D9BFB44F4166F98EB4CF9447B4
:104C3000D18E94C7D44793F6F6EFD4C7D443758F7B
:104C4000D8C3D44793E60610D4C7D843518FD8C3EE
:104C50008280397122DC1384419E1C4006DE26DAF4
:104C60004AD84ED652D456D25AD05ECE62CC66CAFC
:104C70006AC86EC6D843FD76FD161377F7EFD8C322
:104C80009857758F98D7D857B70602003D9BD8D74D
:104C90009847558F98C7D84313670701D8C303C7F0
:104CA000819E83C6B19E558F71E3D84381749384EE
:104CB000F40F799BD8C3985FB166658F558F98DFE5
:104CC000D84313671700D8C39700FF1FE780C0BB06
:104CD0001C4003A707091377F7032384E19E03A76A
:104CE000470929831377F707A385E19ED843B9665F
:104CF00093860670799BD8C3985F658F558F98DF30
:104D0000D84313671700D8C39700FF1FE780C0B7C9
:104D10001C4003A707091377F7032385E19E03A728
:104D2000470929831377F707A386E19ED843B56621
:104D300093860630799BD8C3985F658F558F98DF2F
:104D4000D84313671700D8C39700FF1FE780C0B38D
:104D500018408327070993F7F703A384F19E83275D
:104D60004709A98393F7F7072386F19E1C4003CCDC
:104D7000919E83C6819E03A7070AB386864113F6D8
:104D8000F600419B518F23A0E70A13076002338787
:104D9000E6021306700283A5070A7D7E130EFE0F3E
:104DA00093F5F5F01305400245737D1313043002AB
:104DB0003347C702B708F1FFFD1813082002930E0E
:104DC00010027D4FF94FF542F1436D4DD14B454BEC
:104DD000BD443949314AAD4AB5493D8B12074D8F23
:104DE0009305500223A0E70A3387B60283A5070A7A
:104DF000B3F5C5013347C7023D8B22074D8F23A072
:104E0000E70A3387A60283A5070A370500F17D1557
:104E1000B3F565003347C7023D8B32074D8F23A0A2
:104E2000E70A3387860283A5070A6144B3F51501B3
:104E30003347C7023D8B42074D8F23A0E70A3387D4
:104E4000060383A5070A370810FF7D18B3F505018F
:104E50003347C7023D8B52074D8F23A0E70A3387A4
:104E6000D60383A5070AB70E0010FD1EE98D334750
:104E7000C7023D8B62074D8F23A0E70A13975600A8
:104E80003347C7029315C70103A7070A3377D70132
:104E90004D8F23A0E70A3387E6035D4F3347C702F0
:104EA0009375F70003A7470A419B4D8F23A2E70A9A
:104EB0003387F60383A5470AD94F93F5F5F03347B7
:104EC000C7023D8B12074D8F23A2E70A3387560294
:104ED00083A5470AD542B3F5C5013347C7023D8BC9
:104EE00022074D8F23A2E70A3387760283A5470A5C
:104EF000CD43B3F565003347C7023D8B32074D8F75
:104F000023A2E70A3387A60383A5470A494DB3F5D1
:104F100015013347C7023D8B42074D8F23A2E70A95
:104F200069473387E60283A5470AB3F5050133478E
:104F3000C7023D8B52074D8FE54523A2E70A338711
:104F4000B60283A5470AE98D3347C7023D8B620746
:104F50004D8F23A2E70A338786020D443347C702E9
:104F60009315C70103A7470A3377D7014D8F23A2B3
:104F7000E70A3387E603254F3347C7029375F700E7
:104F800003A7870A419B4D8F23A4E70A3387F603C3
:104F900083A5870A9D4F93F5F5F03347C7023D8BF4
:104FA00012074D8F23A4E70A3387560283A5870A89
:104FB0009942B3F5C5013347C7023D8B22074D8F98
:104FC00023A4E70A3387760383A5870AB3F5650030
:104FD0003347C7023D8B32074D8F23A4E70A33873F
:104FE000760283A5870A9543B3F515013347C702B7
:104FF0003D8B42074D8F23A4E70A3387A60383A581
:10500000870A294DB3F505013347C7023D8B520787
:105010004D8F23A4E70A3387660383A5870AE98DAA
:105020003347C7023D8B62074D8F93954600B3C54A
:10503000C50223A4E70A03A7870A3377D701F2053D
:105040004D8FB385960223A4E70A03A7C70A419BA5
:10505000B3C5C502BD894D8F23A6E70A3387260352
:1050600083A5C70A93F5F5F03347C7023D8B1207B6
:105070004D8FB3C5860223A6E70A03A7C70A337775
:10508000C701BD89A2054D8F23A6E70A33874603D2
:1050900083A5C70AB3F565003347C7023D8B3207C6
:1050A0004D8F23A6E70A3387560383A5C70AB3F5B6
:1050B00015013347C7023D8B42074D8F23A6E70AF0
:1050C0003387A60383A5C70AB3F505013347C70293
:1050D0003D8B52074D8F23A6E70A3387E60383A54E
:1050E000C70AE98D3347C7023D8B62074D8F939501
:1050F0003600B3C5C50223A6E70A03A7C70A33775C
:10510000D701F2054D8FB385F60323A6E70A03A75F
:10511000070B419BB3C5C502BD894D8F23A8E70A84
:105120003387560283A5070B93F5F5F03347C70283
:105130003D8B12074D8F23A8E70A3387760283A59C
:10514000070BB3F5C5013347C7023D8B22074D8FCF
:1051500023A8E70A139726003347C70283A5070B46
:10516000B3F565003D8B32074D8FB3C5360323A8D9
:10517000E70A03A7070B33771701BD89C2054D8FD7
:1051800023A8E70A139716003347C70283A5070B26
:10519000B3F505013D8B52074D8FB3C5C60223A859
:1051A000E70A03A7070B698FBD89E2054D8F23A886
:1051B000E70A03A7070B930580023377D70123A8DB
:1051C000E70A03C7A19E3307EC40B34DB70283AC97
:1051D000470B93FC0CFFB34B770393FDFD00B3EC3F
:1051E000BC0123AA970B83AC470BCD4D93FCFCF07D
:1051F00093FBFB00920BB3EB7C0123AA770BB30B61
:10520000870283AC470BB3FCCC01B3CBBB0293FB4F
:10521000FB00A20BB3EB7C01B34CA70323AA770BD3
:1052200083AB470BB3FB6B0093FCFC00B20CB3EBFE
:105230009B0123AA770BA14BB34B770383AC470B9E
:10524000B3FC1C0193FBFB00C20BB3EB7C0123AA54
:10525000770BB30B570283AC470BB3FC0C01B3CBFA
:10526000BB0293FBFB00D20BB3EB7C0123AA770BB1
:10527000B30BF70383AC470BB3FCAC00B3CBBB025F
:1052800093FBFB00E20BB3EB7C01B34C770223AA48
:10529000770B83AB470BB3FBDB01F20CB3EB9B014A
:1052A000B30CE70323AA770B83AB870B93FB0BFFAE
:1052B000B3CCBC02B30A570393FCFC00B3EB9B01D5
:1052C00023AC770B914B83AC870B93FCFCF0B34B77
:1052D0007703330A470393FBFB00920BB3EB7C018C
:1052E00023AC770B83AB870BD54CB3FBCB01B3CA95
:1052F000BA02B309370393FAFA00A20AB3EA5B01D0
:1053000023AC570B83AA870BD94BB3FA6A00334AF5
:10531000BA0233092703137AFA00320A33EA4A0140
:1053200023AC470B03AA870BE14A337A1A01B3C9AE
:10533000B902B304970293F9F900C209B3693A01BB
:1053400023AC370B83A9870B654AB3F909013349AD
:10535000B902B3C4B4021379F900520933E929013F
:1053600023AC270B03A9870BE9493379A900330B39
:105370006703BD88E204B36499001319470023ACA6
:10538000970A83A4870BB3F4D4013349B902334B92
:10539000BB027209B3E4240123AC970A83A4C70BB0
:1053A000C198137BFB0033EB6401C944B30497023B
:1053B00023AE670B03A9C70B5D4B1379F9F0B3C498
:1053C000B402BD889204B364990023AE970AB30473
:1053D000B70303A9C70BF54D3379C901B3C4B402B0
:1053E000BD88A204B364990023AE970A8944B344EC
:1053F000970203A9C70B33796900BD88B204B3646F
:10540000990023AE970AB304970303A9C70BF94C7D
:1054100033791901B3C4B402BD88C204B3649900DE
:1054200023AE970AB304770303A9C70BFD4B337967
:105430000901B3C4B402BD88D204B364990023AE99
:10544000970AB304670303A9C70B130B1002337940
:10545000A900B3C4B402BD88E204B364990023AECA
:10546000970AB304570303A9C70B930A20023379A1
:10547000D901B3C4B402F204B364990023AE970A0D
:10548000B304470303A9070C130A3002137909FF79
:10549000B3C4B402BD88B364990023A0970CB304CD
:1054A000370303A9070C930940021379F9F0B3C439
:1054B000B402BD889204B36499006D4923A0970C8F
:1054C000B304270303A9070C3379C901B3C4B40299
:1054D000BD88A204B364990023A0970CF144B304DF
:1054E000970203A9070C33796900B3C4B402BD88DD
:1054F000B204B364990023A0970CB304B70303A9C3
:10550000070C33791901B3C4B402BD88C204B36473
:10551000990023A0970CB304970303A9070C3379D0
:105520000901B3C4B402BD88D204B364990023A0B6
:10553000970CB304770303A9070C3379A900B3C40C
:10554000B402BD88E204B364990023A0970C9314BD
:105550005700B3C4B4021399C40183A4070C3306E3
:10556000C702B3F4D401B3E4240123A0970C03A928
:10557000470C137909FFB3046703B3C4B402BD88B1
:10558000B364990023A2970CB304570303A9470CF3
:105590001379F9F0B3C4B402BD889204B3649900DE
:1055A00023A2970CB304470303A9470C3379C9011D
:1055B000B3C4B402BD88A204B364990023A2970CBB
:1055C000B304370303A9470C33796900B3C4B402A9
:1055D000BD88B204B36499001309500223A2970C4A
:1055E000B304270303A9470C33791901B3C4B402E8
:1055F000BD88C204B364990023A2970C930460028F
:10560000B304970203A9470C33790901B3C4B40268
:105610003346B602BD88D204B364990023A2970C26
:1056200083A4470CE98C3D8A6206458E23A2C70CF1
:1056300003A6470C9314C7013376D601458E23A2E7
:10564000C70C130690023306C70283A4870CC198C7
:105650003346B6023D8A458E23A4C70C1306A0022A
:105660003306C702B345B60203A6870C1376F6F0DD
:10567000BD899205D18D23A4B70C83C5C19E03C6F5
:10568000D19E3386C540B304A60303A9870C3379A2
:10569000C901B3C4E40293E48400BD88A204B364E6
:1056A000990023A4970CB304E60303A9870C33796C
:1056B0006900B3C4E40293E48400BD88B204B36417
:1056C000990023A4970C93143600B3C4E40203A9F1
:1056D000870C3379190193E48400BD88C204B36454
:1056E000990023A4970CB304F60303A9870C33791C
:1056F0000901B3C4E40293E48400BD88D204B36416
:10570000990023A4970CB304560203A9870C33799C
:10571000A900B3C4E40293E48400BD88E204B36446
:10572000990023A4970CB304760203A9870C33795C
:10573000D901B3C4E40293E48400F204B364990091
:1057400023A4970C93142600B3C4E40203A9C70C46
:10575000137909FF93E48400BD88B364990023A6FC
:10576000970CB304860203A9C70C1379F9F0B3C4EC
:10577000E40293E48400BD889204B364990023A6F4
:10578000970C93141600B3C4E40203A9C70C337931
:10579000C9013347E60293E48400BD88A204B364E0
:1057A000990023A6970C03A6C70C337666001367EF
:1057B00087003D8B3207518F23A6E70C03A7C70C48
:1057C0003377170123A6E70C03C7B19E0D8F33462D
:1057D000D70293F5F507E2053D8A9314460103A627
:1057E000C70C3304870233760601458E23A6C70C07
:1057F0001316170083A4C70CE98C3346D6023D8AE2
:105800006206458E23A6C70C03A6C70C3344D402F8
:10581000B37ED60113162700B3037702720433E474
:105820008E0023A6870C3346D602B3025702937E1E
:10583000F60003A6070D419A3366D60123A8C70CCC
:1058400003A6070DB3C3D3021376F6F0B3C2D20298
:1058500093F3F3009203B363760023A8770C03A6B7
:10586000070D337EC601B30FF70393F2F200A202D5
:10587000B3625E0023A8570C03A6070D33736600BE
:1058800013163700B3CFDF02330FE70393FFFF0098
:10589000B20FB36FF30123A8F70D03A3070DB3787D
:1058A00013013346D602330DA7033D8A420633E681
:1058B000C80023A8C70C03A6070D33780601334F91
:1058C000DF02B346DD02137FFF00520F336FE801A2
:1058D00023A8E70D03A7070D798DBD8AE206C98EBF
:1058E00023A8D70CD84385663D9BD8C3D843799B62
:1058F000D8C39857558F98D7D857B7060081FD164B
:1059000013670701D8D71377FC0303AC8703137C15
:105910000CFC336CEC0023AC8703985F758FD98D3A
:105920008CDF6254F250D2544259B259225A925AE0
:10593000025BF24B624CD24C424DB24D21618280EF
:105940009387419E98435C4393E707105CC3828032
:105950009387C19C9C43B70600F9FD16984F758F3D
:10596000B7060004558F98CF984F137737F8136711
:10597000C70198CF1387419E1443E9CD37B7240060
:105980001307F7E96360A7069843137707F81367CF
:10599000570298C385476394F500130585C1DC560B
:1059A000B70510FEFD1593E72700DCD6C167938786
:1059B00007A03357F502B377F5021305A00F7D8BCF
:1059C00013164701F8426D8F518FF8C2F84237061F
:1059D000FCFF718FAA07B3D7A702BA07B983D98F83
:1059E000FCC28280370725001306F7486363A602CE
:1059F0003767DBFF130707932A971306007D33579A
:105A0000C7027D1790431377F707137606F8518F77
:105A100049B7130707496318E5009843137707F858
:105A200013676702BDB737D725001307F777636D94
:105A3000A7003767DBFF130707932A971306007D3C
:105A40003357C70279177DBF9843137707F8136759
:105A5000770281B7D8561375F507759BD8D698434A
:105A6000137707F8598D88C38280411106C65126E5
:105A700093056040EF10A033B240014541018280A0
:105A800045AE19C591C509C68357060001459DE37A
:105A900001110565C9471306F100130555C3854576
:105AA00006CEA307F100EF104030F2400345F100AD
:105AB00005618280828001111305910006CE692E56
:105AC0002304A1000565300025059D45EF10E02D5C
:105AD000F240034581000561828001111305D10068
:105AE00006CE692E2306A1000965700009059145BF
:105AF000EF10A02BF2400345C10005618280011127
:105B000006CE792EA307A10009651306F10015053D
:105B10008545EF108029F2400345F1000561828040
:105B2000011106CE2D21A307A10009651306F1007E
:105B300019058545EF106027F2400345F100056126
:105B40008280011106CEC529A307A10009651306AD
:105B5000F10021058545EF104025F2400345F10095
:105B600005618280011106CE192BA307A1000965EA
:105B70001306F10025058545EF102023F24003456B
:105B8000F10005618280011106CE352BA307A1002B
:105B900009651306F10029058545EF100021F24043
:105BA0000345F10005618280011106CE252DA30772
:105BB000A10009651306F10031058545EF10E01ECF
:105BC000F2400345F10005618280011106CE6D258A
:105BD000A307A10009651306F10039058545EF10FB
:105BE000C01CF240014505618280011106CEEF0024
:105BF0007025A307A10009651306F100410585453D
:105C0000EF10A01AF2400345F100056182800111F6
:105C100006CEEF009006A307A10009651306F10068
:105C200045058545EF106018F2400345F100056118
:105C30008280411106C622C4EF00F00C8965CD05B3
:105C40002A84EF10C0162285B2402244410182808E
:105C500001111305510006CEEF00F0232302A1002D
:105C6000096550006105A545EF102014F24001457B
:105C700005618280411106C6EF0050258965E50562
:105C8000EF10E012B240014541018280011106CEC1
:105C900022CC2A84EF00303E2306A1000965A3062A
:105CA00081007000218069058D4523078100EF1078
:105CB000C00FF2406244014505618280011106CEA9
:105CC00022CC2A84EF00D0462306A1000965A30652
:105CD0008100700021806D058D4523078100EF1044
:105CE000C00CF2406244014505618280011106CE7C
:105CF00022CC2A846D232306A1000965A306810016
:105D000070002180130505028D4523078100EF10E7
:105D1000C009F2406244014505618280011106CE4E
:105D200022CC2A846D2D2306A1000965A3068100DB
:105D300070002180130515028D4523078100EF10A7
:105D4000C006F2406244014505618280011106CE21
:105D5000EF00B042A307A10009651306F100130587
:105D600075028545EF106004F2400345F1000561BE
:105D70008280011106CEEF00304BA307A100096518
:105D80001306F100130595028545EF100002F2405D
:105D90000345F10005618280011106CEEF00D04974
:105DA000A307A10009651306F1001305D502854577
:105DB000EF00B07FF2400345F100056182800111E0
:105DC00006CEEF00B04CA307A10009651306F10051
:105DD0001305E5028545EF00507DF2400345F100D3
:105DE000056182806F00504F1715FF1F0355C56B6B
:105DF0008280011106CE2EC6EFA02F9505C903475C
:105E00006500AA870945418B01CFB24503C77700DA
:105E10002383B70409EB13070003A386E7000145BA
:105E2000F2400561828013071003C5BF4945CDBF0D
:105E3000011106CE22CC2EC6EFA02F9101CDB24586
:105E40002A84EF90EFF82300A4040145F240624455
:105E5000056182804945DDBF1717FF1F1307075FE4
:105E600081479946834587083306F5008507230057
:105E7000B6000507E398D7FE014582809717FF1FFC
:105E80009387C75C83D70702A30005002300F500B2
:105E90009717FF1F83C707382301F500014582804C
:105EA00019E1494582809717FF1F9387275A985B0E
:105EB000411122C406C62A8409C703477700314529
:105EC00039EF985F09C703477700314529EBBC4399
:105ED00089C783C777003145B9E385471946A2854D
:105EE0001715FF1F1305655F1717FF1F2301F756CF
:105EF00097E0FE1FE7808002834754001307000CE1
:105F000093F7070C6391E7021946A2851715FF1F47
:105F10001305055D97E0FE1FE78040000145B24094
:105F200022444101828081EB1946A2851715FF1F8B
:105F30001305655BC5B7130700044945E391E7FE08
:105F40001946A2851715FF1F1305455AE1B7171EFD
:105F5000FF1F130EAE4F03234E03630C030C797126
:105F600022D403240E0326D24AD04ECE52CC56CA97
:105F70005AC85EC662C406D6C689428ABE84BA8A38
:105F8000368B3289AE8B2A8C09E402932A840D4524
:105F900025C0231A8401231B740185476316F90663
:105FA00023082401A300640783C7040085E383C793
:105FB000140089EF83C7240091EB83C7340099E76D
:105FC00083C7440081E783C75400ADC385472304DA
:105FD000F406A30454071946A6851305A40697E002
:105FE000FE1FE780A0F3A308440123063401014506
:105FF000B250225492540259F249624AD24A424B58
:10600000B24B224C4561828089476316F90099475B
:106010002308F40041BF0D47E30CE9FE91476314E8
:10602000F900C547F5B723080400ADBF23040406F3
:106030005DBF494582801717FF1F130727415C5B2F
:10604000011126CA06CE22CCC94485C72A84085B22
:1060500011E52EC682978D44B24501CD1376F40129
:106060002309C500814411C4710597E0FE1FE78034
:10607000E0EAF24062442685D24405618280171727
:10608000FF1F1307A73C5C5B85CF011122CC2A843C
:10609000085B06CE11E52EC682978D47B24501CD2D
:1060A0001376F401A309C5001305C50397E0FE1F8D
:1060B000E780C0E68147F24062443E850561828008
:1060C000C9473E8582809717FF1F93872738D85B83
:1060D00019E349458280411106C622C411E99C5B3F
:1060E000C5C783C77700CDC3EF301069014571A8DC
:1060F0008546631BD508805B15E802972A846DC12D
:10610000B7170008938707805CC9930700702318AE
:10611000F500A300050619469715FF1F9385853BDB
:106120001305250697E0FE1FE78040DF0347740054
:106130008547630BF70483470401B98B8DCF8346F2
:10614000040193F7F6002304F40085476393F604F3
:1061500099470566231CF400130606809145171520
:10616000FF1F0345150EEFD0EEE3032384072244FF
:10617000B24041010283EF803FBD9717FF1F83C7E5
:10618000270A8D8BE31DF5FA4945B24022444101AF
:10619000828003576401835744011166BA9785874B
:1061A000139707014183231CE4006355F600231C69
:1061B000C40065BFAD8A8947639CF6009306000A58
:1061C000BA876374D7009307000A231CF40071BFD9
:1061D00093060002BA87E37AD7FE93070002F5B769
:1061E0000D4565B79717FF1F93874726D85F59C39B
:1061F000411122C406C62E8401ED9C5F91E74945FA
:10620000B240224441018280EFC0CFAA0145CDBFF8
:106210008546E316D5FE9C5F91EF0297AA870D4550
:10622000E5D34147A38507002399E700239AE700B8
:10623000A382070203C7770079F383D6270111678A
:106240006374D7002399E70003D7270183D647015A
:106250006374D700239AE70003D7470193065005DC
:10626000238787003307D7022187239BE700BC439E
:10627000829769BF314582809717FF1F9387071D5B
:10628000BC43314581CF83C7770089CB411106C616
:10629000EF40C025B240014541018280828001115A
:1062A00026CA4AC84EC652C456C25AC02E89368B18
:1062B000BA89BE8A06CE22CCB284428AEF90FFC849
:1062C0001307A9FF4207856741839386A7C763E643
:1062D000E610938707C82A84494563E8970A63E66E
:1062E000240B1307301F6362670B63E0370B9307C0
:1062F0001B00B387970213973900860763D7E70817
:1063000049C48347E40013F747003DC7ED9B2307CB
:10631000F400834774002313240723149406D5E75D
:106320000357A405C167FD17630BF70663199906A8
:106330008357A4022314E4042315F4049717FF1FC2
:1063400083D787168D46114763E5F600850713F757
:10635000F70FA303E4042285EF801FA183570403F2
:10636000A9072318F4048327440993E74700232A45
:10637000F408C547230DF4002315540723164407DA
:1063800023166405231734050145F2406244D244C4
:106390004249B249224A924A024B056182808357A0
:1063A000640591C7B3D4F402B387970271B7B305FC
:1063B000990085814A85EFD0FE8F2315A4049305AB
:1063C000A4042685EF30003F95BF83274409096761
:1063D000D98F232AF408C14771BF49457DB7011100
:1063E0002EC606CEEF907FB6B24509E54945F2408C
:1063F000056182808347E5002300B50413F7470059
:1064000075D7ED9B2307F500832745091167D98FC1
:10641000232AF5080145E1BF011106CE2EC632C47C
:10642000EF90BFB229C91717FF1F13072702835721
:106430000702B245224663F3F500AE87C207C18367
:10644000A30DF512A183230EF51283572702637360
:10645000F600B287C207C183A30EF512A183230FF2
:10646000F512832745090567D98F232AF5080145C9
:10647000F240056182804945E5BF1717FF1F1307EA
:10648000E7FC1C5B81CB83C6770089C683C6C70047
:10649000C947A1E21C5F89CB83C6770091C683C63A
:1064A000C700C947858A95E63C4381CB03C777007F
:1064B00009C703C7D700C94709EF9717FF1F83D73D
:1064C000A7D41717FF1F0357E7FEA983636AF700D6
:1064D0009D473E8582809D47F2403E8505618280D2
:1064E0000111A304A10019461305A10006CE97E0EF
:1064F000FE1FE780A0A22800EFD04FEE8547E31CE7
:10650000F5FC8147D1BF011126CA4AC806CE22CC6C
:10651000AE84328936C63AC43EC242C0EF90FFA272
:10652000630E05109385A4FFC2050566C18193081B
:10653000A6C72A84494563E2B808130606C8636EF5
:106540002607636C9906B2469305301F63E7D506AC
:1065500022476364E60613861600330696029315F7
:106560003700635CB6040346E400058A39E68325F8
:10657000440913F6650031E2924702482317E40408
:10658000034774002315F4062313940623142407E9
:10659000231604072316D4048347A401014551E3BD
:1065A00089EF8347040E898B99CF93E52500232A31
:1065B000B408C947230DF4000145F2406244D244B7
:1065C000424905618280638B2405B305990085816A
:1065D0002685EFD02EEE2315A4049305A4044A8546
:1065E000EF30401D9717FF1F83D707EC8D461147EB
:1065F00063E5F600850713F7F70FA303E40422858C
:10660000EF808FF683570403A9072318F404832728
:10661000440993E74700232AF40861BF2315940433
:10662000D1B7C1FF8347040E898B99CB93E5250031
:10663000CD47232AB408230DF40041B74945B5BF1F
:106640006945A5BF9717FF1F938747E0985B01CB6C
:106650008346770089C60347C700494505EF985F21
:1066600009CB8346770091C60347C7004945058B90
:1066700015E3BC4381CB03C7770009C783C7D700A5
:10668000494589EB411106C6EFD06FE0B2400145A4
:10669000410182808280411122C426C24AC006C6BE
:1066A0002A890144A1449305F00F0545EFD04EDE41
:1066B000B30789002380A7000504E31694FEB240C7
:1066C000224492440249014541018280011126CAB7
:1066D0004AC806CE22CC2EC63289B684EF90FF86F9
:1066E00063090518834775002A84B2450945DDEB27
:1066F00021461305F41097E0FE1FE7802082A30BCC
:10670000241113598900230C241183C7E40003C703
:10671000D400A2074207BA9703C7F400BA9703C789
:10672000C4006207BA972324F40A83C7A40003C7EE
:106730009400A2074207BA9703C7B400BA9703C7E9
:1067400084006207BA972326F40A83C7640003C74C
:106750005400A2074207BA9703C77400BA9703C749
:1067600044006207BA972328F40A83C7240003C7AA
:106770001400A2074207BA9703C73400BA9703C7A9
:1067800004006207BA97232AF40A8347E4038DC3FF
:106790008547A30FF4028327440993E70702232ABE
:1067A000F4080145F2406244D244424905618280C6
:1067B000EFC01EC593578500A30CA410230DF41041
:1067C000935705016181A30DF410230EA410EFC0AF
:1067D0003EC30347B4110346A41193570501220792
:1067E000420632970346C41193558501935685009E
:1067F000329703469411A30EA410A30FF41062065F
:1068000032972322E40A41679304F7FFA207620547
:10681000230FD4102E953709FF00E58FC206B3F67B
:106820002601AA97B6972320F40A2300B412EFC0DA
:106830003EBD135785009356850193570501A3006C
:10684000A4122301E4122302D4121375F50FE206F9
:106850002207A301F4123695658FC207B3F727010B
:106860003A953E9583274409232CA40A93E707040D
:106870003DB7094505BF011106CE2EC6EF90EFECDE
:1068800055C5834775002A870545B245639DA7080E
:106890008346D7009307600401456396F60883C7D3
:1068A000E50083C6D500A207C206B69783C6F500E9
:1068B000B69783C6C500E206B6972324F70A83C7B6
:1068C000A50083C69500A207C206B69783C6B50089
:1068D000B69783C68500E206B6972326F70A83C7D4
:1068E000650083C65500A207C206B69783C6750029
:1068F000B69783C64500E206B6972328F70A83C7F2
:10690000250083C61500A207C206B69783C63500C8
:10691000B69783C60500E206B697232AF70A9307BF
:106920000005A306F700F240056182800545E5BF3A
:10693000411106C6EF906FE11DCD834675000547F6
:10694000AA8709456396E60283C6D7001307600449
:106950006390E60219472380E70413077004A386B7
:10696000E70003C73702014513671700A381E70259
:10697000B240410182800945E5BF9717FF1F938709
:10698000E7AC985B1D7186CEA2CCA6CACAC8CEC69B
:1069900009C703477700314441E3985F09C70347BC
:1069A0007700314435EBB84309C7034777003144DA
:1069B00025E71717FF1F035727859719FF1F83D94F
:1069C000E9AF29831D4463F9E90483C7870731448C
:1069D00093F70704B1C33289A303A1001946280025
:1069E000B68497D0FE1FE78060534146CA851305E1
:1069F000E10297D0FE1FE78060524146A68513054D
:106A0000E10197D0FE1FE78060514800EF30504908
:106A10007D156313350101442285F6406644D64452
:106A20004649B64925618280411106C6EF30105BA8
:106A3000B2400145410182801717FF1F130707A1CC
:106A40001C5B89C783C67700C9478DEE1C5F89C769
:106A500083C67700C9479DE63C4389C703C77700D3
:106A6000C9470DE39717FF1FA382A79E9717FF1F24
:106A700083C7D7A511C993E767001717FF1FA3079F
:106A8000F7A481473E858280E59BC5BF130700645C
:106A90003305E50241119717FF1F9387279B22C4F7
:106AA000E05B26C24AC006C6BE841309F00F171762
:106AB000FF1F2321A79C01E8B240224492440249CF
:106AC00001454101828003450400630525018C5482
:106AD000EFC03EEE405CC5B7011126CA4AC84EC69B
:106AE00006CE22CC2E89B289B684EF900FC659C546
:106AF000639D090085472387F19E0145F24062446A
:106B0000D2444249B2490561828003C7E19E85476C
:106B10002A846315F7002387019E094941651305FF
:106B200045F5EF904FC40DCD8347E5002317F500E1
:106B30008327040F95E32328A40E232AA40E93078A
:106B400010F8F9142320050023163501A304F500DD
:106B50002304250144C155B78327440F88C3F1BFDF
:106B60009707FF1F9387076A9C5B1D45C1DB9565EF
:106B700005459385555582971D4549B70945BDBFC4
:106B80009717FF1F83D7278D99E79307F01F1717D4
:106B9000FF1F2312F78C9717FF1F83D7C78BA146C0
:106BA000014513F707108607C2073357D740C18343
:106BB000598D13D6574013D79740318F058BFD164B
:106BC0001375F50FD98FF1FE1717FF1F2315F788DF
:106BD00082809717FF1F83D7278881EBE17793C7C0
:106BE000F7FF1717FF1F2319F7869717FF1F83D784
:106BF000A786B94601451168194633F7070186078C
:106C0000C2073357D740C183598D13D7E74093D577
:106C1000F700058B2D8FFD161375F50FD98FE39EA9
:106C2000C6FC1717FF1F2319F7828280011126CA9D
:106C30004AC84EC656C29707FF1F9387A77506CE50
:106C400022CC52C4AE843289B68A83A9470131CDA1
:106C5000AD472A8463E3A7021304F5FF1374F40F0E
:106C60006300090A8547631FF90826869305000F0C
:106C700013852900EFC0BE9681A8B147630AF502CB
:106C80009307600263E5A7001304E5FFC1BF930704
:106C900070024945E306F4FCF2406244D2444249A2
:106CA000B249224A924A05618280130450024DBFC4
:106CB0001304600275B7EFF0BFECB387490123817D
:106CC000A700050AE3499AFE1379F900E20A238036
:106CD0002901A380990093DA8A412686854563C3FA
:106CE0000A0081452285EFD0CFE79707FF1F83D7A2
:106CF000677685071707FF1F231EF774014569BFD5
:106D0000014AC9B789476316F90026869305A00A88
:106D100085B78D47631EF900014A01A8EFF07FEBAC
:106D2000B38749012381A700050AE3499AFE69BF99
:106D300091476316F90026869305F00F15BF954716
:106D40006315F9002686814525B799476315F90033
:106D50002686BD4531BF9D474945E31FF9F226868A
:106D60009305500531B7034301001AC06F700FB689
:106D70006F70AFC16F702FC76F700FCD6F70CFD2B4
:106D80006F704FD86F702FDC03530100035E41001A
:106D9000834E81001AC072C276C46F708FE06F702C
:106DA000CFF06F70CFF46F704FF96F706FFE6F7030
:106DB0001F846F709F8F6F70DF876F703F8B828033
:106DC0006F70BF9223A8A19E82801307850183570D
:106DD0000500110593C7F7FF231EF5FE8347E5FF66
:106DE00093C7F7FF230FF5FEE313E5FE8280994773
:106DF0003305F50201110A86C14506CE13050502C9
:106E00001375E50FEFD06E9711E50345C100F24011
:106E1000056182800145E5BF411122C426C24AC0F6
:106E200006C6814401441389819F83C7D19F63694A
:106E3000F400B240224426850249924441018280F6
:106E4000832709001315440019469305F00F3E955A
:106E5000EFC01E8301E5850493F4F40F0504137459
:106E6000F40FE1B7938781A2884305C1411106C69B
:106E7000EFC06EBC23A401A29387D19F83C70700F4
:106E8000B240238BF19E410182809387D19F83C7BB
:106E90000700238BF19E82801D71A6CA86CEA2CCEC
:106EA000CAC883C7619FAA84639EA700854503C59E
:106EB000E19FEFC05E8C894503C5E19FEFC0BE8BAB
:106EC000EFF05FFA1949338924037000C145137943
:106ED000F90F130409021374F40F2285EFD0EE8921
:106EE00009C901442285F6406644D64446492561D5
:106EF000828019469305F00F6800EFC06EF875F1B7
:106F0000680041469305F00FEFC06EED48187146DA
:106F10009305F00FEFC0AEEC680861469305F00FE3
:106F2000EFC0EEEB7000C1452285EFD08E992A8428
:106F3000130519025018F1451375F50FEFD06E982F
:106F4000498C130529025018F1451375E50FEFD050
:106F50004E971374F40F498C130539025018C1452C
:106F60001375F50FEFD0EE951374F40F498C1305DC
:106F700049025018C1451375E50FEFD08E94137474
:106F8000F40F498C13055902501891451375F50FEC
:106F9000EFD02E931374F40F498C138504077008F7
:106FA000E1451375F50FEFD0CE911374F40F498CB2
:106FB00003C501861374F40FEFD0CE8A25B74111B3
:106FC00022C406C60145014483C7D19F6373F40000
:106FD00009C5B24022444101828022850504EFF0B8
:106FE000BFEB1374F40FCDB7411122C426C206C6FD
:106FF0004AC00144EF709F8F9384819F83C7D19FC4
:107000006368F400B2402244924402494101828004
:1070100088401319440019469305F00F4A95EFC0B4
:107020002EE609E58C40CA95EF709F8C0504137419
:10703000F40FE9B7397122DC4AD852D406DE26DAD9
:107040004ED60144EF70DF8D1389819F194A83C7A3
:10705000D19F636AF400F2506254D2544259B2593B
:10706000225A2161828003250900931944001946A0
:107070009305F00F4E95EFC0AEE039E133054403C0
:10708000832709000A86C145CE9783C4570093F42D
:10709000040C938404F8130535021375F50FEFC043
:1070A000DEED1008C1450945EFC03EED832509001E
:1070B000B334900014080A86CE952685EF701F869B
:1070C00005041374F40F61B7011106CEEFF0DFD49D
:1070D0000547A9476373A70089471306F100854553
:1070E0001545A307F100EFF0DEFCF2400561828058
:1070F000011122CC26CA4EC606CE4AC8014493844A
:10710000819F994983C7D19F6362F404EFF0DFD078
:10711000938741A103C7D19F83C70700631DA706BB
:1071200093E71700238AF1A083C7519F99C3EFF01B
:10713000BFEB83C7419F99C3EFF0DFEF6244F2409A
:10714000D2444249B24905616FF01FF83305340358
:10715000904013194400C1454A9613050502137562
:10716000E50FEFC09EE105C5884019469305F00F75
:107170004A95EFC0CEC6884019469305F00F4A9550
:107180001905EFC0CEC59C403E99231609000504A1
:107190001374F40F85BF93F7E70F69B70355250004
:1071A00083C5E19F6F007F89397122DC19443384E4
:1071B000850226DA4AD806DEA147AA8432891374EA
:1071C000F40F6398F60413042402714681454808BD
:1071D0001374F40F3AC6EFC08EC05008F1452285F3
:1071E000EFC0BED90DE18347E102A5463247E5175E
:1071F00093F7F70F63E9F600BA8650089375190004
:107200002685EFD07EE3F2506254D2544259216178
:1072100082801304140255BF797122D426D24AD039
:10722000AE842A8932848145130600020A8506D677
:10723000EFC0EEBA9387618683C707002310210150
:10724000230EF1008357810145CC138761A10347C9
:107250000700F99B03C681A12302E10003C77186E1
:1072600093761700D58FF59B93762700D58F9316CD
:10727000470093F6061093F7F7EFD58F9316470064
:1072800093F6062093F7F7DFD58F9316470093F612
:10729000064093F7F7BFD58F118BED9BD98FA302D3
:1072A000C100231CF10001CE41469705FF1F9385C5
:1072B000E5141305610097D0FE1FE78020C683C741
:1072C00051A181CB99C40357810113672700231C67
:1072D000E10003476101B337F000D98F03C771A103
:1072E0003337E0000A07D98FA2850A85230BF10006
:1072F000EFD07EC7B2502254925402594561828029
:107300001387A1A003470700F99B03C6C1A023026E
:10731000E10003C7318693761700D58FF59B9376EE
:107320002700D58F9316470093F6061093F7F7EFD3
:10733000D58F9316470093F6062093F7F7DFD58F86
:107340009316470093F6064093F7F7BFD58F118B3E
:10735000ED9BD98FA302C100231CF10001CE414651
:107360009705FF1F938585081305610097D0FE1FC1
:10737000E780C0BA83C791A081CB99C4035781012C
:1073800013672700231CE10003476101B337F000B6
:10739000D98F03C7B1A0A9B7411122C426C24AC0E0
:1073A00006C6AA8401441389819F83C7D19F636A5B
:1073B000F4003E842285B2402244924402494101B5
:1073C000828083270900131544001946A6853E953F
:1073D000EFC00EA765F105041374F40FF9B7397106
:1073E00022DC138481A21C404AD84ED606DE26DA5F
:1073F00052D42A89AE89B1E719E1054545A8F5DDE2
:10740000EFF09FF9238BA19E83C7D19F636BF50299
:107410008144138A819F39A883270A001395440069
:1074200019469305F00F3E95EFC08EA509E9850436
:1074300093F4F40F83C7D19FE3E0F4FEBE84238B63
:10744000919E03C5619F83C7D19F138A619FE37695
:10745000F5FA1C40A5E799473305F5024A86C14570
:10746000130505021375E50FEFC0BEC56146930510
:10747000F00F2800EFC0AE9603450A003000E1454A
:10748000130505071375F50FEFC0BEC31387819F62
:10749000084383C7619F92073E954146CA8597D0AE
:1074A000FE1FE780A0A723A431A30145F250625438
:1074B000D2544259B259225A21618280904719CE42
:1074C00099473305F502F145130515021375F50FBC
:1074D000EFC03EBF1C4023A40700C1BF904B19CE94
:1074E00099473305F502F145130525021375E50F9C
:1074F000EFC03EBD1C4023A8070045BFD04B19CEAE
:1075000099473305F502C145130535021375F50F8B
:10751000EFC03EBB1C4023AA070041BFD0470DCEA1
:10752000994433059502C145130545021375E50FCE
:10753000EFC03EB903450A001C4091453305950252
:10754000D0474106130555021375F50FEFC07EB7FE
:107550001C4023A6070091BF83C7519F99C3EFF03A
:10756000BFA883C7419F99C3EFF0DFACEFF0DFB551
:1075700069B5011122CC06CE2A842EC632C4EF4052
:10758000EF8805C90347C500A1472246B245631FDE
:10759000F700938701A39C4389CF03A34700630AA5
:1075A000030022856244F24005610283938741A370
:1075B000DDB7F240624405618280011126CAAA84C7
:1075C0002E8522CC06CE2E8432C636C4EF400F84E0
:1075D0002DC10347C500A147A2463246631FF702EB
:1075E000938701A39C43A28599CB03A3070063085B
:1075F00003006244F2402685D244056102839387EA
:1076000001A18843EFD05EAF0DC522856244F240F0
:10761000D244854505616FD0FEE9938741A39C4321
:10762000A28589C703A30700E31503FC9387C1A1C3
:10763000C9BFF2406244D24405618280011122CC6C
:1076400006CE26CA83C7D19F09446378F50295C543
:1076500099473305F502AE840A86C1451305050234
:107660001375E50FEFC07E912A8401E919468A85DA
:10767000268597D0FE1FE780608A2285F24062440B
:10768000D24405618280011122CC19443304850261
:1076900026CA0A86AE84C14506CE130404021374BA
:1076A000F40F2285EFC07E8D01C98144F24062440F
:1076B0002685D2440561828019469305F00F0A851C
:1076C000EFB01EFC7DF10357C1009377D70F89C43B
:1076D0009377F70F93E72700C207C1838544E30739
:1076E000F7FC0A86C14522852316F100EFC07E9D76
:1076F00003C50186EFC01E9755BF397122DC2A846D
:1077000019453305A40226DA4AD8B2842E893000FE
:10771000C14506DE130505021375E50FEFC0FE85B2
:1077200001C90145F2506254D2544259216182800C
:1077300019469305F00F2800EFB09EF47DF1130475
:1077400004071374F40F3008E1452285EFC0FE8270
:1077500019C10545C1BF2808EFF02FE763190902D9
:10776000614681452808EFB0BEF165F56146814567
:107770002808EFB0DEE6854728082380F1A2EFF065
:10778000CFE43008E1452285EFC0BE93D9B73C086D
:107790001018BE8683D506003687638125039106BF
:1077A000E39AC6FE0145BDDC83D607003E8789C645
:1077B0009107E31BF6FEB5B7239027018347270007
:1077C000E38997F823019700DDF42310070065B7DC
:1077D000FD57238FF19EA38E019E23AC019E93073C
:1077E00000031705FF1F0345C5A23305F50201116C
:1077F0009305200406CE22CC26CA4AC84EC697D08E
:10780000FE1FE780200B23ACA19E0DC99709FF1F27
:107810009389499F83C7E9000D470144B387E70275
:107820009384819FA38EF19E83C7D19F636FF40CD5
:1078300083A7890063860710238A01A09387D19FBD
:1078400083C707000544414681451705FF1F1305FF
:10785000E5BA238BF19E2384818623A401A2A38B06
:1078600001A0238B01A0238C01A0EFB05ED793046D
:107870007007414681451705FF1F130525B7A383F0
:10788000918623828186A38A01A023AE01A0A385CD
:1078900001A0238501A0238601A0EFB05ED4A381BF
:1078A0009186A38401A023A801A0238401A0954769
:1078B000A380F186C1472383F186238001A28947F3
:1078C0002381F18623808186A3848186A382818699
:1078D00023A601A223AA01A223A801A2A38A019E92
:1078E000238E019E97070000938767CDF240624484
:1078F00023ACF184970700009387E7C723AEF18498
:10790000D2444249B249056182808840131944003B
:1079100019469305F00F4A95EFB07ECC8840194682
:107920009305F00F4A951905EFB07ECB9C400504F6
:107930001374F40FCA972396070023870700EDB549
:10794000930700F8238AF1A0D5BD411122C426C2B5
:1079500006C64AC001449384819F83C7D19F636058
:10796000F402EFC0CED69387D19F83C70700B24001
:107970002244238BF19E9244024941018280884037
:107980001319440019469305F00F4A95EFB03EC510
:10799000884019469305F00F4A951905EFB03EC48B
:1079A0009C4005041374F40FCA972396070023879D
:1079B000070065B7930705C04111C20722C406C678
:1079C000C1837D472E846368F70C175700001307A7
:1079D000A7DD8A07BA979C43BA97828793878186E7
:1079E00083C707002300F40025A0938771A1CDBFB2
:1079F000938761A1F5B7938781A1DDB741469705CC
:107A0000FF1F9385A59F228597C0FE1FE780005129
:107A10008147B24022443E8541018280938751A133
:107A2000C1B7938771866DBF9387C1A19C431CC06A
:107A3000C5B7938741866DB79387B1A055B7938734
:107A4000A1A079BF9387C1A061BF41469705FF1FE1
:107A50009385C5994DBF938791A059B79387318678
:107A600041B7938701A1D9B7938781A095BF938729
:107A70001186BDB793876186A5B79387519F8DB750
:107A80009387419FB1BFEFF02FB92300A40049B7FE
:107A900083C7518681BF61478947E36CA7F6EFD062
:107AA000CEE32310A400ADB7011106CE22CC26CA26
:107AB0004AC84EC6EFD0BEA241E103C7C19F854769
:107AC0002A84630CF7029384819F854983C7D19FE1
:107AD0006371F4049840131944004A978347E70000
:107AE000639937012285EFF02FBB9C40CA9723870B
:107AF000070005041374F40FD1BFEFF04FCC238EB1
:107B0000019E9387819F9C4303C7D19FB907631E42
:107B1000870013050005EFC02EEC6244F240D2440A
:107B20004249B24905616FF0AFDC050423800700CC
:107B30001374F40FC107E1BFF2406244D2444249DA
:107B4000B24905618280797126D24AD006D622D404
:107B50004ECE89472E89B2846306F506636FF50021
:107B60008D47630DF50A03C4D19F2285B25022547C
:107B700092540259F249456182802E85EFF0DF81EF
:107B800083C7D19F2A84E372F5FEE5D01946CA85E2
:107B9000268597C0FE1FE7806038C1BF83A7090014
:107BA0001315440019463E95CA851905EFB05EA924
:107BB00021ED05041374F40F83C7D19FE360F4FE35
:107BC0003E8465B701449389819FFDB70504137412
:107BD000F40F83C7D19FE375F4FE330534030A869F
:107BE000C145130535021375F50FEFC00EB979FDC8
:107BF00041469305F00F0A85EFB09EA861F9CA854A
:107C00000A85EFD0CED479F183C7D19FE37FF4F416
:107C1000A9DCA6852285EFF07FA281BF01449949A6
:107C20004DBF930705C05D71C207A6C2CAC086C614
:107C3000A2C44EDE52DC56DAC1837D472A89B28463
:107C40006362F73E17570000130707BE8A07BA970B
:107C50009C43BA97828785476144639AF5008347BE
:107C6000060009476365F7002384F18601442285F5
:107C7000B640264496440649F259625AD25A616186
:107C8000828085476144E394F5FE83470600E3E084
:107C9000F5FEA38BF1A0D9BF85476144E399F5FCBC
:107CA000834706001147E364F7FC238BF1A07DBFF7
:107CB00085476144E39DF5FA83470600E3E9F5FA59
:107CC000238CF1A065B7C1476144E392F5FA4146C0
:107CD000A68517F5FE1F1305657297C0FE1FE78086
:107CE000E02369B785476144E393F5F883470600CD
:107CF000E3EFF5F6A38AF1A095BF85476144E398C9
:107D0000F5F683470600A383F1868DB7914761445A
:107D1000E39FF5F41842B7470F009387F723E3E892
:107D2000E7F423AEE1A099B785476144E391F5F408
:107D3000834706000947E36CF7F22382F1863DB7DB
:107D400085476144E395F5F283470600E3E1F5F2E8
:107D5000A385F1A021BF85476144E39AF5F08347ED
:107D600006001147E365F7F02385F1A001B78547C9
:107D70006144E39EF5EE83470600E3EAF5EE2386D1
:107D8000F1A0EDB5C1476144E393F5EE4146A68508
:107D900017F5FE1F1305856589B785476144E3988C
:107DA000F5EC83470600E3E4F5ECA384F1A07DBD88
:107DB00085476144E39DF5EA83470600A381F18688
:107DC00075B591476144E394F5EA1842B7470F004F
:107DD0009387F723E3EDE7E823A8E1A041BD6144E1
:107DE000E39705E8EFD0AEEF11E9EFF04F9D1305F3
:107DF0000005EFC06EBEEFF0AFAF8DBD8547238E9F
:107E0000F19EADB59D476144E393F5E6938514007B
:107E10001946480897C0FE1FE780401003C50400BC
:107E200001464C08EFF03FD283C7D19FAA84094492
:107E3000E37FF5E2EFD0AEEA09E52685EFF0CF85E6
:107E40007DB79387819F9C439204BE948547238787
:107E5000F40029BD9D476144E39BF5E019469385F5
:107E60001400680097C0FE1FE780400B03C50400A4
:107E700001466C00EFF03FCD83C7D19F6374F504DA
:107E80009944B30495025008F145094493841402BF
:107E900093F4F40F2685EFC04E8EE31A05DC13072A
:107EA000A04185476304E9009307F00F5008F145AE
:107EB0002685A307F102EFC0CEA003C50186EFC05F
:107EC0006E9A6DB383C741A10944E38207DA930731
:107ED000A041631AF9008547A383F1A01D46A6853A
:107EE000138501A0DDBBA38301A049B3A384018650
:107EF000B5BB8547A384F186014901449949130A1A
:107F0000F00FFD5A83C7D19F6365F400E30009D6E3
:107F10006DB7B30434035008F1459384140293F40D
:107F2000F40F2685EFC06E8509ED8347F102638A61
:107F300047015008F1452685A30751030549EFC0C5
:107F40004E9805041374F40F75BF85476144E390A0
:107F5000F5D283470600E3ECF5D02384F1A039B3D2
:107F600085476144E395F5D0834706002547E360E4
:107F7000F7D0A380F186DDB985476144E399F5CE5A
:107F800003470600A546930797FF93F7F70FE3E033
:107F9000F6CE2383E186D9B985476144E399F5CCD0
:107FA0008347060003C7519F0144A38AF19EE31053
:107FB00007CCE39EB7CAEFF0AF9355B9854761444C
:107FC000E397F5CA8347060003C7419F238AF19EC2
:107FD00009E76394B700EFF0AF9103C5419FEF60ED
:107FE0007F9469B185476144E393F5C883470600F0
:107FF0000D47E36EF7C62381F1868DB9854761444D
:10800000E397F5C6834706002380F18685B10545D1
:108010007DB585476144E39CF5C483470600A38290
:10802000F186A9B1E1470944E3E327C5E39185C49B
:1080300083D504004A85EFD0AED32A840DB91D71D3
:10804000A6CAB2847000A2CCD2C486CECAC8CEC69C
:108050002A84368A02C623180100EFF0DFAE83C7F8
:10806000D19F637CF50E2A89EFE07FD89147AA89DA
:10807000631EFA0C03C781867917133717009146E0
:108080001944330489024E86CA852685EFF0CF91C4
:10809000514681454808EFB08ED450081374F40F50
:1080A00013054402C1451375E50FEFB01EED15E54C
:1080B00041469305F00F4808EFB08EDC19ED13052B
:1080C0005402501091451375F50FEFB01EEB500898
:1080D00093F519002685EFD08EB7130509073010E8
:1080E000E1451375F50FEFB05EE915E12810EFE0FB
:1080F000DFCD2010130901048355040091C5034608
:1081000024002685EF004F831104E31789FE93F9BD
:1081100029006387090083C5E19F2685EFF0FE9162
:1081200091476313FA0603C781868947631EF704E4
:1081300083C771A183C551A1B337F0008A07B33556
:10814000B000DD8D2685EFD0CEAB3DA803C74186BC
:10815000791713371700D28625B7A147E312FAFC27
:1081600003C7418689476311F7020146A285268528
:10817000EFF08F8A9387C1A29C4399C7DC4389C7DC
:108180000146814526858297F6406644D644464995
:10819000B649264A014525618280797126D206D6E4
:1081A00022D4AA8402CC231E0100EF302FC605CDB5
:1081B00003C7418689476308F702930565002A844F
:1081C000034555003008EFF01F9883C7D19F6371B6
:1081D000F5022AC6EFE0BFC1B2452A860547A1468F
:1081E0002685EFE07FFCB250225492544561828094
:1081F00083C7418691E795452685EFD0AEABE5B7BD
:108200000547E392E7FE8345540001462685EFF0DB
:10821000AF80D1BF4111C1674AC006C622C426C281
:10822000FD172E896309F506EF304FBE2A84D1442D
:1082300021CD93056500034555000146D544EFF077
:108240009F9083C7D19F6376F500CA85EFF0AFC3D7
:108250008144630B09022285EFE05FF435A0CA85F3
:108260002285EFF04FC211C1814405041374F40F4D
:1082700083C7D19FE365F4FE6308090017F5FFFF8C
:10828000130505F2EF304FD7B2402244268502494C
:108290009244410182800144D544D9BF0111C16794
:1082A0004AC84EC606CE22CC26CAFD172E89B289F0
:1082B000630EF504EF308FB5D14429C193056500F5
:1082C000034555000146D544EFF0FF8783C7D19F92
:1082D0006376F5024E86CA85EFF02FC2814439A835
:1082E0004E86CA852285EFF04FC111C18144050435
:1082F0001374F40F83C7D19FE364F4FEF240624429
:1083000026854249D244B249056182800144D54460
:10831000D5B7411122C41384E19F8345040093879C
:10832000818523A6F1A223AAA1A2614506C6EFD0AA
:108330002EA4034504002244B24041016F10AFA7B0
:10834000011106CE22CC26CA4AC8834725002547FC
:10835000E91793F7F70F6360F70217470000130759
:10836000A7548A07BA979C432A84BA97828793872F
:10837000C1A29C4399E3854475A89C43EDDF8346E5
:10838000D5000346C5008355A5000D058297E5B7C6
:10839000834715006394070C83476500858BDDCF09
:1083A000938781A29C430149DDEB814541460A85C3
:1083B000EFB0EEA24C48D1C51946C1050A8597C059
:1083C000FE1FE780A0B5834764000357C10089877B
:1083D000858BD98F2316F100EFE01FA483C7D19FAF
:1083E0006390A70283C7518699C3EFF00FD697F722
:1083F000FE1F938727E19C5B81C7854521458297B6
:10840000EFE09FA1938741A103C7D19F83C70700D6
:108410006313A70493E71700A2850A85238AF1A0B6
:10842000EFE0FFFBAA8455491DE9894503C5E19F9B
:10843000EFB0EEA6F240624426854249D24405617F
:108440008280035544008544EF304F9C65D5194622
:1084500093056500A5B793F7E70F7DBF01499384A6
:10846000C1A29C40E38907F0DC43E38607F00346A2
:1084700014000355440085458297E30E09EE9C40A5
:108480004A868D45DC43035544008297EDB503478A
:1084900015009947631AF70203554500EF300F970F
:1084A000AA841DC183C7218609476381E7040D475C
:1084B0006388E70205476399E70083455500035544
:1084C00044000146EFE05FD59387C1A29C43E3845B
:1084D00007EADC43E38107EA03461400894565B7F0
:1084E0000146814513050041EFF0AFF38355440089
:1084F00003C504001546EFC0DEFEF9B7930545003D
:10850000034535000146EFF00FE483C7D19FE374C4
:10851000F5E699473305F5021306C40091451305A6
:1085200055021375F50FEFB0DEB903C50186EFB044
:108530007EB391B583C781A00355450091C783C51C
:108540001186EFC03EF705BD83C7818699E3954547
:10855000CDBFEF30AF8BAA84E30F05E08347A400C3
:10856000858B9DC30345550005C18357C40093F710
:10857000072099EB0A8693856400EFF0CFDC09E5CC
:108580008D450355440075BF83C554000355440011
:1085900013068400EFE05FC89387C1A29C43E38C7D
:1085A00007DCDC43E38907DC01468145E9BD03556F
:1085B0004500EFF09FBEC1B303554500EFF0CFCEAD
:1085C0005DBB011106CE2AC6EFF08FA03245F24006
:1085D000238FA19E05616FE0BFB17971939705016B
:1085E0004AD006D622D426D24ECE52CCC1872E896E
:1085F00063D0070A03C5E19FEFA09ECAAA8431C5D4
:10860000834705001307100B638DE7041307000D64
:108610006387E7021307000B6396E70203474500F1
:10862000F9476317F700035525008145EFF09FBE1A
:1086300083C5440013858400EFF0CE8321A0EFF0C2
:108640003FD001C52685EFA01EBF216433448900B9
:108650002285B250225492540259F249624A45612D
:10866000828083474500F9FF0356850083556500E6
:1086700003552500238001A2EFF05FC283C701A24A
:10868000F1D303C50186238001A2EFB0BE9D5DBF7B
:1086900093F7250085C381450145EFE05FD413447E
:1086A000290083C7E19F854511E189453E85EFA0FB
:1086B0001EFF79BF93F715006389070C938981A288
:1086C00083A70900938441A203DA47009C4099EFF5
:1086D000C165138781A38946174600001306864BA0
:1086E000FD150545EFF05ECD23A2A1A28C401344F9
:1086F000190091ED9384C1A29C40ADE703C50186AA
:108700004204EFB03E964180EFE0CFF591B7930879
:10871000F00F094881471307E100740003D681A3D5
:108720005285EF002FA011ED0346D1008347C10011
:1087300022065D8E19C69C40528583D5A700EFF0B6
:10874000FFB58840C165814603D681A3FD15EF00C2
:108750004F9123A2A1A259DD42044180854503C562
:10876000E19FB1B7DC43D9DB03A70900014685458A
:1087700003554700829703A709009C400146035513
:108780004700DC438D45829795BF93F74500014430
:10879000E38007EC13C4450065BD8347050013075C
:1087A00010096387E7001307000D6386E7048280E2
:1087B00003471500B9476319F72403574500856738
:1087C000938757406312F72418459307F0078305F2
:1087D0003700638BF5229387C1A39C4363860722EE
:1087E00003A34700630203228347270003451700C2
:1087F000A2075D8D0283834725001D476366F7202E
:10880000174600001306C60C93962700B2969842AE
:10881000411122C406C626C232972A8402878347A2
:108820001500ADEB414697F5FE1F938525BE17F564
:10883000FE1F1305A5BFEFA0BEE02DE117F6FE1F3A
:108840001306C6BEC1450945EFB0BE8717F6FE1F29
:108850001306C6BEC1450D45EFB0BE8603C50186F1
:10886000EFB05E80194693053400138501A697B0DA
:10887000FE1FE780A06A854723A6F1A6938701A57E
:10888000944303C6C186854503C52187EFE00E9456
:10889000630F050E994723A6F1A6D5A8414697F583
:1088A000FE1F9385A5B717F5FE1F130525B9EFA089
:1088B0003ED949D545BF83471500E9FF83473500B9
:1088C0008DC7938781A5944303C6C1A5814503C580
:1088D0002187EFE0AE8FA300A40083471400DDFBE7
:1088E000B24022449244410182809384C1A69840C0
:1088F0008947E307F7FE854503C52187EFB00E8A58
:1089000069FD98409547E30AF7FC854503C5218733
:10891000EFA0FED8D9B7034715002DFF1387C1A6D6
:108920008D4618436397D70091476315F70A95471B
:108930009DB7A385018695476314F7089147A1BFAA
:1089400083471500A5EB914723A6F1A693044500A4
:108950000356A500034535009146A685EFF02FEE9E
:1089600083C771A09DC30347340083C701A063116F
:10897000F7041946938511A02685EFA07ECC854784
:108980006318F5028947A383F1A0A3850186938725
:10899000C1A39C43B1D703A30700E30303F4A2855B
:1089A0009387C1A62244B240924488434101028386
:1089B0008547D1BF13071003E39EE7ECA38501862B
:1089C0008D47D1BDEFF0DF979387C1A698439547B8
:1089D000E318F7FE8947C1B583471500E39207F016
:1089E0009387C1A39C4303A38700E30B03EE2244B8
:1089F0008356A5000356850083556500B240924416
:108A000003554500410102838280011193970501BE
:108A100026CA06CE22CCC187AE8463D4070C03C518
:108A20002187EFA0FE872A8409C983C741A589EF62
:108A3000EFF0BFD62285EFA01E802165258DF24084
:108A40006244D24405618280834705001307000D0C
:108A5000639DE7048347250081E7EFF01FD415A845
:108A60001547639EE7000355A500EF203FBA79D173
:108A70000347C500A1472285E31CF7FA19A821473F
:108A8000E38DE7FC9946639CD70083477500E3912B
:108A9000E7FAA28503C5A186EFA01E8779BF1D470F
:108AA000E398E7F803554500C9B71307200AE381A7
:108AB000E7F813071009E392E7FA03471500B947EF
:108AC000E31DF7F803574500856793875740E31682
:108AD000F7F818458347270003451700A2075D8D67
:108AE00069B79397150163DE0700138681A6914548
:108AF0001145EFB00EDD03C50186EFB0AED61165AE
:108B000035BF93F7150001459DDB83C7B186B9CB0F
:108B1000EF20BFD397E7FE1F83C787708D8B6366F7
:108B2000F5048D472302F100938711A483C7070042
:108B30004C0003C521872306F1009387C1A483C796
:108B40000700A306F100EFD0BECA09CD994723A6BE
:108B5000F1A69387C1A39C4391C79C4381C78145DC
:108B60001945829713C51400D9BD9387B1A483C753
:108B700007001946938541A42302F1009387A1A41D
:108B800083C7070013056100A302F10097B0FE1F21
:108B9000E780C03851BF797122D426D206D6AA8484
:108BA0002EC6328436C43AC23EC0EF203FA639C535
:108BB0000358E500B24582471247A246636DB800EC
:108BC000636B0401035605016317D60003562501A4
:108BD00061456300E602231CB1003E862C08268511
:108BE000231D8100231ED100231FE100EF205F948D
:108BF0000145B25022549254456182805145D5BFFF
:108C0000011122CC2EC606CE3284EFE07EA8B245FA
:108C100081C52E85EFF0EFEF9387C1A69C434545B4
:108C20009DE719C023AE81A2938781A617F7FE1F87
:108C30001307C78097E6FE1F9386467F03C601A4ED
:108C400083C561A603C52187EFE04ED70145F240F9
:108C500062440561828097E7FE1F83C7675C8D8B46
:108C600081EB614582806145B240224441018280AE
:108C7000411122C406C603C421879307F00FE314F1
:108C8000F4FE17050000130585D8EFA09EE72389A1
:108C9000A186E30A85FC23AE01A223A601A6914783
:108CA0002383F1A6EFC04ECA4146814517E5FE1F5A
:108CB0001305C577EFA0BE924146814517E5FE1F1B
:108CC0001305C577EFA0BE9123A401A6A38501A437
:108CD000238501A49D4717E6FE1F13062675C1458F
:108CE0000945A380F1A4238601A4EFB00EA917E6DD
:108CF000FE1F1306A674C1450D45EFB00EA84146F0
:108D000097E5FE1F9385857217E5FE1F1305057015
:108D100097B0FE1FE7808020414697E5FE1F9385B0
:108D2000E57117E5FE1F1305656F97B0FE1FE7801D
:108D3000E01E138681A691451145EFB00EA40145B2
:108D400025B7011126CAFD5423899186238301A6E4
:108D50004EC652C48D47054A99492386F186A3859C
:108D600041872398318723A401A685679D65938752
:108D700007C8938515201305E00306CE22CC4AC808
:108D80002397F18697C0FE1FE780C0B2138401A528
:108D90009307F501138981A57D46814508C02320ED
:108DA000F900EFA0DE831C4009477D462380E700E1
:108DB0001C408145A38047011C40238137010325C6
:108DC0000900238E01A4EFA09E81194681451385D9
:108DD00041A4EFA0DE80F240624423859186238087
:108DE00001A4238A01A4D2444249B249224A05611E
:108DF0008280930705D04111C20722C406C6C183F1
:108E000049472E84636CF70A17470000130747AEE3
:108E10008A07BA979C43BA97828783C761A62300C3
:108E2000F40035A0414697E5FE1F93852560228515
:108E300097B0FE1FE780800E19A8414697E5FE1FF8
:108E40009385C55FEDB7938781A69C439CC18147FD
:108E5000B24022443E85410182801946938501A695
:108E6000F9B783C7B18665BF03C6C186938701A5DD
:108E70008C4375BF03C6C1A5938781A5D5BF83C7A2
:108E8000B1A471BF83C7A1A459BF1946938541A45A
:108E900079BF83C711A461B783C7C1A449B783D77A
:108EA00001872310F40065B783D7E186DDBF938780
:108EB000C1A69C43ADB783C701A495B76147894755
:108EC000E368A7F8EFC06EA12310A40049B7930789
:108ED000F5CFC207C1834547636CF72217470000EF
:108EE0001307C7A58A07BA979C43411122C426C21B
:108EF00006C64AC0BA97B2842E8482874147E147AA
:108F00006390E5044146A68517E5FE1F130505524B
:108F100097B0FE1FE78080001DA04147E1476391A5
:108F2000E5024146A68517E5FE1F13052551CDB77D
:108F30001147E1476396E5001C4223A4F1A681474F
:108F4000B2402244924402493E8541018280054755
:108F5000E147E397E5FE0347060083C7B186A38593
:108F6000E1868DC3814769FF1387C1A618438946EF
:108F70006305D7009546E315D7FC03C52187EFD0DD
:108F80005E9675BF81474DDF1387C1A61843630501
:108F9000B7007517E3E6E5FA854503C52187EFA01D
:108FA0000EF071BF7D47E147E36CB7F8138901A567
:108FB000032509007D468145EFA06EE203250900E7
:108FC0002286A68597B0FE1FE78040F5832609001C
:108FD00023868186228685452244B24092440249F6
:108FE00003C5218741016FD07E9E7D47E147E3693C
:108FF000B7F4138981A5032509007D468145EFA0BB
:109000000EDE032509002286A68597B0FE1FE780A5
:10901000E0F083260900238E81A4228681456DBF5E
:109020000547E147E39EE5F0034706009146E3E983
:10903000E6F0A385E1A421B70547E147E392E5F017
:10904000034706008D46E3EDE6EE2385E1A4C5BDAA
:109050001947E147E396E5EE1946A685138541A435
:1090600045BD0547E147E39DE5EC034706009D4606
:10907000E3E8E6ECA380E1A4D9B50547E147E39135
:10908000E5EC034706008D46E3ECE6EA2386E1A41F
:109090007DB50947E147E395E5EA03560600056714
:1090A0001307A7C79306A6FFC206C182E36AD7E8E3
:1090B0002398C18669B50947E147E393E5E803567C
:1090C000060005671307A7C79306A6FFC206C1825D
:1090D000E368D7E62397C1869DB50547E147E3914D
:1090E000E5E6834706002380F1A491BDE14763EFE5
:1090F000A70009478947E395E5E42244B24092443A
:1091000002498355060041016FC08EC689470DBDD7
:10911000E14763E9A700094789476396E50083555E
:109120000600DDB789473E858280011106CE2AC63A
:10913000EF20CFCD09C9B245F240034505004D46A9
:1091400005616FC00EBAF240494505618280411148
:1091500006C6EFA05FA11715FFFF13052503EFA0BB
:109160005E9AEF009FF317C5FEFF1305654AEFA057
:109170005E99EFC06EC517E5FEFF13050555EFA01C
:109180005E98EFE04ED11755FFFF130505C3EFA022
:109190005E97EF40DFB117F5FFFF13054544EFA0E1
:1091A0005E96EFF00FC21705FFFF1305E558EFA01D
:1091B0005E95EF008FD4B24041016FF0DFA997E7D1
:1091C000FE1F938727048C4317E7FE1F0357C7032F
:1091D00005651386052223ACC1A6938785FFBA9740
:1091E00023A8F1A61D05930600206364E5009356AD
:1091F00037003307D60023AAE1A623A0E522E11613
:109200002312D600231306001CC3998FE1172312E3
:10921000F700231307008280938781A7938601A715
:109220009C4390422A87B305B5406314F6003A8503
:1092300029A8938687009C43E369D7FEE377F7FE6E
:109240002E85E3E4D5FEE3F2F5FE828083D70500A8
:109250002300F50083D70500A183A300F50009458D
:10926000828083C7250005472300F50003D505004C
:109270006397E7000A050505420541818280C947D9
:109280003305F502CDBF03D505000A05420541812E
:10929000828083D725002300F50003D5050083D7FE
:1092A00025003305F502050542054181828003D57D
:1092B0000500828003D50500828003D505008280E9
:1092C00083D725002300F50003D5050083D72500AB
:1092D0003305F502050542054181828083D70500EB
:1092E0002300F50083D70500A183A300F50083D7F1
:1092F00025002301F50083D72500A183A301F500F4
:1093000003D54500110542054181828083D70500C0
:109310002300F50083D70500A183A300F50003D542
:109320002500090542054181828089471145639BDB
:10933000F60083471600834606000145A207D58F35
:109340002310F700828003D70500D947AE8663FA61
:10935000E70001470D4697050000938565EF6FB064
:109360004E940945828011456393A60283471600F7
:10937000834606000145A207D58F2310F7008347D7
:10938000360083462600A207D58F2311F70082807E
:1093900083C725000547FD1793F7F70F6361F704AF
:1093A00083D705008DCF011122CC2A84C84106CE77
:1093B00015C12EC68945EFF03FE62A872285624413
:1093C000B246F2401546970500009385C5E9056150
:1093D0006FB02E8DF24062440945056182800945D7
:1093E00082809547114563F9D706411122C426C2F0
:1093F0004AC006C683471600BA8403470600A20780
:109400003284D98F2390F400834736000347260027
:1094100093054400A207D98F2391F4008947238242
:10942000F400094613855400368997B0FE1FE78083
:10943000E0AE9307A9FF2394F4009947631BF9005A
:1094400023A60400B240224492440249014541014E
:1094500082801904C0C4FDB7828083D705008DCFF8
:10946000011122CC2A84C84106CE15C12EC68545DD
:10947000EFF09FDA2A8722856244B246F2401D4609
:1094800097050000938565E005616FB08E81F2401D
:109490006244094505618280094582809947639548
:1094A000F6048947411106C62302F70083471600D8
:1094B00083460600B285A207D58F2310F7008347A5
:1094C00036008346260003464700A207D58F1305C2
:1094D00057002311F700910597B0FE1FE78000A405
:1094E000B240014541018280D14711456394F600A5
:1094F000C1474DBF828083D705008DCF011122CC9B
:109500002A84C84106CE15C12EC68945EFF0DFD0AA
:109510002A8722856244B246F2402546970500001C
:10952000938565D705616FA0DEF7F2406244094577
:10953000056182800945828089471145639BF60059
:1095400083471600834606000145A207D58F2310E6
:10955000F7008280011122CC2A84C84106CEAE8653
:10956000014719C52EC68545EFF01FCBB2462A87A5
:1095700022856244F2402D4697050000938565D30D
:1095800005616FA01EF211456393A6028347160082
:10959000834606000145A207D58F2310F7008347B5
:1095A000360083462600A207D58F2311F70082805C
:1095B000011122CC2A84C84106CEAE8611C52EC622
:1095C0008545EFF07FC5B2462A8722856244F24086
:1095D000354697050000938525CE05616FA07EEC8A
:1095E00093F71600114589EB89476387F60085825A
:1095F0002312D70010C301458280011122CC2A8496
:10960000C84106CE15C12EC68545EFF0FFC02A879A
:1096100022856244B246F2403D469705000093859C
:1096200005CA05616FA0FEE7F24062440945056185
:10963000828083D705008DCF011122CC2A84C841B6
:1096400006CE15C12EC68945EFF01FBD2A8722859B
:109650006244B246F240454697050000938585C6B0
:1096600005616FA01EE4F2406244094505618280F5
:1096700009458280854763FCD7022304A700A30421
:10968000B7008347160083450600A207CD8F23103D
:10969000F7009387E6FF2311F70089476386F600FA
:1096A000090650C30145828023220700E5BF11450A
:1096B0008280014781464D4681456FA09EDE8D47E1
:1096C000114563FBD7028347160083450600A207B6
:1096D000CD8F2310F7008347360083452600A2076D
:1096E000CD8F2311F7009387C6FF2312F7006386FF
:1096F000A600110610C70145828023240700E5BF9C
:10970000011122CC2A84884506CEAE8611C52EC60C
:109710009545EFF07FB0B2462A8722856244F24039
:109720005D46970500009385A5BB05616FA07ED7B8
:10973000854711456397F6008347060001452300DE
:10974000F700828001478146654681456FA07ED53E
:10975000011122CC2A84C84106CEAE86014719C524
:109760002EC68D45EFF05FABB2462A872285624454
:10977000F2406D4697050000938585B905616FA09D
:10978000FEC6011122CC2A84C84106CEAE8601470E
:1097900019C52EC68D45EFF03FA8B2462A8722850F
:1097A0006244F240754697050000938565B60561F1
:1097B0006FA0DEC38147173800001308A81C1306EA
:1097C000F00F3307F8008346070013970601418323
:1097D0006364E5006393C600828083D605006365F9
:1097E000D7002390E5008280850793F7F70FD1BF5C
:1097F00041119397050122C406C626C2C1872E8453
:1098000063D50702EF90DEA9AA8409CD834705003E
:10981000054793C707086364F700EF804FF026857C
:10982000EF907EA12165218D31A893F7150085C3A6
:1098300097E7FE1F938787C19C5BFC5F91C382976C
:1098400013451400B240224492444101828093F7B0
:10985000250089CF97E7FE1F938747BF9C5B83A7AF
:10986000070891C3829713452400E9BF93F7450089
:1098700091C7EF00B04113454400E9B793F70502E3
:1098800081CF97E7FE1F938767BC9C5FBC4791C35E
:109890008297134504027DB793F7050181CF97E7BF
:1098A000FE1F9387A7BA9C5FFC4391C38297134521
:1098B000040149BF93F7052081CF97E7FE1F9387E7
:1098C000E7B8BC43BC5391C38297134504209DBFA6
:1098D00093F7051081CF97E7FE1F938727B7BC4307
:1098E000FC4F91C3829713450410A9BF939725019C
:1098F0000145E3D907F497E6FE1F83C696B517E640
:10990000FE1F034606B597E5FE1F83C575B417E530
:10991000FE1F0345E5B3EFD06FB1096529B74111CB
:1099200022C417E4FE1F130464B226C21306C00A41
:109930008145AA84228506C623A2019C23AE01A6E6
:10994000EF90FEC997E7FE1FA38D978E9307F00F48
:109950003CDCF977FD172313F40A2314F40AFD47BE
:109960002305F40A97E7FE1F83C7B78A13970701F9
:10997000B9078E072311F4022313F402A14723171A
:10998000F400B70760819387777D1CC81CCCB707AC
:1099900048014183ED072310E4022312E4025CCC6A
:1099A00037176081B70716001307878093870790E2
:1099B00058C81CD4232E0406EFA05FB6EF601F80AA
:1099C000EFA08FB12244B240924441016F00B074C5
:1099D000411197E7FE1F938767A722C4805B06C6E5
:1099E00026C24AC08344140689E8194697E5FE1F3B
:1099F000938545AE1305240625A08547639DF4068F
:109A000097E7FE1F83C7A7A413052406194697E509
:109A1000FE1F938585AC89E797E5FE1F938545ACCE
:109A200097A0FE1FE780804F97E7FE1F83C717A20E
:109A300091CF8347F4061307000493F7070C63974D
:109A4000E70013058406EF00B06368CC8547A303E5
:109A5000F400854517D5FE1F0345B57E97E7FE1F29
:109A60002386079EEF90BEC30145B2402244924434
:109A7000024941018280094963972405834784068E
:109A80002300040689E785472300F406B9BF1305C0
:109A90008406EF00D05968CC0DC1EF0030356C4C16
:109AA00083C7A50099CB230094061946B105130579
:109AB000240697A0FE1FE7806046034704068947F7
:109AC000E304F7F6C9B78D474945E390F4FA8347B5
:109AD00084062300040691EB85472300F40619460B
:109AE00097E5FE1F9385659F31B713058406EF0048
:109AF000105468CC0DC1EF00702F6C4C83C7A500CB
:109B000099CB230024071946B1051305240697A015
:109B1000FE1FE780A040034704068947E306F7F0ED
:109B200065BF4111C5451305000922C406C697B09B
:109B3000FE1FE78020D82A8431CD13060009814515
:109B400097E7FE1F23ACA792EF907EA985472302DB
:109B5000F400930700F92303F40097E7FE1F9387AF
:109B60006783D84B9C4F2322E4082324F4088D47B5
:109B70002307F400970700009387C7E53CDC9707AD
:109B80000000938767327CDC970700009387672982
:109B90002320F4082285B24022444101828097E7C5
:109BA000FE1F9387A78AFC4B639A0726011126CADA
:109BB0009384C19D9C4006CE22CC98434AC84EC691
:109BC0000D8B05C3B84B619BB8CB984313678700D7
:109BD00098C39C438D83858B89C7010001000100D8
:109BE00001009C401307A005B70600F9B8CB130786
:109BF000000AB8D37D47D8C39387C19C9C43FD1608
:109C00001389419E984F2A84758FB7060002558F9D
:109C100098CF984F137737F81367870198CF83262B
:109C20000900D856759BD8D6034755009376F70799
:109C30009843137707F8558F98C337C7898E130752
:109C400067ED98C73757550013075755D8C3D857EE
:109C5000B70600F0FD16719BD8D79843758F98C34F
:109C600083470501054783264508BD8B2304F5007E
:109C70006396E7183147A304E5002380F600834785
:109C800015069309A506898B8DC36C4D99CD83C7A5
:109C9000250181CF83C735011946D105A304F506F7
:109CA0004E8597A0FE1FE78060278347940689CBE7
:109CB000032744088347070093E707F82300F700CA
:109CC000032544081946CE85210597A0FE1FE7808D
:109CD000E0248347140693092406898B85C36C4CC2
:109CE00091CD83C7A50099CB89472300F406194677
:109CF000B1054E8597A0FE1FE780402283471406DA
:109D0000858B91E7034704068947631AF700032709
:109D100044088347070093E707042300F7008327DD
:109D20004408034794001946CE85A380E700032525
:109D30004408090597A0FE1FE780401E930720F9FD
:109D40002303F4009387019D032744089C43814526
:109D5000170500001305452798CBEF905ECDEFA0C7
:109D60006FB8854717D7FE1FA309F762930740F91D
:109D70002303F40097D7FE1F238F076097D7FE1F9A
:109D8000A38B076097D7FE1F2388076093070034D3
:109D900017D7FE1F2326F76098403C53FDFF83270B
:109DA000090083A7070913977700634C070097D72B
:109DB000FE1F938727459C5B89C7854513050008CF
:109DC0008297834794009840A16693863630920725
:109DD00054C7938787113CD3930700F897D6FE1F8B
:109DE000238CF65A6244B167F240D2444249B249E8
:109DF000938737305CC705616FA0AFA90347250182
:109E00009305C40119071377F703A304E500238022
:109E1000F60003254508034624017DB582804111E3
:109E200097D7FE1F9387876222C4805B06C685474B
:109E3000034774006314F706834754001307500266
:109E4000639CE7028347140113F7270005CF9307AC
:109E50006002A302F4002285EFF07FD4834714014F
:109E6000918B8DCF2244B24017D5FE1F0345753D1F
:109E7000894541016F90BE82130760026390E7023B
:109E800083471401918B99CB93077002A302F400CE
:109E900022852244B24041016FF07FD0B24022447B
:109EA00041018280411197D7FE1F9387275A22C410
:109EB000805B06C626C28346740005476399E60A9E
:109EC00083C7070083568401850793F7F70F17D7D9
:109ED000FE1F230DF756130700643347D70263C8EC
:109EE000E700EF907EE197D7FE1F23810756834757
:109EF000140117D5FE1F0345D53413F7170019CBEE
:109F000013075002A302E400998B91CF8945EF908B
:109F10000EF911A813F74700898B85CF93076002CC
:109F2000A302F40065F703470401854797D4FE1F99
:109F300083C434316315F7020356840126858545B1
:109F4000EF905E8622852244B240924441016FF038
:109F50001FC571DB93077002A302F400E9B7B9458E
:109F60000545EF90FED2035684012A96C1BFB24048
:109F70002244924441018280411197D7FE1F93876A
:109F8000E74C22C4805B06C6EFA0CF95EFA0CF9828
:109F9000231304002302040017D4FE1F1304442AD1
:109FA000034534008545EF909E960345340089456E
:109FB000EF90FE95034534002244B24091454101A3
:109FC0006F90FE9439714ED697D9FE1F9389094838
:109FD00022DC03A4090352D456D25AD0216AB16AB2
:109FE000056B4AD85ECE62CC06DE26DA66CA17D981
:109FF000FE1F1309293A930BF400130A3A30938A8F
:10A000003A30130CABC783476400130750096390C1
:10A01000E73AEFA0CF8583473900858B6383073408
:10A02000032584085E86814597D7FE1FA3850736E2
:10A0300097A0FE1FE780C05C55ED832584087D470F
:10A0400083C7150093F7F7032305F400E91793F787
:10A05000F70F6361F70A83C70500BD8BA305F40002
:10A06000F51793F7D70FD9E7930424061946A105EE
:10A070002685EF90EEDC3DCD83258408930C2407E4
:10A08000194683C70500668589059987858BA308CE
:10A09000F40697A0FE1FE78060E897D7FE1F83C7EE
:10A0A000F73A638A071A834714076386071A8347B8
:10A0B00074071307000493F7070C639EE7187C4CA2
:10A0C000B9C703C7270121C703C7370066861367CF
:10A0D0002700A308E40603D5270003D7470083D54C
:10A0E000670083D787004207598DC207DD8DEF00D7
:10A0F000E07C21E997D7FE1FA382072A034764006B
:10A1000093076009E301F7F0EFA00F8161AC83478B
:10A1100084000547BD8B6399E7001946E685130562
:10A12000A406EF90EED1F1B713050407EF004075D8
:10A1300068CC630205128347350093E72700A30824
:10A14000F4060347B40095476312F714834784006D
:10A15000B98BCDF383A7090663820720EF90DFFB5D
:10A1600083A709068297EF505FDEAA846308051E65
:10A170009387818F9C43829783258408A8DC1546AA
:10A1800083C7F50003C7050113850410A207420722
:10A19000BA9703C7E500F905BA9703C735FF620709
:10A1A000BA9723A4F40883C755FF03C765FFA20726
:10A1B0004207BA9703C745FFBA9723A6F40883C797
:10A1C00075FFA383F40283C795FF03C785FFA2072A
:10A1D000D98F2394F40283C7B5FF03C7A5FFA20755
:10A1E000D98F2395F40283C7D5FF03C7C5FFA20704
:10A1F000D98F2396F40283C7F5FF03C7E5FFA207B3
:10A20000D98F2397F40297A0FE1FE78020D1032760
:10A21000840883473702FD8B2382F4028347370289
:10A220009583A382F40283D7A402E917C207C183EE
:10A23000636EFC0003D7C4029307301F63E8E70096
:10A2400003D7E40293070BC863F6E71003D5440075
:10A25000EF503FEE45B5834784000547BD8BE38E45
:10A26000E7EA8347C4000347B40093F6170089CA9E
:10A270008D466317D70028586C58EF907F9195BD95
:10A28000898BE38007EC9547E307F7FE834784005B
:10A29000BD8B81C71947E39FE7E48347340111472A
:10A2A0002304E4009907A304F400832744082380CF
:10A2B000E700834794000327440893F7F703A300BC
:10A2C000F70083471406858B91E703470406894707
:10A2D000631AF700032744088347070093E707043E
:10A2E0002300F70003254408A6851946090597A011
:10A2F000FE1FE780A0C203254408034634019305EE
:10A30000C403210597A0FE1FE78040C1930760F9B1
:10A310002303F4001387C19D83479400184313055A
:10A32000A0059207232647019387C71C3CD39307B8
:10A3300000F897D6FE1F2381F6062326570197A023
:10A34000FE1FE780201D97A0FE1FE780001AEF90F8
:10A35000BFDC4DB383A7490626858297EFF0DFC1A6
:10A3600051BB83444900854793F4F40FE39DF4C83F
:10A3700097D7FE1F23820702EF901FDA97D7FE1FA1
:10A3800083C7C70185E383479900850793F7F70FD4
:10A3900017D7FE1FA304F700A18B89C797D7FE1F0D
:10A3A000239E97FE930720F92303F4006DA0130763
:10A3B00040096392E70483472900858B9DC397D7A3
:10A3C000FE1F238A07FC8347840013F7E70009C7B1
:10A3D000BD8B1947E39AE7D2930750F92303F400A2
:10A3E0001DB1834749000547E31FF7C097D7FE1FFC
:10A3F000238407FA11BB13076009E396E7C083477C
:10A400002900858BB5C797D7FE1F238607F8EF90E5
:10A41000BFD0930710F99384019F2303F4009C405D
:10A420009DCBDC438DCB89472302F1008347140782
:10A43000130561001946A302F1008347F400930558
:10A4400024072306F10097A0FE1FE78020AD9C4063
:10A450004800DC438297F2506254D2544259B259B8
:10A46000225A925A025BF24B624CD24C216182809A
:10A47000834749000547E318F7B897D7FE1F238D98
:10A4800007F0EF907FC9930710F939BF411106C655
:10A49000EFF09FAEB2401306200893050008014577
:10A4A00041016F70BFA397D7FE1F83C797D995E768
:10A4B000411117F5FFFF1305E53306C6EF906EE473
:10A4C000EFF0EFC5B24097F7FFFF9387C76517D747
:10A4D000FE1F2327F7FA4101828097F7FFFF93873A
:10A4E000876417D7FE1F232DF7F88280411197D775
:10A4F000FE1F9387A7F522C406C6A04397D7FE1F69
:10A5000083C7F7E981CF17D7FE1F034747E999476C
:10A510006316F70097D7FE1FA38307E897D7FE1FA0
:10A5200083C7B7E793F6D70F1547639BE60017D7A6
:10A53000FE1F2306F7E6854717D7FE1FA301F7E6A0
:10A54000EF909FBD9305001017D5FE1F034575CFF3
:10A55000EF90EEBB9305002017D5FE1F034575CE87
:10A56000EF90EEBA23020400231304002244B24009
:10A570001306100893050008014541016F701F96EE
:10A58000797122D406D683C735002E8423160100A4
:10A59000A307F10083C74500100802C02307F1009C
:10A5A00083C755008A8502C2A306F10002C402C80F
:10A5B00002CA02CC02CEEF907F8D0347F1018347A0
:10A5C000040001456310F7020347E10183471400CB
:10A5D00001456319F7000345D101834724001D8D10
:10A5E00013351500B25022544561828097D7FE1F63
:10A5F0009387C7E5FC5B91E382806384A700DC5FFF
:10A60000DDBF411122C406C68347A5002A8489C73D
:10A610009305C5006905092E8347240189CB93055D
:10A6200044011305A4022244B2404101F5ACB240FA
:10A63000224441018280AA862E86AA851705000041
:10A640001305C5006F90EE9E97D7FE1F938707E016
:10A65000F85B411126C206C622C4BE8411E7B2408F
:10A6600022449244410182806304A700585FFDB7F1
:10A670008347A5002A8489C79305C50069056D2411
:10A680008347240191C7930544011305A402692C53
:10A69000228522448C54B240924441016FF0BFF9AC
:10A6A00079714AD017D9FE1F130949DA22D403243D
:10A6B000490726D24ECE52CC56CA06D6AA8402C02C
:10A6C00002C202C402C6014A93094500854A79E0E4
:10A6D000E9451305000497A0FE1FE780A01D2A840A
:10A6E00079C983C73400194693854400A301F50056
:10A6F000110597A0FE1FE78060829309A4014146DF
:10A700009385A4014E85EF80FEF541468A854E85EE
:10A71000EF801EF35DE985472305F400834734008D
:10A720009305C4004E8593E72700A305F400ED2AA6
:10A730009309A40241469385A4024E85EF809EF2C0
:10A7400041468A854E85EF80BEEF59E18547230952
:10A75000F40083473400930544014E8593E72700B6
:10A76000A309F400D122832589022285EFF0BFECF2
:10A7700063130A0697D7FE1F23A487D4035509073E
:10A78000232E040205054205418197D7FE1F23971A
:10A79000A7D21DA00347340083C734006305F70028
:10A7A000228A405C2DB74146CE8513054400EF80D8
:10A7B0003EE9E31755FF0145B25022549254025925
:10A7C000F249624AD24A45618280230504008DB76E
:10A7D0002309040049BF232E8A024DB7411197D7A0
:10A7E000FE1F9387A7C622C4E05B26C206C64AC0E6
:10A7F000FD5419ECB240224497D7FE1F23A207CC88
:10A8000097D7FE1F239C07CA9244024941018280C8
:10A8100003450400EF90CE920329C4032300940063
:10A82000228597A0FE1FE78080124A84D9B70111C4
:10A8300097D7FE1F938787C122CCE05B26CA4AC800
:10A840004EC606CEAA8413092500854915C083C7C4
:10A85000140003473400858B6304F700405CFDB7A8
:10A860001946930544004A85EF809EDDE31835FFC5
:10A870002285F2406244D2444249B2490561828055
:10A88000411197D7FE1F938767BC22C4E05B26C2A5
:10A890004AC006C693042500054901E82285B24056
:10A8A00022449244024941018280A6851305A402F4
:10A8B000EFF01FCDE30425FF405CC5B7011197D72A
:10A8C000FE1F9387A7B822CCE05B26CA4AC806CEF3
:10A8D0002AC42EC6B284054919E001452DA00347BC
:10A8E0009100834734006316F7021946930544002C
:10A8F0001305A100EF80DED4631D2501A685130595
:10A90000A402EFF0FFC7F2406244D244424905611D
:10A910008280405CD1B797D7FE1F938727B32398D7
:10A92000070623AA07065DA0397122DC3704400020
:10A9300026DA4AD84ED606DEAA89AE841309F4FF79
:10A94000CA850145EF904EB965DDE30B25FF498CC3
:10A9500013170401418321839317840013590401C1
:10A96000D98F231601001379F90F10088A854E85B7
:10A970002317F100A306210102C002C202C402C8CB
:10A9800002CA02CC02CEEF906FD08347E1010347A9
:10A99000D101A3818400A2074207BA970347F101BE
:10A9A000218023828400BA97F25062542380F400FD
:10A9B00013D78700C183A3822401A380E4002381ED
:10A9C000F4004259D254B2592161828001111946D2
:10A9D00097D5FE1F9385658417D5FE1F130585AF98
:10A9E00006CE22CC26CA4AC891644EC69790FE1F56
:10A9F000E780C0529385F4FF0145EF90AEAB2A8407
:10AA0000FD550145EF904EADA287FD147D5933F7FA
:10AA10009700B366E500F9C6631425016304970C3B
:10AA200017D7FE1F2300F7ACA18393E707FC9169BA
:10AA3000416417D7FE1F2325A7AA17D7FE1FA3031C
:10AA4000F7AAFD1917D9FE1F130949A07D14CE8559
:10AA50000145EF902EA6AA84FD550145EF90CEA7A3
:10AA6000B3679500EDD7FD576314F500E38134FF1C
:10AA700097D7FE1F2399A7A69357050117D7FE1F47
:10AA80002304F7A69357850117D7FE1FA30EF7A43B
:10AA900097D7FE1F238B97A4A18093F4F40397D735
:10AAA000FE1FA38497A48317890842054185618D01
:10AAB000E18F6312F5020317C9098317A908618F93
:10AAC000E18F631AF7000317E9098317C908618F3B
:10AAD000E18FE30EF7F6F2406244D2444249B249B4
:10AAE00005618280A6850145EF90CE9C2A84FD55A4
:10AAF0000145EF906E9EA28719BF11CE9307000209
:10AB0000918F635BF0003355C500B397F50033D6E2
:10AB1000C5005D8DB2858280130506FE014633D5E2
:10AB2000A500B285CDBFB687B2882A832E88639DE3
:10AB3000061463F9C50A4167636EE61AB707000198
:10AB40006363F63493568601E14717270000130725
:10AB5000E7E4369703470700BA97130700021D8FF3
:10AB600019CB3398E500B357F500B318E60033E886
:10AB700007013313E50013D608013355C802939635
:10AB80000801C182935703013377C802B385A60237
:10AB900042073368F700637AB80046989307F5FFD9
:10ABA000636418016367B8303E853308B840335793
:10ABB000C8024203135303013378C802B386E60286
:10ABC000420833686800637BD80046989307F7FF14
:10ABD0006365180179176363D8003E874205598D74
:10ABE0008145828001E60547B358C702416763EAA1
:10ABF000E80EB707000163ECF82893D68801E14717
:10AC000017270000130787D9369783460700BE969B
:10AC100093070002958FE5EB939E0801338715415A
:10AC200013DF080193DE0E01854593570301335569
:10AC3000E7033377E703B306D5034207D98F63FAF7
:10AC4000D700C6971307F5FF63E4170163E6D7261D
:10AC50003A85958F33D7E703420313530301B3F7C4
:10AC6000E703B30ED703C207B3E7670063FBD7015F
:10AC7000C6979306F7FF63E51701791763E3D701DA
:10AC800036874205598D828063E2D504C16763E24D
:10AC9000F604B707000163E4F61E13D78601614886
:10ACA00097270000938787CFBA9703C70700130E33
:10ACB00000024297330EEE40631A0E0C63EDB61C91
:10ACC0003335C50013451500814582808145014516
:10ACD00082809307F00F63F3D71C13D786002148B7
:10ACE000C1B71307F00FC686E37C17F193D688002F
:10ACF000A14739B71307F00FB286E378C7E493563C
:10AD00008600A14799B5B398F80033D6D50013DF74
:10AD10000801335EE6033397F500B356D500558F2F
:10AD2000939E080193DE0E013313F500935507013E
:10AD3000B376E603B387CE03C206CD8E63FBF6007F
:10AD4000C6961306FEFF63E4161763F2F616791E25
:10AD5000C6969D8E33D6E60393170701C183B3F6DB
:10AD6000E6033385CE02139706015D8F637BA70050
:10AD700046979307F6FF636817136376A712791651
:10AD8000469793150E01098FD18D45B5B357E6004F
:10AD9000B396C601DD8E33D3E50013DF0601B3574A
:10ADA000E303939E060193DE0E013398C5013357EA
:10ADB000E50033680701935808013316C601337361
:10ADC000E303B385FE024203B368130163FBB800DB
:10ADD000B6981387F7FF63EAD80C63F8B80CF91735
:10ADE000B698B388B84033D7E8034208135808012F
:10ADF000B3F8E8033383EE02C208B3E5080163FB4E
:10AE00006500B6951308F7FF63EDD50863FB650889
:10AE10007917B695C207416FD98F1307FFFFB3F6B5
:10AE2000E70093D80701718F4182B38EE602B385A4
:10AE30006540B386C60213D80E013387E802BA967E
:10AE4000C2963386C80263F3E6007A9693D8060169
:10AE5000469663E2C5026385C5003E8581458280D2
:10AE600041677D17F98EC206B3FEEE003315C501AA
:10AE7000F696E374D5FE1385F7FF8145828013D7DC
:10AE80000601414831BD93560601C1477DB993D6AD
:10AE90000801C147B5B38145054582803687014821
:10AEA00001B5428785BF3E86E9BDBA871DBF328E98
:10AEB0004DB579154698D5B97915C69759BBB3C71D
:10AEC000A5008D8B3307C50081E78D4763EEC70072
:10AED000AA876370E50A83C6050085078505A38FE9
:10AEE000D7FEE3EAE7FE828093763500AA8791CA0F
:10AEF00083C6050085078505A38FD7FE93F6370027
:10AF0000FDB79376C7FF138606FE63F0C70683A3DB
:10AF1000050083A2450083AF850003AFC50083AE63
:10AF2000050103AE450103A3850183A8C5019385EF
:10AF3000450223A0770003A8C5FF23A2570023A43E
:10AF4000F70123A6E70123A8D70123AAC70123AC51
:10AF5000670023AE17019387470223AE07FF75B73B
:10AF600090419107910523AEC7FEE3EBD7FEE3E4E2
:10AF7000E7F6828039713EDA2ED232D436D63AD80C
:10AF800042DC46DE9387418722CC804326CA06CE28
:10AF9000AA8409C41C4C99E3228525230C4454102F
:10AFA0002686228536C6EF001018F2406244D2444D
:10AFB00021618280011126CA4AC806CE22CC4EC623
:10AFC00052C4AA842E8901C51C4D91E3DD299C4CF5
:10AFD000804499E32685F52197270000938707AEE3
:10AFE000631CF402C0408357C400A18BB1C71C4846
:10AFF000A1C7FD59294A1C4483450900FD17B1E941
:10B000001CC463DE07062286A94526857920FD57E4
:10B010006308F502294535A097270000938707AC00
:10B020006314F4008044C1B797270000938707A7F3
:10B03000E31BF4FAC04445BFA2852685392A55D9B9
:10B040007D55F2406244D2444249B249224A0561E8
:10B0500082801CC4050963D70700184C63CBE70046
:10B06000638945011C401387170018C02380B7006F
:10B0700059B7228626851520E31F35F7D1B71C4026
:10B080001387170018C029472380E70061B793870B
:10B090004187AA8588436FF0FFF1011122CC26CAAF
:10B0A0004AC806CE4EC6AA842E89328401C51C4DDC
:10B0B00091E3012997270000938747A06319F406BD
:10B0C000C0401C4C1CC48357C400A18BC9C31C487E
:10B0D000BDCF1C4808409379F90F1379F90F1D8DE6
:10B0E0005C486346F500A2852685652C2DE51C4449
:10B0F0000505FD171CC41C401387170018C02380CA
:10B1000037015C486389A7008357C400858B81CBD6
:10B11000A9476316F900A285268561240DEDF2404A
:10B1200062444A85D2444249B249056182809727E8
:10B1300000009387A79A6314F400804459B79727B7
:10B1400000009387A795E31EF4F6C0449DBFA28537
:10B15000268521203DDD7D59D9B74111938741874F
:10B1600026C2844322C44AC006C62A892E8489C4C2
:10B170009C4C99E32685B126972700009387079476
:10B18000631CF402C0400317C40093170701C18376
:10B1900093F68700B5EE93F607019DEEA5472320B1
:10B1A000F900136707042316E4007D55B2402244DA
:10B1B00092440249410182809727000093870792B9
:10B1C0006314F4008044C1B7972700009387078D6C
:10B1D000E31BF4FAC04445BF918B8DC74C5889C915
:10B1E000930744046384F5004A85892B232A0402CB
:10B1F0008357C4002322040093F7B7FD2316F400FD
:10B200001C481CC08357C40093E787002316F40032
:10B210001C4881EF8357C4001307002093F70728C9
:10B220006385E700A2854A8595298357C40013F7F3
:10B23000170005C75C4823240400B307F0401CCC6A
:10B240001C480145A5F78317C40013F7070839DF29
:10B2500093E707042316F40089BF898B014791E324
:10B26000584818C4F1BF83D7C500011122CC26CAA3
:10B2700006CE4AC84EC613F78700AA842E8471EF03
:10B28000D841634DE000B841634AE0000145F24017
:10B290006244D2444249B2490561828058547DD704
:10B2A00003A904009396370123A0040063DD06067A
:10B2B00070488357C400918B99C75C401D8E5C58C1
:10B2C00099C33C401D8E5C540C5081462685829764
:10B2D000FD570357C400631DF5009440F54763E82C
:10B2E000D706B70740208507B3D7D700858BA5C3FE
:10B2F0001C48232204001CC09317370163D80700A1
:10B30000FD576314F5009C4091E368C84C5823A096
:10B310002401ADDD930744046384F50026853929B3
:10B32000232A0402A5B70C500146854626850297BC
:10B33000FD572A86E31FF5F69C40A5DF7547638518
:10B34000E70059476394E70423A0240181B71367FA
:10B3500007042316E4007D551DBF83A90501E3877B
:10B3600009F203A905008D8B23A03501330939416A
:10B37000014791E3D84918C4E35A20F11C540C50FA
:10B38000CA864E86268582976349A0008357C400EB
:10B3900093E707042316F4007DBFAA993309A94057
:10B3A000E1BF9C49A5C3011122CC06CE2A8411C558
:10B3B0001C4D81E72EC63122B245971700009387B6
:10B3C000E76F639CF5004C408397C5009DC72285BD
:10B3D0006244F24005616FF01FE997170000938700
:10B3E000E76F6394F5000C44C5B797170000938787
:10B3F000E76AE39BF5FC4C44C1BFF240624401455F
:10B400000561828001458280411122C406C62A84DA
:10B410002316B5002317C5002320050023220500AD
:10B42000232405002322050623280500232A0500DE
:10B43000232C0500214681451305C505EF507EE507
:10B4400097170000938787B65CD097170000938703
:10B45000E7B81CD497170000938727BD5CD49717D3
:10B4600000009387E7BF00D01CD8B24022444101BE
:10B47000828097050000938505F3B1AA411126C289
:10B48000130680069384F5FFB384C4024AC02E8954
:10B4900022C406C693854407B1262A8401CD232001
:10B4A000050023222501310508C413868406814541
:10B4B000EF503EDE2285B2402244924402494101CF
:10B4C00082801C4DB5E7411106C622C497070000D3
:10B4D000938767FA1CD5971700009387A76D9C4345
:10B4E0002324050423260504232805046314F500FA
:10B4F00085471CCD2A84352848C022851D2808C4CC
:10B500002285052848C4484001469145EFF0DFEF09
:10B5100008440546A545EFF03FEF48440946C945B4
:10B52000EFF09FEE85471CCCB2402244410182805F
:10B5300082804111971700009387C76726C2844312
:10B540004AC006C69C4C22C42A8981E72685EFF0B2
:10B550005FF7938484048044DC40FD1763D60700C2
:10B560009C40B9CF8440C5BF0317C40039E7C177F9
:10B570008507232204062320040023220400232419
:10B5800004005CC423280400232A0400232C0400A4
:10B59000214681451305C405EF50BECF232A04027E
:10B5A000232C040223240404232604042285B2400D
:10B5B000224492440249410182801304840671BFEF
:10B5C00091454A85EFF09FEB88C049FDB1472320A4
:10B5D000F9000144E1BF797122D44AD052CC56CA55
:10B5E0005AC85EC606D626D24ECE2A8AAE8A130422
:10B5F00085040149054BFD5B09ECB25022544A8594
:10B6000092540259F249624AD24A424BB24B4561C6
:10B610008280044483294400FD1963D4090000405A
:10B62000E1BF83D7C400637BFB008397E40063879B
:10B630007701A6855285829A3369A900938484068E
:10B64000E1BF1971A6DAAE848395E500A2DC86DE3F
:10B65000328463DC050083D7C40023A0060093F77F
:10B66000070885E7930700401DA0300836C6EF00A5
:10B67000B025B246E34105FE7247BD67F98F797781
:10B68000BA9793B717009CC2F1BF930700041CC080
:10B69000F6506654D65401450961828083D7C500AF
:10B6A000011122CC06CE26CA4AC8898B2E8489CFA6
:10B6B000930774041CC01CC885475CC8F2406244F0
:10B6C000D24442490561828074003000AA84EFF0C0
:10B6D0005FF7A2452A892685312201ED8317C40030
:10B6E00013F7072061FFF19B93E727002316F4006F
:10B6F000C1B797070000938707D89CD48357C4002D
:10B7000008C008C893E707082316F400A2475CC8DE
:10B71000B24791CF8315E4002685EF00101E01C9C2
:10B720008357C400F19B93E717002316F400835757
:10B73000C4003369F9002316240149B7DDC183A78A
:10B74000C5FF411122C406C626C21384C5FF63D3B8
:10B7500007003E94AA84EF003022938701A89C43FF
:10B7600081EF2322040023A081A82244B240268531
:10B77000924441016F007020637EF400144033074F
:10B78000D4006396E7009843DC43369718C05CC04A
:10B79000D9BFBA87D84319C3E37DE4FE9443338607
:10B7A000D700631F86001040B29694C33386D7003B
:10B7B000E31DC7FA10435843B29694C3D8C375B774
:10B7C0006375C400B1479CC04DB71040B306C400B8
:10B7D0006316D70014435843B29614C058C0C0C370
:10B7E00069B78280011126CA93843500F19806CE8C
:10B7F00022CC4AC84EC6A104B14763F3F404B14455
:10B8000063E2B4042A89EF003017938701A89843B4
:10B810003A8439E0938741A89C4391E781454A8562
:10B82000A12F23A2A1A8A6854A85B927FD5963198E
:10B830003507B1472320F9004A85EF00101429A0ED
:10B84000E3D004FCB1471CC10145F2406244D2443C
:10B850004249B249056182801C40858F63CF07024F
:10B86000AD4663F6F6001CC03E9404C031A05C40B7
:10B870006313870223A0F1A84A85EF001010130577
:10B88000B4009307440061993307F5405DDF3A94B3
:10B89000898F1CC05DBF5CC3C5B72287404095BF80
:10B8A000130435007198E30285FCB305A4404A8572
:10B8B000E125E31C35FBB5BF1C46FD171CC663DA4A
:10B8C0000700184E63C5E700A9476394F5006FF0C1
:10B8D000CFFC1C422E851387170018C22380B700A7
:10B8E0008280011122CC26CA4AC84EC652C406CE56
:10B8F0002A89AE893284B304D6007D5A6314940039
:10B90000014511A8834504004E864A85EFF0DFFA11
:10B910000504E31545FFF2406244D2444249B2496E
:10B92000224A05618280357122CD26CB4AC94EC795
:10B9300006CF52C556C35AC1DEDEE2DCE6DAAA897A
:10B94000AE843289368409C51C4D99E3EFF07FB788
:10B950009717000093878716639CF40C83A4490013
:10B9600083D7C400A18BFDC79C48EDC79307000295
:10B97000A304F1029307000302D22305F10222C6B9
:10B98000930B5002971A0000938A4A17054C294BD3
:10B990004A848347040099C36391770FB30C244111
:10B9A000638E0C00E6864A86A6854E85EFF07FF30F
:10B9B000FD576306F51E9256E69636D2834704007D
:10B9C000638F071CFD571309140002C802CE3ECA3C
:10B9D00002CCA309010482D483450900154656858B
:10B9E000BD2F13041900C24759E913F7070109C70E
:10B9F00013070002A309E10413F7870009C713071F
:10BA0000B002A309E104834609001307A002638082
:10BA1000E608F2474A848146254603470400930519
:10BA20001400130707FD6379E60AB5CA3ECE85A860
:10BA3000971700009387870A6395F40083A4890011
:10BA400005B79717000093876705E39BF4F083A47D
:10BA5000C90039B7A6854E85EFF02FF001D97D5585
:10BA6000FA406A44DA444A49BA492A4A9A4A0A4B8D
:10BA7000F65B665CD65C0D618280050419BF3305F8
:10BA800055413315AC00C98F3EC82289B1B7324742
:10BA900093064700184336C6634907023ACE034768
:10BAA00004009307E002631FF704034714009307A1
:10BAB000A002631BF702B2470904138747009C43A7
:10BAC0003AC663C107023ECA35A83307E04093E790
:10BAD00027003ACE3EC8E1B7B387670385462E8478
:10BAE000BA9725BFFD57C5B7050402CA81468147ED
:10BAF00025460347040093051400130707FD6376EA
:10BB0000E606F1F2834504000D4617150000130503
:10BB100065FFB12511CD971700009387A7FE1D8DF6
:10BB200093070004B397A700424505045D8D2AC81A
:10BB3000834504001946171500001305E5FC130999
:10BB400014002304B102212D3DC19747FEFF9387C6
:10BB5000674B95E74247B2471377071009CF910724
:10BB60003EC69257D2973ED225B5B3876703854626
:10BB70002E84BA97BDBF9D07E19BA107D5B778007A
:10BB800097060000938626D626860C084E859700D9
:10BB90000000E7000000FD572A8AE314F5FC83D774
:10BBA000C40093F70704E39C07EA125555BD7800DB
:10BBB00097060000938626D326860C084E85012A18
:10BBC000D9BF797156CA9C49BA8A984522D426D2DF
:10BBD0004ECE52CC06D64AD05AC85EC6AA892E840A
:10BBE000B284368A63D3E700BA879CC00347340423
:10BBF00019C385079CC01C4093F7070281C79C406E
:10BC000089079CC00329040013796900631A09009D
:10BC1000130B9401FD5B5C449840998F634CF904CD
:10BC20001C408346340493F70702B336D000A5EBDB
:10BC300013063404D2854E85829AFD576303F504BA
:10BC40001C4011469840998B544481446397C70027
:10BC5000B384E64063D3040081441C441848635411
:10BC6000F700998FBE94014969047D5B63982405B0
:10BC7000014509A885465A86D2854E85829A631E5B
:10BC800075017D55B250225492540259F249624ACC
:10BC9000D24A424BB24B456182800509ADBF3307A2
:10BCA000D40013060003A301C70403475404938779
:10BCB0001600A2978906A381E7049DBF85462286C8
:10BCC000D2854E85829AE30E65FB050945B77971E9
:10BCD00022D426D24AD04ECE06D652CC56CA5AC804
:10BCE000B68983C68501930790063289AA842E847B
:10BCF00013863504638DF60263E2D7069307800549
:10BD00006388F61863EDD700638106229307300439
:10BD1000638EF60A930A24042301D404C9A093076E
:10BD200030066385F60A93074006E395F6FE1C404D
:10BD3000084393F6070893054500C5C61C410CC38C
:10BD400063D807001307D002B307F040A301E4044F
:10BD5000971600009386C6DB29476DA89307000756
:10BD60006384F61663E5D7029307E006638BF61843
:10BD70009307F006E390F6FA0C401C4313F805080D
:10BD8000138547006307080608C39C438DA89307E3
:10BD90005007E383F6FE93078007638BF612930741
:10BDA0003007E399F6F61C43D0418145938647005E
:10BDB00014C383AA070056855D2601C53305554186
:10BDC00048C05C401CC8A301040471A81C43930A2A
:10BDD0002404938647009C4314C32301F40485473D
:10BDE000D5B793F607041C410CC3B9DAC207C18763
:10BDF00081BF93F5050408C3C9D983D7070013078A
:10BE0000F0066388E60E97160000938666D02947F1
:10BE1000A30104044C400CC463C5050008406D999F
:10BE200008C099E3B28A91CDB28AB3F5E702FD1A50
:10BE3000B69583C505002380BA00B3D5E70263F049
:10BE4000E70CA147631EF7001C40858B91CB58403F
:10BE50001C4863C7E70093070003A38FFAFEFD1A8F
:10BE60003306564110C84E87CA867000A2852685C3
:10BE7000EFF03FD57D5A631E450B7D55B2502254DD
:10BE800092540259F249624AD24A424B4561828039
:10BE9000A382D50497160000938686C70C400843FA
:10BEA00013F805081C411105630D080208C313F7B8
:10BEB000150001C793E505020CC04147B1FB0C40DA
:10BEC00093F5F5FD0CC0A9B79C4193E707029CC10F
:10BED00093078007A302F40497160000938686C494
:10BEE00075BF13F8050408C3E30308FCC207C18348
:10BEF0007DBF971600009386A6C1214711BFAE876C
:10BF00002DB794411C43CC4913F80608138547000C
:10BF10006306080008C39C438CC301A808C393F6BA
:10BF200006049C43F5DA2390B70023280400B28A64
:10BF30001DBF14485686CA8526858299E30F45F3AE
:10BF40001C40898B8DE7B2474844E359F5F23E85A2
:10BF500035B785465686CA8526858299E30F65F1F1
:10BF6000050A5C443247998FE345FAFEE9BF014A6E
:10BF7000930A94017D5BF5B7411122C42A842E8572
:10BF800097B7FE1F23AA075606C69D2CFD576319B7
:10BF9000F50097B7FE1F938727569C4391C31CC09B
:10BFA000B240224441018280411122C42E848395F3
:10BFB000E50006C6E122634905007C48AA977CC8D3
:10BFC000B2402244410182808357C4007D777D17AF
:10BFD000F98F2316F400EDB783D7C500011122CCE9
:10BFE00026CA4AC84EC606CE93F70710AA842E84E6
:10BFF0003289B68991C78395E50089460146352285
:10C000008357C4007D777D17F98F2316F4008315BD
:10C01000E4006244F240CE864A86B249424926850F
:10C02000D24405613DA8411122C42E848395E500C8
:10C0300006C6E528FD570357C400631BF500FD77CE
:10C04000FD17F98F2316F400B2402244410182808B
:10C050008567D98F2316F40068C8FDB78395E5007E
:10C0600025A8411122C42A842E85B285368697B729
:10C07000FE1F23A3074806C6EF507EA1FD57631994
:10C08000F50097B7FE1F938727479C4391C31CC0B9
:10C09000B240224441018280411122C42A842E856B
:10C0A00097B7FE1F23AA074406C61922FD57631936
:10C0B000F50097B7FE1F938727449C4391C31CC08C
:10C0C000B240224441018280411122C42A842E853B
:10C0D000B28597B7FE1F23A1074206C6D520FD579C
:10C0E0006319F50097B7FE1F938707419C4391C3DF
:10C0F0001CC0B240224441018280411122C42A84E2
:10C100002E8597B7FE1F23A9073E06C6D120FD57EF
:10C110006319F50097B7FE1F9387073E9C4391C3B1
:10C120001CC0B240224441018280411122C42A84B1
:10C130002E85B285368697B7FE1F23AF073A06C60F
:10C140004520FD576319F50097B7FE1F9387C73A3F
:10C150009C4391C31CC0B24022444101828093F5AC
:10C16000F50F2A966314C5000145828083470500B8
:10C17000E38DB7FE0505FDB782808280411122C4A0
:10C180002A842E85B285368697B7FE1F23A60736EA
:10C1900006C6B928FD576319F50097B7FE1F9387A8
:10C1A000A7359C4391C31CC0B24022444101828008
:10C1B0009307800517B7FE1F2320F7347D55828033
:10C1C0009307800517B7FE1F2328F7327D5582801D
:10C1D0009307800517B7FE1F2320F73201458280A1
:10C1E0009307800517B7FE1F2328F7307D558280FF
:10C1F0009307800517B7FE1F2320F7307D558280F7
:10C20000938781A89C4391C73E9523A4A1A83E850E
:10C21000828097B7FE1F9387672E3E9523A4A1A81F
:10C220003E858280B678FE1FC678FE1FCC78FE1F42
:10C23000D278FE1FD878FE1FE078FE1F4857FEFF19
:10C240007057FEFF9857FEFFB057FEFFCA57FEFF1C
:10C25000FE006578706572696D656E74616C0000D2
:10C260004669726D77617265205265766973696F90
:10C270006E000000486172647761726520526576D5
:10C280006973696F6E0000004D616E75666163745D
:10C2900075726572204E616D650000004D6F6465BA
:10C2A0006C204E756D626572000000005365726906
:10C2B000616C204E756D626572000000536F66748C
:10C2C00077617265205265766973696F6E00000050
:10C2D00043483537785F424C455F4C49425F5631A1
:10C2E0002E360000686561642066696C65206572A1
:10C2F000726F722E2E2E00004C494220696E6974B6
:10C30000206572726F7220636F64653A2025782011
:10C310002E2E2E0A000000002A2000004461FEFF9D
:10C320005261FEFF3662FEFF3662FEFF3662FEFF9E
:10C330003662FEFF3662FEFFFC60FEFFF060FEFF2D
:10C340003661FEFFA864FEFF0A63FEFF0E62FEFF79
:10C35000D463FEFF0E62FEFFE062FEFF4861FEFF57
:10C360000E62FEFFEA62FEFF0063FEFFA264FEFFB4
:10C37000D460FEFF050C0901A1011500250175011E
:10C38000950109CD810609B5810609B6810609E244
:10C39000810609E9810609EA810609B3810209B427
:10C3A0008102C00009022200010100A0320904003C
:10C3B000000103010100092111010001222F0007E2
:10C3C00005810301000A0000120110010000004075
:10C3D0003D41072100000000000100000E0377002E
:10C3E000630068002E0063006E0000000C03430031
:10C3F00048003500370078000A060002FF00FF40C1
:10C40000010000004C69676874206F6E204E756DE6
:10C41000204C6F636B204C45442100004C696768D9
:10C4200074206F6666204E756D204C6F636B204CD8
:10C4300045442100526561644174747243420000B6
:10C4400041646420626C652075617274207365724A
:10C4500076696365206661696C656421000000008F
:10C46000186BFEFF2A6BFEFFC26BFEFF426BFEFFE6
:10C47000B86BFEFF026CFEFF4552522E2E000000EC
:10C480004649464F5F4C454E3A25640D0A00000070
:10C4900052313A253032780D0A00000052323A25E6
:10C4A0003032780D0A000000253032783A626C652F
:10C4B000756172745F4556545F54585F4E4F5449CE
:10C4C0005F44495341424C45440D0A0025303278BF
:10C4D0003A626C65756172745F4556545F54585F7B
:10C4E0004E4F54495F454E41424C45440D0A0000B1
:10C4F000424C452052582044415441206C656E3ACC
:10C5000025640D0A000000005570646174652025E3
:10C5100078202D20496E74202578200A0000000024
:10C520007065726970686572616C506172616D5599
:10C5300070646174654342206572722E2E000000A3
:10C5400052535349202D256420644220436F6E6E60
:10C5500020202578200A0000496E697469616C69A1
:10C560007A65642E2E0000004164766572746973EA
:10C57000696E672E2E000000436F6E6E65637469EE
:10C580006F6E206D61782E2E2E000000436F6E6E50
:10C59000202578202D20496E74202578200A00005F
:10C5A000436F6E6E65637465642E2E00436F6E6E0E
:10C5B0006563746564204164766572746973696E3D
:10C5C000672E2E0057616974696E6720666F72204E
:10C5D0006164766572746973696E672E2E0000005F
:10C5E000446973636F6E6E65637465642E2E2052AA
:10C5F0006561736F6E3A25780A0000004572726FAC
:10C60000722E2E004572726F722E2E25780A00004F
:10C61000FB349B5F800000800010000000000000E1
:10C62000B6AAFEFFEEAAFEFF68ABFEFF68ABFEFFF8
:10C6300000ABFEFF68ABFEFF16ABFEFF3AABFEFFA2
:10C6400068ABFEFF56ABFEFFACABFEFFCCABFEFF14
:10C6500048ACFEFFDEABFEFF48ACFEFF48ACFEFF81
:10C6600048ACFEFF00ACFEFF48ACFEFF48ACFEFF4E
:10C6700048ACFEFF24ACFEFF2A930100FC770000CB
:10C680006693010014850000E2930100E08400003D
:10C690009C940100AC8400003895010026900000B5
:10C6A0008695010026900000E0950100788F00003B
:10C6B0009C9401004C84000074960100A087000047
:10C6C0000000000000000000BE9601002C88000061
:10C6D000309701003C7800007C0BFFFF880BFFFFC8
:10C6E000AC0BFFFF2E0DFFFF100CFFFF540CFFFFE4
:10C6F000960CFFFFC60CFFFFFA0CFFFF500CFFFF6C
:10C70000DC0FFFFFDC0FFFFF0210FFFF1A10FFFF1F
:10C710002210FFFF2A10FFFF3210FFFF3A10FFFF29
:10C720004210FFFF4A10FFFF5210FFFF6C12FFFF85
:10C730004812FFFF7812FFFFC212FFFF2814FFFF0D
:10C740000413FFFF4213FFFF8613FFFFB813FFFF21
:10C75000F013FFFF010102010201010201020303C4
:10C7600004010301010101010303020103000000B0
:10C770000000000000000000000000000000008732
:10C78000F401FA00960064004B0032001E00140011
:10C7900043483537785F424C455F4C49425F5631DC
:10C7A0002E36300038B2FFFF46B2FFFF4CB2FFFF1B
:10C7B00052B2FFFF58B2FFFF78B2FFFF7EB2FFFF19
:10C7C00084B2FFFF8EB2FFFF94B2FFFF9AB2FFFF69
:10C7D000A0B2FFFFA6B2FFFFB2B2FFFFB8B2FFFFE9
:10C7E000BEB2FFFFF2B2FFFFC4B2FFFFCAB2FFFF4B
:10C7F000D0B2FFFFD6B2FFFFE2B2FFFFF2B2FFFFFF
:10C80000F2B2FFFFF2B2FFFFF2B2FFFFF2B2FFFFA0
:10C81000F2B2FFFFF2B2FFFFF2B2FFFFECB2FFFF96
:10C82000DCB2FFFF32B4FFFF5EB4FFFF74B4FFFF62
:10C830008CB4FFFFA2B4FFFFC0B4FFFFD6B4FFFF6C
:10C84000E8B4FFFF04B5FFFF1CB5FFFF32B5FFFFE3
:10C850004AB5FFFF60B5FFFF76B5FFFF8CB5FFFF60
:10C860009EB5FFFFBAB5FFFF26B7FFFF3CB7FFFF3E
:10C8700054B7FFFF74B7FFFF00B8FFFFC0B7FFFF5B
:10C88000E0B5FFFFD8B7FFFFEAB7FFFF30B6FFFF05
:10C8900030B6FFFFC8B6FFFFCEB6FFFFEEB7FFFF13
:10C8A00098B7FFFF14BDFFFFD2BAFFFFD2BAFFFF58
:10C8B00058BCFFFFECBAFFFFCABAFFFF0ABDFFFF7B
:10C8C000D2BAFFFFEABBFFFF90BCFFFF52BFFFFFE2
:10C8D00014C0FFFFEABFFFFF4AC0FFFF4AC0FFFFCF
:10C8E00074C0FFFFF8C0FFFF0CC1FFFF2EC5FFFFA4
:10C8F00038C5FFFF4EC5FFFF5AC5FFFF6EC5FFFFDE
:10C9000076C5FFFF7CC5FFFF88C5FFFF92C5FFFF0F
:10C9100098C5FFFF9EC5FFFFA6C5FFFFACC5FFFF83
:10C92000C2C5FFFFCAC5FFFFD0C5FFFFD0C5FFFFCF
:10C93000B2C5FFFFBCC5FFFFC4C5FFFFE2C5FFFFD7
:10C94000F8C5FFFFB4C7FFFF16C6FFFF6CC6FFFFA9
:10C95000B2C6FFFFE8C6FFFF00C7FFFF18C7FFFF13
:10C960002AC7FFFF42C7FFFFB4C7FFFFA2C7FFFFF1
:10C97000B4C7FFFFB4C7FFFF5AC7FFFF7EC7FFFF63
:10C98000070B0D1113171D1F25292B2F353B3D4379
:10C9900047494F535961FF0000010202030303039B
:10C9A000040404040404040405050505050505053F
:10C9B000050505050505050506060606060606061F
:10C9C0000606060606060606060606060606060607
:10C9D00006060606060606060707070707070707EF
:10C9E00007070707070707070707070707070707D7
:10C9F00007070707070707070707070707070707C7
:10CA000007070707070707070707070707070707B6
:10CA1000070707070707070708080808080808089E
:10CA20000808080808080808080808080808080886
:10CA30000808080808080808080808080808080876
:10CA40000808080808080808080808080808080866
:10CA50000808080808080808080808080808080856
:10CA60000808080808080808080808080808080846
:10CA70000808080808080808080808080808080836
:10CA80000808080808080808080808080808080826
:10CA90000808080808080808000000000000000056
:10CAA0000000000000000000000000000000000086
:10CAB0000000000000000000000000000000000076
:10CAC0000000000000000000000000000000000066
:10CAD0000000000000000000000000000000000056
:10CAE0000000000000000000000000000000000046
:10CAF0000000000000000000232D302B200000006B
:10CB0000686C4C006566674546470000303132333B
:10CB10003435363738394142434445460000000039
:10CB200030313233343536373839616263646566A3
:10CB3000000000002A2A0000262A0000272A000000
:10CB4000292A0000242A0000502A0000252A00007B
:10CB50000A1800000200000050CB0100282A000043
:10CB6000232A000004030904E2FF00000200000081
:10CB700074CB0100E0FF0000E1FF000002000000B4
:10CB800098CB0100012A0000A62A0000032800001B
:10CB900002290000002A000000180000011800000F
:10CBA000042A00000028000001280000052A0000D7
:04CBB000F44C002021
:10CBB40002000000A4CB01000100000054CB0100DE
:10CBC400020000008CCB0100010000007A4D00201F
:10CBD4000200000060CB010001000000E44D0020D1
:10CBE400020000008CCB0100010000006C4D00200D
:10CBF4000200000044CB0100010000009CC20100BF
:10CC0400020000008CCB010001000000784D0020E0
:10CC1400020000004CCB010001000000ACC2010086
:10CC2400020000008CCB010001000000694D0020CF
:10CC34000200000038CB01000100000060C20100C6
:10CC4400020000008CCB0100010000006A4D0020AE
:10CC5400020000003CCB01000100000074C201008E
:10CC6400020000008CCB010001000000794D00207F
:10CC7400020000005CCB010001000000BCC2010006
:10CC8400020000008CCB0100010000006B4D00206D
:10CC94000200000040CB01000100000088C2010036
:10CCA400020000008CCB010001000000684D002050
:10CCB4000200000034CB01000100000050C201005A
:10CCC400020000008CCB010001000000774D002021
:10CCD4000200000048CB010001000000704D00205C
:10CCE400EE1B000000000000000000000907000027
:10CCF4000000000000000000000000000000000030
:10CD0400000000000000000000000000000000001F
:10CD140002000000A4CB0100010000006CCB010064
:10CD2400020000008CCB0100010000007C4D0020BB
:10CD34000200000078CB010000000000094E002032
:10CD44000200000090CB010003000000C455002045
:10CD5400020000008CCB0100010000007B4D00208C
:10CD64000200000068CB010002000000084E002011
:10CD7400B4290000FA28000000000000562F00002B
:10CD8400742C0000E22E00005553425F4849445F72
:10CD9400424C4500000000000000000000000000BC
:10CDA4000C095553425F4849445F424C45051208FB
:10CDB400001400020A00000002000000A4CB0100DD
:10CDC400010000007CCB0100020000008CCB0100BC
:10CDD40001000000944D00200200000094CB0100EB
:10CDE40001000000E4720020020000008CCB01006E
:10CDF40001000000914D00200200000084CB0100DE
:10CE040001000000B04E0020020000008CCB0100A5
:10CE140001000000954D002002000000A0CB01009D
:10CE240001000000984D0020020000008CCB01009E
:10CE340001000000934D00200200000088CB010097
:10CE440001000000924D0020D26B0000246D000010
:10CE54000000000002000000A4CB0100010000005B
:10CE6400A44D0020020000008CCB01000100000052
:10CE7400AF4D002002000000ACCB01000000000018
:10CE8400000000000200000090CB0100030000003D
:10CE9400FC72002000000000A879000000000000DF
:10CEA400EED1000000C1000074BA000034D90000C3
:10CEB400C2C20000ACCA000000000000B8CA0100F1
:10CEC400D8CA010098CA0100000000000000000058
:10CED400000000000000000000000000000000004E
:10CEE400000000000000000000000000000000003E
:10CEF400000000000000000000000000000000002E
:10CF0400000000000000000000000000000000001D
:10CF1400000000000000000000000000000000000D
:10CF240034500020000000005C5100200202020284
:10CF34000200000001D70700001001020202020CE7
:10CF440010FF00000201060302E0FF0001000000E0
:10CF5400C3812F01FF020102020200005000A00061
:10CF64000000E803FFFFFFFF020000009CCB01006C
:10CF74000100FF20BA7501007275010001050277F6
:10CF8400010110770101FF010300800C0600FF007E
:04CF9400F44C002039
:00000001FF
