:040000006F10C0338A
:1000040000000000000000006F0080086F00401E28
:1000140000000000000000000000000000000000DC
:1000240000000000000000000000000000000000CC
:100034006F004006000000006F00E00500000000B3
:100044006F00603F6F0060056F0040056F00200582
:100054006F0000056F00E0046F00A02100000000A5
:100064006F0060046F0040046F0020046F00000400
:100074006F00C01E6F00C003000000006F0060032B
:100084006F0040036F0020036F0000036F00E00265
:1000940001A001A001A001A001A001A001A001A054
:1000A40001A001A001A001A001A001A001A001A044
:1000B40001A001A001A001A001A001A0B717004068
:1000C400930670052380D704130780FA2380E7047E
:1000D40003C6B7041376F60DA385C704238007046B
:1000E400137605022DC603C6A700118A0DE22380EC
:1000F400D7042380E70403C7A700136747002385B9
:10010400E7009307004B01000100FD17EDFFB7174F
:100114000040930670052380D704130780FA2380D8
:10012400E7047D892394A700010001000100010078
:10013400238007042380D7042380E7049306100553
:1001440037270040A303D7802380070482801376D7
:1001540005046DDE03C6A700418A0DE22380D7049F
:100164002380E70403C7A700136707012385E7007B
:100174009307007D01000100FD17EDFFB717004054
:10018400930670052380D704130780FA7D892380A2
:10019400E704136505042394A7000100010001008E
:1001A4000100238007042380D7042380E7049306F7
:1001B40030053727004079B7411181460146814512
:1001C400114506C6812EB71700401307700523801A
:1001D400E704130780FA2380E70403C7670413675F
:1001E40017002383E70423800704B240410182807F
:1001F4008146014681451145312EB717004013074A
:1002040070052380E704130780FA2380E7047D57F1
:100214002396E70203C76704136717002383E704E1
:100224002380070401A0BD473305F50201007D15B5
:1002340075FD8280411122C426C206C6AA840144E7
:1002440063179400B2402244924441018280050421
:100254001305803E4204C13F4180DDB7B71700401B
:10026400130700032388E702854723ACF188730052
:10027400203097F0FFDFE780009873002030397159
:1002840006DE26DA4AD84ED652D456D25AD05ECE9C
:1002940062CC66CA6AC86EC622DC814B97E0FFDF77
:1002A400E780C0AF014B97E0FFDFE78020B3814ACE
:1002B400014A8149014981446D4D179C01E0130CA9
:1002C4006CA6954D979C01E0938CCCACD92B9700F0
:1002D40000E0E780208A97E0FFDFE78080B51C41DB
:1002E4001307100A6391E70483474500D91793F76E
:1002F400F70F636AFD028A07E2979C43E2978287BD
:100304002684A284E1B7834765001305200581EBA9
:10031400014531A08347650013050005F5DB97E02F
:10032400FFDFE780207F8547631209028947639FC7
:1003340009008D47631C0A00914763990A00954799
:1003440063160B00994763930B0081471387018C55
:100354000043E30794FAFD1793F7F70FE3E3FDFA7D
:100364008A07E6979C43E697828783476500CDD347
:10037400130510056DB7834765001305F004C5F335
:1003840041BF834765001305B002D1FB51B78347D2
:10039400650013058002C1F7A5BF834765001305F7
:1003A400A002B5FFB5B783476500054591E3014554
:1003B40097E0FFDFE7804078BDB7834765000545D8
:1003C40089EF014519A803496500B1BF8349650058
:1003D40099BF834765000945EDD797E0FFDFE780C4
:1003E400806391B7034A65003DBF834A650025BF1A
:1003F400034B65000DBF834B650035B7054597E09A
:10040400FFDFE7808063F5BD1305F00FCDBF97E0F4
:10041400FFDFE7802065F5B597E0FFDFE780406701
:10042400CDB597E0FFDFE7806069E1BD97E0FFDFCE
:10043400E780806BF9B53727004083476700858BD9
:1004440091CB85472303F7009387018C9C43850751
:1004540023A0F18C73002030230304801547230369
:10046400E48001002302A480828083076480E3CEB9
:1004740007FE23030480828083076480E3CE07FEA3
:1004840003454480828083076480E3CE07FE230211
:10049400A4808280411126C44AC24EC006C6137786
:1004A400F50BAD47AA892E8995446306F7001945D3
:1004B4006537653F8D444E854537FD59FD14639876
:1004C4003401B240A2441249824941018280135549
:1004D40009011375F50F453F2209CDB7011126CC4B
:1004E40006CEB704080051371545BD377137693753
:1004F4002AC6A53F32459377150089EB136515008D
:100504001375F50FF240E24405618280FD14E9FCA5
:100514000145CDBF397126DC4ADA4ED852D656D4BD
:100524005AD25ED006DE62CE66CCB7E700E07D57D5
:1005340083AA070022C603AA470023A0E71823A220
:10054400E718B7170040130770052380E704130763
:1005540080FA2380E70483C74704930B75FFB684AE
:10056400E20793FBFB0F8546AA892E8B3289372439
:100574000040E187015763FA76016308D500894694
:10058400130700026313D5000157D98F93F7F70FB0
:10059400B71C00402382FC0411472303E4801305A5
:1005A400F00F5D3D094CD13563697C11B707070035
:1005B4003E9B378707007955637EEB02B3079B00A8
:1005C400636AF702A9476399F90689E48144713D96
:1005D40026850DA0DA850945753D05090345F9FF12
:1005E400FD14050B4D3581C49377FB0FFDF7FD35E5
:1005F40069FD7D55B7170040130770052380E70494
:10060400130780FA2380E70403C74704418B23823E
:10061400E704F250B7E700E023A0571123A24711E3
:10062400E25432445259C259325AA25A125B825B82
:10063400724CE24C21618280A5476395F906856975
:100644001309F00FB3069900B3742B01B694134940
:10065400F9FFB3749900856B33796901416B938712
:10066400F9FFB3F7270199E363FC340193D94900F7
:10067400C147E3E637FF99BF0569C1697D19D9B759
:100684001305800D638869011305000263847901F1
:1006940013051008CA85FD3B913521DD4E99B384BD
:1006A4003441D9B7DA852D45F533CA94E30099F27C
:1006B4000509D933A30FA9FED5BF9387F9FF93F793
:1006C400F70F636CFC0803C75C04B70708001377D3
:1006D400070219E3B78707007955E37DFBF0330779
:1006E4009B00E3E9E7F089476390F9048980D549E1
:1006F400E38E04ECDA850945713B11090327C9FF30
:1007040091472320E48003076480E34E07FE23031C
:100714003481FD17EDFBFD14110B81C49377FB0F9E
:10072400E9FF6D3B71F5F1B58547E387F9F4DA85A7
:100734002D458D339389F4FFE38A04E8353B93F721
:10074400390091EB832604800327090093074900AD
:10075400E39FE6E63E89CE84F1BFB5476396F90090
:100764001305900BD5399DB5B1471305B00AE38B3A
:10077400F9FE9947639EF902DA852D45213B8144B0
:100784008D4BA149D53963967401832704802320B6
:10079400F9008504E39834FF8327048013172B01A1
:1007A400635507002312F90015B52322F90039BD5A
:1007B4009D476399F90281451305B004E139BD44AD
:1007C4002320090023220900FD597D3193F7740089
:1007D400CA9703C70700FD14398D2380A700E39649
:1007E40034FFEDB3A1476392F904CD398144630D1D
:1007F4000B008D479304C0036308FB0093040005BA
:1008040063048B01930440041375C507E30095DC6E
:10081400194599319939054581312685AD31094507
:100824009D316D39E31405DAE9B391476399F90011
:1008340013056006153115391305900925B7E387AB
:1008440009D8F15469B319CDB717004013077005DF
:100854002380E704130780FA2380E7042396A70282
:1008640023800704828019C1814799E982803387F4
:10087400F500834607003307F50085072300D700FA
:10088400E397C7FEE5B719C1FD5781E98280910559
:1008940003A7C5FF1105232EE5FE7D16E319F6FE19
:1008A400F5B7797122D417340000130464321C4064
:1008B40006D626D24AD04ECE91C7829797370000EB
:1008C40023A807305C4089CB03D5418FAD3F5C4002
:1008D400829703D5618F853F1C40639C0718973727
:1008E400000083C77742858B95C797370000A38D97
:1008F40007401737000003475741914763FCE7005F
:10090400752B9737000083C75740F9178A07A297BA
:100914009C4382979737000083C7C743918B89C74D
:10092400970001E0E780C07D1C4491C382979387C0
:10093400018F984317360000034696273E89973463
:1009440000009384E4269737000083C767269396B4
:100954001700BA9683D60600638306109737000003
:1009640083C7072563FBC70686073E9783550700A1
:100974002310070003D5418F2EC6F135938741908C
:100984009C43173500000345A52213172500BA9789
:100994009C43B2458297AA8903D5618F6D359737F9
:1009A400000083C7E7201397170083270900BA972D
:1009B40003D70700B3E9E9002390370183C7040094
:1009C400850793F7F70F173700002303F71E173730
:1009D40000000347F71D63E6E7009737000023890B
:1009E400071C1C40D9E79387C18F98433E8451C3A9
:1009F4009737000083C7B73191CB9737000083C77F
:100A0400D73089E7970001E0E78060341C40829783
:100A14002A8425C19C48AA97173700002322F71A75
:100A2400938701909C4381CF03D5418F293D228533
:100A340097F0FFDFE780807803D5618F29359737FA
:100A4400000093872713DC538DC72254B25092546D
:100A54000259F249456117F3FFDF6700E34E85074A
:100A640093F7F70F973600002384F614E3EDC7ECF1
:100A7400F5B5B250225492540259F249456182802C
:100A84009167B7C600409387373023A6F6200F102E
:100A94000000973700009387A711884F9387C19E62
:100AA4009C43316713073730F053B7071000FD1725
:100AB400918F99833A0523A6E6205D8D82804111AA
:100AC400B7170040985F3AC6945F3247E39CE6FE4E
:100AD400324541018280411106C6D5379736000060
:100AE40083C6860A858AB1C6930730333307F50275
:100AF400B337F5023983CA07D98F173700001307B4
:100B0400270B584B01456303F7023385E740636BBA
:100B1400F70037653D0889C637856F0813050590CA
:100B2400198D3E9517370000232EF708B240410176
:100B34008280E5473307F502B337F5022583DE07E4
:100B440065BF0327C50F8346B50097370000938719
:100B5400671B9C4F58439386160295829043FD165B
:100B640093F6F60F10C3D04350C3904710C7D04735
:100B740050C7904B10CBD04B50CB904F10CFD04F91
:100B840050CF91C61307070293870702C1BF828023
:100B94008347E50193F7E70F91CB01458280014537
:100BA400B240224492440249410182808347F501C4
:100BB400EDF7834605010347850089CA03466502AC
:100BC4009737000083C757FC6367F60093770701E4
:100BD400E9D7814789CA834705158346F514418BB4
:100BE400A207D58F01CB0347451583463515220748
:100BF400558FBA97DDD3173700000347E7F8411143
:100C04009316870106C622C426C24AC0E18663D56C
:100C140006049387C71313D45700973700009387AC
:100C2400E719BC479734000083C4A4F67D5903A791
:100C34000708637327013A899C43F5FB93878190E6
:100C44009C438297E36DA9F43305A9402694333479
:100C5400850013451400A9B7058B9387C71209CBE8
:100C64008A071384F7039307D0073354F40275B744
:100C740086071384F7019307D003C5BF5D7122DE95
:100C84001384C19D3AD218403ED04ACA1C5F86C61E
:100C940096C499839AC29EC026DC2ADA2ED832D60C
:100CA40036D442CE46CC72C876C67AC47EC2858B10
:100CB4001389819DC1C31C5F97340000938484040D
:100CC40093F7F7F91CDF9737000083C7A70393F75F
:100CD40007048DC3938781909C43829797370000C4
:100CE40023AAA70283C7040093F7F70B1737000062
:100CF400230AF700854717370000A307F70083C7C7
:100D0400440093F7070481EF9387C19E9C43D84422
:100D1400B8D3930700FC173700002307F7FE838737
:100D2400640063D90700832709009C431737000038
:100D3400230DF7FC18401C5F8583858BC9CBF557C1
:100D44001CDF01000100010001000100010001009D
:100D54000100010001000100010001000100010087
:100D64000100010001000100010001000100010077
:100D74000100010001000100010001000100010067
:100D84000100010001000100010001000100010057
:100D94000100010001000100010001000100010047
:100DA4000100010001000100010001000100010037
:100DB4000100010001000100010001000100010027
:100DC40001009387C19E9C4313075004B8CB18407D
:100DD4001C5F9183858B89CFBD571CDF9387C19E90
:100DE4009C4323A80704854717370000230EF7F018
:100DF40083270900D8430583058B19C7D843759BFE
:100E0400D8C3D843799BD8C37254B640A64216437C
:100E14008643E2545255C2553256A256125782574F
:100E24007248E2485249424EB24E224F924F61619B
:100E340073002030173700001307C7EC83474700BF
:100E4400858B89EF83472700858B89EB83473700A0
:100E5400858BEDD797370000238807EA8280938734
:100E6400819E9C4399CB944BD04B9842518F98C20E
:100E740094439C479842D98F9CC29387C19E9C43BC
:100E840037C700401306C003A8CB93062003973549
:100E94000000938525E783278720C18393F7F70311
:100EA4006369F60083278720C18393F7F70363E61A
:100EB400F60083C74500858BF9DF82801737000071
:100EC400130747E483474700858B89EB8347070073
:100ED400858B91CB97370000238807E29737000072
:100EE400A38407E2828083471700858BE1DFDDB7A7
:100EF4009387819E9C4399CB944BD04B9842518FBE
:100F040098C294439C479842D98F9CC29387C19EB0
:100F14009C4337C700404146A8CBE54697350000BF
:100F2400938545DE83278720C18393F7F703637D89
:100F3400F60083278720C18393F7F70363E6F6005F
:100F440083C74500858BF9DF82801387C19D1843D1
:100F5400AA87185F1583058B25EF03451500150532
:100F64001377C51F19C6B386E70083C6260023007E
:100F7400D60095C59736000083C626D993F6060495
:100F84000945A1CAB386E70083C63600054693F532
:100F9400F6066390C504E206E18663CC0602338557
:100FA400E7008347150003470500A20793F707707E
:100FB400D98F1397070141839376074099C6136726
:100FC40007802392E19E014582802392F19EE5BF32
:100FD40005458280011136C89386C19E2ECC8C4271
:100FE4003AC63EC498452ACE32CA9317070142C274
:100FF400C1831378172036853E8697360000938682
:1010040066D0630408041377072061CF03C7260062
:1010140013671700173800002307E8CE13070019D9
:10102400B8D1130700F897350000238FE5CC138758
:10103400C19D0C4337080010D855719B13672700D6
:10104400D8D598413367070198C11377261005C393
:101054001376061045CA03C7060013671700173630
:1010640000002301E6CA17370000231107CA83C60C
:10107400460093C7F7FFC207E206E186C183184121
:1010840063D106029396170163D7060830538D4641
:1010940063E9C6008546173600002307D6C63453D5
:1010A400FDFE973600009386E6AC8386460163DD39
:1010B400060093960701C18663D5060670538946D8
:1010C40063E4C6007453FDFE14477245E245F58F90
:1010D4001CC75246C2463247A247124805617300F4
:1010E400203003C716001367170097350000A38B41
:1010F400E5C017370000230907C01737000023177E
:1011040007C0A1B703C736001367170017360000DE
:10111400A30BE6BE89BF8546173600002306D6BE5C
:1011240049B754471396060163510602B7061000E7
:10113400FD1674D397360000938686A7944E8506D1
:10114400173600002322D6A841B7A166D58FADBFBC
:10115400173700001307C7BC8346B7019737000051
:1011640083C757BFB69793F7F70FFD4663EAF604B4
:101174004C4B97360000A385F6BA9737000083C717
:1011840037BA05473317F70097360000A384F6BC37
:101194006D8F1DEF9736000083C616BCB3F6D702D9
:1011A40013050002814733D6F500058A13F8F70FBB
:1011B40009CE6399E60097370000A38307B78280BE
:1011C40081177DB705071377F70F8507E39DA7FC04
:1011D40082809387419F9843B75702009387079F64
:1011E40083260709139656006358060083260709C9
:1011F4001396660063440600FD17FDF3828051C90F
:10120400AA870145C9C98D07C207C183F19BC207DB
:10121400C18313074003636BF702138781A8084354
:10122400138701A814436396A60217370000130717
:101234006794185B014525C34111C20706C60545DD
:10124400DD8D0297B240014541018280138741A898
:10125400F9B70357650005EF035745006369F702C3
:10126400B306F74021466370D60210419386870087
:101274001D8FAA96611790C22392E600239306005D
:1012840014C12312F5002313B500210582800841FF
:1012940059BF01458280828001CD938781A803A82C
:1012A4000700938701A88C430147C28763E3B70013
:1012B40082809443636FF50663EDA6061386870068
:1012C400E368C5FE03D56700216605066317C500FC
:1012D40003C6019A05062380C19A239307006384F9
:1012E4000703138641A81042630FF60003566700F4
:1012F40019EA83D7470014C383564700B697A1075A
:101304002312F700BA879843E304B7FA938641A8F7
:101314009442E30FD7F883566700D9FA83D647007F
:10132400035647001843A106B2962392D70098C3E8
:0813340082803E87B6879DBF51
:10133C00974100209381C137177100201301C1CB55
:10134C0013054000972500209385054B1736002088
:10135C001306067E63FAC5008322050023A0550000
:10136C0011059105E3EAC5FE17C50100130585C0FB
:10137C00973500209385C57B1386818763FAC5005A
:10138C008322050023A0550011059105E3EAC5FE53
:10139C0013858187976500209385852C6377B5002D
:1013AC00232005001105E36DB5FE9302800873A0A0
:1013BC000230972200209382224493E21200739011
:1013CC005230972200009382A2B1739012347300B2
:1013DC0020303D432A876373C3029377F700BDEF38
:1013EC00ADE5937606FF3D8ABA960CC34CC30CC789
:1013FC004CC74107E36BD7FE11E28280B306C340B2
:10140C008A069702000096966780A6002307B7000D
:10141C00A306B7002306B700A305B7002305B70042
:10142C00A304B7002304B700A303B7002303B7003A
:10143C00A302B7002302B700A301B7002301B70032
:10144C00A300B7002300B700828093F5F50F9396A5
:10145C008500D58D93960501D58D61B793962700A0
:10146C009702000096968682E78086FA9680C117CE
:10147C001D8F3E96E374C3F8A5B783C7F1A9D9CBEA
:10148C0001119387818052C403AA470022CC26CA3B
:10149C0003D4A180AA844AC84EC61399040106CE6F
:1014AC0056C2330794009307F01FAE8933058A00A8
:1014BC001359090163CCE7022686938541E1EF902D
:1014CC00114F4A942395818085476398F90093873F
:1014DC00C1A9DC47850723A4F1AAF2406244D24497
:1014EC004249B249224A924A0561828033048040C3
:1014FC001374F40F938A41E12286D685EF90314B19
:10150C0033868440B3858A005285EF90514A330468
:10151C0089404DBF8280938741E119472381E700C1
:10152C007D771307B7DEA381A7002392E700194547
:10153C00A9B741111306001081451385C1AE06C62B
:10154C009747002023A6079669351306002081458E
:10155C00138541C123A40180AD3D9387C1A923A864
:10156C00070023A60700938701AB23A2070023944F
:10157C00070023880700B240138581AC23A0070025
:10158C00C8CB1306100281454101A1B5411106C615
:10159C00792E4537370710009387C1A91307072009
:1015AC0098C33707000213070710D8C3514798C7D1
:1015BC0023A6070023A80700B24085679387E70B93
:1015CC002396F1BE239AF1E0410182808547A38FD7
:1015DC00F1A8828083C7F1A995C79747002093870C
:1015EC00278D03A8470001479747002083D7678CB6
:1015FC0081461376F70F6368B60089C6174700203B
:10160C002319F78A8280B306E50003C60600B306E9
:10161C00F80085072380C60093F7F70F050785466A
:10162C00C9BF23A801AA83C7F1A9638F072E7971BB
:10163C0022D426D24AD04ECE52CC56CA62C406D63A
:10164C005AC85EC6154497440020938464861309D7
:10165C00E00BC149130A2002138C01AB938AC1A978
:10166C00174600200356C6849747002083D767840B
:10167C006309F600637DF602918FC207C183636B29
:10168C00F40283D5818083D7A180138481806398F1
:10169C00F524B250225492540259F249624AD24A69
:1016AC00424BB24B224C138501AB45618280938730
:1016BC000710D9B7D44013071600131B0701338743
:1016CC00C60003470700135B0B016311270F137B45
:1016DC00FB0F33876601034707001377070F631768
:1016EC00370D13071B001377F70FB385E60083CB79
:1016FC000500131B0701135B0B019385ABFF93F5DF
:10170C00F50F6365BA0A9388DBFF93F8F80FE3EAE9
:10171C0077F70507238771BF1388C1BE1377F70FBF
:10172C008145C2873385E60003450500050785051D
:10173C00A301A8001375F70F1317050193F5F50F07
:10174C0041830508E3E015FFB385770183C8F5FFF6
:10175C001308D00E639C080503C8E5FF9305B00E73
:10176C006316B80403C8F1BE23A801AB83C571AAE4
:10177C00A9E9930510086306B80423A8B1AA328B13
:10178C0003270C0093062009630FD70E63E0E608CD
:10179C0093064008630ED70C63E9E6049307100820
:1017AC00630EF70A930720086301F70C9377FB0F7E
:1017BC0017370020231EF76E83270C00E38207EAFD
:1017CC00C9B505E3A38F060E03260C00930640084B
:1017DC003A8BE307D6FA83A60A01850623A6D1AA7B
:1017EC0045B7AA96A38F06FEC5B7930650086307A4
:1017FC00D70893061009E31BD7FA83D7470003C712
:10180C0021BF239DF1AA238EE1AA4DB79306500A5E
:10181C006308D70863E3E6029306100A6306D70051
:10182C009306400AE314D7F803C7470083C7570051
:10183C00238AE1AA238BF1AA95BF9306700A63F35E
:10184C00E6089306800AE313D7F603C7470083C75D
:10185C005700238AE1AA2380F1AC89BF85478145D3
:10186C000545A383F1AA453991B7A38301AA3DBFCE
:10187C0081450D454D3123A801AA0DBF83D74700E3
:10188C00239AF1AA25B703C74700A38EE1AA03C781
:10189C00570083C76700238FE1AAA38FF1AA39B73A
:1018AC0083C7470003254C0113869BFF938511BF0B
:1018BC00238AF1AAEF90B10F83274C01BE9BA38C16
:1018CC000BFEEDB503C74700238AE1AA03C75700F7
:1018DC0083D76700A38BE1AA239CF1AAC1BD484022
:1018EC002E9563FFF500B385B740CD4763C0B702B3
:1018FC0093F5F50F3528835724002394F18051BBC1
:10190C00930700208D8F51476358F700D1450D2068
:10191C0083570400D107D5B7B305B04093F5F50F45
:10192C00012823940180B5B3138501AB828082809A
:10193C0041112E86AA85176500201305258006C641
:10194C00EF10404DB2408547238CF18641018280D7
:10195C00B717004003C777051377E70FA38BE7048E
:10196C00130700F8A38DE7043D47238CE704130706
:10197C005003A38CE704828041112A83014E930EFD
:10198C00407E130F0019930F400663EB6E0A930809
:10199C00001913034006B3781503854E0D4FA14F64
:1019AC00337365020D891335150063E5BE0C1308FE
:1019BC00F6FF794672984208135808013307C7029C
:1019CC0013D61700BE0732976146B3F6C60213064C
:1019DC008070B386C6023697A166F58F42075D8F7D
:1019EC00B717004083C6F70293F60608A307D10089
:1019FC000346F10083C6F70293F60608E394C6FE8D
:101A0C008346F10093F6F60FF1DE93067005238002
:101A1C00D704930680FA2380D70423AA070383C62E
:101A2C00170393E60608A388D702D8DB03C717036E
:101A3C0013670704A388E70223800704410182800F
:101A4C007D133368E3039308E016630E08003368D4
:101A5C00F3039308D016630808009378330093B807
:101A6C0018009388D81633081E01131E0801135E44
:101A7C000E0121BF6393E503054863860800014806
:101A8C00630303002A8871087298FD15131E080160
:101A9C00C205135E0E01C18109BF13F8150063F472
:101AAC00BF007908D5B713381800E5BF914763EE2E
:101ABC00B70217B701001307A7AE8A05BA959C4168
:101ACC00BA978287B717004003A7470B1345F5FF5A
:101ADC00698F23AAE70A03A7070B698F23A8E70AD4
:101AEC0003A7070A798D23A0A70A8280B7170040A5
:101AFC0083A6470B1347F5FFF98E23AAD70A83A6B3
:101B0C00070B558D23A8A70A83A6070A758F23A058
:101B1C00E70A8280B717004003A7470B498F23AA17
:101B2C00E70A03A7070B1345F5FF45BFB71700409E
:101B3C0083A6470B1347F5FF758F23AAE70A03A764
:101B4C00070A598D4DB7B717004003A7470B498FAC
:101B5C00EDB7B717004003D5870042054181937755
:101B6C00050491EB9377F5013755E80113050580D2
:101B7C003345F50282809377050C130700046397B5
:101B8C00E7009377F50137459C1CCDB7216513050C
:101B9C0005D0828037E700E01C435443A183E20662
:101BAC00D58F1CC1FD572320F7182322F7188280EC
:101BBC0013178500B7E700E023A0E710618123A28B
:101BCC00A7108280B7F700E0C8439C47828081470A
:101BDC0037370040A14663C4C70032858280034575
:101BEC00B740E38EA6FE3385F50003450500850757
:101BFC002304A740CDB7B7270040C8C709472380A7
:101C0C00E70011472380E7008280411122C406C6F9
:101C1C002A8481372947B307E502B2408D83B3D7B5
:101C2C00870222449507B3D7E70237370040C20733
:101C3C00C1832316F7404101828071654111130560
:101C4C00052006C6D937B7370040130770F8238133
:101C5C00E7400D47A381E74013070004A380E7404A
:101C6C0005472387E740B24041018280B787004097
:101C7C00238007001307C0FC2386E700A386E70038
:101C8C0003D7C1872398E70003D70188239AE7007D
:101C9C0003D74188239CE70003D78188239EE70064
:101CAC0089462381D70249472383E7022385E7022C
:101CBC002387E7022389D702A38107001307900229
:101CCC002380E700B716004003D7A6011367070C63
:101CDC00239DE6007D572383E700130710F8A380AC
:101CEC00E7001D472381E7008280B78700402382ED
:101CFC00A70203C767021377C70F2383E70282800B
:101D0C00B78700402384A70203C7A7021377C70F26
:101D1C002385E7028280B78700402386A70203C78A
:101D2C00E7021377C70F2387E7028280B78700404B
:101D3C002388A70203C727031377C70F2389E7025A
:101D4C008280CC41411106C6328503C6150083C57D
:101D5C00050022064D8E42068D654186138875A2BC
:101D6C00630C060F6348C804138845A26306060B70
:101D7C00634AC800938535A26309B6062390060012
:101D8C00294679A0138855A26308060B938565A292
:101D9C00E316B6FEC1451D4663ECE5064546198EB5
:101DAC0063F3C7003E862390C60097B50100938568
:101DBC00658189A8138895A26300060F634E060BF4
:101DCC001388A5A2630A060F938505A5E318B6FA36
:101DDC0099451D4663EEE502198E63F3C7003E86F6
:101DEC002390C6009385818131A89D451D4663E1F2
:101DFC00E5022146198E63F3C7003E862390C60088
:101E0C009385C188BA9597200020E780402501462C
:101E1C00B240328541018280AD451D46E3EAE5FEC4
:101E2C003146198E63F3C7003E862390C60097A5F2
:101E3C0001009385E57CF9B7B1451D46E3EAE5FC65
:101E4C003546198E63F3C7003E862390C60097A5CE
:101E5C0001009385E57B7DB7C1451D46E3EAE5FAB4
:101E6C004546198E63F3C7003E862390C60097A59E
:101E7C0001009385657679B7C1451D46E3EAE5F81F
:101E8C004546198E63F3C7003E862390C60097A57E
:101E9C0001009385E578BDB7C1451D46E3EAE5F63B
:101EAC004546198E63F3C7003E862390C60097A55E
:101EBC0001009385A573B9B7B5451D46E3EAE5F472
:101ECC003946198E63F3C7003E862390C60097A54A
:101EDC0001009385256E3DB797360020938646D832
:101EEC004146CD4517350020130585C46F70301160
:101EFC00411193962500AA852D4506C697200020F2
:101F0C00E780C0E0B240014541018280411122C40A
:101F1C0026C24AC02A842E89B284AA859306002040
:101F2C000146254506C697200020E78020DE931643
:101F3C0029002686A285294597200020E78000DD10
:101F4C00B240224492440249014541018280011170
:101F5C0022CC06CE3714004026CA4AC84EC652C4FC
:101F6C0083447405034AB4058349840503499405E5
:101F7C00C5328347A40593F4F40F137AFA0F93E751
:101F8C001700230DF40493F9F90F1379F90FB71710
:101F9C00004003C7A705058B6DFF03D5C705A38DAF
:101FAC004705238C3705A38C2705A38B9704F24098
:101FBC006244D2444249B249224A056182804111AD
:101FCC009397050122C406C6C1872E8463DD0700E2
:101FDC00EF10405B19C1EF1040542165218DB240C8
:101FEC0022444101828093F7150013C51500E5FBCF
:101FFC009397250163DF0700EF20C17637F60200C7
:10200C00130606E0896503C54189EF10F0270965C1
:10201C00F1B7939715010145E3D307FC17A5010010
:10202C001305C565EF90A13513060064916503C5D2
:10203C004189EF107025116555B71D71494697A55B
:10204C0001009385255F17B50100130565B086CE99
:10205C00EF10500D01E917A501001305E55EEF9097
:10206C00013201A037F700E0F9575CC7FD571CCBD4
:10207C008566B7E700E023A0D7101306701010C3D5
:10208C00B8434146B0C323A0D718B8C30100010020
:10209C001306C00381454808EF10B00297370020A3
:1020AC009387C7693ECA896793870780231CF10011
:1020BC00ED47A301F1029307A0102312F102D147BF
:1020CC002303F102A167938707E03ECE9707000038
:1020DC00938747E2BEC497070000938767E3BEC6A9
:1020EC00B5472308F102B7F507009707000093875F
:1020FC00A7AD3EDA814697070000938787E570000D
:10210C00E10519453EDE97200020E78020C05808E5
:10211C008147994670003E960346060085070507E1
:10212C00A30AC700E398D7FED24791C70357810192
:10213C0085676373F70001A04808EF10504EAA851D
:10214C0001C917A5010013056551EF90A11101A05C
:10215C00F64025618280411117050000130565E6E4
:10216C0006C622C4EF103048138441892300A40012
:10217C002928034504002244B24037F60200130616
:10218C0006E0896541016F103010411106C6B71782
:10219C000040130770052380E704130780FA23809F
:1021AC00E70403C7F7021305407E814613677700E7
:1021BC00A387E7022380070401478147054685452D
:1021CC00EFF08FFBB240014541016F10306D9387EA
:1021DC00C1E323AEF1869387C1EF23A0F1889387E7
:1021EC00C1F7411123A2F1889387C1FF06C623A42E
:1021FC00F188AD3CB240B7E700E03707400023A0C0
:10220C00E71041018280411106C69385818A93872C
:10221C0041882380A5008843114613050504EF80EF
:10222C001179B24011454101E1BC011106CE9387F1
:10223C00818A9C436C0011463EC6938741889C431F
:10224C00A307A10013850704EF807176F2401145B6
:10225C0005617DB4011106CE9387818A9C436C0085
:10226C0011463EC6938741888843C1572307F10026
:10227C0013050504EF80B173F2401145056149B4B3
:10228C00011106CE9387818A9C436C0011463EC691
:10229C00938741888843C157A306F10013050504B1
:1022AC00EF80F170F2401145056199BC011106CE29
:1022BC009387818A9C436C0011463EC69387418864
:1022CC008843C1472307F10013050504EF80316EE5
:1022DC00F240114505612DB4011106CE9387818A18
:1022EC009C436C0011463EC6938741888843C14786
:1022FC00A306F10013050504EF80716BF240114544
:10230C000561FDBA411106C69385018A9387018840
:10231C002381A5008843214613050504EF8031690C
:10232C00B24021454101D1B2411106C611C1094546
:10233C002380A18A93870188884321469385018A4B
:10234C0013050504EF80B166B2402145410171BA15
:10235C0081471386018813F7F70F6363A70071B2E7
:10236C0018423E9783460700850793C6F6FF230065
:10237C00D704D5B781471386418813F7F70F6364E9
:10238C00A7006FF0FF9718423E978346070085071A
:10239C0093C6F6FF2300D704CDB7814713868188F7
:1023AC0013F7F70F6364A7006FF0FF9618423E9780
:1023BC0083460700850793C6F6FF2300D704CDB7E5
:1023CC0081471386C18713F7F70F6364A7006FF07B
:1023DC00FF9518423E9783460704850793C6F6FF80
:1023EC002300D708CDB7B787004003C76700137722
:1023FC00F70F9376270063880678011106CE22CC5E
:10240C0026CA4AC84EC652C403C7770093060003B7
:10241C0013770703630BD70203C777009146137733
:10242C00F7036300D72663EBE6088546630DD71ADE
:10243C006303071889466308D71C8D466304D720AD
:10244C00B787004009472383E7003787004083475D
:10245C007700E207E18763D4073A930720FC230156
:10246C00F7029386C18780428349740083476400D6
:10247C00A209B3E9F9002398318B83471400A38791
:10248C00F18A0349040013770906630007281377C0
:10249C000904631E072013770902630A0720F91742
:1024AC0093F7F70F25476361F73417A7010013075C
:1024BC00271D8A07BA979C43BA97828793062002F6
:1024CC006303D71663E9E60293060002630CD70494
:1024DC0093061002E316D7F603C7670213470704E7
:1024EC002383E70203C767021377C70F136727001D
:1024FC002383E702B1B7930630026305D716930620
:10250C004002E31FD7F203C72703134707042389AD
:10251C00E70203C727031377C70F13672700238925
:10252C00E70239BF03C7F18A9546630BD706994773
:10253C00630AF7008D47E305F7F0B7870040238067
:10254C00070285A89387018B03D4070013070004A7
:10255C00BE8463748700130400049387C1871389B6
:10256C00418B884342048325090041802286EF80F9
:10257C00114483D704009379F40F818F2398F18A47
:10258C00832709003E9423AA818AB78700402380C1
:10259C00370303C72702134707042381E7024DB50E
:1025AC0003C7370083C6018B13770708558FA381A8
:1025BC00E7000947DDB783C7870003C7F18AA54742
:1025CC00E310F7E89387C1879C4317A50100130517
:1025DC00651F83C7070089E717A5010013050520B0
:1025EC00EF80F159B1BD03C7770013770704E309F6
:1025FC0007E403C76702134707082383E70203C5F1
:10260C008700B93335BD03C7770013770704E30997
:10261C0007E203C7A702134707082385E70203C590
:10262C008700893B31BD03C7A702134707042385E5
:10263C00E70203C7A7021377C70F13672700238589
:10264C00E702FDBB03C7770013770704E30A07DE35
:10265C0003C7E702134707082387E70203C5870070
:10266C002D3BF9BB03C7E702134707042387E70297
:10267C0003C7E7021377C70F136727002387E70207
:10268C00C1B303C7770013770704E30B07DA03C75B
:10269C002703134707082389E70203C587000D3377
:1026AC0045B39387C1E383C737002386F18A620958
:1026BC001359894181466352090283D7018B9306D2
:1026CC0000043E8763F4F6001307000442074183BD
:1026DC00998F9376F70F2398F18AB7870040238060
:1026EC00D702130700FC29A29387C1E383C72700F5
:1026FC002387F18A6DBF9387C18A83C70700238E16
:10270C00F1E275B79387E18ACDBF2D47636EF70C65
:10271C0017A70100130747F98A07BA979C43BA9782
:10272C00828783473400034724009946A207D98F38
:10273C0013D78700630AD71863EFE600894663084E
:10274C00D70C0D46630FC71285476302F704930439
:10275C00F00F8147A9A0930710026304F70C9307AD
:10276C0020026304F70E9D47E313F7FE1306900354
:10277C0097A501009385A5FD172500201305254F6E
:10278C00EF80F122972700209387474E69A097A7E7
:10279C000100938767FF23AAF18A8144C947C207C6
:1027AC00C18363F437012398F18A9387018B03D695
:1027BC0007009307000463F4C70013060004138A90
:1027CC00418B9319060183250A0093D909014E8682
:1027DC002285EF80D11D03260A004E9623AAC18ABA
:1027EC009307F00FE395F4ECB78700401307F0FC68
:1027FC002381E702B787004009472383E700F240B3
:10280C006244D2444249B249224A0561828097A768
:10281C0001009387A7F323AAF18A81449307B0039D
:10282C00BDBF8347440089CB0547E392E7F297A7E6
:10283C000100938757F429A097A70100938727F2EB
:10284C0023AAF18A8144A54799BF8347440099EB99
:10285C0097A70100938747E823AAF18A814493073D
:10286C00E00335BF0547639AE70617A70100130776
:10287C00A7EA23AAE18A8144A386F18A930740033D
:10288C0039BF93F7F70F0547638EE7008DC7E390C9
:10289C00D7EC97A70100938767F123AAF18A8144AB
:1028AC00B147F5BD97A70100938747EF23AAF18A9B
:1028BC008144B947EDB597A701009387A76623AA72
:1028CC00F18A81449147E1BD97A701009387C7EE38
:1028DC0023AAF18A8144A947D9B581449307F00F03
:1028EC007DBD834724002398F18AD1B383C7C18966
:1028FC002300F40003D7018B8547E3FAE7DA854719
:10290C00DDB783472400238EF18855B31377F90183
:10291C0089476310F70A834744008D466382D706C4
:10292C0063EEF6008546638FD706E39FE7EA3787A9
:10293C0000408347A70293F7370795A01307200899
:10294C006387E704130730086381E7021307100855
:10295C00E39CE7E8378700408347670293F7C70B90
:10296C0093E727002303F70299B337870040834787
:10297C00E70293F7C70B93E727002307F70205BB82
:10298C00378700408347E70293F73707FDB7378750
:10299C0000408347A70293F7C70B93E72700230553
:1029AC00F70231B3378700408347670293F7370745
:1029BC0055BFE31B07E28347340003472400A207FB
:1029CC00D98F0547E395E7CE83C7218B93F7E70FA4
:1029DC002389F18AE9B91377F90189476314F70A56
:1029EC008347540083464400A207D58F8D466380ED
:1029FC00D70663E0F6028546638DD706E396E7DEDD
:102A0C00378700408347A70293F7370793E7C70040
:102A1C0079B7130720086385E70413073008638F21
:102A2C00E70013071008E391E7DC37870040834782
:102A3C00670293F7C70B93E737002DB73787004032
:102A4C008347E70293F7C70B93E737003DB7378708
:102A5C0000408347E70293F7370793E7C70031BF7E
:102A6C00378700408347A70293F7C70B93E73700DC
:102A7C003DB7378700408347670293F7370793E7E3
:102A8C00C700CDB5E31207D68347340003472400B3
:102A9C00A207D98F0547E39CE7C083C7218B93E737
:102AAC0017003DB723000400B1B59375F9018947B0
:102ABC00639FF50A2300040098428347570003469E
:102ACC004700A207D18F0D46638BC7046361F602E2
:102ADC0005466384C7086386B7069C42A38007003B
:102AEC0003D7018B8547E3F4E7BC8947EDBB93051E
:102AFC0020086383B70493053008638BB7009305F4
:102B0C001008E39CB7FCB787004083C7670229A075
:102B1C00B787004083C7E70293F7370401A8B7874C
:102B2C00004083C7E702314693F7C708E397C7FA1B
:102B3C0085472300F70055B7B787004083C7A70226
:102B4C00E1BFB787004083C7A702B14593F7C70819
:102B5C00E395B7F82300C70049B737860040034612
:102B6C006602B1451376C608E319B6F6D9B7B5F5C2
:102B7C002300040003C7218B19C398425DBF9C42FC
:102B8C002380070099BF9376170085C20947A3815C
:102B9C0007002381E7022383E7022385E7022387CB
:102BAC00E70205472383E700828093764700FDDA2E
:102BBC0003C757001147FDB7797126D206D622D428
:102BCC004AD04ECE52CC03C88500A14413780802DB
:102BDC006311080683C8050009482E848144639A52
:102BEC00080503A84500AA89328A834718000348C0
:102BFC0008003689A207B3E70701C2070D68C18731
:102C0C00130828906380070581440357A400972775
:102C1C00002083D7070F631EF7009387818B9C439B
:102C2C0089CB0D473AC22316210152C44C004E8564
:102C3C008297B2502254268502599254F249624A24
:102C4C00456182808547EF40D07EAA845DFD9387E5
:102C5C00818B984355DB83471A0083460A004C004E
:102C6C00A207D58FB337F00085073EC24E85029779
:102C7C0069BF011117A501001305C5B722CC26CADF
:102C8C002EC606CEB28436C4EF80616FB2452144A5
:102C9C0083C78500C18B9DEF03C60500894701449E
:102CAC00A2466319F602D841834717000347070071
:102CBC00A207D98FC2070D67C18713072790639BA3
:102CCC00E700CC452390C6002685094697100020C6
:102CDC00E780E0382285F2406244D244056182806C
:102CEC0041677917630CE502411122C406C685477A
:102CFC002A84639AF50022852244B2409385C10749
:102D0C0041016F60B03A89476396F5008545EF80C5
:102D1C00305875D1B24022444101828082804111E9
:102D2C0026C2AA8441659385C1077D1506C622C4B7
:102D3C00EF60D037170500001305C5FAEF80D04CB3
:102D4C0097260020938646FC41469945172500207E
:102D5C00130585F5EF60B02A2A8419C517A5010063
:102D6C00130505AAEF80A1612285B240224423AC51
:102D7C00918A92444101828041119385C10706C614
:102D8C00EF40F067B2407D1513351500410182808C
:102D9C00411122C42E849385C10726C206C6AA847B
:102DAC00EF40F065058915C1972700209387C7EF81
:102DBC0083D7A702A285B2402310F40022442685B3
:102DCC009244014641016F50903EB24022449244DD
:102DDC004945410182808357250003550500338501
:102DEC00A740420541818280AA8705C21307F6FFDE
:102DFC00B376C700054599EA23A00700CCC32394FA
:102E0C00C7002395E7000145828005458280232079
:102E1C00050082802A8725C1835605008357A500AB
:102E2C00B697835625008507958FC207C183BE864A
:102E3C006373F600B286C206C1820D4595CF8147F9
:102E4C001396070141826364D60001458280338664
:102E5C00F500034806000355A70003562700850715
:102E6C00718D50432A962300060103562700050650
:102E7C002311C700F1B711458280AA871145B1CF44
:102E8C0029CE83D6070003D72700158F835606005B
:102E9C00420741836373D700BA86C206C1820945D3
:102EAC000DCF01476366D7002310D6000145828001
:102EBC0003D5070003D8A70033780501C843429512
:102ECC00034805003385E50005072300050103D5FC
:102EDC00070005052390A700F1B782804111130567
:102EEC00800406C697100020E780C09C371700406E
:102EFC008327870A8D451305002093E70720232499
:102F0C00F70AEFE0BFBAEFE05FD317A50100130596
:102F1C0025C4EF80C146EFF04F92EFF0CFA3EF60E6
:102F2C0001525D21B521EFF08FAA37955B00130597
:102F3C0005D8EFE05FCC372700408347270093E7A5
:102F4C0017002301F700B7E700E0416723A0E71063
:102F5C0097100020E78020B22A86B305B04017A551
:102F6C0001001305E5996F80E12F9C410947638FA0
:102F7C00E7000D476382E70205476393E704AA85E0
:102F8C0017A501001305458E6F80C12DAA8517A5C5
:102F9C0001001305A58FCDBF411122C42E8483D50A
:102FAC00850017A501001305A59006C6EF80812B9F
:102FBC008345840048402244B24041016FE08FE1D8
:102FCC00828041119397050122C406C626C24AC0CD
:102FDC00C1872E8463DF070003C55182652311C1AD
:102FEC002D2B2165218DB24022449244024941018E
:102FFC00828093F7150091CF17260020130686D1F7
:10300C009385C18C03C55182EF50916E134514000A
:10301C00D9BF93F7850099CF83C751821307400618
:10302C0081465146A14503D5018EEF50D16513451C
:10303C00840055BF93F705010145D5D793870183CC
:10304C009C4385446389970081C70D49637DF910C2
:10305C001345040149BF03D5018E393B03D7018EBB
:10306C0019E9C167F917E315F7FE17450020130599
:10307C00E50C713BF1BF3A85EF10A06375152394F5
:10308C00A18E174500201305650BB13383D7818EB4
:10309C006364F50A174500201305450A2D3BAA85E4
:1030AC00179501001305C579EF80C11B1386818E1E
:1030BC00974500209385052A174500201305050820
:1030CC006D3B1375F50F23AA018C59F103D6818E34
:1030DC0001478146ED4503D5018E239DC18CEF4000
:1030EC00007023AEA18C630C050C03D6A18D974503
:1030FC0000209385252697100020E78040F69385C5
:10310C00818D014603D5018E6131AA8539C517958C
:10311C0001001305E573EF80E1148D4723A8F182BC
:10312C00ED451385818DEF4050030946C14503C51C
:10313C005182EF00701529BF9384418D9840A947A7
:10314C00E3E6E7F61146C14503C55182EF00D01303
:10315C009C40850723AAF18CE5BD854723A8F18205
:10316C002394018ED9B703D6818E01478146ED4554
:10317C0003D5018E239DC18CEF40606623AEA18CDC
:10318C001DCD03D6A18D974500209385A51C9710C6
:10319C000020E780C0EC9385818D014603D5018E1C
:1031AC00C53EAA8511C9179501001305256BEF8043
:1031BC00610B23A82183ADB723A8918255B789470A
:1031CC0023A8F1829DB783D7018E6390A702239128
:1031DC00B18E2392C18E2393D18E2E86179501002A
:1031EC001305856EBE856F80E107179501001305E9
:1031FC00256F6F80C11803574500011106CE83D788
:10320C00018E6315F702C167F91723A0F18E23A273
:10321C00018E85471306F100854513055030A30731
:10322C00F100EF50D179F2400561828017950100D1
:10323C0013058560EF80A114FDB77D15954763E2FA
:10324C00A712179701001307A75D0A053A951C41B1
:10325C00411122C406C6BA972E84828717950100A5
:10326C001305856B2244B24041016F80411103C7A5
:10327C00250099476314F7002E85B53F179501007B
:10328C001305856AC5B703C7250095476317F70C67
:10329C00C16703D7018EF91703D5A500630FF7009B
:1032AC00EF60A1171795010013050569EF80210D3B
:1032BC00179501001305C56A75B72390A18E83D7A6
:1032CC00E5000966130606902391F18E83D705015C
:1032DC0003C551822392F18E83D72501A1452393F7
:1032EC00F18EEF00607A0356E4008355A400179525
:1032FC0001001305A565EF70F1765DBF1795010010
:10330C001305C56685B783C5250091476397F500FE
:10331C001795010013050567B1B79947639FF50031
:10332C002285D13D8345640017950100130545673F
:10333C002244B24041016F70F1729547639AF500D7
:10334C0083471400F1F7179501001305256719BF82
:10335C001795010013050567E1BFB24022444101F6
:10336C00828082800111680006CEEFE0BF8283C7A5
:10337C00818789CB0946C14503C55182EF00C070D6
:10338C00238C01863245EFE0BF82F24005618280DA
:10339C00411113060020974500209385E5DA174567
:1033AC000020130565FA06C6EFF01FA4B240130601
:1033BC00002097450020938565B81745002013051C
:1033CC00E5D741016FF05FA201111705000013054D
:1033DC0085BF06CE22CC26CAEF00F0209384518202
:1033EC00994705442380A4002315F100130691008E
:1033FC009307803E8545130550302316F100A30436
:10340C008100EF50D15B172600201306E692D945B8
:10341C0013057030EF50B15A138681829D45130508
:10342C006030EF50D1591306A100894513051031B6
:10343C00EF50F1587000894513052031EF50315889
:10344C00172600201306C68DD5450145EF30B07404
:10345C009305000A0D45EF20E03F9305000A114546
:10346C00EF20403F7000914513057040A30381008D
:10347C0023048100A304810002C623050100EF4050
:10348C00512913067100854513050040EF40712842
:10349C003000854513051040EF40B1271306A100FD
:1034AC00854513052040EF40D12613069100854534
:1034BC0013055040EF40F1257D55EF30B07B7D5525
:1034CC00EF60A03BEFE05FA117050000130525AAF4
:1034DC00EFF0FF84C1671387018EF9171CC32322F9
:1034EC0007001385418CEF30F13C03C50400854582
:1034FC004929F2406244D2440561828023AC05FE26
:10350C001C4191E7010001000CC18280BA8703A71E
:10351C0087FF6DFF23ACB7FE82801DC18346E5FF9C
:10352C001307F00F9147639EE600411106C69710F2
:10353C000020E780E055B24081473E854101828002
:10354C0095473E85828001E9014582800145B24064
:10355C00224441018280411122C42A842105420562
:10356C009305D004418106C697100020E780A0483F
:10357C0071DDFD5723200500231285002303F50080
:10358C002105F1B71387C18E1C43411122C426C2F9
:10359C004AC006C601440149BA8489E7A165912D48
:1035AC000DC401A803C7E7FF6318A7021DC8A165D6
:1035BC00C92E9840832784FF6317E40223A6F18E5B
:1035CC00FD57232C04FE230FF4FE2285B240224427
:1035DC00924402494101828011E03E8983A787FF12
:1035EC006DBF3E84E5BF232CF9FED9BFA9C941119B
:1035FC0022C406C62A849747002083C7B7DA2E85D3
:10360C006368F400193F0D45B240224441018280A9
:10361C0083A785FF99E703C7E5FF9307F00F6305C1
:10362C00F700E53D1545CDB7238F85FE1385C18E7B
:10363C00F13522852244B240A165410199A6154578
:10364C00828023A6018E8280938701909C4399E30C
:10365C003E85828003D727006316B70003C7070097
:10366C00E308A7FEDC47E5B74111939705014AC073
:10367C0006C622C426C2C1872E8963DE070019370D
:10368C0011C1613D21653345A900B24022449244E9
:10369C00024941018280AA860145E5D901443D4792
:1036AC00B3578940858B95CB9387818F8443BD47D6
:1036BC0091E28147A2978E070545BE94331585008C
:1036CC00131405019C40C8404180829723A004003C
:1036DC0023A20400334524014DBF0504E312E4FC8E
:1036EC000144CDBF97470020938707C89C534111D5
:1036FC0022C406C61384418395C7829723AAA1824C
:10370C000840B74703009387D73F3305F502B7A7A7
:10371C002600938737ECB24022443E9523AAA1821F
:10372C0041018280974700209387C7C718409C4B64
:10373C00BA9723AAF182E9B79387018F90439746F2
:10374C00002083C636C6814713F7F70F6361D70A8B
:10375C00174700200347B7DA914763E1E70A974719
:10376C00002083C767DE918BD1EB0111680006CE78
:10377C0022CC26CAEFB030747D576308E50EB247F1
:10378C0017440020034474BF6374F40C9747002063
:10379C00938747C1C4479747002083C727BE6386DA
:1037AC00E406858BA9CFD147B384F4026372940AE3
:1037BC0097100020E78020B0B24763F3F400A6878F
:1037CC0017440020034474BB818F3384A7009747B0
:1037DC000020938767B98387470163CE0702B70739
:1037EC00C0A8636AF402B70740573E942DA0850722
:1037FC001397170032970357E7FF39D78280930747
:10380C009002B384F402858055B7E207E18763D652
:10381C0007043304854003D5618F97100020E7809F
:10382C00008219E03704C0A8974700209387C7B3DC
:10383C00DC532285829709ED974700209387C7CBED
:10384C009C4F99C7EF00312DEF108105EF0011212E
:10385C00F2406244D24405618280E37C85FAB7076A
:10386C00C0A8338487402A947DB79747002093875C
:10387C0067B3DC47E38EA7FC174700201307C7AEDE
:10388C0083464701BA84858A9DC651443384870296
:10389C009747002083C777AEE3FC87FA9710002088
:1038AC00E78060A19747002083C737AD1D8C2A9411
:1038BC00838744011DB7130490023384870205806B
:1038CC00C1BF2A9609E582800505A30FB5FEE31D4D
:1038DC00C5FED5BF81473307F5000307070019E381
:1038EC003E8582808507C5BF01112E8626CAAA8413
:1038FC00131506019305F004418122CC06CE32C685
:10390C0097100020E780200F2A8419C53246A6851F
:10391C0097000020E780A0742285F2406244D244D4
:10392C000561828081476314F60005458280330768
:10393C00F5008507B386F5000347070083C6F6FF3D
:10394C00E383E6FE014582809307F6FFBE952A9637
:10395C006313C5008280FD1583C715000505A30FF1
:10396C00F5FEFDB7814711E9014582803307F5006B
:10397C0003470700E31AB7FE8507E319F6FE054572
:10398C0082809747002083C7F7A1637FF5001387D8
:10399C00018F9317150008433E9583570500DD8D65
:1039AC002310B500014582800D458280FD57011121
:1039BC0017470020232EF79E9387019022CC80433B
:1039CC0026CA4AC84EC652C406CE56C22A8981445B
:1039DC009749002093894999174A0020130A8A9C19
:1039EC00184481476374E900B307274103A74902D0
:1039FC001CC409CB0327CA0063F6E7001747002055
:103A0C002328F79AA1E3835524009DE55C44A1E4A7
:103A1C0023A0F190832AC400228597100020E78010
:103A2C002007568455FCF2406244D2444249B249C4
:103A3C00224A924A056182800345040099375C4012
:103A4C0081CB1CC483572400F1D3A2844044D9BF3A
:103A5C001C44CDDFC5BFDCC475BF9747002083C7AE
:103A6C0077946371F5021387018F93171500084340
:103A7C0093C5F5FF3E9583570500FD8D2310B500CA
:103A8C00014582800D4582809747002083C797911E
:103A9C006364F50001458280411122C426C24AC0EC
:103AAC0006C62A842E89B284453601C504C505454F
:103ABC002DA0936504F0C205C181414597100020EB
:103ACC00E78060F30DE1974700209387E7899C5BC3
:103ADC0081C7A285114582970145B2402244924488
:103AEC00024941018280938701909C438DE323A07E
:103AFC00A19085472326050004C523112501230029
:103B0C008500A300F5002322050055B7BA87D847D6
:103B1C0075FFC8C7F9BF45C539715AD0138B818F52
:103B2C0022DC26DA4AD84ED652D45ECE66CA6AC891
:103B3C006EC606DE56D262CC3689328AAE89AA842B
:103B4C0001445A8DB94D854BF94C03270B00131CBE
:103B5C003400937AF40F62971C43A9EF13B5FA0063
:103B6C0013451500B3978B0063F65D01930714FFA3
:103B7C00B397FB0093950701C181528631371DC95C
:103B8C0083270D000145E29784C323A23701630408
:103B9C00090023005901F2506254D2544259B259CF
:103BAC00225A925A025BF24B624CD24C424DB24DAD
:103BBC00216182800504E31A94F92145E9BF094586
:103BCC008280411122C426C24AC006C6AA842E890C
:103BDC0032845D3DCA852685EFF01FA709C940C117
:103BEC000145B24022449244024941018280214560
:103BFC00CDBF411122C426C24AC006C6AA842E8952
:103C0C00EFF09FA42A8419C123110500CA852685CB
:103C1C00A935014511E01945B240224492440249AC
:103C2C00410182807547636BA7041387818F14430E
:103C3C00411126C293143500A696944222C406C69E
:103C4C00AA873A84094595C613B5F7003947134539
:103C5C0015006373F700C5178545B395F500C205CC
:103C6C00C181413F1C400145A69723A0070023A218
:103C7C000700B2402244924441018280094582806F
:103C8C00411106C6EFF05F9C09C50845B2404101E1
:103C9C0082800145E5BFF54763EDA7049387818FCB
:103CAC009C4313173500BA979843894721C70111D4
:103CBC0026CA06CE9334F50022CCB94793C414001F
:103CCC0063F3A700451505443314A4004204418056
:103CDC002EC62685A2856D378947324609C5A28531
:103CEC0026855D338147F2406244D2443E850561AE
:103CFC00828089473E858280411106C623AEA18E03
:103D0C000295B2409737002023A8A76A01454101CC
:103D1C008280994763E9B7008A059737002093871B
:103D2C00676ABE9588C18280411106C622C426C22C
:103D3C00EF50E177714681451735002013058568F2
:103D4C004936173400201304E4651306000222855B
:103D5C008145853E23A0019023AE018E973700202C
:103D6C0083C7476213D527008D8B3E958D4733054E
:103D7C00F5029947930510109384419035051375FE
:103D8C00F50F2301A4003305F5021305050F971059
:103D9C000020E78040C623ACA18E83472400130586
:103DAC00050F88C08A073E9523A8A18EEFF07F8966
:103DBC00A126834714009840170600001306068BB3
:103DCC0093962700BA9690C293862700850793F79F
:103DDC00F70FA300D400B24022448A07BA9790C3CD
:103DEC009244410182809737002083C7B75B173715
:103DFC0000200347475B63F1E702138741901843A8
:103E0C009386170017360020A30ED65893962700DA
:103E1C00369708C33E8582809307F00FE5BF1C419F
:103E2C006387071441777D8FB7060020894763119C
:103E3C00D71403574500630D0712411122C41946CC
:103E4C002A849305F00F590506C6EFF0BFB105475C
:103E5C008D476309E5101306C00381451735002013
:103E6C0013058550EFF0FFA51306C003A285173587
:103E7C0000201305654F97000020E780401E173780
:103E8C0000200357274F973700209387E74D19E7FA
:103E9C001307002097360020239EE64C173700208E
:103EAC000347674D11E70547973600202385E64CFD
:103EBC00173700200347374C11E76D479736002022
:103ECC00A38BE64A173700200347074B11E715472A
:103EDC00973600202382E64A173700200347D7493C
:103EEC0011E7054797360020A388E64817370020CE
:103EFC000347D74819E703C7070197360020A38F5C
:103F0C00E646173700200347474711E751479736D6
:103F1C0000202384E646173700200347C74619E7DD
:103F2C001307800297360020238FE64417370020B2
:103F3C000347B74419E71307D00297360020A38E26
:103F4C00E6420347D40111E7094797360020A38BBB
:103F5C00E6429C5791C78297973700202397A74436
:103F6C00E1338147B24022443E854101828089473A
:103F7C003E858280011122CC06CE2A842EC6EFF01B
:103F8C006FF6B245F240818D33A5A50222956244AD
:103F9C001375F50F05618280011122CC06CE2A849F
:103FAC002EC6EFF02FF4B245F240818D33A5A50259
:103FBC00229562444205418105618280011122CC27
:103FCC0006CE2A842EC6EFF0EFF1B245F240818D79
:103FDC0033B5A50222956244056182809737002093
:103FEC0093878738985725C3411122C426C206C629
:103FFC00BE840297173700200357273B2A8441C7FA
:10400C00BA876373A700AA87C207C183BA86637392
:10401C00E400A286C206C182958F51476355F7060C
:10402C00DC5491C38297854717370020230AF74C3D
:10403C00EF0041739737002023998736B240224412
:10404C009244410182809737002083C7674B9DE7DC
:10405C00973700209387474A83C79700850793F7C4
:10406C00F70F17370020A30DF748A18B9DC7854785
:10407C00173700202316F7486F00817497370020FC
:10408C00A3800748D5BF9737002083C76747DDD784
:10409C002244B24092444101C5B782809737002038
:1040AC009387872CD857011122CC06CE3E8401C7AA
:1040BC002AC60297324509CD23A4A19017050020EA
:1040CC001305E5201539F2406244014505618280F3
:1040DC008307440163DD07009737002023A0072ED8
:1040EC00970700209387471923A4F190C1BF970726
:1040FC0000209387471CCDBF011122CC1734002020
:10410C0013048426084406CE26CA19E50545F24058
:10411C006244D244056182805C58EDDB185C7DD72B
:10412C007000854582971844B247E301F7FE835728
:10413C00C40017350020034505249305E00433051E
:10414C00F502973400209384E425420541819710B1
:10415C000020E780408A173700202323A7265DD54F
:10416C009737002083D70721173600200346A62057
:10417C003306F6029305F00FEFF0AFF4D04C084481
:10418C009737002083D7071F08C29735002083C5B7
:10419C00851EB385F5021C5C89818297C84C9710EB
:1041AC000020E780E08E01459737002023AA0720E6
:1041BC00B9BF411122C4173400201304E41A1C4463
:1041CC0026C206C6973400209384C41DADCB1C5C5C
:1041DC00BDC7DC4C8DE78357C40017350020034561
:1041EC0085199305E0043305F502420541819710CA
:1041FC000020E78040809737002023A3A71CC84CE1
:10420C001DCD9737002083D7E716173600200346BD
:10421C0086163306F6029305F00FEFF08FEAD04CBA
:10422C0008449737002083D7E71408C2973500203D
:10423C0083C56514B385F5021C5C89818297C84CD3
:10424C0009C997100020E780A0849737002023A984
:10425C000716B2402244924401454101828001116B
:10426C0026CA973400209384E41322CCC04C4EC64B
:10427C0052C456C206CE4AC8AA8AAE89328A31ECDA
:10428C00173900201309490E8327890099E3A944A3
:10429C0071A08357C900173500200345C50D930540
:1042AC00E0043305F5024205418197000020E780C8
:1042BC0080742A8441C583274903C9C397350020DC
:1042CC0083C5650B173700200357C70AB385E50272
:1042DC002A86032589008981829791451307A005B9
:1042EC00898193972500A29783C607006395E604FE
:1042FC0083C61700639E560385058A054E86A295D4
:10430C00528597000020E78080D5DC4C8144638780
:10431C008700228597000020E7808077F240624476
:10432C0026854249D244B249224A924A056182808A
:10433C0083D5270075B7DC4CE38B87F42285970077
:10434C000020E780E074A1B7973700209387C7015E
:10435C00984729CB9C5FB9C785466315D504411195
:10436C0022C4173400201304E403504C06C61DC6A7
:10437C009736002083D606009735002083C5A5FF0D
:10438C00B385D5023A8589818297484C97000020E5
:10439C00E78000709737002023A40702B240224424
:1043AC00410182808280973700209387A7FFD84FE6
:1043BC00011122CC26CA4AC852C406CE4EC62A893E
:1043CC00AE8432843E8A35E7973900209389C9F947
:1043DC0083D7C900173500200345E5F99305E004A0
:1043EC003305F5024205418197000020E780A0606B
:1043FC009737002023A6A7FC2A8611E92945F2400D
:10440C006244D2444249B249224A0561828003A5E2
:10441C00890005C183A7490389CF9735002083C53F
:10442C0085F5173700200357E7F4B385E50289813A
:10443C0082970325CA0191461308A005FD5593D711
:10444C002600C207C183139727002A97034607004B
:10445C00631B060383481700035627006393280346
:10446C00B306D64063CD960085078A073E9526860F
:10447C00A28597000020E78080BE014549B7A300C4
:10448C00B700B2866DBF173600200356A6EE9735DF
:10449C00002083C545EEB385C50233869600110610
:1044AC00E3EEC5F413863400719A1106B29623001C
:1044BC000701A30027012311D7007DB797370020F0
:1044CC00938747EED44F8DCE91471306A0059305E5
:1044DC00F00F89838A07B69703D7270003C5070017
:1044EC0009830A073697631DC50003451700631639
:1044FC00B500035727002391E70083D72700D1BFCE
:10450C000145828083C705002300F50083D7250071
:10451C00A300F50083D72500A1832301F50083C7F1
:10452C004500A301F5001145828023A8019023A624
:10453C000190828029C1411126C206C622C4AA84D8
:10454C0001458DC52E8422854146978501009385B2
:10455C00254897000020E78080B083C704000545FC
:10456C002306F40083C71400A306F400B2402244CF
:10457C0092444101828001458280011122CC26CADD
:10458C0006CE0947AA8432846381E50441468147FB
:10459C00639BC500638FE6006397B6000DA8414787
:1045AC008147638EE600F2406244D2443E85056149
:1045BC0082808A852285BD3F41468A8519A88A85D5
:1045CC00953F41468A85228531A0E39AB6FC2E861A
:1045DC00A2852685EFF00FB5AA87F1B723A8A19085
:1045EC008280011122CC0354650006CE26CA4AC82B
:1045FC004EC641C083298500AE842A8803C90900B0
:10460C00814713178901618763550702B147054537
:10461C0063FA870451144204035528004180338700
:10462C008900A2864E868545EF90D045B337A00011
:10463C0085077D1413556900420405891379F90324
:10464C0041802380F400A380A400238124012392C1
:10465C008400014719C01387190098C40947638364
:10466C00E7000145F2406244D2444249B249056137
:10467C0082800545C5BFC167F917630AF502D947A2
:10468C0063F7B702011122CC2EC606CE2A84EF5056
:10469C00903DB2456368B50022856244F2400561E5
:1046AC006F700042F2406244054505618280054509
:1046BC008280C167F9176314F5006F50D03A41112D
:1046CC0006C6EF70A02F11E15D45B240410182801A
:1046DC0039714ED656D25AD006DE22DC26DA4AD8AA
:1046EC0052D4AA8A2E8BB28941EF36C6D93791455E
:1046FC00EF501047AA844D492DC9B246054A238074
:10470C0034010544630A0B00B68513851400029B23
:10471C000505131405014180E20993D9894163D33E
:10472C000902C1455685EF70A036654905E9338607
:10473C008400A2852685EF90E0782A8905E1310472
:10474C004204418091472C085685231CF10026CE4B
:10475C00231D8100EF60704B2A8901C963070A0091
:10476C00268597000020E780A032F25062544A85DB
:10477C00D2544259B259225A925A025B2161828018
:10478C00BA84014AADBF011122CC26CA4AC84EC612
:10479C0006CE2A893284B689253FAA8405E19387FF
:1047AC0001919C4381CF05476317E40003C40900C2
:1047BC0005041374F40FA2854A858297F240624473
:1047CC0026854249D244B24905618280AE860147B2
:1047DC00054697050000938525D375B7011106CEC4
:1047EC002EC6EF70201A01C9B245F24003552500C0
:1047FC0005616FA0E03AF240494505618280A38EC5
:10480C000192238E019223A2019223A4019223A64A
:10481C00019223A8019223A0019223AE0190973715
:10482C0000209387E7BB3707B40098C33747A00035
:10483C00D8C3370710009306070A94C7B706500071
:10484C00C106D4C7930607054107D8CB3707D00755
:10485C00410798CF37070F0098D337C707001307C6
:10486C0007B8D8D3416794CB93060701130717F801
:10487C00D8D7417723AE070094D798DB82800111FB
:10488C0026CAAA84214522CC06CE2E8432C636C432
:10489C003AC2EFE05FCB1DC9A246124732469307DE
:1048AC0000FD2300F5009947A30095002301F500B6
:1048BC002303D500A303E5002312C500AA85228596
:1048CC006244F240D24405616FE05FD2F240624430
:1048DC00D2440561828023A2A192828023A4A1925A
:1048EC00828023A6A192828023A8A19282800111AA
:1048FC0022CC4AC806CE26CA2A890144B3048900B0
:10490C006368B400F2406244D2444249056182803B
:10491C002EC6EFE03FDD93170501C183A183B2459D
:10492C002380F4009307140093F7F70F850463F9C1
:10493C00B700CA9709042380A7001374F40F7DBF36
:10494C003E847DBFC16717350020035505ADFD17AB
:10495C006302F502411103C6819C9385419306C6FF
:10496C00EF60106CB240FD57173700202317F7AAE1
:10497C0041018280828009C925151375F50F133505
:10498C00850E134515008280014582802380050029
:10499C00F94763E2C708797122D426D24ECE56CAA3
:1049AC005AC806D64AD052CC5EC63684B289AE8A74
:1049BC002A8B814463FF3405B307940003CA0700B4
:1049CC00138914001379F90F63050A04B3072A013C
:1049DC0063C1F904B307240183CB07005E85613FF3
:1049EC000DC99307FAFF2380FA0063906B0313053C
:1049FC0019002295B250225492540259F249624A3B
:104A0C00D24A424BB24B45618280D29493F4F40F5C
:104A1C0055B70145C5B701458280411126C2AE8408
:104A2C0022C49737002023A1C7A09737002023ABBF
:104A3C00B79E9737002023A5A79E2A84414693054D
:104A4C00F00F26854AC006C60549EFE0BFF1631E8C
:104A5C002503973700209387E79B884BC145413D41
:104A6C0041469305F00F2285EFE0DFEF8544631696
:104A7C0095022244973700209387C799B2409244FD
:104A8C000249C847C14541019DB54146814526852E
:104A9C00EFE05FEDE31625FD6DBF414681452285B4
:104AAC00EFE05FECE30795FCB240224492440249EC
:104ABC0041018280411122C426C22E84AA8413068D
:104ACC0000028145173500201305C59406C6EFE09A
:104ADC005FDF97370020A3809794A385819CEFA07C
:104AEC00A00D854719C181474945B240224417376B
:104AFC0000202301F792924441018280814781CDAD
:104B0C0019C98547631BF50083C7550093E707FC5C
:104B1C00A382F50085473E85828089476317F5009F
:104B2C0083C7550093F7F703E5B70D478547E314A3
:104B3C00E5FE03C755001377F70313670704A38239
:104B4C00E500D1BF81478DC105C103C75500930650
:104B5C00000C85471377070C6308D70093060004F5
:104B6C008D476303D70089473E858280411122C45B
:104B7C00005D06C626C21DC8AA84085009C5970048
:104B8C000020E780E0F0485009C597000020E7803E
:104B9C0020F0085409C597000020E78060EF2285BB
:104BAC0097000020E780C0EE23AC0402B240224400
:104BBC0092444101828009ED9737002083C7A78575
:104BCC00173500201305858681CB13854191828092
:104BDC001735002013058585828017350020034585
:104BEC0085838280973700209387C782C84782804D
:104BFC009737002093870782884B82809737002055
:104C0C0093874781DC4B88438280973700209387BA
:104C1C006780D84B1C4385071CC317250020034510
:104C2C00957F9307F00F6305F50091656FE07FD5D5
:104C3C008280011122CC06CE2E8432C6EF60D06366
:104C4C009147B245631FF500938701939C438DC335
:104C5C0003A30700630E030022856244F240056142
:104C6C000283938781929C4381C703A34700DDB7DE
:104C7C00F2406244054505618280011122CC2A84F0
:104C8C000355450006CE26CA4AC84EC6EF601047EB
:104C9C0035C52A89834405008349C500C13D4A8531
:104CAC00EF70103703554400EF60905883C7C193E1
:104CBC00B1CB6399970483C5D1932685EFF01FB2CE
:104CCC0019E1238E019203554400EF60F05A91478D
:104CDC00631FF500035744009727002083D7E77321
:104CEC006317F700FD57172700202318F772F240BF
:104CFC006244D2444249B24905618280814993049D
:104D0C00F00F6DB79307F00FE38FF4FA834664004E
:104D1C0003564400034524004E87A685EFF03FB6AA
:104D2C005DB779715EC6AA8B2E8552CC56CA5AC80D
:104D3C0006D622D426D24AD04ECEAE8A328B368AB2
:104D4C00EF60D03B6DC1045D2A89F1CC9C5061456C
:104D5C0099C3130540039C5481C7510542054181F9
:104D6C0063050A00710542054181DC5081C7590574
:104D7C0042054181EFE02FFD2A8455C561468145EE
:104D8C00EFE03FB49729002083C989686394090038
:104D9C0083490900930700FD2300F400A947A300F1
:104DAC0074012301F400230364018C502312540179
:104DBC001305840191C908C47146930A440397F002
:104DCC00FF1FE780C02956858C5491C948C45146B1
:104DDC00930A450197F0FF1FE78060285685630C06
:104DEC000A0008C87146D285930AC50197F0FF1FC7
:104DFC00E780E0265685CC5099C548C8594697F0AF
:104E0C00FF1FE780C025A2854E85EFE02FFE2254C0
:104E1C00B2509254F249624AD24A424BB24B4A8542
:104E2C0002594561A1B3B250225492540259F2492D
:104E3C00624AD24A424BB24B4561828001114EC646
:104E4C00AA892E854AC806CE22CC26CA2E89EF60A6
:104E5C00F02A31C59724002083C4845B99E08344F5
:104E6C0005001945EFE02FEE2A8415C98145194636
:104E7C00EFE03FA5930700FD2300F400B947A30022
:104E8C0034012301F40023122401A2856244F24070
:104E9C004249B2492685D24405616FE02FF5F240B4
:104EAC006244D2444249B2490561828039715ECE76
:104EBC00AA8B2E8526DA4ED652D456D25AD006DE7E
:104ECC0022DC4AD8AE84328BB68A3A8ABE8942C674
:104EDC00EF60D02231C92A894145EFE0CFE62A8420
:104EEC0021C541468145EFE0DF9D17250020034594
:104EFC00255219E103450900930700FD2300F40036
:104F0C00BD472301F400B247A3007401231294009F
:104F1C0023046401A304540123054401A3053401B3
:104F2C005CC4A285EFE08FECF2506254D25442592B
:104F3C00B259225A925A025BF24B216182807971EA
:104F4C0026D2AA8439454AD04ECE06D622D42EC6B5
:104F5C00B2893689EFE02FDF21C1B2459307000DEE
:104F6C002310F500B1472A842312B5002301F50064
:104F7C00CE851905194697F0FF1FE780400E2306D2
:104F8C002401A2852254B2500259F24913F5F40FB0
:104F9C00925445616FE08FE5B250225492540259FD
:104FAC00F24945618280172700200347D7469307B3
:104FBC00F00F630DF706411126C2AA84394522C4AD
:104FCC0006C64AC0EFE02FD82A8439C9930700FDE2
:104FDC002300F500A3009500230105009725002070
:104FEC009385C5440D05194697F0FF1FE7802007F0
:104FFC00172900201309094283578900A285172518
:10500C000020034555412315F4008347190023065E
:10501C00F4002244B2409244024941016FE00FDD9A
:10502C00B2402244924402494101828082800111A3
:10503C0056C2AA8A314526CA4AC84EC652C406CEA2
:10504C0022CCAE84328AB6893A89EFE0CFCF29C917
:10505C002A842685EF60900A1DCD03450500930731
:10506C0000FD2300F4009D47A30054012301F4002C
:10507C002312940023134401231434012315240117
:10508C00A2856244F240D2444249B249224A924A31
:10509C0005616FE0AFD5172500200345D537C1B7A3
:1050AC00F2406244D2444249B249224A924A0561D2
:1050BC008280397162CC2A8C594526DA4AD84ED670
:1050CC0052D456D25AD05ECE06DE22DCAE8432C624
:1050DC0036C4BA8B3E8BC28A468A83590104034973
:1050EC004104EFE04FC635C53246930700FDA2469A
:1050FC002300F5009547A301C500A30085012301FA
:10510C00F5002A8419461105A9C2B68597F0FF1F30
:10511C00E780E0F423066401230A240123157401BB
:10512C00231754012318440123193401A285625416
:10513C00F2504259B259225A925A025BF24B624CCB
:10514C002685D25421616FE06FCA8145EFE06FF77D
:10515C00D1B7F2506254D2544259B259225A925A8F
:10516C00025BF24B624C216182809727002083C73F
:10517C00872A8DCB4111AA8519461385419106C604
:10518C0097F0FF1FE780A0ED938541911725002034
:10519C0003456528EFF09F96B2401385419141017C
:1051AC006F90102201458280411106C622C426C28E
:1051BC0017270020034737269307F00F6308F704DF
:1051CC00AA842945EFE02FB82A8429C1930700FD52
:1051DC002300F500A1472301F500A30095009727B4
:1051EC0000209387272383C72700938541911105BE
:1051FC00A30FF5FE194697F0FF1FE78040E6A28546
:10520C001725002003453521EFE04FBE172700205E
:10521C000347872085476315F7029387C1929C4308
:10522C0081C79C4791C382972244B24092445D66E9
:10523C0003C5819C13060670914541016FE07F9870
:10524C00B2402244924441018280797122D406D624
:10525C0026D24AD04ECE52CC094445C92A89035590
:10526C0005002E8A5144EF606069AA8459CD83C72A
:10527C00B19CFD1793F7F70F054749446377F7087F
:10528C000347C500A1476314F70063100A089C5C30
:10529C004544A5EF9165938545711305C00297F0C0
:1052AC00FF1FE780407588DCAA894D4439CD130671
:1052BC00C0028145EFE0EFE0835709009386490077
:1052CC0036852391F90071469305490036C697F04F
:1052DC00FF1FE780C0D889472380F90003C5C400AD
:1052EC00B24603560900611583C5819C1335150020
:1052FC00EF80906C2A8463060A00D2852685EF70B5
:10530C00407C01C42685EFF07F862285B250225462
:10531C0092540259F249624A4561828083C7B19C1A
:10532C00FD1793F7F70F05476378F708894751C6C0
:10533C00011122CC26CA4AC84EC652C406CEAA892E
:10534C00368AB2842E89EF60605B2A84D14729C9E2
:10535C00485509C597F0FF1FE7808073F1452685F6
:10536C00EFE08FD848D4CD4705CD8346C400214704
:10537C008147639FE600630D0A000347A5010356AE
:10538C00050193062501AA854E85EF60706BAA87EF
:10539C0003474400630F0900136767002302E4000E
:1053AC00F2406244D2444249B249224A3E850561E8
:1053BC00828013674700DDB7C9473E858280E1478D
:1053CC0063EBA700972700209387870106053E957E
:1053DC0003550500828041657D158280011122CC28
:1053EC002A842E8526CA06CEAE84EF6020510DCDC0
:1053FC00B7470F009387F723094563E2870281457E
:10540C000A854146EFE0EFCBA685231081000A8583
:10541C00418023018100A3010100EF80503CF24048
:10542C006244D244056182804945D5BFA384A19CC6
:10543C0082806F803051797152CC2A8A328522D485
:10544C0026D24AD04ECE56CA5AC85EC606D662C4BA
:10545C00AE8BB28A368BBA843E89C2894684EF60A1
:10546C00E04915C92A8C63140A0213774B00834751
:10547C00450015CF93E727012302FC008DEC631C3C
:10548C000902639A090205E8ED9B2302FC00832BB9
:10549C008C03639F0B06B250225492540259F2496A
:1054AC00624AD24A424BB24B224C45618280F59BF8
:1054BC0093E70701D1B793E747002302FC0001CC27
:1054CC001C484146A2852324FC0213058C0197F04D
:1054DC00FF1FE780C0B863910B02D5D80325CC021F
:1054EC0009C597F0FF1FE780A05AF1452685EFE02C
:1054FC00AFBF2326AC0261BFE30B09F80325CC0236
:10550C0009C597F0FF1FE780A058F1454A85C5B73C
:10551C009DC483A70B0299EB9165938535717145F9
:10552C0097F0FF1FE780204D23A0AB0203A50B02D1
:10553C0019C57146A68597F0FF1FE78040B26388B6
:10554C00090283A74B0299EB916593852571594507
:10555C0097F0FF1FE780204A23A2AB0203A54B0262
:10556C0019C55946CE8597F0FF1FE78040AF1DC483
:10557C0083A78B0299EB916593851571514597F033
:10558C00FF1FE780404723A4AB0203A58B0219C57C
:10559C005146A28597F0FF1FE78060AC2254B250B1
:1055AC009254F249B24B224CCA865A860259424B4B
:1055BC00D6855285D24A624A45616FF08FF6011149
:1055CC0026CA52C406CE22CC4AC84EC62A8AAE84FB
:1055DC00EF60C03225C5AA893945EFD0DFF62A84A1
:1055EC0031CD172900200349A9E26314090003C92E
:1055FC0009009307000D2310F400AD472301F400BC
:10560C009385690013053400194697F0FF1FE78056
:10561C0000A593F71400858085882306F400A30663
:10562C00940023154401A2856244F240D244B2494D
:10563C00224A4A85424905616FD05FFBF2406244C1
:10564C00D2444249B249224A056182809387C19172
:10565C00884301CD411106C697F0FF1FE7804043F8
:10566C00B24023AE0190410182808280011106CEAE
:10567C0022CC26CA4AC82EC6EF60402839CDB24586
:10568C00172900200349C9D8AA840CD56314090032
:10569C00034905004145EFD01FEB2A841DCD93072C
:1056AC00000D2310F500A5472301F50083C7540016
:1056BC00938564001105A30FF5FE194697F0FF1FA3
:1056CC00E780E0999C54A285F2405CC46244D244C9
:1056DC004A85424905616FD07FF1F2406244D24461
:1056EC00424905618280797122D406D62A842EC65D
:1056FC00EF60C0200DCD8346C5001147AA874945F0
:10570C006393E6029C5FB24599C383C567010808A1
:10571C00EF702044978600009386A6C9100889452F
:10572C002285EF60B036B2502254456182805145DB
:10573C00DDBF83C7B19CFD1793F7F70F0547637A5D
:10574C00F704894721CA411122C426C24AC006C6A1
:10575C00B2842E89EF60801A2A84D14705C563086C
:10576C0009008347450093E727002302F5004146D3
:10577C00A6851305840197F0FF1FE780408E9C4897
:10578C001CD48147B2402244924402493E854101D7
:10579C008280C9473E858280797122D406D62A84BC
:1057AC002EC6EF60A01501CDB2452285230EB100A7
:1057BC006C08EF70802DB2502254456182805145A7
:1057CC00DDBF6F602021C1671387E7FF6394E5029B
:1057DC00938781929C4391EB494582804945B24025
:1057EC002244924402494101828003A30700E3054D
:1057FC0003FE0283411122C426C24AC006C6FD170D
:10580C002A892E84B2846395F502938781929C43F6
:10581C0091CB9C4381CB829711E5238E2193A38E50
:10582C00919275BFA6854A85EFE05FFB4DF9F5B700
:10583C002E85EF60A00C5DD1834705000D45E390EC
:10584C0027FB22852244B2400249A685924441019D
:10585C006F900035E14763E8A70441677D178947DE
:10586C006384E504411122C426C206C6C547AE8432
:10587C002A84631AF5001305C0033385A50242057B
:10588C004181EF9060391315140017240020130484
:10589C0024B52295B24022442310950081479244AE
:1058AC003E854101828089473E858280011106CE6A
:1058BC002AC6EFE0DFF4EF00107FEF00A072EF30AC
:1058CC0041773245972700209387C7B4130700F020
:1058DC002391E700238207007D579387819CA38047
:1058EC00E7002380A700F240954505616F405023E7
:1058FC005D7193970501CAC086C6A2C4A6C24EDECE
:10590C0052DC56DA5AD85ED662D466D26AD0C187D7
:10591C002E8963D0074C03C5819CEFD0BFC6896428
:10592C00416A856A797B2A84938BD4007D1AA50AF7
:10593C00691B15E021653345A900B6402644964401
:10594C000649F259625AD25A425BB25B225C925CB3
:10595C00025D61618280834704001307200A639D06
:10596C00E70003552400172C0020034CDCAA2286E8
:10597C00D285EFF00FAC3DAA1307100903CC919C14
:10598C006397E716834714001547639EE70022854B
:10599C00EFF0AFAE2285EFD05FB803C5819CEFD09E
:1059AC007FBE2A8479B739476399E71603554400BB
:1059BC00631B55050C4483C90500639D09008505CF
:1059CC0091C9194617250020130545A697E0FF1F1E
:1059DC00E780E068172700200347C7A385476318B3
:1059EC00F710638A090097270020238507A24E85AC
:1059FC00EFF06FDB45B7894717270020230CF7A082
:105A0C00EF90C01B41BF93872400631AF5068329CE
:105A1C008400638E090C83C709008DE383C72900BA
:105A2C0003C71900A207D98F172700202318F79E48
:105A3C0083C7390017270020A30EF79C17270020D7
:105A4C000347479D89476314F70A83C7090081CB35
:105A5C00972700202380079C03C5090051BF8D4761
:105A6C009725002083C5159B172500200355059B02
:105A7C00172700202300F79AEF40900DF1BF938772
:105A8C0054006318F5001C4403C50700EFF0CFF178
:105A9C0011B7B3076501C207C1831147636FF700E4
:105AAC009387C1929C43E38707EE9C43E38407EE04
:105ABC0022858297E31005EE1DA89387B400631F1F
:105ACC00F500938741929C43E38607EC9C43E38368
:105ADC0007ECA2851385B4008297E9BF9387C400B5
:105AEC006310F5021C4483C70700E38507EA93079C
:105AFC00F00FE301FCEAA2856285EFD03FAF71BDE8
:105B0C009387E400E315F5FE938781929C43E3832E
:105B1C0007E8DC43A285E9F3B5BD3D476397E7048D
:105B2C0003554400E30275FF93879401E30EF5FCE3
:105B3C0093873401E31DF5FA9727002083D7E78D6F
:105B4C00639E4701938781929C43E38507E4DC4382
:105B5C00E38207E4A28513853401BDBF93870193CB
:105B6C009C43E38907E29C43E5B71307E003E3900A
:105B7C00E7F88347240005476396E70E83476400E4
:105B8C00138DC191F1E383270D00D5CB03CC070016
:105B9C00A14903457400930C8400E685EFE09FFA5D
:105BAC0083474401A303A400835804010358E40071
:105BBC00035744002A86034534003EC28357240110
:105BCC00E686E2853EC0CE87EFF0AFCE8347340049
:105BDC0095E7DD47835804010358E40083467400BD
:105BEC00835544003EC2835724013EC06687CE874E
:105BFC0005466285EF50D07DA301A40083270D00DC
:105C0C0081C71145EFF09FA403C5C193E30405D8E8
:105C1C0083C5D193EFE09FBCE30E05D683463400D9
:105C2C0093071003638AF600035644004E8783C51E
:105C3C00C1933685EFE0BFC4238E0192A1BB171C24
:105C4C000020034C5C7DA9B79387C1929C43171C21
:105C5C000020034C5C7C91498DDFDC439DDB0145CE
:105C6C00829705BF2947639DE70883476400138D1E
:105C7C00C191ADEB83270D00ADC303CC0700A14947
:105C8C0003457400930C4401E685EFE0BFEB8347BA
:105C9C000402A303A4008358C4010358A4010357AE
:105CAC0044002A86034534003EC28357E401E6864D
:105CBC00E2853EC0CE87EFF0CFBF834734009DFF17
:105CCC00DD478358C4010358A401834674008355EF
:105CDC0044003EC28357E40109BF171C0020034C4B
:105CEC009C7371BF9387C1929C43171C0020034C7B
:105CFC009C729149D1D7DC43C1D70145829749B7F2
:105D0C000947639DE700938741929C43E38407C84E
:105D1C00DC43E38107C822858297ADB92D4763998F
:105D2C00E700938741929C43E38607C69C47D5B70F
:105D3C000D476397E70022868D450355440015B93E
:105D4C0019476395E7069305610113051031EF3090
:105D5C0041392C0813052031EF30A138035664006B
:105D6C00835781010355440063E8C70083568400C0
:105D7C000357610163F7E60093050002EF80D068DA
:105D8C0011B96374E6002313E40063F4D700231401
:105D9C00F4000357C4008356A400035684008355B3
:105DAC00640001488147EF80F065EDB61D47E39034
:105DBC00E7D403574400E3ECE7D29717002093870E
:105DCC00A76F06073E9783576400F1172310F7005F
:105DDC0039BB93F7150081CF938741929C4389C7B8
:105DEC00DC4399C30145829713451900B9B693F763
:105DFC00250081CF9387C1929C4389C7DC4399C30B
:105E0C0005458297134529000DBE93F745000145C2
:105E1C00E38507B29717002083C71760A5C7FD1746
:105E2C0093F7F70F17170020A308F75EA1EF9387DE
:105E3C0001929C4391CF854717170020230EF75CE6
:105E4C009387C1929C4389C7DC4399C305458297CC
:105E5C00971700209387075CC8472C08EF804001F8
:105E6C002808EFF08FB0971700209387675783D7D8
:105E7C002702914503C5819C17170020A30EF758E4
:105E8C00EFD03FD7134549004DBC411122C42A84A1
:105E9C00554506C6EFF0AFD2B335A000228522449B
:105EAC00B24041016F801053797122D406D68D47D0
:105EBC002E84631FF50003D7A50083D6850003D677
:105ECC0065000345340083D54500EFF04F9609A8D3
:105EDC0089671387D7006310E50403C5250019E50E
:105EEC008547B25022543E85456182809387C1918B
:105EFC009443FDD603C6360083C50600814802C212
:105F0C0002C00148814701479106EFF08F9A054581
:105F1C00EFF0CFF3F1B71387E700E303E5FC13874A
:105F2C003701631AE50003C525005DD90147814699
:105F3C000146814559BFE507E304F5FA41677D1732
:105F4C008147E310E5FA03C75500C947E31AF7F890
:105F5C0083D6E50003D6C5000355840083D5A50080
:105F6C00EF80104C21C15D45EFF06FC53335A000BB
:105F7C00231EA10083454400035524007008EF50F4
:105F8C00900B8357C101A9FF0357E4008356C4004B
:105F9C000356A40083558400035524000148EF8068
:105FAC0070443DBF8547231EF100E9B7C1671387D5
:105FBC00E7FF639DE5009387C1919C4395C383C71D
:105FCC0007000D47639CA7006F801041FD174947E0
:105FDC006396F5009387C1919C43FDF73A858280C7
:105FEC004947EDBF2384019423A8019423A601946F
:105FFC009717002093870744170700001307E72320
:10600C0098C31707000013070727D8C3170700000A
:10601C001307275998C79387019417070000130794
:10602C0027F998C317070000130747E8D8C38280E5
:10603C00011122CC138401951C4006CE26CA4AC8F5
:10604C004EC652C499CF2E8AAA84014908406312C5
:10605C009902630C0A0497F0FF1FE78060A323A842
:10606C000194F2406244D2444249B249224A056149
:10607C00828093194900B3073501884709C997F005
:10608C00FF1FE780E0A01C40CE9723A407001C4014
:10609C00CE97C84709C997F0FF1FE780609F1C4047
:1060AC00BE9923A60900050955B745DD1396440092
:1060BC008145EFD01F81144081477D5613F7F70FB0
:1060CC00E37197FA1397470036972300C7008507AB
:1060DC00F5B7011152C4138AC19483270A0006CE66
:1060EC0022CC26CA4AC84EC656C25AC0C9CF2A8923
:1060FC00014419ED93870195944399CA03C6819481
:10610C002A8481479305F00F13F7F70F6367C708CD
:10611C00131534002105EFD00FC3AA8401E92145E2
:10612C00EFD06FC2AA8421C501444D49930700FDED
:10613C002380F4008547A38024012381F400A381EC
:10614C0084005DC41389840023A224018149938AAD
:10615C000195130BF00F83C7819463F3F90031E8B9
:10616C0083270A00A68503C50700EFD02FC88145F9
:10617C0003C58194753D03250A0097F0FF1FE78046
:10618C00209123A60194F2406244D2444249B24980
:10619C00224A924A024B0561828013974700369738
:1061AC00034707006305B70005041374F40F850754
:1061BC00A1BF83A70A0093954900BE9583C705002C
:1061CC00638467032300F90083C7150013052900B6
:1061DC007D14A300F900194689051374F40F97E098
:1061EC00FF1FE780C0E72109850993F9F90FA5B7CF
:1061FC0023A20400B5B7411122C406C62A8405E1C6
:10620C000945EFF0CF9B2A8611C5854503C5819CB6
:10621C00EFD09F870545EFF05FC72A8401C98545FC
:10622C0003C5819CEFD0FF9C22856535B24022448A
:10623C0005454101828089671387B700631AE50021
:10624C009387C1949C439DC39C4503C5070065B7C8
:10625C001387C7008147631CE5009C4503C50700F5
:10626C00854711C59387C1949C43F5F381473E85BF
:10627C0082801D7186CEA2CCA6CACAC8CEC6D2C494
:10628C00D6C2DAC05EDE62DC66DA6AD86ED6630825
:10629C000526834735002A8A95CB404105C85945C8
:1062AC00EFF0EF9193178501E187916B3EC40149A3
:1062BC00938AC19493890195930C000D130BF00FE5
:1062CC00138DEB7183473A006361F902F640664423
:1062DC00D6444649B649264A964A064BF25B625C5E
:1062EC00D25C425DB25D25618280830784022247C5
:1062FC0063C1E72A83A70A00B5CB0347040085478F
:10630C00630BF70603468400930694009305F10192
:10631C000545EFE0AFE7814719C183470500834688
:10632C00040011476381E60203A70A008D46034768
:10633C001700630AD70081CB19C70DC98546631FA7
:10634C00D7028D8B85C703451400130C2400E285FE
:10635C00EFE04FFFA300A40083A70900AA84814D9E
:10636C0095E7034604009147631AF60C83A70900CE
:10637C006391072239A48147014555B78946E31734
:10638C00D7FE858BC1B7850D93FDFD0F83C7819417
:10639C0003A50900E3F7FDFC93974D003E950347D9
:1063AC000500E30267FF03471500E31E97FC19463F
:1063BC00E28509053EC6EFD0EFD6B24769D583A476
:1063CC00090003470400BE94C9DC9147631CF7081D
:1063DC00C84405C583478400034605006306F608D8
:1063EC00034704009147631FF708C84419C597E099
:1063FC00FF1FE780E06923A6040003458400EA85BB
:10640C00050597E0FF1FE780005F05C50347040003
:10641C0091476312F708C8C483478400930594001E
:10642C000505A30FF5FE0346840097E0FF1FE780E8
:10643C0000C383478400639207140DBF83A7090030
:10644C0095D783C581940147E302B7F2BE84C10797
:10645C0003C507FF6300650D05071377F70FEDB74D
:10646C0088C4FDA08844B5B7930594000505EFD00A
:10647C006FCB8547E316F5F65545EFE05FF4630EF9
:10648C00050EEDB5884435D997E0FF1FE7804060D5
:10649C0023A404009DB788C441B7B54723109501C8
:1064AC002301F50083470400194693052400A3013A
:1064BC00F5008307840215052303F50083471400B8
:1064CC00A30FF5FE97E0FF1FE78060B90346840039
:1064DC002386C40015C21385440188C89305940013
:1064EC0097E0FF1FE780A0B783A70A00A68503C526
:1064FC000700EFD0AF8F71A823A80400F5B79387DE
:10650C00C1949C43E38407DCEFF0BFBC0145EFF082
:10651C00DF976DBB2380C40083471400E28513858D
:10652C002400A380F400194697E0FF1FE78020B3F6
:10653C00034584009385FB71050597E0FF1FE780F9
:10654C00804B05C5034704009147E31BF7F0C8C413
:10655C0083478400930594000505A30FF5FE0346BD
:10656C00840097E0FF1FE78080AF8347840091E7AA
:10657C00034704008547E31BF7DE83A70A00E38784
:10658C0007DE034584005105EFC0FFFBAA84E31628
:10659C0005F00509130494021379F90F25B37971E9
:1065AC0006D622D426D24AD04ECE52CC56CA5AC87F
:1065BC005EC671C183473500AA8985C7444195C021
:1065CC005945EFE0DFDF931A850193DA8A410149DF
:1065DC00138AC194130B00FDC14B83C73900636D43
:1065EC00F900B250225492540259F249624AD24AEA
:1065FC00424BB24B456182808387F40063C85707D6
:10660C0083270A00A5C75145EFC0FFF32A8439CD73
:10661C0023006501A30005002301750183C7040055
:10662C00194693852400A301F5008387F400150512
:10663C00A306F50083C71400A30FF5FE97E0FF1F18
:10664C00E780E0A183C78400938594001305C40000
:10665C00A305F400194697E0FF1FE78040A08327AD
:10666C000A00A28503C50700EFC05FF80509C10445
:10667C001379F90F9DB79387C1949C43BDD3EFF069
:10668C005FA52254B25092540259F249624AD24A3E
:10669C00424BB24B014545616FF02FFF83C7B19C54
:1066AC00A18B1385019491E301456FE02FA3411158
:1066BC0022C485452A8403C5819406C6EFF05F97F2
:1066CC0083C7B19CA98BA5CB17150020130585D6C4
:1066DC0023848194EFE02FA0138401951C4091C773
:1066EC004D45B24022444101828003C5819419E199
:1066FC000145C5BF91659385B571120597E0FF1FE4
:10670C00E780602F23A8A19461DD03C68194120653
:10671C008145EFD00F9B104083C681948147FD5576
:10672C0013F7F70FE376D7FC139747003297230044
:10673C00B7008507F5B7014523840194EFE0AF99C5
:10674C0045BF93870192884301CD411106C697E05E
:10675C00FF1FE780E033B24023A001924101828009
:10676C008280011122CC06CE8D472E846316F5064D
:10677C0003C73500E94703D545006318F7009717A1
:10678C00002083D787C96385A706EF50201709C55A
:10679C00835764002317F5000357A4008356840025
:1067AC00035664008355440003453400EFE03F88F2
:1067BC00035744009717002083D727C66308F700B8
:1067CC008547F24062443E8505618280FD5717176C
:1067DC0000202314F7C4EDB78967CD07631DF500BE
:1067EC0083C7250031476385E7004547E39AE7FCFB
:1067FC00EFE04F95F1B741677D178147E313E5FC57
:10680C0083C655004947E39EE6FA83C54500035508
:10681C002400300023140100EF40D07C55B779716F
:10682C0022D4138401921C4006D626D24AD00545A8
:10683C00ADC70D45EFE0BFB8AA841145EFE03FB8F6
:10684C002A899305F1011305F041EF10A145034787
:10685C00F1019717002083C707BCB336F00019C7A6
:10686C000D4789466384E700B336F0001C4036C6FA
:10687C0003C5370093854700EFE04FA81040B246A0
:10688C002A878348B6000348A600930746000346B0
:10689C002600CA852685EF80E032B25022549254ED
:1068AC00025945618280FD57238CF182239A019411
:1068BC0023AE019423A0019623A2019697170020E2
:1068CC00938707B8170700001307C70798C3170764
:1068DC00000013074735D8C317070000130767F4E8
:1068EC0098C797070000938707E823ACF194828040
:1068FC00411126C2938401929C4006C622C485CFC6
:10690C002A840D45EFC03FC4AA8519CD930700FD1D
:10691C002300F5008D47A30085002301F5009C4062
:10692C0003C50700EFC09FCC19C42244B240924467
:10693C0041016FF01FE1B240224492444101828038
:10694C00797122D403544500896706D626D24AD0E1
:10695C004ECE52CC13876700631EE40293870192DC
:10696C009C43814489CF18450345070015E1054731
:10697C00A380E7000545EF80A02519E98544B250B6
:10698C002254268502599254F249624A456182800A
:10699C008537EDB7138797006365870403C7818339
:1069AC009307F00FE30CF7FC1C45114583C407005B
:1069BC00EFC07FB9AA8579D1930700FD2300F500BC
:1069CC0089472301F500F977E1173E94133414003D
:1069DC00A3009500A301850003C58183EFC01FC1EF
:1069EC0071BFA9078144E31CF4F813890192832732
:1069FC0009004A8AC9D7184583C4170085478349BB
:106A0C000700638EF4029717002083C7E7A0BDF739
:106A1C000D45EFC05FB3AA8505C1930700FD2300A8
:106A2C00F5009147A30035012301F50083270900E8
:106A3C0003C50700EFC09FBBEFF0BFD081B79387B2
:106A4C00C1959C4391EF0145EFE07F972A8611C6D3
:106A5C00894503C5819CEFD02F8383270A00A9A009
:106A6C0003C60700938617009305F1000545EFD088
:106A7C00FFF171D983470500858BF1D70545EFE010
:106A8C001F949307B0032A8463FDA7025D66130667
:106A9C000670894503C5819C130444FCEFD06F92AA
:106AAC00239A8194832709000947A380E70097174D
:106ABC00002083C7679699CB97170020238E0794E5
:106ACC007DBD130600643306C50251B74E85EFF049
:106ADC003FE275B5938701929C43011122CC06CEFF
:106AEC0026CA4AC8454499E783C7B19C13F7570097
:106AFC0009EB49442285F2406244D2444249056183
:106B0C0082801387C195184341446DD70347070012
:106B1C0075D3858BAE842A89C1CB83C70400054706
:106B2C00F91793F7F70FE366F7FC91659385757189
:106B3C00314597E0FF1FE78000EC23A0A1924D4464
:106B4C0055D923002501A30005002946A685090572
:106B5C0097D0FF1FE780A050171700200347A78B83
:106B6C008D47631BF704EFE0EF872C00EF7040308C
:106B7C002800EFE08FDF8547454517170020230DD0
:106B8C00F788EFE0DF831375F50F97170020A385C7
:106B9C00A788014425D15D6613060670914503C58F
:106BAC00819CEFD00F82B9B7EFE0BFC12A84EF40D0
:106BBC005065E374A4F695BFEFF07FC62A841DD907
:106BCC00EFF03FB805BF411126C2938401929C405F
:106BDC0006C622C4A1C383C707000D44639DA70248
:106BEC00894503C5819CEFD0CF80914503C5819C1D
:106BFC00239A0194EFC0FFFF97170020A38E078004
:106C0C009C400145A38087002244B240924441013C
:106C1C006F70107C49442285B24022449244410159
:106C2C008280411106C685476311F50683D74195CD
:106C3C00A1C7170700200347277E1DEF1307B003DA
:106C4C006367F702894503C5819CEFC09FFA9307E0
:106C5C00006403D641953306F602894503C5819C31
:106C6C00EFC09FE2239A0194B24041018280938746
:106C7C0047FC239AF194CDBF938701929C43EDD7A7
:106C8C00B24003C5070041013DBF938701929C436D
:106C9C00E1DF83C7B19C918BE1DB894503C5819C06
:106CAC00EFC03FF5B240239A019441016FF07FA9E8
:106CBC0083C7B19C958BCDC79387C19599E1938779
:106CCC0041969C43D1CFFD4763EEC70811C2D9CA88
:106CDC00411122C426C206C64AC0238CA182B684A6
:106CEC003284A1C11389C195032509007D468145D4
:106CFC000505EFC01FBD03250900A68522860505E5
:106D0C0097D0FF1FE780A0358325090022852380BB
:106D1C0085002244B24092440249850541016F70BE
:106D2C00B06A13894196032509007D468145050506
:106D3C00EFC03FB903250900A6852286050597D02B
:106D4C00FF1FE780C0318325090022852380850041
:106D5C002244B24092440249850541016F7010678C
:106D6C00494582800945828083C7B19C918B99CF1C
:106D7C0041111385819506C6EFD01FB7B240FD5760
:106D8C0017070020231BF7684101828001456FD053
:106D9C00BFB59387C1958843411122C406C626C24C
:106DAC003E8419C597E0FF1FE78080CE23AE019487
:106DBC0093874196884319C597E0FF1FE78040CD24
:106DCC0023A201969384819C83C73400958BA5CF15
:106DDC00170500201305C566EFD0BFB083C734007C
:106DEC00958B99E74D45B2402244924441018280F3
:106DFC009164938564711305000297E0FF1FE7808F
:106E0C0080BF23AEA19479DD130600028145EFC04B
:106E1C005FAB938554711305000297E0FF1FE78069
:106E2C0080BD23A2A19601C9130600028145EFC0C3
:106E3C005FA901454DBF084097E0FF1FE78040C5A3
:106E4C0023AE019445B70145EFD0BFA9DDB703C709
:106E5C000500937625009377D70F99C29367270087
:106E6C00131885011358884113F7F707635408006A
:106E7C0013E70708937685009377770F99C293678A
:106E8C0087001377050293F6F70D19C393E60702F3
:106E9C002380D500634508009377A50281CB8347F7
:106EAC00060093E7C7002300F60082807DFD834730
:106EBC000600CD9BCDBF2D456317071403C80500F5
:106ECC000947631EE812C841034715000345050036
:106EDC002207498F42070D654187930825A0630956
:106EEC00170B011122CC26CA4AC84EC606CEBE8943
:106EFC00B68432842E8963CEE800930705A0630D17
:106F0C00F702130515A0630EA70423900400054592
:106F1C00A5A0930745A06307F7086346F70613057A
:106F2C0065AAE314A7FE85472390F600DC4583C7CA
:106F3C0007002300F60081A0C845EFC0BF994205A9
:106F4C0041814E86637335012A862390C400420624
:106F5C0041828325C900228597D0FF1FE78020102E
:106F6C0019A8DC4583D70700239006012300F600FF
:106F7C00A183A300F6000145F2406244D244424989
:106F8C00B2490561828099472390F6001946D1B722
:106F9C0085472390F600DC45014583C70700230095
:106FAC00F6008280DC45A9CB21472390E60003D76D
:106FBC0007002300E60003D707002183A300E600A7
:106FCC0003D727002301E60003D727002183A30161
:106FDC00E60003D747002302E60003D747002183CE
:106FEC00A302E60003D767002303E60083D76700FC
:106FFC00A183A303F60041B723900600ADBF2390F5
:10700C00060005458280828083C805008947639409
:10701C00F814DC41797122D406D626D24AD04ECE51
:10702C0052CC03C8170083C707002E84220833688C
:10703C00F80042088D6713580841138327A0630D8D
:10704C00680E2A8A3A89B684B285634C0301138789
:10705C0007A0630AE802938717A06304F808854722
:10706C0011A8138737A06305E80A138767AA8D4711
:10707C00E317E8FEB250225492540259F249624A84
:10708C003E8545618280484432C6EFC0BF844205CC
:10709C0041819D47E36025FFB3099900D547B2456F
:1070AC0063D43701B547F9B748442686C2094A95D7
:1070BC0097D0FF1FE780A0FA484493D9090159469D
:1070CC003306364181454E95EFC0AFFF9387C1968D
:1070DC009C4399E3814779BF9C438145E5DF528509
:1070EC0035A0AD47E31809F8E39E16FB834716005D
:1070FC00834606005844A207D58F2310F7009387C8
:10710C00C1969C43E1DB9C438545E9D78297D9B76F
:10711C00AD47E31109F69947E396F6F8484419464A
:10712C0097D0FF1FE780A0F39387C1969C43DDD3D4
:10713C009C43CDD38D4565B7AD470DFF8547E39394
:10714C00F6F60347060093070008E3E5E6F2DC4594
:10715C002380E70041B785473E85828023A60196B0
:10716C008947238EF182170600201306262E8147AD
:10717C005947B306F600238006008507E39BE7FE1C
:10718C008947A38CF182A38EF18223940196370751
:10719C00A0001307070523A0E1843707E80323A207
:1071AC00E184A38DF1820547238DE18297E6FF1FD1
:1071BC002380F6BA2385019697660100938686DABA
:1071CC0097E5FF1F23A8D5B897E6FF1F2386E6B8DF
:1071DC0097E6FF1F239306B897660100938606D6A1
:1071EC0097E5FF1F23ACD5B697E6FF1F238AF6B6AB
:1071FC0097660100938686D597E5FF1F23A4D5B625
:10720C0097E5FF1F2382E5B697E5FF1F239F05B483
:10721C009385C18317E5FF1F232AB5B497E5FF1F9C
:10722C002388F5B4976501009385C5D217E5FF1F38
:10723C002322B5B497E5FF1F23A2C5B417E6FF1FA1
:10724C002322D6B417E6FF1F2300E6B417E6FF1F70
:10725C002308F6B217E6FF1F231906B21386918393
:10726C0097E5FF1F23A4C5B217E6FF1F2302F6B252
:10727C0017660100130606CD97E5FF1F23ACC5B0BA
:10728C0017E6FF1F230AE6B017E6FF1F231706B009
:10729C001386819697E5FF1F2380E5AE97E5FF1FC8
:1072AC00239D05AC97E5FF1F23AAC5AE17E6FF1F6C
:1072BC00232AD6AE17E6FF1F2308E6AE17E6FF1FFC
:1072CC002300F6AE17E6FF1F231106AE1386D183FB
:1072DC0097E5FF1F23ACC5AC17E6FF1F230AF6ACDE
:1072EC00176601001306C6C797E5FF1F23A4C5AC9C
:1072FC0017E6FF1F2302E6AC17E6FF1F231F06AAA3
:10730C001386018497E5FF1F23AAC5AA17E6FF1F62
:10731C00232AD6AA97E6FF1F2388E6AA97E6FF1F23
:10732C00239506AA9386B18317E6FF1F2320D6AABE
:10733C0017E6FF1F2306F6A897E6FF1F238AF6A879
:10734C0097670100938747C097E6FF1F23A4F6A811
:10735C0097E7FF1F2382E7A897E7FF1F239F07A646
:10736C009387A18317E7FF1F232AF7A6970700002F
:10737C009387A7B417E7FF1F2324F7A697070000EE
:10738C009387C7C817E7FF1F232EF7A497E7FF1FA4
:10739C0023AC07A48280A54763ECA70C1757010008
:1073AC00130707640A053A951C41411122C426C2F1
:1073BC0006C6BA97B2842E848287D547614563E5A9
:1073CC00B702594681451705002013052508EFC063
:1073DC004FCF2286A685170500201305250797D0C9
:1073EC00FF1FE780C0C70145B240224492444101CF
:1073FC00828089476145E399F5FE83570600239403
:10740C00F196D5B7A1476145E390F5FE2146A685D7
:10741C0013850184EF30B159F9B785476145E39580
:10742C00F5FC97E7FF1F9387A792D04F97E5FF1FB7
:10743C009385859403C50400EFF07FA16DB7854754
:10744C006145E393F5FA97E7FF1F93876790D05F49
:10745C0097E5FF1F93854594F1BF85476145E395FB
:10746C00F5F883470600238DF182B5BF0945ADBF02
:10747C000945828083C7A19695E385472385F196BC
:10748C00058909CD97E6FF1F938686954146A5454C
:10749C0017E5FF1F1305C58B6F20603601458280F1
:1074AC0001111388F5FF06CE22CC26CA4AC84EC657
:1074BC0052C41378F80FAD4563EE050BBA890A0870
:1074CC0017570100130747543A983E8A8327080040
:1074DC003689B284BA9782878545EFD0AFDD2A848E
:1074EC0019E1EFF01F8B2285F2406244D2444249ED
:1074FC00B249224A056182808945EFD0AFDB2A84EC
:10750C007DF12685EFF0AF9AF9BF9145EFD08FDA78
:10751C002A8471F95286CE854A85EFD00FD0EFF0D0
:10752C005F87EFF07F84EF60904775BFA145EFD088
:10753C006FD82A844DF95286CE854A85EFD0EFCD8F
:10754C002685EFF0CF96EFF06F95EF60B02761BF17
:10755C00B145EFD02FD62A8459F55286CE854A856F
:10756C00EFD0AFCB2685EFF08F94EFF02F93EF6039
:10757C00702575B7094485BFBD47638CF50663E973
:10758C00B702A5476387F50663EDB7009947638C8F
:10759C00F5049D47638FF5049547638CF50401450D
:1075AC008280B5476387F50463E1B704AD47F5B74F
:1075BC00DD47638EF50263EAB700C947638BF502BA
:1075CC00D9476386F502C547C9BFF5476383F50202
:1075DC0063E4B700ED47D1B793072005638BF50043
:1075EC009307200D5DBF4845828008418280084585
:1075FC008280484182809307F00F630CF5060111DD
:10760C0026CAAA841305000222CC4AC84EC652C40C
:10761C0056C206CE3A89B689B28A2E8AEFB0BFF22C
:10762C002A844D4515C8930700FB2300F400A300E2
:10763C0054012311440123023401130584006146D3
:10764C0063050902CA8597D0FF1FE78040A1A28578
:10765C002685EFB0BFF90145F2406244D24442495D
:10766C00B249224A924A056182808145EFC06FA5DA
:10767C00F9BF09458280011122CC06CE2A8423064B
:10768C00B100A306C100EF40602719CD0347C50028
:10769C00A147631FF70078009306E0070146A28517
:1076AC0003C58184EFF03FF5F240624405618280AE
:1076BC0078009306E0070146A28503C59184DDB7E7
:1076CC00930700643306F6026FC0EFC405C9034785
:1076DC00050085469307270093F7F70F63F0F60232
:1076EC00411122C42A843A8506C6EFC0AFD3FD5798
:1076FC002300F400B240224441018280828003576F
:10770C0005009307000B6313F702834745004947B5
:10771C00639CE7000347150185476399E700035510
:10772C00250085456F2090346D47C5BF82800111BF
:10773C0022CC06CE2A842EC632C436C2EF40001CA0
:10774C000DC98346C500A14712472246B245639C2A
:10775C00F600B28603C581842E86A2856244F2406F
:10776C0005616FF05FE9B28603C591842E86A28510
:10777C00F5B7F240624405450561828023ACA196C1
:10778C008280011122CC26CA06CE2A84AE84EF4018
:10779C00E016A6852285EFC01FEE0DE52285231687
:1077AC009100EF40A01519CD0347C500A147631008
:1077BC00F70278009306F0070146A28503C5818481
:1077CC00EFF07FE3F2406244D2440561828078009E
:1077DC009306F0070146A28503C59184D5B7011124
:1077EC0026CA06CEB68422CCDD4663E2B608D9465C
:1077FC0063FED50AA5466381D50A63EEB6049546A9
:10780C00638CD50899466387D50A054441687D1871
:10781C00631606093AC6EFC0DFE9330685403247E6
:10782C0042064182420441803305C4004205BA85B8
:10783C00418132C6EF20D032AA8749C181C4324679
:10784C002390C400B30580406244F240D2443E858C
:10785C0005616F10714BC5466380D504C9460D4454
:10786C00E395D5FAC167FD17E31EF6FA65B7F54641
:10787C006380D50463E4B600ED46D5B793062005C6
:10788C006388D5029306200DE391D5F8C167FD17E7
:10789C000D446319F600BDBF09448DBF9306200D3E
:1078AC00E392D5F8310642064182ADBF15445DBF67
:1078BC000D444DBFC167FD171D447DB7F2406244B6
:1078CC00D2440561828079714ECEAE89C16526D2D3
:1078DC000147AA8489461756010013062669FD152F
:1078EC00054522D406D64AD0EF00105C054431CDB4
:1078FC002A891307300281461146F5452685EFF09B
:10790C001FEE2AC6554431C18357A900CE860146C5
:10791C002314F10091472315F10085472300F5004E
:10792C00B2472C002685A38007003247FD57230160
:10793C00F7003247A301F700EF00D04C2A8411C5A1
:10794C00324597D0FF1FE780A0142285B2502254F5
:10795C0092540259F24945618280411106C6EFF0FA
:10796C00BFC119C5B240410117D3FF1F67004312B5
:10797C00B24041018280A384A1848280011106CE91
:10798C002AC6EFC09FBA3245FD579145A384F184B6
:10799C002384F18423AA019623AC01962388A19613
:1079AC00EF201018F24005616F1070799397050164
:1079BC00C18763D60712797103C5019722D44AD0C7
:1079CC0006D626D22E89EFB0FFBB2A8449CD0347B9
:1079DC0005009307000A6315F70885474C08A305B3
:1079EC00F100EFC01FC0AA8405ED83476101714708
:1079FC006374F708138717FE1377F70F93060002CB
:107A0C0063F3E608858BC5C7938741979C439944DC
:107A1C0081CB035524001306B1004C088297AA842D
:107A2C008347B10099C7084409C597D0FF1FE78069
:107A3C00200695E05247B7070001938707F07D8F2A
:107A4C00B707120093870710630CF7000347610117
:107A5C00ED476317F700035524008545EF2010010F
:107A6C002285EFB09FABB250225421653345A9005B
:107A7C0092540259456182803707301405073357F9
:107A8C00F700058B41D313878197184351DB0347CC
:107A9C00510159F72306F10099472308F1000355CA
:107AAC0024006C0023170100EFC05FD295BF9387B1
:107ABC0081979C439DC3035524001306B1004C08C9
:107ACC00829739DDAA8483475101B9FB8347610151
:107ADC00230891002306F100D9B79944EDB701456D
:107AEC008280014582800DCD83472500054789079B
:107AFC0093F7F70F6376F702411122C406C62A8466
:107B0C0083550500034535000147F9465D46EFF006
:107B1C009FAEF9572311F400B240224441018280F8
:107B2C00828001458280938571859307000285468A
:107B3C002380F500FD57238BF184A385F1842385E5
:107B4C00F184239AD184239E019623A0019823A823
:107B5C00019823A201981386C1849757010093873B
:107B6C00E73F5CC2238F019697D7FF1F93870728A7
:107B7C0009472300E6002380E7002388E7002380E1
:107B8C00E7022388E702175701001307673CD8DB8D
:107B9C000D472384D700D0C7238CD700238CE70252
:107BAC00175501001305053C170700201307878B99
:107BBC001756010013068639975601009386063B2B
:107BCC00D8DFC8C323950700D0CB239D0700CCCFAB
:107BDC00D4D3238407022395070223A60702239DEF
:107BEC000702170700001307070B97D7FF1F938790
:107BFC00E72323A00700D8C323A40700828083D7E0
:107C0C0005006384A7000145828003C5250082809E
:107C1C0003D705006319E5002381C5000145828067
:107C2C002390A500D5BFC167FD17E30BF7FE4545B3
:107C3C00828029E78948354763931605011106CEE2
:107C4C0022CC26CA034716000346060093C7F7FF4B
:107C5C002207598EF18F32C68DE7C4452A84A6853A
:107C6C00EFF0FFF932460147630FA600228562440C
:107C7C00F240A685D24405616FF09FF92D473A85F5
:107C8C00828013070008F2406244D2443A850561B1
:107C9C00828083C8050009486395080303A8450042
:107CAC008347180003480800A207B3E70701C2077F
:107CBC000D68C187130828906395070189476FF0F9
:107CCC005FF70545828003C7B1849307F00F630A01
:107CDC00F70441114AC02A89294522C426C206C686
:107CEC003284AE84EFB03F861DC59307100B231072
:107CFC00F5002302050023148500224423112501DD
:107D0C0023139500B24092440249AA8503C5B1845D
:107D1C0041016FB0BF8DB2402244924402494101EF
:107D2C0082808280411126C2AE8497F5FF1F938515
:107D3C00657322C406C62A84EFF07FEC098909C951
:107D4C0022852244B240A685924441016FF0BFB710
:107D5C00B24022449244054541018280411122C423
:107D6C0026C24AC006C6AA8413044500130905049A
:107D7C00835704008DC3084409C597D0FF1FE780C3
:107D8C0020D1228531468145EFB0BFB33104231A8F
:107D9C0004FEE31F24FDB2402244FD572390F4005F
:107DAC000249924441018280938781989C4303D776
:107DBC0007006300A70283D60704138707046388B0
:107DCC00A6001387070883D707086396A7003A8590
:107DDC0082803E87EDBF0147DDBF938701999C43AD
:107DEC0099C703D74700E31CA7FE8847828001454B
:107DFC008280411106C6EFF05FFE09C50845B2400E
:107E0C00410182800145E5BF011126CA93844500DA
:107E1C0022CC4EC606CE4AC852C456C25AC0268779
:107E2C00814901448146814715450356070045CEDB
:107E3C00C9E20354470083572700B286A297C207B2
:107E4C00C18385093107E392A9FE35C42E8991655A
:107E5C0093854570228597D0FF1FE780C0B92A8B88
:107E6C0039C9814A014A8C4485C503D6440033057F
:107E7C004B0197C0FF1FE780801E83D744008844C6
:107E8C003E9A420A135A0A0197D0FF1FE78040C05E
:107E9C0063870A00314681452685EFB09FA2850A8B
:107EAC00B104E3C23AFD2326690123148900054578
:107EBC0021A0630DD6000145F2406244D2444249F0
:107ECC00B249224A924A024B05618280035627002E
:107EDC00E313F6FE035647003294B2974204C207EE
:107EEC004180C183B9BF0545E35835FDB9BF9387C0
:107EFC0041989C4399E30145828098470357A7001A
:107F0C00E319A7FE138547008280411106C6EFF0E6
:107F1C001FFE11C503550500B24041018280014589
:107F2C00E5BF411106C6EFF09FFC11C503452500C6
:107F3C00B240410182804145E5BF411122C42A84EF
:107F4C002E8506C6EFF0FFFDAA8505462285EF308B
:107F5C00B01D95476305F500BD476313F50021453A
:107F6C00B240224441018280411122C42A84090575
:107F7C0006C6EFF0AFF5FD57A301F400B240224462
:107F8C00410182809387C1989C4303D7070063000B
:107F9C00A70283D66700138767006388A600138740
:107FAC00C70083D7C7006396A7003A8582803E87B7
:107FBC00EDBF0147DDBF411122C4416406C626C294
:107FCC009307E4FF630EF500AA8485E1EFF09FFBB5
:107FDC0001E91305F4FFEFF0FFFA19C12310950026
:107FEC00B240224492444101828085476394F50457
:107FFC00EFF05FF92A846DD5FD572310F500834708
:10800C0024001307F00F6384E7021307E00F638A61
:10801C00E700034534000147F9465146A685EFF0C9
:10802C008FDD2285EFF05FF4FD572301F40023026E
:10803C0004007DB78947E395F5FA8545EF30502567
:10804C0045F12685EFF01FF42A8455F951BF5D7177
:10805C00A6C24EDE86C6A2C4CAC052DC56DA5AD8B4
:10806C00AE8483C52500F947AA896396F504EFF021
:10807C007FF12A8409ED01442285B64026449644BA
:10808C000649F259625AD25A425B61618280834737
:10809C0025000547890793F7F70FE37EF7FC0345A7
:1080AC0035000147F9460146CE85EFF0CFD4228545
:1080BC00EFF09FEBC9B783AA0400B70700019387C1
:1080CC0007F037071200B3F7FA0013070710328ACC
:1080DC00638AE7022EC6EFF0FFEA2A89B24505C58E
:1080EC00034645000DC293178601E187E3C507F8E7
:1080FC004E85EFF04FD88347490093E707F82302EA
:10810C00F90095BF014903C761859307F00F194426
:10811C00E304F7F6E147E3E1B7F693D71500FD1753
:10812C008E071757010013072791BA9703A807006A
:10813C00E30408F403AB4700E3000BF4C20A93DA40
:10814C000A0163850A00C947E398F5F283D6440017
:10815C00904483C5140003C50400380802982A848F
:10816C0001FD2C084E85029B2A8421C983C714006B
:10817C00E39407F083C72400230AA100394723089E
:10818C00F1006399E7026247834717000347070032
:10819C00A207D98F0C084E852319F100EFC00FE30D
:1081AC00E30B05EC14080546D9454E85EFF02FD8A6
:1081BC002A84D9B583578101F1BF83C62400914726
:1081CC00E38BF6EA38080146CE8503C56185EFF0EE
:1081DC008FC22A84E31205EA83C524002808EFF035
:1081EC00AFB919C123000A009840B7070001938763
:1081FC0007F07D8FB707120093870710E30DF7E6A2
:10820C00E30B09E683C724002302F900B5B501117D
:10821C0006CE2EC6EFF01FD701CD83474500B245E1
:10822C00138717006396E50093F707F82302F50010
:10823C00F2400561828093874198984319E3014687
:10824C0015A81C4703D8A700636B0501835847008A
:10825C00B38608016355D500814663941601184313
:10826C00F1BF3E86C10703D3A7FF6317A30099C1D3
:10827C0023900501328582808506C206C182F1BF3A
:10828C00397152D42E8A4ED69305E101AA895285B2
:10829C0022DC4AD856D206DE26DA328936C63AC4F1
:1082AC00BE8AEFF05FF9054435C5AA840355E10198
:1082BC003944EFF09FB239CD03284500630C080414
:1082CC002247B246D6874A86A6854E8502982A84CE
:1082DC0031E19307E00F638FFA0203C7040089476B
:1082EC00631AF702D8408347170003470700A20719
:1082FC00D98FC2070D67C18713072790639CE700CE
:10830C008347190003460900D285A2075D8E4E856E
:10831C00EFF07F9B2285F2506254D2544259B259ED
:10832C00225A925A21618280797122D403542500F9
:10833C004ECEAA89228556CA06D626D24AD052CC0F
:10834C005AC85EC662C4AE8AEFF01FA601E9228548
:10835C00EF10416E594429E90144B9A003C78900C3
:10836C008547AA840144631AF702AA8513858900FC
:10837C00EFF09FA929CD03D7640083D68400D044A5
:10838C0083D5440003D52900E147EFF07FEFD947AF
:10839C002A846318F50223A604002685EFF01F9C9F
:1083AC0049C0D947E30AF4FA2285B25022549254B8
:1083BC000259F249624AD24A424BB24B224C4561B5
:1083CC00828061DD83D744002390FA00F9B71389CA
:1083DC004400014A914B594C154B83550900D5DD8E
:1083EC00E14763067A010357C90011C3D947035704
:1083FC002900835649000326890003D52900EFF094
:10840C003FE82A846319850123240900050A3109F0
:10841C00E3156AFD59B77DD9835709002390FA00FB
:10842C00F5B703D529002DB701112317C100930708
:10843C00E00F1306E1000147894606CEEFF05FE43A
:10844C00F24005618280797122D42A84035585001B
:10845C0026D2AE849305210106D64AD0EFF0BFDDBB
:10846C006308050E8347850093F7070295CF2AC64C
:10847C0003552101EFF0FF97AA87B24501ED835711
:10848C00840039452390F400B2502254925402597E
:10849C0045618280035524004946829711C5835754
:1084AC0084002390F400CDB7035924004A85EFF0E3
:1084BC00BF8F11ED41657D15EFF01F8F19E58357C7
:1084CC00840025452390F400C1B723102501130720
:1084DC00450081479546035607002DE63147B38783
:1084EC00E702130984003146CA8591073E9597C06F
:1084FC00FF1FE780C0B63146CA85480897C0FF1FEA
:10850C00E780E0B50356C40003552400414781467B
:10851C00DD45EFF0CFAC2ACE19E5835784004545F5
:10852C002390F40095B70C480356C40097C0FF1F66
:10853C00E780E0B2035524004C08EF10614B29D5BD
:10854C00594599B785073107E397D7F8254581BF7A
:10855C000545B1B7797122D42A840355850026D2FA
:10856C00AE849305E1014AD006D63289EFF0BFCC38
:10857C0051C58347850093F70702A9E70347140108
:10858C009307200519E3834744008356A400504405
:10859C0083558400035524000147EFF07FCEAA8752
:1085AC0021E98347140199E703552400EF10613F3B
:1085BC00D94711E18147B2502254925402593E8559
:1085CC00456182802AC60355E101EFF09F82AA879C
:1085DC0005C9B2450355240049468297AA8759DD3F
:1085EC00035784002390E4000347140161F7E1B7BB
:1085FC005947E317E5FE230009006DBF8547CDB74A
:10860C00B947F9BF397122DC4AD84ED652D406DEAE
:10861C0026DAAA892E8A32C63689EFF0BF9609442B
:10862C0015C5834725001307E00FAA845D44638FAB
:10863C00E7001307F00F5944639AE700324605E24E
:10864C00D2854E85EF10E1422A8415CD2285F25059
:10865C006254D2544259B259225A21618280035534
:10866C000A009305E101231F0100EFF0DFBC035565
:10867C00E101EFF01F8BAA8505464E85EF30C02A2D
:10868C002A845DDDE1B79307F00FE301F9FC9386D3
:10869C0024007946A68517F5FFFF13050545EFF075
:1086AC002F82A38124015DB739719387419826DA13
:1086BC00844352D45AD05ECE62CC06DE22DC4AD839
:1086CC004ED656D266CA2A8BAE8B328C368A99E03D
:1086DC008149B9A0804483DC44000149835AA40039
:1086EC00631499018440E5B78357A400A28963F809
:1086FC00670105094209135909014104D5B7E3EA99
:10870C00FBFE630C0A00834504004840D286628657
:10871C003AC6EFB09FE6324769DD19C32310570103
:10872C00F25062544E85D2544259B259225A925A3E
:10873C00025BF24B624CD24C2161828003D7050064
:10874C0083D62500854763E9E60439C7411183C602
:10875C00450026C29384550022C426862E841755C4
:10876C00010013052580894506C6EFB01FE1C147FE
:10877C0011CD834644008355240003550400014762
:10878C002686EFF07FF2814711E1A947B2402244DF
:10879C0092443E85410182803E8582802E8603551F
:1087AC00060083D52500854763E2A50205C18346F3
:1087BC00460041110147150606C6EFF0FFEE814752
:1087CC0011E1A947B2403E85410182803E858280FD
:1087DC002E860355060083D52500854763E2A50246
:1087EC0005C18346460041110147150606C6EFF048
:1087FC00BFEB814711E1A947B2403E854101828020
:10880C003E85828039714ED683D7250083D90500E9
:10881C0006DE22DC26DA4AD852D456D25AD05ECEA4
:10882C0062CC66CA6AC863E037198547638E09143F
:10883C00416BAE8A2A8A2314010002C60144014905
:10884C007D1B894B054CC94C054D83D52A0001472E
:10885C00814601464E8523130100EFF0FFE4AA8404
:10886C006300051209EC13072002930661005A8677
:10887C0095455285EFE0BFF62A846308051203572D
:10888C00810083C7040045C70347A100630CA707F9
:10889C0041476385E7022C005285EF00715E09CDDC
:1088AC0034001546D9455285EFE07FE811C53245B5
:1088BC0097C0FF1FE780C01D8147F9A083D7A40094
:1088CC004146130524002300F40083D7A400A183A0
:1088DC00A300F400CC4097B0FF1FE7804078490418
:1088EC00835781008507C207C1832314F10063F904
:1088FC00270983D7A400638567098509C20993D921
:10890C000901A1B7E39977F983D7A40009461305A8
:10891C0024002300F40083D7A400A183A300F40057
:10892C00CC4097B0FF1FE7808073110455BF22C65F
:10893C000359610003C7A400130524006382770365
:10894C0033599903230571012300E40083D7A40054
:10895C004146A183A300F400CC401379F90FA5BFC5
:10896C00230581012300E40083D7A40013592900B7
:10897C001379F90FA183A300F4000946CC4055B735
:10898C008357810089FBA947F2506254D254425953
:10899C00B259225A925A025BF24B624CD24C424D63
:1089AC003E85216182808547C5B7C547F1BF797186
:1089BC0022D426D24AD04ECE06D683C9E1992A8437
:1089CC00AE843289EFD04071637D35052285EFF09E
:1089DC006FDB01C9034725009307E00F5D45630872
:1089EC00F700631D0900A6852285EF106105B250C2
:1089FC00225492540259F2494561828003D50400F5
:108A0C009305E10023170100EFF0FF820355E1000D
:108A1C00EFF02FD1AA8505462285EF20F07061D5A5
:108A2C00F9B75945E9B713F7050201C7B2856FF0DD
:108A3C00CFD0411126C24AC006C622C413F9850004
:108A4C00AA8463170900139785016187635D070288
:108A5C0032853684EFF0EFCCAA8505466313090006
:108A6C0001462685EF20506C01E90145B2402244B5
:108A7C00924402494101828083479400E5DB83479D
:108A8C008400E5F7E5B793F72500E5F30D45F9BF4D
:108A9C007971AE8622D42A8403D506009305E101B0
:108AAC0006D636C6EFF02FF909CD83458500B246C0
:108ABC000356E1012285EFF01FF7B25022544561B5
:108ACC0082800545DDBF13F7050201C7B2856FF043
:108ADC00CFC6411122C426C206C693F485002A844F
:108AEC0091E4139785016187635007023285EFF09B
:108AFC004FC3AA85054691E0014622852244B24027
:108B0C00924441016F20506293F72500014591E397
:108B1C000D45B24022449244410182807971AE8667
:108B2C0022D42A8403D506009305E10136C606D665
:108B3C00EFF06FF0B24601CD834585000356E1019D
:108B4C002285EFF05FF8B2502254456182800545D2
:108B5C00DDBF797126D2AA840355A500C16722D442
:108B6C004AD04ECE06D623170100FD173284B689A3
:108B7C000149630DF500050583C60400D04042058C
:108B8C001307E1004181EFF03FB22A8983C604004C
:108B9C00D0408945174501001305C53CEFB0FF9D3A
:108BAC001DC503D4A4002285EFF02FB609C57D1492
:108BBC002A94420441806384090023908900B250B6
:108BCC0022544A8592540259F2494561828083C6E7
:108BDC000400D0408945174501001305E538EFB076
:108BEC00DF9961F183C60400D04089451745010027
:108BFC001305C535EFB07F9819C9E30609FA8357F9
:108C0C00E100E39287FA0354A9007D145DB703D405
:108C1C00A40055B7397122DC26DA4AD84ED652D484
:108C2C0056D25AD062CC06DE5ECEBE8983C7850092
:108C3C002A8AAE84C18B328C36843A89C28A468B9E
:108C4C009DE783CB04008947638BFB046285EFF0BF
:108C5C00CF981DC183280500638008025A88D687E7
:108C6C004E87CA862286A6855285829839A032857F
:108C7C00EFF02F98AA8711ED3945F2506254D25477
:108C8C004259B259225A925A025BF24B624C216100
:108C9C0082802946A6855285829745D5F9BFD84052
:108CAC008347170003470700A207D98FC2070D6738
:108CBC00C187930607906380D72263CCF606930690
:108CCC002780638CD70C63C1F60213070780E3CFB0
:108CDC00E7F62D45E39309FADC4403C60700CC43C1
:108CEC002310C900228559A213073780E390E7F6B9
:108CFC002D45E39409F885472310F900DC448145A0
:108D0C0083C707002300F40003D5A4000505420522
:108D1C004181EFF04FD2835709006315051291077B
:108D2C002310F9001146814513051400EFA07FB9FB
:108D3C0029A2930627906381D71863CED712930686
:108D4C003790638AD71813074790E391E7F02D45C6
:108D5C00E39509F2DC441D472310E90003C7070023
:108D6C002300E40003C71700A300E40003D7270087
:108D7C002301E40003D727002183A301E40003C7E8
:108D8C0047002302E40003D76700A302E40083D763
:108D9C006700A1832303F4004DA02D45E39F09EC4C
:108DAC00DC446C0083C9170003C70700A209B3E9B0
:108DBC00E90011472310E90083C707004E85230003
:108DCC00F400DC4483C71700A300F400EFF0AFC637
:108DDC00AA8435C50356C100C1659306E100FD1593
:108DEC008329C500EFF0FFD619ED83C60400D040EF
:108DFC0089451745010013052517EFB00FF801E55C
:108E0C00FD572317F10003C7090089476310F702C8
:108E1C0083A5490009461305440097B0FF1FE7805E
:108E2C0000248357090089072310F9008357E100B8
:108E3C002301F400A183A301F40001453DBD2317D8
:108E4C003101EDB7034705008907BA972310F900E4
:108E5C008357A500A300F4008357A500A183230129
:108E6C00F400034605004C411305340097B0FF1F76
:108E7C00E780E01ED9B7C844EFA0DFA59317050122
:108E8C00C1832A871D45E3EA37DF6399F900231074
:108E9C000900CC4403560900CE95A9B54207B38608
:108EAC003A01418363C7E600B38737412310F900C9
:108EBC00CDB723105901F1BF2D45E39009DCCC440B
:108ECC005285EFE0DFD3231079012300A400218128
:108EDC00A300A4009DB72D45E39109DADC442310CF
:108EEC00790183C707002300F400DC4483C7170013
:108EFC00A300F40099B75D71CAC02A8903552500F7
:108F0C004EDE52DC56DA5AD85ED662D466D26AD0BD
:108F1C006ECE86C6A2C4A6C22E8BEFB08FF9130CF0
:108F2C00F5FF931D0C01C16BAA8A814917EAFF1F3B
:108F3C00130A0A5493DD0D01938C0198138DC1977C
:108F4C00FD1B8357C90063F8F90097E7FF1F83D710
:108F5C00275263CE87010355290097E5FF1F9385A0
:108F6C002551EF009118AA841DCDD9442DA8832733
:108F7C008900139719009305E100BA9703C41700F1
:108F8C0083C7070022045D8C2285EFF0CFAAAA8547
:108F9C001DE923108B0003254A00854409C597C0A1
:108FAC00FF1FE780E0AEB64026442685064996446E
:108FBC00F259625AD25A425BB25B225C925C025DFD
:108FCC00F24D616182808348490083A60C000356F0
:108FDC00E100035529006E8881476A87EFF09FC333
:108FEC00AA8411C523108B0003254A0045BF832793
:108FFC004A0095E303552900514781465E86BD45DD
:10900C00EFE0EFFD97E7FF1F23A6A74609E5231026
:10901C008B00C54449BF97E7FF1F83D7674503D72C
:10902C00C1973E976347570113C7F7FF5697239E87
:10903C00E19603254A0083A50C0003D6C1973E9503
:10904C0097B0FF1FE780A00183570A0003570D005C
:10905C008509C209BA9717E7FF1F231BF74093D95D
:10906C000901C5B5397122DC2A840355250006DEB9
:10907C0026DA4AD84ED652D45AD05ECE62CC66CAC4
:10908C00AE8B56D2EFB0EFE22A8A8346C4008355EA
:10909C00A4000355840078001306D400930CBAFF87
:1090AC00651AEFF06FE0420A416B2A898144135A2A
:1090BC000A01138C019897E9FF1F9389693B7D1B6B
:1090CC006302090463D094058348440083260C0092
:1090DC000356C10003552400528881471387C1975A
:1090EC00CA85EFF03FB315C5814A0356C1008355BD
:1090FC00A4004A859306E100EFF0BFA52A89639B83
:10910C000A065DFDF1EC8357840029452390FB0092
:10911C0035A80356040183D7C197E317F6FC8325C2
:10912C000C004848EFA01F8061D183A74900A1E340
:10913C0003552400454781465A869D45EFE02FEAAA
:10914C001DE18357840045452390FB00F250625487
:10915C00D2544259B259225A925A025BF24B624C87
:10916C00D24C2161828097E7FF1F23A5A730835A39
:10917C00A900A5BF83A74900A69723805701938711
:10918C0014001397070183A74900418393DA8A00DF
:10919C00BA97238057011387240083A6490093872D
:1091AC003400420791044183C207C204C183C180C9
:1091BC00369711CD8356E1002300D70003A7490051
:1091CC00BA970357E10021832380E700D5BDFD56F4
:1091DC002300D70003A74900BA972380D7001DB7F7
:1091EC0003552400898097E5FF1F9385652897E731
:1091FC00FF1F239F9726EF00415529D95945B9B731
:10920C00411122C406C693F705012A84328585C311
:10921C00EFE03FD1AA8505462285EF20E070954707
:10922C006305F500BD47631DF502214515A893F7AD
:10923C00450099CBEFE0FFCE0546AA852285224456
:10924C00B24041016F20406E93F7050489C7EFE0EF
:10925C005FCD0146DDB713F5150013351500060576
:10926C00B24022444101828079714AD04ECE52CC18
:10927C0006D622D426D22A8AAE89014983D7490040
:10928C006364F9000145A1A083A709001314190018
:10929C00930414003387970003470700A29703C574
:1092AC00070022079305E100598DEFE0DFF805E98F
:1092BC0083A7090005453E94034704002380E7007B
:1092CC0083A70900BE9403C70400A380E700B25033
:1092DC00225492540259F249624A45618280834574
:1092EC0085000356E1005285EFF09FF105C183A77D
:1092FC0009003E94034704002380E70083A709007C
:10930C00BE9403C70400A380E700D1B70509420946
:10931C0013590901A5B7011122CC2A8403D50500E4
:10932C009305E10006CEEFE01FF101CD83458500EA
:10933C000356E1002285EFF0BFECF2406244056178
:10934C0082800545DDBF397126DAAA8403552500D4
:10935C0006DE22DC4ED652D456D25AD05ECE62CC29
:10936C0066CA6AC82E8A4AD8EFB0AFB4AA8A83C636
:10937C00C40083D5A40003D58400138CAAFF780005
:10938C001386D400EFF04FB2420CC16CAA89014491
:10939C00135C0C01138BC197938B0198FD1CED1A78
:1093AC0017EDFF1F130DCD0C638B091A0356C1006B
:1093BC0083C5890003D52400EFF09FE42A89631B41
:1093CC00051883C8440083A60B000356C10003D5BF
:1093DC002400628881471387C197CE85EFF09F8365
:1093EC002A896319051639C003D7C197110797E766
:1093FC00FF1F83D707086395E700A29763C057093F
:10940C0097E7FF1F83D7E7063354F40203D52400F4
:10941C0097E5FF1F9385C50597E7FF1F239A8704E0
:10942C00EF0021502A890DC559491DA003D52400F0
:10943C00494781466686C545EFE06FBA97E7FF1F3F
:10944C0023AAA7020DE583D7A90045492310FA00EA
:10945C00F25062544A85D2544259B259225A925A05
:10946C00025BF24B624CD24C424D2161828083579D
:10947C000B00910717E7FF1F231DF7FE83274D00F5
:10948C0003D7A9009306E100A2972380E700930776
:10949C0014001397070183274D0041834E85BA971B
:1094AC0003D7A90021832380E7000356C10083D58D
:1094BC00A400EFF00FEA1307240083264D00930756
:1094CC003400420711044183C2074204AA89C183B4
:1094DC004180369739E1FD562300D70003274D0014
:1094EC0083A50B00BA972380D70003254D0003D624
:1094FC00C197229597B0FF1FE78060B683570B008A
:10950C003E9442044180E31D04EE83D78400231073
:10951C00FA00E31F09F2294925BF8356E10083A510
:10952C000B002300D70003274D00BA970357E10027
:10953C0021832380E70003254D0003D6C197229594
:10954C0097B0FF1FE780A0B183570B003E944204F5
:10955C00418099BD83D7A9002310FA006DB701494A
:10956C005DB75D71A6C2CAC0AA84035985000355B4
:10957C002500A2C44EDE56DA5AD85ED662D466D224
:10958C006AD086C652DC6ECE2E8BEFB08F92930BC8
:10959C00D5FF7115931905010144138DD40093D98E
:1095AC000901138CC197938C019897EAFF1F938A3A
:1095BC002AEC6358741583C6C40083D5A400130722
:1095CC00E1006A864A85EFF02F8EAA8D630B051297
:1095DC000359A500834585000356E10003D52400FB
:1095EC00EFF01FC26314051283C8440083A60C005D
:1095FC000356E10003D524004E8881471387C19799
:10960C00EE85EFF02FE1631305101DCC83D7C197C6
:10961C0017E7FF1F0357E7E58907630EF70697E780
:10962C00FF1F83D707E53354F40203D5240097E5D5
:10963C00FF1F9385E5E397E7FF1F239B87E2EF006E
:10964C00811A05C5594515A003D5240041664D471F
:10965C0081467D16A545EFE08F9897E7FF1F23AB5A
:10966C00A7E01DE123102B014545B6402644964446
:10967C000649F259625AD25A425BB25B225C925C46
:10968C00025DF24D6161828083570C00890717E7F8
:10969C00FF1F2310F7DE83D7C197A29763D37707F9
:1096AC0083A74A0003D7AD00130A2400A297238096
:1096BC00E70005049317040103A44A00C183420A7E
:1096CC003E9483D7AD0083A50C00135A0A01A183E5
:1096DC002300F40003A54A0003D6C197529597B016
:1096EC00FF1FE780C09703540C00C167FD1752940D
:1096FC0042044180E30FF9EA0509420913590901B3
:10970C004DBD294509FC23102B0185B76DDC01BF2C
:10971C008357050099E309458280411126C24441D3
:10972C0022C406C683C60400D0402A848945174546
:10973C00010013052583EFA05FE451C1834724008A
:10974C0025476145E51793F7F70F6366F70803D7CD
:10975C004185054549C383570400BA974167634C5B
:10976C00F706916593852570314597B0FF1FE7800B
:10977C008028AA844D45A5C08357040083D5418514
:10978C0001460147B386E500C206C182634AF7046D
:10979C00AE97C207C18319C2239AF18423A0040097
:1097AC002146A2851385440097B0FF1FE780208BCC
:1097BC00938741989C439DEF23A291983DA883C623
:1097CC000400D0408945173501001305E579EFA059
:1097DC00DFDA2DF50945B2402244924441018280E2
:1097EC0050401315470005072A962315D600054649
:1097FC0051BFBA87984375FF84C30145E9BF011176
:10980C0006CE22CC26CA4AC809E98944F2406244F1
:10981C0026854249D244056182802AC62A842800C2
:10982C0036892314B1002305C100EFF07FEEAA8422
:10983C0071FDE30D09FC8357A400E1DB9165938571
:10984C005570314597B0FF1FE780E01A0DC583575F
:10985C00A40023200500232425012312F50093875F
:10986C0001999C4389E723A8A1984DB7BA879843DF
:10987C0075FF88C361BFCD4451BF83C7E19795E3A2
:10988C008547238FF196058909CD97B6FF1F9386DF
:10989C00E6594146914517B5FF1F130525556FF045
:1098AC001FF601458280A385A1848280C167FD17C4
:1098BC006318F500FD572390F50023810500828085
:1098CC0083D70500E388A7FE828001114AC806CE23
:1098DC0022CC26CA85472A896393F5044A85EFE092
:1098EC00AFCC39E9C1649385F4FF1307E1008946D5
:1098FC00173601001306C6650545EFE0FFDA2A842A
:10990C00FD140DC44C444A85EFF05FFA0356E10098
:10991C0022858146A685EFF0CFA32A84DDB789473F
:10992C006396F5008545EF20A0164DD9F2406244B0
:10993C00D244424905618280EFE04FC265B7916520
:10994C004111938515701305200D06C697B0FF1FA6
:10995C00E780600A23A4A198AA879306050C7D577B
:10996C002390E7002392070023A607002398070003
:10997C0023AC0700239E070023A2070223940702AF
:10998C0023A80702239A070223AE07029387070432
:10999C00E398F6FC23A6D198F9572313E50C23146E
:1099AC00E50C2316E50C2317E50C2310F50C2311FD
:1099BC00E50C2305050C2308050C2302050C17E503
:1099CC00FFFF13050569EFD07FDB17F5FFFF1305CC
:1099DC004584EFA0BFC017E5FFFF1305055EEF2020
:1099EC00A002B240014541018280011106CE2AC677
:1099FC00EFD0CFF6EFE02F9332457D572385A1842E
:109A0C0097E7FF1F938707A623810700F240239057
:109A1C00E700238BA18417050000130545EB0561B6
:109A2C006F10907E93970501C18763D707387971C2
:109A3C0003C5A18422D452CC06D626D24AD04ECE0F
:109A4C002E8AEF903FB42A8421C90347050093075F
:109A5C00000B6310F7048547A304F100938701986A
:109A6C009C4323150100A1E7EF00E07F91659385EE
:109A7C00357097B0FF1FE78000F823A0A19805E987
:109A8C008347910099C78345440013058400EFD0A8
:109A9C00DFEC2285EF907FA8B2502254216533452C
:109AAC00AA0092540259F249624A45618280614689
:109ABC00814517E5FF1F1305A59BEF909FE0034918
:109ACC004400894797E9FF1F9389899A6316F90A1D
:109ADC00035524009D4763E3A7021317150097E76E
:109AEC00FF1F9387679DBA9783D7070081EB0566A5
:109AFC00130686849305B00FEFC01041EF00A076DB
:109B0C0097E7FF1F2396A7960355240097E5FF1FA1
:109B1C0093850596EFF030320357240097E7FF1F2B
:109B2C0083D707958356840011ED63E4F600231464
:109B3C00F400835584003A85EFD0BFC42285EFD062
:109B4C001FBC3DBF63E4F6002314F400835784006C
:109B5C00D9450D4697E6FF1F239CF69097E6FF1F0D
:109B6C00938606913A85EFD09FBC8D4561D917E558
:109B7C00FF1F1305E58FE1A09947631CF9029305BC
:109B8C00A1002285EFF00FCEAA844DD9D947639B53
:109B9C00F40E0509035524001379F90FD94597E6FE
:109BAC00FF1F9386E68C4A86EFD07FB8CA8559D5BD
:109BBC007DBFA1476318F9009305A1002285EFF042
:109BCC005F9AD9B7A947631FF906035584006C0047
:109BDC00EFE06FE6AA84630705160355240041667F
:109BEC009306E10055477D16AD45EFD05FBF97E773
:109BFC00FF1F23A1A788AA8649C1834844000358A4
:109C0C00E1000356C10003552400A68581474E8709
:109C1C00EFF04F80AA846316051003552400CE85FF
:109C2C00EFF05042E30C05F003552400CE862D4690
:109C3C00D945EFD0DFAFE30305F0AD454E85EFD04E
:109C4C00DFD1EDBDB1476315F910035584006C00ED
:109C5C00EFE06FDEAA846307050E0355240041660E
:109C6C009306E10059477D16B545EFD05FB797E7EE
:109C7C00FF1F23A1A780AA863DE183578400C5441A
:109C8C002315F10003471400D147E309F7EA834792
:109C9C0044000355240097D5FF1F9385657D17D786
:109CAC00FF1F2307F77C8357A10017D7FF1F231231
:109CBC00F77C97D7FF1F238F977AEFA03FB1E30F65
:109CCC0005E60355240097D6FF1F9386667A054652
:109CDC00D945EFD0DFA5E30305E6854549BD8348AB
:109CEC0044000358E1008357A4000356C1000355F8
:109CFC002400A6854E87EFE0FFF1AA841DE10355F1
:109D0C002400CE85EFF0D039E30A05E20355240098
:109D1C00D945CE863546EFD09FA1B545E30005E287
:109D2C00B9B5D9476393F400814403A5490097B0B2
:109D3C00FF1FE780E0D5E38304E0835784002315FD
:109D4C00F10089B78357840085442315F1001DBFAA
:109D5C00B9476318F9009305A1002285EFF0AF997C
:109D6C0025B5C1476318F9009305A1002285EFF0D2
:109D7C008FDD19BDC947631AF900130691009305CD
:109D8C00A1002285EFE00FFD01B5D947631DF90055
:109D9C009305A1002285EFE00FEBAA84E31805DE02
:109DAC00A304010061BBE147E31AF9D89305A100B4
:109DBC002285EFE06FD7C9BB01458280E9CA01114A
:109DCC0052C42E8A854522CC4EC656C206CE26CA11
:109DDC004AC8AA8AB6893284EF10904BD14715C174
:109DEC0083C7C19983C6D199814419E0B684BE86D4
:109DFC0013874199184393974400BA9763EDD400A5
:109E0C00D547F2406244D2444249B249224A924A6E
:109E1C003E85056182803E89C10703D727FF09C7AC
:109E2C00850493F4F40FD9BF29CC9565938525C08F
:109E3C001305000297B0FF1FE780E0BB2326A900A3
:109E4C0061D113060002814593840404EF907FA72F
:109E5C0023119900230009002313590115C41387FA
:109E6C00419A8347940010432304F900118C8327F3
:109E7C00C90011841180238E870023A029018147FA
:109E8C0049B723260900F9B723044901FDB78547D3
:109E9C003E85828093874199984383C5C1998147B8
:109EAC006395F50081463685828003562700BA8675
:109EBC0019C2E30AA6FE850793F7F70F4107CDB742
:109ECC0093874199984303C6C19981476315F6005E
:109EDC0081463685828083552700BA8689C583459D
:109EEC004700E388A5FE850793F7F70F4107F9BFF5
:109EFC009387419A984383C5F19981476395F500FF
:109F0C0081463685828003560700BA8619C2E30A59
:109F1C00A6FE850793F7F70F4107CDB793874199B5
:109F2C009C4303C8D19901476315E80081463685E7
:109F3C00828003D62700BE8619CA03D66700631831
:109F4C00A600D04709C603562600E302B6FE050755
:109F5C001377F70FC107C9BF411122C4404526C270
:109F6C0006C6AA8415C0484409C597B0FF1FE780F0
:109F7C0020B2484809C597B0FF1FE78060B1228521
:109F8C0097B0FF1FE780C0B0268541468145EF9012
:109F9C005F93B2402244FD57A384F40092444101E4
:109FAC008280011122CC2A840355250006CE2EC6B0
:109FBC00EF107004324622858145EF00B061228596
:109FCC006244F24005616FF03FF90DC5035725005F
:109FDC00411122C406C62A8411CBDD45EF00706303
:109FEC0022852244B24041016FF01FF7B240224457
:109FFC00410182808280411126C231479304C5FF02
:10A00C003387E40297D7FF1F9387074806C622C4FD
:10A01C003E978356A7006397B602484305C53E8416
:10A02C009307F00F6306F60083470500639CC70097
:10A03C0097B0FF1FE780C0A5B147B387F402A29782
:10A04C0023A20700B2402244924441018280411174
:10A05C0022C42E8426C24946AA848145228506C67E
:10A06C00EF903F86B9CC83C7C40113974700938701
:10A07C00419A9C43BA9703D707002310E40003D7F7
:10A08C00270083D767002311E4001387A199035796
:10A09C0007002312E40003D704002313E40003D7C2
:10A0AC0024002314E40003D744002315E40003D751
:10A0BC0064002316E40003D784002318F40023174C
:10A0CC00E400B24022449244410182809387419A39
:10A0DC0003A8070093874199904383C5C199014711
:10A0EC0081476394E5003E8582808346060081CEDD
:10A0FC00544691CA83C6C6019206C2966315D50012
:10A10C00850793F7F70F05071377F70F4106D1BFB4
:10A11C00130600643386C50293069500AA851705BD
:10A12C0000001305C5EA6F901F9F411122C406C69B
:10A13C002A8403459500EF90FFAEFD57A304F4006D
:10A14C00B240224441018280011122CC4AC84EC641
:10A15C0052C456C206CE26CA2A89AE890144138A35
:10A16C0041999D4A83C7D1996362F40463970902AC
:10A17C0093894199130AF00F83C7C1996366F4065A
:10A18C001144A1442285050442041306F00FCA852C
:10A19C004180EFF05FE6E31794FEF2406244D24454
:10A1AC004249B249224A924A0561828083270A00B9
:10A1BC0093144400BE9483C704009DC383D76400EA
:10A1CC00639027036396590103D52400EF10A06216
:10A1DC0026854E868145EF00F03F2685EFF0DFD7D0
:10A1EC0005041374F40FBDBF83A709009314440036
:10A1FC00BE9483C704009DC383C794006380470348
:10A20C0083D76400639C27012685EFF01FF2268517
:10A21C00D145EF0010402685EFF01FD405041374D0
:10A22C00F40F99BF41677917630BE502411122C402
:10A23C0006C685472A846399F50022852244B240DC
:10A24C00814541016FF05FF089476396F5008545C4
:10A25C00EF1010047DD1B2402244410182808280F3
:10A26C009D456FF07FEE03D5A1998280011106CE3A
:10A27C002317A1002316B10003C7819985476318E2
:10A28C00F70070009305E1000545EF40F011F24036
:10A29C0005618280A947631CF60483C7150003C7B8
:10A2AC000500A207D98F2310F50083C7350003C71B
:10A2BC002500A207D98F2311F50083C7550003C7CA
:10A2CC004500A207D98F2312F50083C7750003C779
:10A2DC006500A207D98F2313F50083C7950003C728
:10A2EC008500A207D98F2314F5000145828005450E
:10A2FC00828091476314F60283C7150003C70500DB
:10A30C00A207D98F2310F50083C7350003C725009A
:10A31C00A207D98F2311F500014582800545828063
:10A32C009387C5FF93960701C1820D476360D702DF
:10A33C0031473387E70297D7FF1F9387E714BA9704
:10A34C002381A7002390B7000145828009458280B4
:10A35C007115239DA198238FB1982380B19A828087
:10A36C001905956542054111938535C0418106C695
:10A37C0097A0FF1FE780206811C5B240E955410145
:10A38C006FF08018B2404101828041112384A19A60
:10A39C001306000317D5FF1F1305050F814506C6CD
:10A3AC00238E0198238F0198A38F0198A38E019877
:10A3BC00238C0198A38C01982387019A239D0198E3
:10A3CC0023AA0198EF90EFCFEF10E04B03C5C19A91
:10A3DC0015C99565938545C0120597A0FF1FE780A9
:10A3EC00806123A2A19A19CD9387C19A83C71700C4
:10A3FC0003C6C19A8145A38EF198A38FC19812060A
:10A40C00EF902FCC9387D19983C7070003C5419B4D
:10A41C0095653E951375F50F238EA198938555C0C0
:10A42C00120597A0FF1FE780005D23AAA19821C108
:10A43C0003C6C19912068145EF90AFC89387419925
:10A44C00984383C6C199814725077D56639AF600C8
:10A45C00B24017050000130525DD41016F10C05AED
:10A46C0085072300C70093F7F70F4107C5B7238E65
:10A47C000198A38E0198E9BF41119397050126C25B
:10A48C0006C622C4C187AE8463DA070803C5819A65
:10A49C00EF904F8F2A8429C90347050093070009C1
:10A4AC006311F70403471500CD476317F7060345FF
:10A4BC00250097D5FF1F83C525EC83C7E19993062B
:10A4CC006400014601472E886317E50219C2238FE9
:10A4DC00F19883C7E19991C7854503C5819AEF909F
:10A4EC004FCA2285EF906F832165258DB24022449F
:10A4FC0092444101828003C60600B29713F6F70F0F
:10A50C009377F80F6374B6009377F60F05071377FC
:10A51C00F70F890605464DBF0125E1B793F71500E6
:10A52C000145E9D7EF00D06A09C983C7E19991C702
:10A53C00854503C5819AEF90CFC413C514007DB730
:10A54C0085462A8763FBC60483C7150003C605002E
:10A55C00A207D18F2310F500639CD70083C7350069
:10A56C0083C62500A207D58F2311F50001458280F3
:10A57C00894601456394D70283C7350083C62500FD
:10A58C00A207D58F2311F70083C7550083C645005A
:10A59C00A207D58F2312F700828005458280914750
:10A5AC006314F60283C7150003C70500A207D98FF1
:10A5BC002310F50083C7350003C72500A207D98FE8
:10A5CC002311F50001458280054582809147631473
:10A5DC00F60283C7150003C70500A207D98F231005
:10A5EC00F50083C7350003C72500A207D98F2311B7
:10A5FC00F5000145828005458280A1476314F6046D
:10A60C0083C7150003C70500A207D98F2310F500D7
:10A61C0083C7350003C72500A207D98F2311F50086
:10A62C0083C7550003C74500A207D98F2312F50035
:10A63C0083C7750003C76500A207D98F2313F500E4
:10A64C0001458280054582808947631CF60083C7DB
:10A65C00150003C70500A207D98F2310F50001458B
:10A66C008280054582808357260079714ECE06D6AE
:10A67C0022D426D24AD01307F007AE896372F702B0
:10A68C0009473AC42316F100300093F5F50FEF108B
:10A69C006015B250225492540259F249456182809D
:10A6AC0003574600D9462A89328463F8E60083575B
:10A6BC00660063F4F6006379F700231401003000A0
:10A6CC0093F5F90F4A85E1B70355060002C4EFF084
:10A6DC003F82AA8459C1EFF07F9F83C784006369CE
:10A6EC00F5001146A246CE854A85EF10800555B778
:10A6FC00340026869305F00F4A85EFF02FEC75F1A8
:10A70C00A24703578400DC472390E700035724003B
:10A71C002391E700035744002392E700035764009A
:10A72C002393E70003D744002394E700DC4485CB54
:10A73C0093F4F90F2286A6854A858297C167FD1787
:10A74C002A86E311F5FA22459947F9452300F500CD
:10A75C0023029500EFF0DF9B2DBF094661B7014640
:10A76C0051B7A947631CF60483C7150003C705003E
:10A77C00A207D98F2310F50083C7350003C7250026
:10A78C00A207D98F2311F50083C7550003C74500D5
:10A79C00A207D98F2312F50083C7750003C7650084
:10A7AC00A207D98F2313F50083C7950003C7850033
:10A7BC00A207D98F2314F5000145828005458280BC
:10A7CC0083C705002300F50083C71500A300F5001F
:10A7DC0083C7350003C72500A207D98F2311F500C5
:10A7EC0082802322050003C7450089476304F700D4
:10A7FC000545828083D665000D47E37BD7FE9C45DB
:10A80C00011106CE22CC26CA4AC84EC683C41700F4
:10A81C0003C60700A204D18C138644006311D6042E
:10A82C0003C4370083C72700AE8922045D8C9307CD
:10A83C00C4FFC207C1832A89636FF70003A589008F
:10A84C002311990023108900F155EFE0F04B2322DE
:10A85C00A900014531A02285EFF0CFE365F1054554
:10A86C00F2406244D2444249B24905618280397156
:10A87C0022DC2E84834704004AD806DE26DA4ED624
:10A88C0019472A89B285639AE706034624002800F3
:10A89C00EFF0FFD0AA8415E903558100EFF08FDFAC
:10A8AC00AA898345140015C92E86171700001307B3
:10A8BC0007E734009D454A85EF00B03C4E850946BC
:10A8CC008145092B4E85EFF02FE9F2506254268515
:10A8DC004259D254B2592161828089472310F10028
:10A8EC00835781000A862311F1008357A10023129C
:10A8FC00F1004A85EF00106FC9BF4947639DE7021D
:10A90C00035624002800EFF05FCFAA845DFD97D793
:10A91C00FF1F83D727B899E3814445BF0347140031
:10A92C00834604003C000146CA8517D5FF1F03452A
:10A93C0085B6252E59BF51476390E7020356240074
:10A94C002800EFF03F95AA8449F1834514003000AC
:10A95C004A85EFF05FD195BF5947639FE7040356D3
:10A96C0024002800EFF0FF98AA8425F1835581007C
:10A97C004A85EFF0AFDA1DC558458356A1008357C1
:10A98C000700B697C207C1832310F700D1D75C47E5
:10A99C00C1D783C7E199C9D3854503C5819AEF8097
:10A9AC005FFE25B789473EC0835781000A868345E1
:10A9BC0014002312F10035BF834514000A862310BE
:10A9CC000100EF00306289BF5D71A6C256DA86C6FF
:10A9DC00A2C4CAC04EDE52DCAA8A03C51500AE84DE
:10A9EC0032C6EFF0EFCDB24501ED8144B6402644BE
:10A9FC00268506499644F259625AD25A6161828080
:10AA0C00230205002311050083C9040085472A840D
:10AA1C00639AF90003C624002808EFF07FB2AA84D9
:10AA2C0005492DA09D476394F904034705008D4704
:10AA3C00E31DF7FA03C6240028080549EFF01FB9F7
:10AA4C00AA8409E505468145228569262285EFF011
:10AA5C00CFED034584003C080147CE862686D6857B
:10AA6C002924E30509F82285EFF00FCF41B7CD4734
:10AA7C00639DF900034705009147E318F7F603C6F9
:10AA8C0024002808EFF05FBC59BFD547E39FF9F4C9
:10AA9C00034A05008947E31AFAF403C62400280880
:10AAAC000549EFF01FCCAA8455F183570102BDE391
:10AABC00035781011306F0035C44930607FCC2069E
:10AACC00C182636CD6000356A101D94663F7C60058
:10AADC008356C101D94563EFD5000355240023915A
:10AAEC00E7000549EF00305103560102D28522855B
:10AAFC007124A9BF8355E1012391E7002392C7007C
:10AB0C002390B7002393D70085472300F400014A14
:10AB1C000149D9BF014AC9BF7971AA8522D426D26D
:10AB2C0003542500AA84280806D6EFF09FCBF245E3
:10AB3C0099E535E985452285EFF04FF3C1A08357A0
:10AB4C0081011547639BE7060357A1018D4763FC01
:10AB5C00E7046800EFF0DFC60357E100DD4763FC54
:10AB6C00E7008345D100B707170085071008228539
:10AB7C003EC8EF0030478357E1000357A10191070E
:10AB8C006305F7002285EFF0AFED8347C1007246F5
:10AB9C006C00858B1106228591CFEFF0FFE201C589
:10ABAC002285EFF0EFEB884451D597A0FF1FE7808B
:10ABBC0020EE49B7EFF0BFCBDDB711476389E70053
:10ABCC001387A7FF42074183854663EEE6023147B0
:10ABDC00F117B387E70217D7FF1F1307E78ABA9756
:10ABEC0003D7070069D303C527003008A2850D20C1
:10ABFC005DF9035781019147E31EF7F2B2502254DD
:10AC0C009254456182802C0822852D2E49FDFDB77A
:10AC1C0001114AC82A89314526CA06CE22CC2EC635
:10AC2C00B284EF805F9221C1B2459307000A2310D2
:10AC3C00F5002311B5002A84214611058DC0A68587
:10AC4C009790FF1FE780A041A2854A85EF801F9A4D
:10AC5C000145F2406244D2444249056182808145FB
:10AC6C00EF803FC6D5B70545EDB7797126D2AA84DA
:10AC7C001305000206D622D42ECE32CC36CA3AC8E0
:10AC8C003EC6EF805F8C21C96246F2454247D246F0
:10AC9C00B2472A84130520FA2300A400A300C400A1
:10ACAC002311B4002302E400A302D4001305840092
:10ACBC00614691CFBE859790FF1FE780403AA285F1
:10ACCC002254B2502685925445616F803F92814543
:10ACDC00EF803FBFEDB7B250225492544561828051
:10ACEC005845797122D406D62A84AE8641C383573F
:10ACFC002700231DF10093072006639FF50493871B
:10AD0C00A19903D60700835767006373F600B287D7
:10AD1C0013F6F70F83552701834707018D8F93F7A0
:10AD2C00F70F81E5890793F7F70FB297FD17B3C7B4
:10AD3C00C702231EF100835724008355640003458A
:10AD4C008400231CF10001473C080146EFF0FFF1A1
:10AD5C00B2502254456182800347C7019387419AC0
:10AD6C009C431207BA9783D76700E1B72EC61946E2
:10AD7C0081452808EF80FFB4B24675BF797122D4A3
:10AD8C0006D626D22A848DC1814701479306000638
:10AD9C002E868355640003458400EFF01FEDB250FE
:10ADAC002254925445618280B28428005946EF8027
:10ADBC005FB12314910089E88357240048446C0048
:10ADCC002315F100EFF0AFA83C00014793060006F5
:10ADDC000146C1B7797106D6814799ED8357250095
:10ADEC0058452316C1002314F1003C0011C78357AA
:10ADFC0027002315F1003C002E8683556500034582
:10AE0C008500014793060006EFF03FE6B25045611E
:10AE1C008280411122C406C68347050011472A844B
:10AE2C006395E7022E8683556500034585008147AF
:10AE3C000147CD46EFF07FE3494683556400224439
:10AE4C00B240154541016FF00F9B13F7B70F8946C0
:10AE5C006317D7000146EFF07FF25146F9BF0D475B
:10AE6C006398E7002244B240014641016FF09FF61F
:10AE7C00B24022444101828083D705003147F1174B
:10AE8C003387E70297C7FF1F93870760BA97D843AA
:10AE9C0019EBD8412395A7000145D8C303D725004A
:10AEAC002394E700828059458280797122D44045F1
:10AEBC0026D24AD006D6AA842E8925C0484419C564
:10AECC0097A0FF1FE780C0BC232604008357040013
:10AEDC0083D5640003C584002315F1008357240037
:10AEEC000147930640062316F100835784004A86D7
:10AEFC002317F1001C483EC883D724002314F1000B
:10AF0C003C00EFF09FD6A30E240123280400B2507E
:10AF1C002254925402594561828028003146814561
:10AF2C00EF803F9A83D7240083D5640003C5840047
:10AF3C002314F10001473C00930640064A86EFF0CB
:10AF4C00DFD2F1B7797152CC2A8A03D5050026D20B
:10AF5C0006D622D44AD04ECE56CAAE84EFE09FF32A
:10AF6C0019E18547BDA84045AA8965DC8357650072
:10AF7C00E39947FF83578400638707128346C40114
:10AF8C00938A419A03A70A009206FD173697C207C7
:10AF9C0003576700C1832314F4006316F70093056D
:10AFAC003006EFF0FFD35C48A5EFC840034915000D
:10AFBC008347050022093369F90083D7240013075E
:10AFCC002900631AF702F955EFE00054C8C0239129
:10AFDC00240103C589002686D285EFF07FC3814703
:10AFEC0021E1B250225492540259F249624AD24A97
:10AFFC003E85456182809565938515C04A8597A0ED
:10B00C00FF1FE780409F48C8C840231C2401F95506
:10B01C00EFE0804F83D72400C8C0F9172391F400C8
:10B02C00484859C503D624008356A401835784018C
:10B03C003308D60063C007090347C40183A70A007D
:10B04C0095451207BA9783D7270063CF0705CC40E5
:10B05C0036959790FF1FE78080000357A40183D794
:10B06C002400BA97C20703578401C183231DF4003F
:10B07C00E399E7EE03D7290003C5890030002314B8
:10B08C00E1005848D2852315F1003AC6EFF05FB8BD
:10B09C0011C5484897A0FF1FE780809F232A040012
:10B0AC00232C04007DBD99454E85EFE09FEF55BDE7
:10B0BC00A545DDBF9145CDBF03D7250079CB83D600
:10B0CC00A199ED4763E8E60C011122CC2E8426CA27
:10B0DC00AA844840914506CEEFE0004383572400F4
:10B0EC00AA862300F50083572400A183A300F50052
:10B0FC00835704002301F50083570400A183A301A7
:10B10C00F50003562400C167F91711064206418267
:10B11C006394F4042AC4314532C6EF80CFC2AA85A9
:10B12C00CD470DC5930700F93246A2462300F50022
:10B13C00F9572311F50089472302F5002313C500A5
:10B14C0014C503C5819AEF806FCA8147F2406244EF
:10B15C00D2443E850561828081452685EF30102CD6
:10B16C00AA8701E903C7E19975D37D17238FE1986D
:10B17C00F1BF09476302E5021D476301E502494738
:10B18C006300E5027D47E313E5FC03C7E1998147C2
:10B19C00E1BFED473E858280D1474DBF91477DB7DA
:10B1AC0089476DB7011122CC4AC831441309C5FF38
:10B1BC003304890297C7FF1F9387072D06CE26CA33
:10B1CC003E94584031C783C6E199BE84854795CAE1
:10B1DC002314A100835784000355A4002C003AC605
:10B1EC002315F100EFF05FED11C5484097A0FF1F4C
:10B1FC00E780008AB147B307F902A69723A207009C
:10B20C008547F2406244D24442493E8505618280C2
:10B21C008147C5BF797126D244451387A1994AD07D
:10B22C0083D764000359070052CC06D622D44ECEE5
:10B23C0056CA2A8A63F327013E8903D7240142099F
:10B24C001359090183D7040141CB998F4A8463D5E3
:10B25C00270113940701418089452285EFF04F9017
:10B26C00AA89CD4A25C183D724002AC6231581007B
:10B27C002314F10083D7240185E383D704019309B8
:10B28C0025002300F50083D70401A183A300F5005A
:10B29C006376240503D4040183D72401CC4422868D
:10B2AC004E85BE959790FF1FE78060DB03556A00C3
:10B2BC002C00EFF07FE0AA8A15C54E859790FF1FF2
:10B2CC00E780007DB2502254568592540259F249BF
:10B2DC00624AD24A4561828089078DBF7914420443
:10B2EC0041805DBF03D7240183D704003A94FD1736
:10B2FC00C207420403D70401C18341802390F400A8
:10B30C00239984006377E400D5FFFD57A38EF400E6
:10B31C0055BF81455285EFF05FB96DB701114EC62F
:10B32C0083C9E19A22CC52C456C25AC006CE26CA50
:10B33C004AC84E84138A4199854A130BF00F832710
:10B34C000A0093144400BE9403C904006317590700
:10B35C00DC44A5C7D84735C303D7070039C383C717
:10B36C00E19989CF2685EFF0FFEAAA8515E505045A
:10B37C0083C7D199635FF4002387819AF2406244BA
:10B38C004A85D2444249B249224A924A024B05614B
:10B39C0082802387019ADDB72685EFF01FB1014922
:10B3AC00F1BF83C7D701639A6701930520062685F1
:10B3BC00EFF01F93DC44A38E070005041374F40F05
:10B3CC0083C7D1996363F4000144E31A34F7C1BF16
:10B3DC004111154506C6EFF0FFDC09C50545B24025
:10B3EC00410182801945EFF0FFDB6DF91145EFF05B
:10B3FC007FDB6DF51D45EFF0FFDA6DF103C5D199DB
:10B40C0079DDB24041016FF07FF183D705000D4724
:10B41C00F117C207C183636CF704DC41A9CB41115E
:10B42C0022C42E84854526C206C6AA84952531C120
:10B43C0026856923C167F917638FF40009ED8357DB
:10B44C00240091CB835604001947639AE60203D774
:10B45C00A19963F6E70283C7E199594581CFA2858B
:10B46C002244B2402685924441016FF0FFC4094545
:10B47C0082805145B24022449244410182806D4504
:10B48C00D5BF397126DA4ED6AA84AE895D45894579
:10B49C004AD806DE22DC328936C63AC4EFE05FECCD
:10B4AC0025C522472A84014511C7B246130544001D
:10B4BC00B68502979357850023003401A30024011D
:10B4CC002301A400A301F40011059547231DA1003D
:10B4DC00231CF10022CE83C7E1992C08268595C345
:10B4EC00EFF09FBDAA8411C522859790FF1FE780BE
:10B4FC00205AF250625426854259D254B2592161D5
:10B50C008280EFF07F97F9BFCD44E5B7797126D2F1
:10B51C004AD052CC56CA06D6BA8A22D44ECE194735
:10B52C002E89B284368A639AE506035526000944AF
:10B53C00EFE05F962AC635C95C458359650083D711
:10B54C0027002390F400B24715479306F00F238091
:10B55C0057012391E70003C791996312D70605475A
:10B56C00A38CE1982382E7005147631AE900154741
:10B57C002391E40083D68400D8472314D70003C654
:10B58C0047005287A686CA854E85EFF09FEF2A8426
:10B59C0032451DC8EFE05F9C09A842867400BE8549
:10B5AC00AA89EFE0BF812A8459DD2285B25022544A
:10B5BC0092540259F249624AD24A456182809306FA
:10B5CC001700A38CD19879BFF945EFE07FB4F1BF98
:10B5DC0083D705002300F50083D70500A183A300C2
:10B5EC00F50083D725002301F50083D72500A1831F
:10B5FC00A301F5001145828083D705002300F500D7
:10B60C0083D70500A183A300F50083D72500230170
:10B61C00F50083D72500A183A301F50083D745004E
:10B62C002302F50083D74500A183A302F50083D73D
:10B63C0065002303F50083D76500A183A303F50000
:10B64C002145828083D705002300F50083D70500B0
:10B65C00A183A300F5000945828083D70500230050
:10B66C00F50083D70500A183A300F50083D725003F
:10B67C002301F50083D72500A183A301F50083D70F
:10B68C0045002302F50083D74500A183A302F500F2
:10B69C0083D765002303F50083D76500A183A3033B
:10B6AC00F50083D785002304F50083D78500A1839B
:10B6BC00A304F5002945828003D705008546AA8797
:10B6CC002300E50003D705002183A300E50003D781
:10B6DC000500631DD70003D725002301E50003D720
:10B6EC0025002183A301E5001145828009456315DE
:10B6FC00A70203D7250019452381E70003D72500AE
:10B70C002183A381E70003D745002382E70003D7F9
:10B71C0045002183A382E700828083D705002300A4
:10B72C00F50083D70500A183A300F50083D725007E
:10B73C002301F50083D72500A183A301F500114552
:10B74C008280797126D24AD04ECEB2842A89AE89B3
:10B75C0029468145480022D406D63684EF806F9660
:10B76C002316910085EC835724002312F100938754
:10B77C00A19983D707002314F1005C4485C383C6C9
:10B78C00C7011387419A1843920683D787003697CF
:10B79C00035727002315F1002313E1004A851707EF
:10B7AC0000001307C7EB540013F6F90FD545EFF063
:10B7BC005FCD2A8911C19DE085472300F400230247
:10B7CC000400014681452285EFF04FDBB250225434
:10B7DC004A8592540259F249456182802285EFE0F4
:10B7EC00AFF7EDB7B28617070000130727ED2E86CB
:10B7FC0085456FF01FC901112317A1004165700029
:10B80C0001489307F00F0D4797060000938686DCDE
:10B81C0099457D1506CEEFF07FCFF2400561828011
:10B82C00B28701482E86114797060000938606DDE5
:10B83C00C9456FF0BFCDB286170700001307C7E0EC
:10B84C002E86CD456FF0FFC3011122CC26CA4AC803
:10B85C004EC606CE2A89AE8917C4FF1F1304C4C670
:10B86C0097C4FF1F938444C91C4081C7CE854A8569
:10B87C0082971104E31A94FEF2406244D244424986
:10B88C00B2490561828017C5FF1F0345A5AF9377A9
:10B89C0035000981AA97238AF19AA5C31305C00321
:10B8AC003385A702A5654111850506C69790FF1F34
:10B8BC00E780601423A8A19A03C7419B090581471F
:10B8CC00FD5663C2E70297C7FF1F9387E7BF17C7F1
:10B8DC00FF1F130767C223A007009107E39DE7FE34
:10B8EC00B240410182802310D5002301050023259D
:10B8FC00050285071305C503E9B782809387019B71
:10B90C00984303C6419B81476315F60081463685F3
:10B91C008280BA861307C703835567FCE389A5FEAB
:10B92C00850793F7F70FCDB7011122CC2EC632C481
:10B93C0006CE2A84EFF09FFC2246B24511E9C1677E
:10B94C00F9176303F4005145F240624405618280AB
:10B95C0054558347450095C213F72701414563149D
:10B96C00A700154575F2C18B3D45F9DF83C7A601CC
:10B97C000145E3FBB7FC3145C1BFC18B0145E9F77C
:10B98C001545D9B79387019BC166984383C5419BE5
:10B99C008147FD166395F500014632858280035878
:10B9AC0027003A866306D80003480700E307A8FE81
:10B9BC00850793F7F70F1307C703E9BF411106C6B5
:10B9CC00EFF0DFF311C503554501B2404101828010
:10B9DC000145E5BF9387019B984383C6419B8147F3
:10B9EC00110701456393F60082800346070001C6E8
:10B9FC0005051375F50F850793F7F70F1307C703A5
:10BA0C00D5B703C5419B828017C7FF1F1307C7AB70
:10BA1C008147BA8631460C4391E58A07B69788C3AD
:10BA2C000145828085071107E397C7FE4D4582804B
:10BA3C00411106C622C4EFF07FEC0DCD2A840355CC
:10BA4C0025008545EFF05FE0485409C59790FF1F2E
:10BA5C00E780000422851306C0038145EF707FE662
:10BA6C00FD572311F400230204000145B240224487
:10BA7C00410182800945DDBF411106C6EFF01FE888
:10BA8C0011C50345C500B240410182800145E5BFA7
:10BA9C00C167F9176304F502411122C406C62E844E
:10BAAC00EFF0DFE5AA87014591C703C54700698C14
:10BABC0033358000B24022444101828005458280AA
:10BACC00011106CE2EC6EFF07FE3854711C903574F
:10BADC004501B24585476305B700231AB500814778
:10BAEC00F2403E850561828021C901114AC8416935
:10BAFC0022CC26CA4EC652C406CE0144AA849389CF
:10BB0C00019B130AC0037D1983C7419B634AF40050
:10BB1C00F2406244D2444249B249224A05618280D1
:10BB2C003305440383A709003E958357250063839F
:10BB3C00270182940504C9BF82809387019B9C4393
:10BB4C00C16603C6419B890701450147FD16914516
:10BB5C006313E600828003D807006309D80003C88A
:10BB6C00A7006315B80005051375F50F05071377C6
:10BB7C00F70F9387C703E9BF9387019B944303C6D1
:10BB8C00419B0147910681476310E602858393C769
:10BB9C00F7FFC207C18305456364E502854733950A
:10BBAC00A70042054181828083C5060081C583D5EB
:10BBBC00C602CD8F05071377F70F9386C603E9B737
:10BBCC0093F61700E1FE050585831375F50FE9B7AC
:10BBDC00797156CAAA8A2E8526D24AD04ECE52CC1C
:10BBEC005AC85EC662C406D622D4AE84328B368C5A
:10BBFC00BA8B3E8AC2894689EFF05FD049E1416534
:10BC0C007D15EFF0BFCF2A84554531CC1946DE8522
:10BC1C0013056400A30284019780FF1FE780204472
:10BC2C008357010323119400230264012319F400A8
:10BC3C00835741032300540123260402231AF400E2
:10BC4C00230644012317340123182401EFF0DFF2FB
:10BC5C002318A402232A04022685232C04028145DE
:10BC6C00EFF09FBE0145B250225492540259F24952
:10BC7C00624AD24A424BB24B224C456182804545C6
:10BC8C00DDB79387019B984383C6419B814763959E
:10BC9C00F60041657D1582803A861307C7038355EC
:10BCAC0047FF6395A500035526008280850793F70F
:10BCBC00F70FF1BF9387019B4166984303C8419BE3
:10BCCC0081477D1685482D43314E6314F80001459C
:10BCDC008280835627003A856382C602545B99CED4
:10BCEC0083C506006397150183C616006378DE00D2
:10BCFC00828089E583C61600E37CD3FC850793F725
:10BD0C00F70F1307C703D1B79387019B416698437D
:10BD1C0083C5419B81477D1625486394F5000145F9
:10BD2C008280835627003A85638BC600545B81CA98
:10BD3C0083C61600E51693F6F60FE373D8FE850757
:10BD4C0093F7F70F1307C703C9BF894791C909C9EF
:10BD5C0095472380F50083470500A380F5008147B4
:10BD6C003E85828039714ED652D4AE892A8A93058B
:10BD7C003005414526DA4AD856D206DE22DC32C6D8
:10BD8C003689BA8A9790FF1FE780E0C6CD4421C957
:10BD9C002A8489446380090432468145231AC100F0
:10BDAC004146EF701FB25686CE8522859780FF1FC5
:10BDBC00E780E02A2146630E0902CA85280897808D
:10BDCC00FF1FE780C029A28650082C085285EF205F
:10BDDC00F061AA8422859790FF1FE78060CBF25018
:10BDEC00625426854259D254B259225A925A216130
:10BDFC00828081452808EF70DFACF1B789478DC58B
:10BE0C0005C5411106C6AE871947AA852380E700F0
:10BE1C001385170041469780FF1FE7804024B240EE
:10BE2C0081473E85410182803E858280894795C944
:10BE3C000DC9411106C625472380E50003470500BF
:10BE4C00AE871946A380E5009305150013852700DE
:10BE5C009780FF1FE780A020B24081473E854101BB
:10BE6C0082803E85828089478DC505C5411106C6F5
:10BE7C00AE872147AA852380E7001385170041462A
:10BE8C009780FF1FE780A01DB24081473E8541018E
:10BE9C0082803E85828089479DCD15CD411106C695
:10BEAC001D472380E50003570500AE872146A3807C
:10BEBC00E5000357050021832381E5009305250048
:10BECC00138537009780FF1FE7806019B2408147C8
:10BEDC003E85410182803E85828089478DC505C59E
:10BEEC00411106C6AE870D47AA852380E70013854E
:10BEFC00170041469780FF1FE7806016B2408147CC
:10BF0C003E85410182803E85828089478DC505C56D
:10BF1C00411106C6AE871147AA852380E700138519
:10BF2C00170041469780FF1FE7806013B24081479E
:10BF3C003E85410182803E85828089478DC505C53D
:10BF4C00411106C6AE872947AA852380E7001385D1
:10BF5C00170041469780FF1FE7806010B240814771
:10BF6C003E85410182803E85828023AC019A23AEBE
:10BF7C00019A23A0019C9797FF1F9387E7EB171754
:10BF8C0000001307075698C31707000013078746CE
:10BF9C00D8C317070000130727DD98C79797FF1F13
:10BFAC00938747EA17270000130707C898C317079A
:10BFBC00000013074760D8C317170000130747DEAC
:10BFCC0098C78280C14709CD144DC14791CA784D9D
:10BFDC0001CB83C73600BD4663F4F6008347870167
:10BFEC003E858280411122C41384819B4AC02A89D8
:10BFFC00084006C626C241C5A284631E09008347B9
:10C00C0005002146B1CB29059780FF1FE78020054D
:10C01C009C400545B9CF4945EF70EFD22A840DC538
:10C02C00930710FC2300F500A30025018C400905A3
:10C03C00414689059780FF1FE78060029C40A285DE
:10C04C0003C51700EF708FDA88409790FF1FE780C9
:10C05C0020A423AC019A29A809059780FF1FE7802B
:10C06C000000EF207038054945F51C40238027015E
:10C07C000545B24022449244024941018280014567
:10C08C00CDBF1C4D639F0716411122C426C22A84C2
:10C09C00AE8441459305300506C69790FF1FE78097
:10C0AC00809508CCCD4763040510A6854146978042
:10C0BC00FF1FE780C0FA83450400F9ED7C4C184C57
:10C0CC00D04B5443058A858A6307D60083D6470133
:10C0DC00F99A239AD700D04B544305828582058A5E
:10C0EC00858A6307D60083D64701F59A239AD70031
:10C0FC00D04B544309828982058A858A6307D6000E
:10C10C0083D64701ED9A239AD700D04B54430D8226
:10C11C008D82058A858A6307D60083D64701DD9A0E
:10C12C00239AD700D04B54432182A182058A858A59
:10C13C006308D60083D6470193F6F6EF239AD7000F
:10C14C00D04B54432582A582058A858A6308D60084
:10C15C0083D6470193F6F6DF239AD700D04B54438E
:10C16C002982A982058A858A6308D60083D647016D
:10C17C0093F6F6BF239AD700D44B5843AD822D8348
:10C18C00858A058B638AE60003D74701FD76938683
:10C19C00F67F758F239AE70003C714007C4C11CFF0
:10C1AC0003C7170019CB9547A301F4008147B24090
:10C1BC00224492443E854101828003C72400118BA6
:10C1CC0019E703C72701118B19E38547F1BF03C793
:10C1DC00070083C6040081C5B687BA863E87114620
:10C1EC00E147E366E6FCE364D6FC95473307F702C8
:10C1FC0097170100938707923E973697834707005E
:10C20C0065B7C5473E858280AE8715C5784D05C795
:10C21C00834607002380D50083461700A380D500F2
:10C22C00834627012381D50083468701584BA38180
:10C23C00D500D8C18280414681453E856F706FE83C
:10C24C009387C19B9C4391C703A38700630303009F
:10C25C00028309458280011122CC2A84494506CEED
:10C26C00EF90EF9505C12AC62285EFF02FE919C989
:10C27C006244324683550503F24003C5A19C056117
:10C28C006F709F80F240624405618280797126D282
:10C29C009947231DB100AA842E858D4522D406D63C
:10C2AC0032C636C4231CF100EFE08F8B2ACE4D44EE
:10C2BC001DC13246A246AA85328582962A8419E58A
:10C2CC002C082685EFF06F942A8411C5724597804F
:10C2DC00FF1FE780E07B2685EFF0FFF72285B25049
:10C2EC002254925445618280011122CC9305C501E0
:10C2FC002A8441460A8506CE9780FF1FE78020D608
:10C30C00035544000A8697060000938646BDC54532
:10C31C00EFF0DFF7F240624405618280011122CC1C
:10C32C009305C5022A8441460A8506CE9780FF1FD5
:10C33C00E780E0D2035544000A86970600009386F6
:10C34C0006BDC545EFF09FF4F24062440561828062
:10C35C002E86970600009386A6AAC5456FF01FF39C
:10C36C000111B28722CC2300B1002A84BE851305AB
:10C37C001100194606CE9780FF1FE78040CE0A8633
:10C38C002285970600009386A6AAA145EFF01FF020
:10C39C00F2406244056182802E86970600009386E7
:10C3AC00C6ACC5456FF09FEE0111B28722CC2310AD
:10C3BC00B1002A84BE8513052100214606CE978044
:10C3CC00FF1FE780C0C90A86228597060000938666
:10C3DC00C6ACAD45EFF09FEBF24062440561828044
:10C3EC002E8697060000938686B5C5456FF01FEA2A
:10C3FC00011106CE22CC26CA834405008547639BD7
:10C40C00F4048347150019472A84639AE7041C4DEA
:10C41C0083D7470013F7071019C7784D0357470107
:10C42C001377071021E313F7072001CB784C035740
:10C43C004701137707206315071093F7074081CB4B
:10C44C007C4C83D7470193F70740639C0714C9477B
:10C45C00A300F400F2406244D2440561828031476B
:10C46C006392E70A3C5091EF930530057145978034
:10C47C00FF1FE780405828D009C571468145EF70F1
:10C48C004FC42450A9C883C7A40191E72285EFF0BB
:10C49C007FB3238DA400814526854146EF706FC282
:10C4AC0028503D478345A5019387F5FF93F7F70F78
:10C4BC006364F700EF80AFC3EF70CFA23C50A1458F
:10C4CC002398A70013852701EF806FC22C500355CA
:10C4DC004400EFF0FFE7B54703554400A300F40018
:10C4EC00EFF0CFC1414611C58357E50013D61700B5
:10C4FC003E966244F240D24403C5A19C8545056139
:10C50C006F708FD83547639AE7023C5189CB83D53E
:10C51C0007010355450013862701EFF0FFE81C4C7B
:10C52C0083D7470013F7072039CB784C03574701C3
:10C53C001377072029C7B94745B73947639BE700ED
:10C54C00EF804FEAAA8503554400EFF0FFE4BD47A6
:10C55C0061B73D476394E704EF802FE8AA85630D2C
:10C56C009502814526852EC6EF80EFE42A86B245DA
:10C57C0003554400EFF0DFDE1C4C83D7470093F7E4
:10C58C000740E38607EC7C4C83D7470193F70740C1
:10C59C00E38F07EAC14789B78144E9B74147E3987C
:10C5AC00E7EAEF80EFE4AA8503554400EFF05FE380
:10C5BC0079BD797106D622D426D283440500A5E430
:10C5CC008347150019472A846394E7067C4D83D76B
:10C5DC00470113F7170011C7184D03574700058B78
:10C5EC0039EB13F7270019C7184C03574700098B71
:10C5FC00631D0712918B99C71C4C83D74700918BF5
:10C60C00639407187C4C83D7470113F70710630515
:10C61C000718184C0357470013770710630E0716BB
:10C62C00B147A300F400B250225492544561828069
:10C63C001D47639FE70A3C5089EB93053005714514
:10C64C009780FF1FE780203B28D02450BDC822854F
:10C65C00EFF05F97238DA400814526854146EF704E
:10C66C004FA628503D478345A5019387F5FF93F7C7
:10C67C00F70F6369F70283C741A2A5CB41468145F9
:10C68C000808EF700FA4194697B5FF1F938505DABC
:10C69C0008089780FF1FE780809C30500C082E857F
:10C6AC00EF70D02DEF700F843C50A1452398A7005C
:10C6BC0013852701EF80AFA32C5003554400EFF0F6
:10C6CC003FC9A14703554400A300F400EFF00FA3AA
:10C6DC00414611C58357E50013D617003E96854594
:10C6EC0003C5A19CEF704FBA3DBFEF804FA05DBF5B
:10C6FC0021476399E7023C5189CB83D50701035548
:10C70C00450013862701EFF03FCA7C4C83D74701C5
:10C71C0013F7270021CF184C03574700098B39C753
:10C72C00A5474DB72547639BE700EF80AFCBAA85A4
:10C73C0003554400EFF05FC6A94769B729476392D8
:10C74C00E704EF808FC98547AA856304F50081450E
:10C75C00854426852EC6EF800FC62A86B245035522
:10C76C004400EFF0FFBF7C4C83D74701918BE38BE8
:10C77C0007E81C4C83D74700918BE38507E8AD474E
:10C78C0091B72D47E390E7E8EF808FC6AA85035554
:10C79C004400EFF0FFC4BDB513F7072009CB184CCC
:10C7AC00035747001377072019C3B9479DBD93F76B
:10C7BC00074089CB1C4C83D7470093F7074099C39C
:10C7CC00C14785B5C947B1BD0DCD01118A8522CCB4
:10C7DC0006CE2A84EFF05FA3834704000355440080
:10C7EC0097160000938666B089E79716000093862B
:10C7FC0066B00A869D45EFF07FA9F2406244056160
:10C80C00828005458280AA8503C5A19C6F706FBE8E
:10C81C00411122C4405926C206C6AA8431C4084C10
:10C82C0009C59780FF1FE780A026285009C597806F
:10C83C00FF1FE780E025685009C59780FF1FE78040
:10C84C002025285409C59780FF1FE7806024685471
:10C85C0009C59780FF1FE780A02322859780FF1FC3
:10C86C00E780002323AA0402224403D50403B24028
:10C87C00924441016FF03FF9411126C206C622C411
:10C88C00AE84EFF0AF8731C14C592A849DCD83A87B
:10C89C00C50603A88506FC51B85183C6650003D6AE
:10C8AC00450083C505002685EF80FFB82285EFF093
:10C8BC003FF6EFF06FC511C92244B240924403C554
:10C8CC00A19C854541016F70CF8BB24022449244AC
:10C8DC0041018280411122C4405926C206C67C4CBB
:10C8EC00AA8483D7470113F7071019C7184C0357AD
:10C8FC004700137707101DE313F7072019C7184CCF
:10C90C00035747001377072011EB93F707409DCB94
:10C91C001C4C83D7470093F707408DC79947A3005A
:10C92C00F4002285EFF0DFAC03471400C947631F06
:10C93C00F700224403D52400B240924481454101C2
:10C94C006FF09FF3C947A300F400E5B7B24022444F
:10C95C00924441018280411106C622C426C2EFF0E6
:10C96C006FB521C14059AA840DCC834704009DC7E3
:10C97C009387C19B9C4389C7DC4399C322858297CB
:10C98C0003471400C947631EF700224403D5240053
:10C99C00B2409244814541016FF01FEE9387019C98
:10C9AC00D1BFB2402244924441018280411126C23F
:10C9BC004AC006C622C4AA842E89EFE03FF40DCDEE
:10C9CC0040595DC0835744006390970A8347140015
:10C9DC0019476392E70883470400BDCB7C4C83D78F
:10C9EC00470113F7170005C3184C03574700058B75
:10C9FC0019CB9D47A300F400B24022449244024953
:10CA0C0005454101828013F7270001CB184C0357D1
:10CA1C004700098B19C3A547F1BF918B81CB1C4CE7
:10CA2C0083D74700918B99C3AD47E9B79387C19BD7
:10CA3C009C43F9D3DC43E9D3228582970347140046
:10CA4C00C9478145E31AF7FA2685EFF0FFE26DB787
:10CA5C009387019CF1BF45476398E7006304090085
:10CA6C0013092003CA85CDB7631C09002685EFE0A6
:10CA7C00FFE819C58347450093E707012302F5003A
:10CA8C00A6854A85EF808FBB85BF411122C42E86B7
:10CA9C002E8497F6FFFF9386862B894506C626C201
:10CAAC004AC02A89EFF08FFE83450400AA844A8588
:10CABC00EFF09FDCB24022442685024992444101AA
:10CACC0082809387019C9C4395CB9C4385CB797149
:10CADC0022D406D6984110082A843AC8D8418545F4
:10CAEC003ACA829701C92306A100035524006C00A1
:10CAFC00EFF0BFF9B250225445618280828001115F
:10CB0C0022CC06CE2A842EC6EFE05FDF5C5991CF93
:10CB1C0083D74700B245639A870085476397F50032
:10CB2C006244F24005616FF0BFCEF2406244056191
:10CB3C008280411106C6EFF0CF94C167FD176307E1
:10CB4C00F500B240DD4541016FF01FD3B240410109
:10CB5C0082802300B500828001114AC84EC62E89FE
:10CB6C00AA89930530051305000326CA06CE22CCEC
:10CB7C00B2849780FF1FE78000E821CD13060003E5
:10CB8C0081452A84EF60FFD34146CE852285EF6034
:10CB9C00BFDB0D46CA851305D401EF60FFDA13061F
:10CBAC000402930504012285EF70405D0D46930548
:10CBBC00D4022685EF605FD922859780FF1FE7801E
:10CBCC0020ED0145F2406244D2444249B24905612C
:10CBDC0082804D45C5BF81474146B306F50033877A
:10CBEC00F5000347070003C8060085073347070114
:10CBFC002380E600E393C7FE82805D714EDE62D433
:10CC0C00AE892A8C9305300513050003A6C2CAC051
:10CC1C0052DC56DA5AD85ED686C6A2C4B28B368B94
:10CC2C00BA84BE8A4289468A9780FF1FE780A0DCBF
:10CC3C006301050E1306000381452A84EF607FC84B
:10CC4C004146E2852285EF603FD0414681450A8509
:10CC5C00EF603FC71D46DE850A85EF60FFCE1D469F
:10CC6C00DA8513057100EF603FCE33392001B33400
:10CC7C00900041468145080823072101A307910034
:10CC8C00EF603FC41946D6854808EF60FFCB1946C4
:10CC9C00D2851305A101EF603FCB930404014146FB
:10CCAC00CE852685EF605FCA8A852685EFF0BFF2B8
:10CCBC00930904024E86A6852285EF70204C2A89A2
:10CCCC001DE54146CE8526859770FF1FE7802039EC
:10CCDC000C082685EFF03FF04E86A6852285EF7076
:10CCEC00E0492A8946454146CE85EF60FFC522853D
:10CCFC009780FF1FE780C0D9B64026444A859644EA
:10CD0C000649F259625AD25A425BB25B225C6161AB
:10CD1C0082804D49D5B7011126CA52C4AA842E8AE5
:10CD2C0013050003930530054AC84EC606CE22CC27
:10CD3C003289B6899780FF1FE780E0CB31CD2A84FA
:10CD4C00A6854146EF605FC0930404012146D2855D
:10CD5C002685EF607FBFCA85214613058401EF60ED
:10CD6C00BFBE13090402A6854A862285EF700041D6
:10CD7C00AA844146CA854E85EF601FBD22859780E7
:10CD8C00FF1FE780E0D0F240624426854249D2443E
:10CD9C00B249224A05618280CD44F5B75D71A2C4C7
:10CDAC00A6C24EDE52DC86C6CAC0AE89328AAA84BE
:10CDBC00EFE0DFB44059414681450A85EF607FB012
:10CDCC0059C0035944006310990883470400A5EF28
:10CDDC00034714009947631CF70214081306C40494
:10CDEC009305C40213057400EFF0FFF229ED2285C0
:10CDFC00EFF04F9D2A860C080A859770FF1FE7807D
:10CE0C0000268A854A85EF10705F054545A02C5099
:10CE1C009DC9C54683D705016312D70A6310FA0270
:10CE2C002146C9054E85EF60FFAF85476318F500B5
:10CE3C002285EFF02F992A862C507DBF9305200375
:10CE4C002685EFF07FA32685EFE05FAB2A8441C9EE
:10CE5C004C55D1C583D70501639347092146C905B4
:10CE6C004E85EF603FAC85472A89631AF5064C5412
:10CE7C000A8503C6A5019770FF1FE780401E83C774
:10CE8C00918691C75C5483C7B70163972705BD454D
:10CE9C002685EF10305197A7FF1F9387E74C9C5BBB
:10CEAC00014589C71D45894582970145B6402644F1
:10CEBC0096440649F259625A61618280E315FAF888
:10CECC002146C9054E85EF60FFA58547E31DF5F6A4
:10CEDC002C5003C6A5010DB78A8526852DB703C72F
:10CEEC0071A1894717A4FF1F13040448631DF700A1
:10CEFC00BD452685EF10104B1C589145E38707F074
:10CF0C001D45829719B783C741A28DCF41468145F4
:10CF1C000810EF601F9B194697A5FF1F93850551BD
:10CF2C0008109770FF1FE78080130C100A862E855F
:10CF3C00EF70C0248A852685EF10504C1C588D4507
:10CF4C00E1F3E1B52685EF10B04B1C58E38F07EAEF
:10CF5C0085457DB78147C1463307F500B388F50099
:10CF6C000347070083C808003308F60085073347DA
:10CF7C0017012300E800E391D7FE82800147BD47EB
:10CF8C001308F00F3306F50083460600B388F5004E
:10CF9C00FD178606558F2380E8000347060093F79C
:10CFAC00F70F1D83E39007FF82808147930800F8F9
:10CFBC00414893F6F70F3387F50063FCC600B306C0
:10CFCC00F50083C606002300D7008507E39307FF0F
:10CFDC0082806395C60023001701C5BF230007009C
:10CFEC00EDB701114AC856C22E89AA8A930530059D
:10CFFC00414506CE22CC26CA4EC652C4328A9780F0
:10D00C00FF1FE780409FAA84930530054145978018
:10D01C00FF1FE780409E2A84CD49B5C021CD4146F3
:10D02C008145EF601F8A2686A2855685EF70001514
:10D03C00AA8929E18387040063D30706A285268584
:10D04C00EFF0DFF34A8697050100938565AE2285E4
:10D05C00EFF05FF08307090063D80704A2854A85C7
:10D06C00EFF0DFF1528697050100938565AC2285C0
:10D07C00EFF05FEE26859780FF1FE78060A111C45B
:10D08C0022859780FF1FE780A0A0F24062444E8566
:10D09C00D2444249B249224A924A05618280CA85E9
:10D0AC002685EFF0BFED7DB7D2854A85EFF01FEDF9
:10D0BC00D1B739715AD05ECE2A8BAE8B41459305D0
:10D0CC00300506DE26DA52D456D262CC66CA6AC85D
:10D0DC00368C328DBA8C22DC4AD84ED69780FF1F04
:10D0EC00E7806091AA8A9305300541459780FF1F20
:10D0FC00E78060902A8ACD44638C0A0849C52A8649
:10D10C00D6855A85EFF0FFEDAA8435ED93053005F1
:10D11C0041459780FF1FE780008E2A8993053005D3
:10D12C0041459780FF1FE780008DAA896308090E8F
:10D13C006304050E1304FD0011841376FD003DCC31
:10D14C007D144204418025EE131544004E86D6858D
:10D15C005E95EFF03FE0414681454A85EF606FF602
:10D16C00014D93170D01C18363F48708BDC04A8537
:10D17C009780FF1FE780C091638709004E859780D9
:10D18C00FF1FE780E09056859780FF1FE780409057
:10D19C0063070A0052859780FF1FE780608FF2506B
:10D1AC00625426854259D254B259225A925A025B81
:10D1BC00F24B624CD24C424D2161828001441315DA
:10D1CC0044008A855E95EFF05FDE4E86D2850A8537
:10D1DC0049B793154D000A86DE954A85EFF09FD727
:10D1EC004A868A855A85EF607079AA84050D95BFA9
:10D1FC00BDFC0A86CE854A85EFF0DFD54A868A8546
:10D20C005A85EF60B077AA846686CA856285977066
:10D21C00FF1FE780C0E4A1BFCD4491BFCD44A9BF9F
:10D22C00894761C2DDCD2300A60083C70500A3009A
:10D23C00F60083C715002301F60083C72500A30160
:10D24C00F60083C73500A30206002302F60083D73D
:10D25C004500A183858BA302F60003D74500137705
:10D26C00072009C793E72700A302F60083D74500E0
:10D27C0093F7074099C78347560093E74700A302EB
:10D28C00F60083D74500139747016358070083477F
:10D29C00560093E78700A302F6002303060083C71A
:10D2AC004500858B2303F60003D74500098B09C77E
:10D2BC0093E727002303F60083D74500918B99C78A
:10D2CC008347660093E747002303F60003D7450026
:10D2DC008147218B19C70347660013678700230317
:10D2EC00E6003E8582802E86AA8505456FF05FF3A9
:10D2FC002E86AA8509456FF0BFF24DC95971A2D48B
:10D30C002A8403554500A6D2CAD0CECED6CA86D61C
:10D31C00D2CCDAC8DEC6B68AB2892E89EFE00FDE2F
:10D32C00AA8439C50C182285EFE01FEE8347040050
:10D33C00138A6400A9CBEF705F8A2A8B014583CBDB
:10D34C005400EF705F87AA840C100818EFF0BFF937
:10D35C00084C2C10EFF0DFF9D288268A56C05E8874
:10D36C00D2875A8714103010CE854A85EFF0FF888B
:10D37C00B650265496540659F649664AD64A464B38
:10D38C00B64B65618280EF705F85AA8B014503CB3C
:10D39C005400EF705F822ACE084C0C10EFF0BFF4F3
:10D3AC002C100818EFF0DFF4F2484DBF828089474B
:10D3BC0091C909C9AD472380F50083470500A380B7
:10D3CC00F50081473E858280011122CC4AC806CEE9
:10D3DC0026CA2A84EFE0FFCA2A8901CDE147630EF1
:10D3EC00F50E2149F24062444A85D2444249056116
:10D3FC0082807C4C83C72701858B91CF1C4C0547C1
:10D40C0083C727008D8B6398E7008347640093E7FD
:10D41C0017002303F4008344340089476391F4021A
:10D42C00035544008545EF808F998347640093E74B
:10D43C0047002303F4008D47A300F40065B70D47A4
:10D44C006390E402035544008945EF804F9783476E
:10D45C006400A300940093E747002303F40059B73A
:10D46C001147E38FE4FA0547639EE40293047400CA
:10D47C00A300F400414681452685EF608FC4130656
:10D48C00C4023285C14532C6EF706FC63246228562
:10D49C009306C401A685EFF05FE62285EFE0DFE49A
:10D4AC0031D181B71547E39FE4F293047400A300D4
:10D4BC00F400414681452685EF60AFC06C4C414677
:10D4CC00268589059770FF1FE78060B98347640044
:10D4DC0093E747002303F4005DB70D4921B7397179
:10D4EC0022DC405926DA4AD84ED606DEAA89AE840A
:10D4FC003289630704200355250083574400638B4E
:10D50C00A700A144F250625426854259D254B25914
:10D51C00216182808347040099E39D44E5B7AD47C0
:10D52C00E3EDB7FE9387E5FF93F7F70F2547E36627
:10D53C00F7FE17F70000130727568A07BA979C4384
:10D54C00BA978287B2852285EFF01FE8AA845DBF67
:10D55C004146CA851305C4039770FF1FE78020B0AE
:10D56C002285EFE0BFDBAA8411C1A1449547A3003B
:10D57C00F40049BF9309C404CA8541464E8597708F
:10D58C00FF1FE780C0AD1309740014084E86CA85CE
:10D59C002285EFF09FD641469305C4030808EF603F
:10D5AC006FB88547E310F5F68A861306C402CE855C
:10D5BC004A85EFF04FF611ED2285EFE0BFA02A87E8
:10D5CC0003554400814601468A85EFE0AFF9AA84F1
:10D5DC0011C1A144994761BF034714009D47E31E45
:10D5EC00F7F27C5089EB9305300571459770FF1F5E
:10D5FC00E780604068D068500DD14146CA8597706D
:10D60C00FF1FE780C0A52285EFE0DF9B7C50238DB8
:10D61C00A700A147A300F4008144EDB56850E30EC8
:10D62C0005EE03471400A147E319F7EE83570600F4
:10D63C009305290021462318F50049059770FF1F13
:10D64C00E780E0A17C4C83D7470113F727002DC35B
:10D65C00184C03574700098B21CFA54765BF0347DB
:10D66C001400A547E31BF7EA3C5481EB854559456B
:10D67C009770FF1FE780203828D4285419C54146DD
:10D68C00CA859770FF1FE780809DA94761B7034744
:10D69C001400A947E313F7E8285419469305190019
:10D6AC0041059770FF1FE780809B7C4C83D7470117
:10D6BC00918B95CF1C4C83D74700918B8DCBAD476D
:10D6CC0091BF7C5489EB9305300551459770FF1F32
:10D6DC00E780603268D46854E30505E24146CA85A8
:10D6EC009770FF1FE780A0977C547D5798CB4E8591
:10D6FC00EFF04F9E15B783450600EFF0EF9729BF6B
:10D70C00AD47E39BF5F083460600835525001306D1
:10D71C00650003450500EF709F82FDBD15C1AA870A
:10D72C0009458DC141112E8541469385170006C6CA
:10D73C009770FF1FE780A092B240014541018280A3
:10D74C0009458280828089471DC595C5411106C651
:10D75C0003471500AE8719462380E5009305250085
:10D76C00138517009770FF1FE780608FB2408147C9
:10D77C003E85410182803E85828015C1AA8709457C
:10D78C008DC141112E8541469385170006C69770B1
:10D79C00FF1FE780C08CB2400145410182800945E2
:10D7AC008280828089471DC995C9411106C60347ED
:10D7BC00250083461500AE872207558F2390E50080
:10D7CC00214693053500138527009770FF1FE780CE
:10D7DC000089B24081473E85410182803E8582802E
:10D7EC0015C1AA8709458DC141112E8541469385E6
:10D7FC00170006C69770FF1FE7806086B240014590
:10D80C0041018280094582808280094711CD89CDF2
:10D81C0083471500A14601472380F500FD1793F7B8
:10D82C00F70F63F3F60061473A85828015C1AA872A
:10D83C0009458DC141112E8541469385170006C6B9
:10D84C009770FF1FE780A081B240014541018280A3
:10D85C00094582808280894763090510638705101A
:10D86C00411106C622C426C2834715002E8423808C
:10D87C00F50083472500A380F500834735002381FD
:10D88C00F50083474500A381F50083475500858B40
:10D89C009396870083D7450093F7F7EFD58F2392A4
:10D8AC00F5008346550093F7F7DFA20693F60620A2
:10D8BC00DD8E2392D5000347550093F6F6BF220761
:10D8CC0013770740558F2392E50083475500FD766B
:10D8DC009386F67F8D83858B758FAE07D98F2392B8
:10D8EC00F50083466500F99B858ADD8E2392D50071
:10D8FC00034765009377270013F7D6FF5D8F2392BC
:10D90C00E5008347650093F647009377B7FFD58F03
:10D91C002392F50003476500DD9B4D45218BD98F84
:10D92C002392F500EF70BFA9AA845145EF703FA96F
:10D93C000347340093F4F40F1375F50FC947636074
:10D94C009702636EE500834604001147E147636864
:10D95C00D7008346140005476363D7008147B24064
:10D96C00224492443E85410182803E85828015C1CD
:10D97C00AA8709458DC141112E8541469385170013
:10D98C0006C69760FF1FE780806DB24001454101DC
:10D99C008280094582808280797122D42A8408454C
:10D9AC0006D626D223060100834405002947938717
:10D9BC00F4FF93F7F70F6362F70C17F700001307E8
:10D9CC0027108A07BA979C43BA9782870C08EFF006
:10D9DC009FE8C9476312F50299472306F1000355E6
:10D9EC0024006C00EFF06F8AB250225492544561BF
:10D9FC0082800C08EFF0DFDE29C98347C100E5F314
:10DA0C0003552400EFE03F85C5B70C08EFF01FE28B
:10DA1C00E5B70C08EFF07FDFC5B70C08EFF01FD0AF
:10DA2C00E1BF0C08EFF01FD8C1BF0C08EFF0FFD41A
:10DA3C00E1B70C08EFF03FD1C1B70C08EFF03FF3A2
:10DA4C0065BF834715002308F10003552400EFD070
:10DA5C00FFEAA14705C10347C5006312F70293878C
:10DA6C00C19B98439D4719C7184309C71008A68541
:10DA7C000297AA872306F10049B79D47B9BF938740
:10DA8C00019CC5B7411122C406C603470500930784
:10DA9C0020092A84631DF7088347150039476393CF
:10DAAC00E70283564500096761078147639DE602DB
:10DABC001C452244B24003C5070093851700410161
:10DACC006FE04FD21307E0036391E708034725008B
:10DADC0095476311F70403554500EFD0FFF99147C3
:10DAEC006308F5008547B24022443E85410182809F
:10DAFC009387019C9C43FDD703A38700E30403FE9B
:10DB0C000356E40003554400930564002244B240DC
:10DB1C0041010283A1468147E317D7FC2244834588
:10DB2C006500B2400355450041016FE03FE89306A4
:10DB3C00000A8147E319D7FAEFF01FE608445DD1DC
:10DB4C009770FF1FE780C0F471BF814769BF411117
:10DB5C0022C426C206C62A84EFE0AFD2AA8419C911
:10DB6C00E147630FF50AA144B24022442685924452
:10DB7C00410182802285EFE03FC56C4C83C72501B3
:10DB8C00858B91CF1C4C054783C727008D8B6398E1
:10DB9C00E7008347640093E717002303F4008347EF
:10DBAC00340009476391E702894503554400EF703F
:10DBBC001FA18347640093E747002303F4009147B8
:10DBCC00A300F40055B79386D7FF93F6F60F0546DE
:10DBDC006364D6008545D1BF6390C702A300E400FF
:10DBEC004146814513057400EF50BFCDC145130567
:10DBFC00C402EF60DFCF8DBF9546E397D7F6A30045
:10DC0C00E40041468905130574009760FF1FE78007
:10DC1C0000458347640093E747002303F400F9B7FA
:10DC2C008D4499B7797122D4405926D24AD04ECE20
:10DC3C0006D6AA89AE8432896309042003552500CF
:10DC4C0083574400638BA700A144B250225426850D
:10DC5C0002599254F249456182800347040085477A
:10DC6C006314F7009D44D5B79387F5FF93F7F70F2F
:10DC7C002547E369F7FE17F70000130727E78A0724
:10DC8C00BA979C43BA978287B2852285EFF03FEC16
:10DC9C00AA8465BF4146CA851305C4039760FF1F5C
:10DCAC00E780E03B0347140091476305F7029306B6
:10DCBC00C4011306C402930574002285EFF0EFE350
:10DCCC002285EFE06FE2AA8411C1A1449547A3001D
:10DCDC00F400A5BF8D47A300F4008144BDB79307A2
:10DCEC00C4043E85CA8541463E899760FF1FE78084
:10DCFC0000378A864A86930574002285EFF0EFDFA1
:10DD0C0041469305C4030A85EF50DFC18547E31EE6
:10DD1C00F5F22285EFE08FE0AA841DF5994745BF07
:10DD2C0003471400B147E31FF7F27C5089EB9305CE
:10DD3C00300571459770FF1FE780E0CB68D06850C5
:10DD4C0015D14146CA859760FF1FE7804031228577
:10DD5C00EFE04FA77C50238DA700B547ADBF6850AF
:10DD6C00E30205F003471400B547E31DF7EE8357B4
:10DD7C0006009305290021462318F50049059760F4
:10DD8C00FF1FE780C02D7C4C83D7470113F707207A
:10DD9C003DC3184C035747001377072029CFB947C9
:10DDAC001DBF03471400B947E31EF7EA3C5489EB47
:10DDBC009305300559459770FF1FE780C0C328D4E1
:10DDCC00285419C54146CA859760FF1FE780202952
:10DDDC00BD4711B703471400BD47E315F7E82854B6
:10DDEC0019469305190041059760FF1FE78020270E
:10DDFC007C4C83D7470193F707409DCF1C4C83D7AE
:10DE0C00470093F707408DCBC147F1B57C5489EBA4
:10DE1C009305300551459770FF1FE780C0BD68D44E
:10DE2C006854E30305E24146CA859760FF1FE7800B
:10DE3C0000237C547D5798CB03D529008145EFE016
:10DE4C00BFA361BD83450600DDBF8547E397F5E8B9
:10DE5C0003284600834736000347260083461600F6
:10DE6C0083552500034606000145EF702F84B5B598
:10DE7C00011126CA06CE22CC89441DCD95CDAA848B
:10DE8C002E8468008D45EF609FA68347E1002685B0
:10DE9C00228693F7F70393E707046C002307F1003E
:10DEAC00EFE09FCBAA8409E90D466C001305340002
:10DEBC009760FF1FE780A01AF24062442685D24487
:10DECC00056182805D714EDE86C6A2C4A6C2CAC040
:10DEDC0052DC56DA5AD85ED6894955C54DC6138BD5
:10DEEC004500420B135B0B01AE8A2A8A9305300561
:10DEFC005A85B2849770FF1FE780E0AF2A84CD4922
:10DF0C0059C1EF60BFCF2A895686D285935A8900B2
:10DF1C00135A0901937BF90F1305440093FAFA0F76
:10DF2C00137AFA0F13598901EF501FA2A301740140
:10DF3C0023015401A300440123002401EF605FCBB3
:10DF4C00AA8541460808EF503FA0214734005A8665
:10DF5C00A2850808EFF0EF95AA890DE121462C0067
:10DF6C0023807401A380540123814401A3812401E3
:10DF7C0013854400EF505F9DEF603FC92285977079
:10DF8C00FF1FE780E0B0B64026444E859644064914
:10DF9C00F259625AD25A425BB25B616182800111C2
:10DFAC0006CE2AC6EFD07FFC324599452385A19C2D
:10DFBC00EFC00FB7F24017F5FFFF130585B40561ED
:10DFCC006FD09FA483C7B19CA18B1777FF1F13073A
:10DFDC00A7E691E3014723AEE19A0145828079716E
:10DFEC0052CC2A8A2E8506D622D426D24AD04ECEA0
:10DFFC002EC6EFD0BF9045C5405945C48347340069
:10E00C008949F91793F7F70F63EDF9088357440023
:10E01C00B24589446394B706130974004146D2850E
:10E02C004A859760FF1FE78080031306C402328580
:10E03C00C14532C6EF60BF8B32469306C401CA8518
:10E04C002285EFF08FAB03470400834714000DC308
:10E05C000D4781446394E702A300340122852254C6
:10E06C00B25092540259F249624A45616FE0CFA70F
:10E07C001147639EE700A30094008144B2502254E0
:10E08C00268502599254F249624A456182800D47B5
:10E09C008144E395E7FE9547A300F400C1B789449A
:10E0AC00F1BFC944E1BF79719397050122D406D61B
:10E0BC0026D24AD04ECEC1872E8463D1070403C525
:10E0CC00A19CEF502FCC2AC611CDEFF0BF9BB245CF
:10E0DC0019E503C5919C9307F00F631EF5002E857F
:10E0EC00EF50AFC32165218DB25022549254025986
:10E0FC00F24945618280EF506FCFEDB793F7150071
:10E10C0091C7EFE05F8513451400F9BF8DE9014518
:10E11C00E1BF850493F4F40FEFD0BF8EE3F9A4FEB6
:10E12C00339599001319050113590901B37724018B
:10E13C00EDD34A85EFE0FF9F3345240175B7854445
:10E14C008549D9BF39C9011126CA06CE22CCAA8469
:10E15C0009459DCD0D4628002E848D059760FF1F27
:10E16C00E780E0EF8347A10070002C0093F7F703E2
:10E17C0093E7070426852305F100EFE0FF9D09E9ED
:10E18C000D46A2856800EF50EFF97D153335A000E0
:10E19C00F2406244D244056182800945828083C783
:10E1AC00B19C918B1777FF1F1307C7C991E30147E8
:10E1BC0023A0E19C01458280011152C42A8A328538
:10E1CC004EC656C25AC006CE22CC26CA4AC82E8B80
:10E1DC00B28AB689EFD08FF209ED8944F2406244DD
:10E1EC0026854249D244B249224A924A024B0561E1
:10E1FC0082805C592A89C544F5F34D45EF702F9CFC
:10E20C001374F50F5145EF708F9BE38809FC83C79E
:10E21C008901E3E487FC1375F50FE360F5FC9305C6
:10E22C003005130500079760FF1FE780C07C232A89
:10E23C00A9022A84CD445DD1130600078145EF5015
:10E24C004FE8A300040023004401230164012312BE
:10E25C005401232E3405232C0400A301040063175E
:10E26C000A008547A300F40081448DBF2285EFE0AE
:10E27C00AFD58547A300F400AA842DD14A85EFE0E1
:10E28C002FD9A9BF397122DC06DE26DA4AD84ED640
:10E29C0052D456D25AD05ECE62CC66CA0944630FB1
:10E2AC00060E630D070EAA8B3A89368BB28A2E8C1A
:10E2BC00EFD0CFE42A8A51446302050E9305300552
:10E2CC0041459760FF1FE7800073AA894D4479C5CB
:10E2DC008344190083472900A204C207BE948347D4
:10E2EC000900BE9483473900E207BE9483278A0253
:10E2FC0063E697007D570944639DE70863070C00AC
:10E30C0083474A000544898BC9C7930C4B002146AF
:10E31C0081450A85C20CEF50CFDA93DC0C019305D2
:10E32C00300566859760FF1FE780E06C2A8C4D44B2
:10E33C002DC15A86D6851105EF500FE11146CA85BD
:10E34C006285EF506FE0414693058A014E85EF5090
:10E35C00AFDF21478A866686E2854E85EFE07FD562
:10E36C002A841DE121468A852800EF50EFDD2146E5
:10E37C00930549002800EF50EFDA8547631EF5023C
:10E38C00A6855E85EF708FAE62859760FF1FE78074
:10E39C0020704E859760FF1FE780806F2285F250BA
:10E3AC006254D2544259B259225A925A025BF24BDD
:10E3BC00624CD24C216182800544F9B739715ECE32
:10E3CC00AA8B594526DA4AD84ED652D456D25AD0B0
:10E3DC0006DE22DCAE84328BB68A3AC63E8AC2890D
:10E3EC004689EF504F9635C59167938717E92310EF
:10E3FC00F50085472301F5002A8432472105638502
:10E40C000B0693071003A301F40019468145EF5046
:10E41C004FCB834701042312940023036401230A86
:10E42C00F400A303540123174401231834012319C6
:10E43C002401A28503C5819CEF504F9B9D4763EA45
:10E44C00970086049797FF1F93870707BE94239026
:10E45C000400F2506254D2544259B259225A925A80
:10E46C00025BF24B21618280A30104001946BA853C
:10E47C009760FF1FE780A0BE69BF011122CC2A84E0
:10E48C00314506CE2EC632C436C23AC0EF50AF8BE1
:10E49C001DCD9167938717E92310F5008D47230154
:10E4AC00F500A3018500B24522469246024762441C
:10E4BC00F2402312B5002313C5002314D5002315F5
:10E4CC00E500AA8503C5819C05616F502F92F2402F
:10E4DC0062440561828001114AC82A89394526CADD
:10E4EC0006CE22CC2EC6B284EF50EF8521C1B245A8
:10E4FC009167938727E92310F5009147A301250124
:10E50C002312B5002A842301F500A685190521469E
:10E51C009760FF1FE780A0B4A2856244F240D2440A
:10E52C00424903C5819C05616F504F8CF240624497
:10E53C00D24442490561828001114AC82A89414569
:10E54C0026CA06CE22CC2EC6B284EF40DFFF1DCDEC
:10E55C009167B245938727E92310F50095472A84E4
:10E56C00231225012301F500214619059760FF1F91
:10E57C00E780E0AEA285231794006244F240D244B7
:10E58C00424903C5A19C05616F504F86F24062441D
:10E59C00D244424905618280011122CC2A8439453A
:10E5AC0006CE2EC632C436C23AC0EF40DFF91DCDBE
:10E5BC009167938717E92310F50099472301F5001C
:10E5CC00B245224692460247231285006244F2402D
:10E5DC002313B5002314C5002315D5002316E5001D
:10E5EC00AA8503C5819C05616F504F80F24062443F
:10E5FC0005618280797122D406D62A842EC632C453
:10E60C0036C23AC0EFD08FAF1DC1B24522469246FA
:10E61C000247231CB100231DC1002C081306F00F68
:10E62C002285231ED100231FE100EFD06F9FB25033
:10E63C00225445618280011122CC2A84394506CEB0
:10E64C002EC632C436C23AC0EF40FFEF1DCD9167E3
:10E65C00938717E92310F5009D472301F500B24578
:10E66C00224692460247231285006244F24023134D
:10E67C00B5002314C5002315D5002316E500AA8583
:10E68C0003C5819C05616F407FF6F24062440561D1
:10E69C008280397166CAAA8C1305200226DA52D4FC
:10E6AC0056D25AD05ECE62CC06DE22DC4AD84ED68A
:10E6BC00AE84328BB68A3AC63E8CC28B468AEF4009
:10E6CC009FE841C99166938616E9A9472A842310CD
:10E6DC00D5002301F5009309E40021051309440139
:10E6EC00324763850C0893071003A301F400194605
:10E6FC008145EF500F9D194681454E85EF506F9C1B
:10E70C00194681454A85EF50CF9B8357010423124C
:10E71C00940023036401231EF40083574104A303D4
:10E72C005401231D4401231FF40083478104A28557
:10E73C0003C5819C2300F402EF405FEB9D4763EA25
:10E74C00970086049797FF1F938707D7BE94239053
:10E75C000400F2506254D2544259B259225A925A7D
:10E76C00025BF24B624CD24C21618280BA85A301D0
:10E77C00040019469760FF1FE780608EE2854E8586
:10E78C0019469760FF1FE780808D1946DE854A8504
:10E79C009760FF1FE780A08C8DBF011122CC2A84CB
:10E7AC00214506CE2EC632C4EF40FFD90DC52246F8
:10E7BC00930710592310F50023018500B24523035C
:10E7CC00C5006244F2402312B500AA8503C5819CA2
:10E7DC0005616F40BFE1F240624405618280011126
:10E7EC0022CC2A84214506CE2EC632C4EF40BFD59A
:10E7FC000DC922469167938727E92310F500A1479D
:10E80C002301F500B24523038500A303C500624430
:10E81C00F2402312B500AA8503C5A19C05616F4087
:10E82C00FFDCF240624405618280011122CC2A8413
:10E83C00314506CE2EC632C436C23AC0EF40BFD0E8
:10E84C0005CD22468567938717C92310F500230150
:10E85C008500B2452303C500924602476244F2404C
:10E86C002312B5002314D5002315E500AA8503C592
:10E87C00819C05616F409FD7F240624405618280A4
:10E88C00011126CAAE844AC82A891385C40006CE53
:10E89C0022CC32C6EF403FCB0DCD8567B245938776
:10E8AC0017E923019500231225012A842310F50072
:10E8BC00310508C426869750FF1FE780407AA28551
:10E8CC006244F240D244424903C5819C05616F40C9
:10E8DC00FFD1F2406244D244424905618280011169
:10E8EC0022CC2A84194506CE2EC6EF40DFC515C5AD
:10E8FC008567938717F92310F50085472301850059
:10E90C00A301F500B2456244F2402312B500AA857A
:10E91C0003C5819C05616F407FCDF2406244056167
:10E92C008280411122C42A840D4506C6EF40BFC126
:10E93C0015C1930710F92300F500E947A300F50072
:10E94C00230185002244B240AA8503C5819C410164
:10E95C006F40DFC9B240224441018280011122CCB8
:10E96C002A84194506CE2EC6EF40FFBD1DC18D670A
:10E97C00938717092310F50023018500B2456244E3
:10E98C00F2402312B500AA8503C5819C05616F4036
:10E99C00FFC5F2406244056182800111214506CE1B
:10E9AC002EC632C4EF403FBA15C585679387073929
:10E9BC002310F500B245224685472301F500F240AD
:10E9CC002312B5002313C500AA8503C5819A0561DE
:10E9DC006F40DFC1F24005618280797122D44AD048
:10E9EC004ECE56CA06D626D252CC5AC8894AAA89C5
:10E9FC0032843689639A5511938A019A83C7019A96
:10EA0C00568A8944C1C383C7160003C70600A207F0
:10EA1C00D98F2397F19C1307C6FF6399E7083145FB
:10EA2C002EC6EF405FB2AA8435CDB2454204418078
:10EA3C002302B50023138500930700F91504A16583
:10EA4C002310F50023113501850522859760FF1FE2
:10EA5C00E78060FA88C431C183C70A009305E9FFD7
:10EA6C0013562400FD172380F19A9750FF1FE7805F
:10EA7C0000619C44A68503C5819A89079CC4EF401C
:10EA8C00FFB68144B2502254268502599254F24961
:10EA9C00624AD24A424B4561828026859760FF1FAD
:10EAAC00E78000FF2396019C8544E9BF1307D6FF3E
:10EABC00E3CAE7FE83C7419C89CB9387019D8843BA
:10EACC0009C59760FF1FE780A0FC03D5E19C1105E9
:10EADC00A1654205850541819760FF1FE780A0F184
:10EAEC0023A8A19C71D183470A002286CA85FD17F1
:10EAFC002380F19A9750FF1FE78060562396819CE4
:10EB0C0085472382F19CB5BF83D7C19C138BC19CD5
:10EB1C00C1DF03D7E19C138A019DB386C70011079F
:10EB2C0003250A006344D7063E95CA859750FF1FFC
:10EB3C00E780E05203560B0081443294420441803A
:10EB4C002396819C83D7E19C9107E31DF4F2314518
:10EB5C00EF407F9FAA850DC9930700F92310F5009C
:10EB6C0083570B0023113501230255012313F500A4
:10EB7C0083270A001CC503C5819AEF403FA7239643
:10EB8C00019C2382019CFDBD03250A0009C59760E9
:10EB9C00FF1FE780E0EF2396019C2382019C29B79D
:10EBAC006F70A01B6F70C01C411106C6EF70601C0B
:10EBBC00B2400145410182806F70E01E6F70E02011
:10EBCC006F70E0226F70C0246F70A0266F70802869
:10EBDC006F70602A6F70402C6F70202E6F70E02F5A
:10EBEC006F70E0316F70E0336F70803583471600C3
:10EBFC0003460600A2075D8E6F70C0366F7000383A
:10EC0C006F70C03A6F70803D6F7040406F70004302
:10EC1C006F7020456F7040476F7060496F70804B0C
:10EC2C001307A5FF420785672A8841831385A7C769
:10EC3C00636CE502138707C801456368B70263E696
:10EC4C0005031307301F6362C702138766FF420771
:10EC5C004183938767C763EAE70005063306B6026C
:10EC6C008E063325D60082800145828011C9832708
:10EC7C00050993E707402328F508FD572300F50203
:10EC8C008280011122CC06CE2A840345050293070B
:10EC9C00F00F2E866309F5002EC6EF40BFF8324602
:10ECAC00FD572300F402834734020357A403930651
:10ECBC00040293E70706A301F40283570403A28519
:10ECCC00F240BA97231CF4026244170500001305A6
:10ECDC0025FA05616F403FE4011122CC06CE2A844F
:10ECEC00034515029307F00F2E866309F5002EC617
:10ECFC00EF405FF33246FD57A300F4029306140273
:10ED0C00A2856244F240171500001305C5F7056192
:10ED1C006F407FE0011122CC06CE2A8403452502E8
:10ED2C009307F00F2E866309F5002EC6EF409FEF78
:10ED3C003246FD572301F40293062402A285624455
:10ED4C00F240171500001305A5F605616F40BFDCF6
:10ED5C009797FF1F9387C78503C70702ED46A30D3F
:10ED6C00E51203C71702230EE51203D72702A30EE1
:10ED7C00E5122183230FE51203C74702A30BE5120B
:10ED8C0003C7570283D767022311D514230CE5124E
:10ED9C00A30CF512A183230DF512B7071B00938763
:10EDAC0087142322F514930780142314F514ED47CC
:10EDBC0013078004A306F514854723070514A3073E
:10EDCC00E5142308F514A308D51423090514A30985
:10EDDC00E514230AF51482800357C503954703569F
:10EDEC00E502B307F7028356A50293D53740635566
:10EDFC00B600118F93173700B3C7D702C207C18370
:10EE0C00231DF50282808327C50E0D469306F00F55
:10EE1C0003C707000D8B2305E5006314C70083C6E9
:10EE2C002700A30AD50003C70700418B2308E50080
:10EE3C0083C71700A305F50082800327050F63061F
:10EE4C000710411122C406C6834785000326051509
:10EE5C002A8493F7C70F2304F5008345970021827A
:10EE6C008356C700420613958501418261856378FC
:10EE7C00D606635105060345870093F5F507A304F1
:10EE8C00B700854593E627006314B50093E6170099
:10EE9C002304D4005C4389075CC31376F60FA304E8
:10EEAC00C4009787FF1F93872765C84B4C43090500
:10EEBC009750FF1FE780A01A8327040F0346940086
:10EECC00D44303D7C700B296118FD4C32396E7005F
:10EEDC00894715A893E717002304F4007DBF13F6A8
:10EEEC00F60F635B050403458700854593E6270011
:10EEFC006314B50093E617002304D400A304C400E4
:10EF0C00A30407008547A30BF4008327040F0145D6
:10EF1C009C4399CF034764029787FF1F83C7D7454C
:10EF2C006378F7008347840093E707012304F40018
:10EF3C00B24022444101828093E717002304F4007D
:10EF4C00A304C400A3040700A9BF0545828083471E
:10EF5C008500CD9B2304F50082808327C50E0347D3
:10EF6C00850083C70700935637408987B58F858BFB
:10EF7C0099C7134787002304E500014582800545A6
:10EF8C0082808327C50E0347850083C707009356ED
:10EF9C0027408D87B58F858B99E71347470023044E
:10EFAC00E50001458280054582808327050C850795
:10EFBC002320F50C91E78327450C85072322F50CBC
:10EFCC008327450C93F7070891C785472320F50C39
:10EFDC002322050C8347350293F7070491CF8357FF
:10EFEC0005030357A503BA97231CF502832745098C
:10EFFC0093F7F7BF232AF50882808327850C8507B2
:10F00C002324F50C91E78327C50C85072326F50CE3
:10F01C008327C50C93F7070891C785472324F50C64
:10F02C002326050C8347350213F7070409C793E71A
:10F03C000702A301F50282809787FF1F938747572A
:10F04C00BC470145054791E3828083C677006393F3
:10F05C00E60005059C43C5BF411122C491452A8495
:10F06C00014506C6EF401FF12314A4041787FF1FA8
:10F07C000357C759854763F4E70483570403835642
:10F08C0004050355A4041787FF1F130767529D8EB1
:10F09C00B386A602832704088328870485451303B7
:10F0AC00F5FF130E8002BE9683270415A183C207B9
:10F0BC00C183938727028587AD0763E66500B2405D
:10F0CC002244410182803388C50346877D56369899
:10F0DC0001E72314B404E5B76314E400184075DBAE
:10F0EC00832EC7076398AE00032607083306C84073
:10F0FC003376A6026364F6001843D9BF890575BF41
:10F10C001787FF1F03578750854763FDE706832743
:10F11C000515834575041787FF1F13076749A183DE
:10F12C00C207C18393872702032387048587AD0712
:10F13C00FD150546130E80026363B6008280B3068C
:10F14C00C603032705087D58BA961A8701E72314CE
:10F15C00C50482806314E500184175DB832EC70754
:10F16C008328C507639A1E01832807083388D84073
:10F17C0063E41601338816416364F8001843F9B749
:10F18C0005065DBF82801787FF1F035727488547F9
:10F19C0063F6E70C41119787FF1F9387674122C4E1
:10F1AC00A04706C626C2A28789E709E8230C0500FA
:10F1BC00B5A003C7A7013DE39C43FDB76314A400AE
:10F1CC0000406DD483477400C1EB785C7C5D6305B3
:10F1DC00F7080347850193070008AA846315F70411
:10F1EC008357A4021946930500082313F50623142C
:10F1FC00F5068357C4022316F5048357E40223173C
:10F20C00F50403554500EF20707C8547238DF400F1
:10F21C0083C7840193F7F707238CF400B240224490
:10F22C009244410182808357A50219469305000838
:10F23C002313F4062314F4068357C5022316F4048F
:10F24C008357E502035544002317F404EF2010788C
:10F25C008947230DF400D9B7004081BF230C05006A
:10F26C008280411126C206C622C41787FF1F03578E
:10F27C00E7398547AA8463F6E7188347050E898B1F
:10F28C00638107189787FF1F93878732B847BA8522
:10F29C00B5E983A7041501447D58A183C207C18336
:10F2AC00938727028587AD077D5535E363000410EE
:10F2BC00834774008356A402D5E38947A303F4045F
:10F2CC0003570403835724052315D40422853E9742
:10F2DC0041079D8B1D8F5C542318E4047CC4EFF014
:10F2EC00BFD78327440993E74700232AF4088547AF
:10F2FC00A30CF4008D47230DF400B2402244924439
:10F30C004101828083C7A501EDFB8C4151B71443A9
:10F31C0063149700C1DE36870326070883A604080A
:10F32C006361D602B306D640F05C6374D600B3F6C4
:10F33C00C60263F6A600368563F3F600BA85184359
:10F34C00ADB7918E705F6374D600B3F6C602E3F866
:10F35C0006FF3688E3F5F6FE3A84D5B783D7A402C8
:10F36C00B3F7D702D9FB1D4799476375D70093D7DD
:10F37C0016008D0705672313F406130707C88A07C1
:10F38C006353F700BA872314F4065C540355440006
:10F39C00130660087CC4C947230DF4002244B24014
:10F3AC0092449305000841016F205062B9C903D7FC
:10F3BC00A40283D7A502B3F7E702A1E783878401F0
:10F3CC0063D107049D46994763F5E60093571700F0
:10F3DC008D0705672393F406130707C88A07635341
:10F3EC00F700BA872394F406DC5403D544001306C3
:10F3FC006008FCC4CD47238DF40093050008EF2072
:10F40C00F05C238C0400D5BD1787FF1F0357072022
:10F41C00854763F1E720397122DC26DA4AD84ED6CB
:10F42C0052D456D25AD05ECE66CA06DE62CC6AC8B8
:10F43C006EC6032C05155149AA8C135C8C00420C2A
:10F44C00135C0C01130C2C02135C1C402D0C335957
:10F45C002C037945E5449787FF1F9387671513069F
:10F46C001027814681457D6AA0478569B70A02004D
:10F47C00930B8A84938909C8130A0A408D0A3305B1
:10F48C00AC02B3049C02EFB010192A8BA58005E0E6
:10F49C00F2506254D2544259B259225A925A025BD7
:10F4AC00F24B624CD24C424DB24D2161828063953D
:10F4BC008C0003A40C0069DC8347A401DDEB785CB1
:10F4CC0083A7CC0763E7E70A03A50C088327040886
:10F4DC006361F50A178DFF1F034D4DEA931D8D01D6
:10F4EC0093DD8D411D8DDE8763C70D0093761D0066
:10F4FC00D28791E2D687637EF5066374A7003375D5
:10F50C00E50263788507935717006373FC00E28765
:10F51C00AA9763D20D067945130610278146B3B519
:10F52C00A7023385A702EFB0100F9307150085468D
:10F53C006381D704034674000357A40229EE2315F4
:10F54C00E404585485832314F40478C40947A303B2
:10F55C00E40483D70C03A30CD400A9072318F404E8
:10F56C008327440993E74700232AF4089147230D86
:10F57C00F400004029BF13771D0009C7514533D54E
:10F58C00A70265B765473385E702B3B7E702258164
:10F59C00DE075D8D59BF83D6AC0263FFE602B3F67E
:10F5AC00E602DA8763C70D0013761D00CA8711E2E5
:10F5BC00A6878507858363E1F602DA8763C80D00A9
:10F5CC00137D1D00A68763030D00CA8785078583FD
:10F5DC00B307F740E3FFD7F89D46994763F5E6007C
:10F5EC000583930737002313F4061397270063D37F
:10F5FC00E9004E875C54035544002314E4067CC494
:10F60C00D147230DF4001306600893050008EF2082
:10F61C00F03B85B782809387419D9C43411122C466
:10F62C0006C6858B2A84B5EF4165130525F5EF00D9
:10F63C00904225C98347E5002317F5008327840FE3
:10F64C00A1EB232CA40E232EA40E8547231AF4021F
:10F65C00232005008347B4002316F5008347A4003C
:10F66C002304F5008547A304F5009787FF1F83D774
:10F67C00A7F4850722851787FF1F231FF7F29750E2
:10F68C00FF1FE78080CB0145B240224441018280BC
:10F69C008327C40F88C383574403232EA40E8507E6
:10F6AC0075B78347840023080400054593C74700BA
:10F6BC002304F400D1BF9787FF1F83C7D7CE638085
:10F6CC000712411126C206C6AA8422C44AC07D551F
:10F6DC00CDC89787FF1F9387A7EDB8475DC31789E0
:10F6EC00FF1F130969C8830549011785FF1F0345CF
:10F6FC0075C905057D5485483708C0A8130E000C44
:10F70C008346770083270708639316090353E7069C
:10F71C008356C702637DD3060346D70063191607C9
:10F72C000326070F2DE60326470935E20346F700AB
:10F73C00631FC605705FB386664079163306D60222
:10F74C0083264708B356D602B297AA96C206C18240
:10F75C00231AD70663D00504958F63F387003E8484
:10F76C00184359FF938781909C4382976368A40246
:10F77C00B307A4409CC09C4035476361F70423A0A9
:10F78C000400B240224492440249410182808356D3
:10F79C004707C9B7E3F2D7FCC2977DBFB3078540D3
:10F7AC0063DB070083074901E3C407FCB707C0A864
:10F7BC00A297898FC1B723A0040075BFCD179CC039
:10F7CC008307490163D50700130534FF5DBFB147BB
:10F7DC00E3EC87FE3705C0A84D1522955DB77D5526
:10F7EC0082809387C1A89843011126CA06CE22CCE9
:10F7FC004AC84EC6AA8435C73E891787FF1F0357D0
:10F80C00E7E08547631FF7041787FF1F1307C7B58A
:10F81C00830647018327050803544507BA8963DD2E
:10F82C00060433848740938781909C438297636B53
:10F83C00A404B307A4401785FF1F0345C5B4058175
:10F84C0003270900637CF5063385A7409787FF1FC4
:10F85C0083C7C7B293968701E18663D30604160566
:10F86C000297F2406244930700FB2386F40042495E
:10F87C00D244B24905618280E3F587FA3707C0A804
:10F88C00BA9745B7330785408147E35607FA838714
:10F89C004901E3C007FAB707C0A8A297898F61BFD7
:10F8AC00858B99C79307803E3305F50215814DBFB3
:10F8BC009307D0033305F50205815DB701454DB7BC
:10F8CC009787FF1F9387C7CEFC4B411122C426C2DA
:10F8DC0006C62A84AE846396A7009787FF1F23A3CE
:10F8EC0007D28327840F81CB03554400014693052F
:10F8FC000008EF20B00D8357640381CB03554400FF
:10F90C004D4693051008EF20700C03554400154626
:10F91C0093051008EF20900B23030400A3060400AA
:10F92C00230394041787FF1F035747CE854763E6CD
:10F93C00E70085450145EF40CFBDB24022449244DB
:10F94C0001454101828083476500638A07328357F2
:10F95C00E506411122C406C685072317F506834721
:10F96C00F500230F05002A841397870161876344F0
:10F97C00070203570503954763E4E700014501A817
:10F98C009305E003EFF0DFF32300A4040945B24034
:10F99C0022444101828013F707022DCB93F7F7FD28
:10F9AC00A307F50083270509034775002300050409
:10F9BC0093E747002328F50885476319F7040327C5
:10F9CC0045087C5D9786FF1F83C6469B1396860170
:10F9DC00B3D7E7021787FF1F0347D79A61869107B2
:10F9EC00BA97C207C1832319F50686071397070137
:10F9FC00418383477502635706129306204EB387E3
:10FA0C00D702BD079583BA972318F4068347E40001
:10FA1C0013F71700630907228357040503570403E0
:10FA2C006394E7208357C4028355E40403452402FE
:10FA3C002319F404834774049205A303F402835737
:10FA4C0084042314F4027C445CD4EF40CFA403461A
:10FA5C007400231704069786FF1F83C626928357CC
:10FA6C0084020357A404631A061293958601E18558
:10FA7C000326040863D8050C1305204EB387A70290
:10FA8C00BD0795835106B29763C905003706C0A818
:10FA9C0063E5C70037064057B2972320F4082315B7
:10FAAC00E40263D2050C9307204EB307F70295834B
:10FABC007CDC63D9050C06079377E701230EF40071
:10FACC0083570403FD172319F4028347A40181C74C
:10FADC002285EFF0EFE28347F40093E70702A307D8
:10FAEC00F4008347E400F99B2307F40083473402B6
:10FAFC0093F70704E38407E803578403835704034D
:10FB0C00E31EF7E60347D4009307200A6315F700BA
:10FB1C008547A306F4008327440993E70740232A6B
:10FB2C00F408A9BD858A91C693068002B387D702D3
:10FB3C00D9BD85669386B647B387D70293870704EA
:10FB4C009D83D1B513F5160011C513058002B3873B
:10FB5C00A7020DBF05651305B547B387A7029387A9
:10FB6C0007049D8305B793F7160091C7930780028E
:10FB7C00B307F70235BF85679387B747B307F7021B
:10FB8C009D833DB7858A814795FA85679387B747EB
:10FB9C00B307F7028983FD8B15B793958601E18531
:10FBAC009DC70326040863D005041305204EB387B4
:10FBBC00A702BD079583B29763C905003706C0A895
:10FBCC0063E5C70037064057B2972320F408231586
:10FBDC00E40263DB05029307204E3307F7023D076F
:10FBEC00158378DCCDBD13F5160011C51305800205
:10FBFC00B387A702C9B705651305B547B387A70235
:10FC0C00938707049D8345BF858A91C6930780021D
:10FC1C003307F702F9B785679387B7473307F702BE
:10FC2C00130707041D8375BF998F13970701E35FB3
:10FC3C0007EA930580022285EFF09FC82300A404F5
:10FC4C0013058002A9B3898BE38207EA0357A4103A
:10FC5C0083570403B306F74013960601E34B06FCE7
:10FC6C00E316F7E815469305541013050410974056
:10FC7C00FF1FE780C03E8347E400F59BB5B5054503
:10FC8C00828005C541119305200222C406C62A8430
:10FC9C00EFF01FC3FD572300A404A3060400A30028
:10FCAC00F402B24022444101828082800DC941118C
:10FCBC0022C406C68307F5002A849305E00363D3A8
:10FCCC000700A145EFF0DFBFFD572300A404A306F6
:10FCDC0004002301F402B24022444101828082805C
:10FCEC001786FF1F1306C68C3846630A07467971C0
:10FCFC004AD01779FF1F13092967830849012C4A39
:10FD0C0006D622D426D24ECE52CC56CA5AC85EC67D
:10FD1C0001457D583703C0A883260708835747073A
:10FD2C0063D90810B387F64063F50701BA853E889E
:10FD3C000545184375F309C59787FF1F23A2B78C98
:10FD4C00204A856493898190370AC0A8B70A405726
:10FD5C00054B9384B44783A70900832B040882972F
:10FD6C006377752F035744079777FF1F83C7A761E6
:10FD7C00B38BAB40BA9763E0772383570403228598
:10FD8C00A30E040085072318F4020D2F2285EFF033
:10FD9C009FBB49E50306490123030402832704089A
:10FDAC0003574407635B06083387E74038DC785C0D
:10FDBC00BA9763490600B706C0A863E5D700B70633
:10FDCC004057B697834674002320F4088545639EFC
:10FDDC00B6068357E4060356C4026364F61403465E
:10FDEC00D4006310D6148326040F8144D5E28326F5
:10FDFC004409D9EE0346F4009306000C631AD608A6
:10FE0C00B387E70203274408B3D7E7021777FF1F2E
:10FE1C00034757570507BA97231AF406B2502254D2
:10FE2C0092540259F249624AD24A424BB24B456152
:10FE3C008280E3F9F6EE9A96F5B5E3F7E7F6B706A6
:10FE4C00C0A8BE963387E64095B70345C4018144EC
:10FE5C0021C1835604038354240313070002B38483
:10FE6C009640B384A402C204C180637397021387C3
:10FE7C001700634A06003706C0A86366C700370739
:10FE8C00405705073E97FD162320E4082319D4029A
:10FE9C0083A7090082972A8A83A709008297E30D1A
:10FEAC0045FF83A70900032A840782979777FF1FD2
:10FEBC0083C7C74C139787016187635607063305C1
:10FECC00AA4059CD745C637DD508635407061605AA
:10FEDC009387C19E9C432167130737302695D8C75B
:10FEEC000605A8D3130700F89776FF1F2388E66052
:10FEFC00316713073730D8C7EF40C04DEF40C050C3
:10FF0C0003477400854781456313F70417350000D8
:10FF1C001305E5EEEF30FFDF930700FD2306F40039
:10FF2C00F5BD8144B5B7E37CAAF8B706C0A8369AEC
:10FF3C0079B7858B99C79307803E3305F5021581F8
:10FF4C0041BF9307D0033305F502058151B717154F
:10FF5C000000130525E3EF30DFDB930710FC7DBFBA
:10FF6C00034774008547032309036317F70095457E
:10FF7C00E30603EA154529A0E30203EA9545194572
:10FF8C002254B25092540259F249624AD24A424B1C
:10FF9C00B24B4561028363DD0B0483570403228556
:10FFAC0085072318F402192B2285EFF0DF99785C72
:10FFBC0083270408BA97030749016345070063E3E5
:10FFCC004701D6972320F408834774006395670193
:10FFDC002285EF2070608347D40185458507A30EE9
:10FFEC00F40083270903E38807D615458297A5B348
:04FFFC008357E40241
:020000021000EC
:100000001777FF1F0347473893168701E1868E074E
:1000100063D506021307204EB387E7029583E3F505
:1000200077E1A1452285EFF07F8A032309032300AE
:10003000A4048945E31603F4C5BB058B11C7130758
:100040008002B387E702E1BF05671307B747B387AD
:10005000E702938707049D83D9B78357E402177794
:10006000FF1F0347673293168701E186B30B754183
:100070008E0763D6060A1307204EB387E7029583DF
:1000800063F7FB0C83A70900829783570403AA8BAD
:10009000228585072318F40205292285EFF07F8B3E
:1000A000E31405D8785C83270408BA97030749014D
:1000B0006345070063E34701D6972320F40883478D
:1000C000D40113F7070F2DCB2285EFF0AFB4A30EA9
:1000D000040083270408E3F7FBFA8356E4067C5CFC
:1000E00003274408B387F602B3D7E7021777FF1F49
:1000F0000347172A1107BA97231AF4068347740097
:10010000639067058357C402E3FDD7C42285EF20BF
:10011000704D83270903E38607C48D45E9BD058B30
:1001200011C713078002B387E70299BFB38797020D
:10013000938707049D83A9B78507A30EF40051BFD9
:1001400083270903E38F07C08D45194575B5E3CDB6
:100150000BCCA1452285EFF06FF7032309032300A1
:10016000A404E30303CC914521BD8280411122C444
:1001700006C62A848327040FD9E38327840FD5E397
:100180000325840E09C59750FF1FE7802091034582
:1001900014029307F00F6304F500EF307FA90345C5
:1001A00004029307F00F6304F500EF307FA80345C6
:1001B00024029307F00F6304F500EF307FA7035587
:1001C0004400B5249777FF1F9387C71A9C4785C7BC
:1001D0009777FF1F83D7474499EF9777FF1F938740
:1001E000271DC84F09C99750FF1FE780208B9777BD
:1001F000FF1F23AD071CB240224441018280C84347
:1002000009C59750FF1FE78060898327040F03D734
:10021000E700136707F02397E7009C432328F40EB9
:1002200091BF03D7E700C843136707F02397E700A0
:1002300009C59750FF1FE78060868327840F9C4382
:10024000232CF40E1DBF9777FF1F93872737BC47DA
:1002500099E33E85828003D74700E30CA7FE9C43C9
:10026000C5BF9777FF1F93876735BC4FC1669775EA
:10027000FF1F83C525110147FD1603D6E700630B59
:10028000A6006309D60005071377F70FC107E3F649
:10029000E5FE81473E8582809777FF1F938707326F
:1002A000BC4FD1EB1775FF1F03558533130515029E
:1002B0009777FF1F83C7070D1585850716059207DA
:1002C0003E954205411141819305B02006C69740F5
:1002D000FF1FE78000731DC59776FF1F83C6860A40
:1002E000138716009777FF1F23A6A732120793954F
:1002F00006012A97C1818147130840F5930820F52C
:1003000063D5F600B240410182808DE323171501C9
:1003100058C1A304050041052A8663E3B7000146DE
:100320008507C2072328C5FEC183D9BF231705014E
:1003300023220500F9BF828041119305A0201305F7
:10034000801506C622C426C29740FF1FE780606B57
:100350001306801581452A84EF306FD7014559C8AF
:100360009774FF1F93848425B04429C6F44483D72F
:100370004600138717009317070193150701C183E0
:1003800063D305008547328783554700E383F5FE35
:1003900018437DFB2312F400B9C780C29777FF1F73
:1003A00023A4872683D7C40585071777FF1F231546
:1003B000F72615A085472312F4001777FF1F232384
:1003C00087241777FF1F232187241777FF1F231503
:1003D000F724EFF07FECFC4423A007002303040084
:1003E0002306040031A022859740FF1FE780006BA1
:1003F00003554400B240224492444101828041119D
:100400009777FF1F9387871B22C4A04F06C609E872
:10041000B24022449777FF1F23AE071E410182801E
:1004200022859740FF1FE78060670040CDB74111EC
:1004300022C41774FF1F13046418344406C601470E
:10044000B687B5C303D647006315A6060DEF9842DD
:100450009776FF1F23A8E61A3E859740FF1FE78087
:10046000E0637C4423A007009777FF1F83D7C71A58
:1004700095E7EFF0DFF89777FF1F23A50718B24045
:1004800022444101828074446397F6009776FF1FEF
:1004900023ACE616D1B7944314C37DBFFD1717777D
:1004A000FF1F231BF7169777FF1F83D7E716E1FB84
:1004B000C9B73E879C4371B7614681451775FF1FD9
:1004C000130545146F30AFC0011126CA4AC806CEC5
:1004D00022CC4EC652C456C25AC02A899307451030
:1004E0009306F50F814401479319870003C707005E
:1004F00013D68401B3693601A204FD17D98C4E8747
:10050000E394D7FE83474902034439013E941374B0
:10051000F40F9307400263F687001304B4FD1374CD
:10052000F40FA309890022862685CE85EFA0B00CA2
:10053000058909CD23098900F2406244D244424929
:10054000B249224A924A024B05618280814A014A9D
:10055000130B500256862685CE85EFA0D00905895B
:1005600001C5050A137AFA0F850AE3956AFF337409
:100570004403814A014A130B500252862685CE85D8
:10058000EFA07007058911C963958A002309490105
:1005900065B7850AE20A93DA8A41050AE31F6AFD14
:1005A00061BFA3090500828083270509411122C488
:1005B00006C62A846389071813F7270019CBF59B11
:1005C0002328F50803554500194693050008EF1048
:1005D000B0408327040913F7470021CBED9B232864
:1005E000F4088347340293F7070491CB8327440927
:1005F000228593E70740232AF408EFE0AFFE834704
:10060000940199E78347340293E71700A301F402AA
:10061000035544000D4693050008EF10F03B930787
:100620000004231CF400230D04008327040913F79E
:10063000070139C7BD9B2328F4088347F4030355FA
:100640004400214689C7A30F040213060003930543
:100650001008EF1070388347340293E71700A301A6
:10066000F4028347E40389CF8347040EC18B89CB0F
:100670008355C40322859205C205C181EFE02FE1B5
:100680008327040913F7072001CF0355440093F78C
:10069000F7DF2328F408314693051008EF10D03314
:1006A0008327040913F7070415C30355440093F780
:1006B000F7FB2328F408114693050008EF10D0310A
:1006C0008347340293E71700A301F4028327040948
:1006D00013974701635507027D771307F77F03558B
:1006E0004400F98F2328F4081D4693050008EF10F5
:1006F000B02E8347340293E71700A301F402832747
:10070000040913F7074009CF0355440093F7F7BFD7
:100710002328F4081306700593051008EF10D02B5A
:100720008327040913972701635F07008347340277
:1007300083456404228593E71700A301F402EFF0D8
:10074000EF982300A4048347640085CF8327840F98
:1007500099CF8347640181EF035544000146930517
:100760000008EF10702701E58547230BF40083573D
:10077000640381CB035544004D4693051008EF10E8
:10078000B02583473402F1C7918B91CF0346D40043
:10079000C165938505A02285EFE0CFD4834734025D
:1007A000ED9BA301F40283473402858B8DC303457F
:1007B00014029307F00F6307F500EF306FC7FD5782
:1007C000A300F40283473402F99BA301F402834798
:1007D0003402898B89CF8355E402034524029205B4
:1007E000EF302FCC83473402F59BA301F4028347FB
:1007F0003402A18B99CF8355E4020D4622859205E0
:10080000C205C181EFE00FCE83473402DD9BA30117
:10081000F4028347340213F7070101CF03450402B2
:1008200093F7F7F8A301F402EF308FC0FD572300D0
:10083000F4028347340213F7070201CF8355C40340
:100840000345040293F7F7FDA301F4029205EF308C
:100850004FC58347840193F7070C99C7228522442B
:10086000B24041016FE0FF92B240224441018280D8
:10087000411122C426C206C64AC0834765022A84A3
:100880009384019E85072303F50283471501BDE785
:100890000347850093070004A308F5008327450953
:1008A000319B13673700A30B05002304E5009396E3
:1008B000070163D50602E176FD16F58F232AF508B8
:1008C0008327850E2380E7008327840E0347940047
:1008D000A380E7009C400327840E81A80347D5002E
:1008E000054963182721638E071E13F7070821C3E4
:1008F00093F7F7F7232AF508EF10001783477401E1
:1009000005476398E7448327040F03478400DC43CB
:100910002380E7008327040F03479400DC43A38070
:10092000E7000327040F9C40584398CBA9A113F775
:10093000072011CBEF1060218327440993F7F7DFDD
:10094000232AF40865BF13F7270019C7F59B232A4C
:10095000F508EF10A02F5DB713F7470019C7ED9BFF
:10096000232AF508EF00106651BF13F7870019C757
:10097000DD9B232AF508EF00907049B713F7074075
:1009800001CB93F7F7BF232AF508EF100043BDB75B
:100990001397370163500702EFE0EFCA25D1832791
:1009A00044097D777D17F98F232AF4082285EF10FB
:1009B0004045A9B713F7070201CBEF1000148327B6
:1009C000440993F7F7FDADBF13F7070401CBEF0020
:1009D000D0748327440993F7F7FB9DB713F70710EB
:1009E00001CBEF10600D8327440993F7F7EF89BF20
:1009F000139717016355070271777D17F98F232A23
:100A0000F5088347040E918B99C7BD452285EF10E9
:100A100060388547B9A02285EF10E01BDDBF139732
:100A2000F700635E070041777D17F98F232AF508E9
:100A30008327040993E727002328F408C1B51397F7
:100A4000E7006356070201777D17F98F232AF5081F
:100A50008347050E918B89CBBD45EF10A0339307DB
:100A600020F9A306F40059BDEF10E016CDBF13978F
:100A7000D700635307023707FCFF7D17F98F232A3E
:100A8000F5088347050E918B89C7BD45EF1080306F
:100A9000B5B5EF1040149DB50567130707807D8F2E
:100AA00011CBEF106034832744097D771307F77F5C
:100AB000F98F79B51397C70063520702EFE0AFB81B
:100AC000E30E05E2832744093707F8FF7D17F98F06
:100AD000232AF4082285EF10E03A0DB5232A0508F1
:100AE00031BDEFE04FB6E30B05E02285EF1060402B
:100AF00031B565DF930650076300D71863EAE6084F
:100B000093069004630ED71463E9E6049307300359
:100B10006308F71463ECE70093070003E317F7FC9F
:100B2000EF00705CD9472303F404C9BB930750045A
:100B3000E30DF7FA93078004E319F7FA2285EF1023
:100B4000403B8347E400DD9B2307F400832704092F
:100B500093E707012328F4086DBD93063006630E62
:100B6000D71263E9E60093073005630AF71093078D
:100B70005005D9B7930650066306D712930740076E
:100B8000E315F7F68547A30FF502EF001059BDB343
:100B90009307300A630EF71663E2E706930790099E
:100BA00063EFE70293078009637AF7089307500819
:100BB0006309F71293073009E319F7F28347050435
:100BC0007947E380E7E4054963952707835765067E
:100BD00003578506BA9785872315F50461B39307F4
:100BE000A009E314F7F003470504F9476318F70475
:100BF000EF00707E8547A306F400A1A89307300B91
:100C0000630BF71063E9E7009307500AE3EFE7ECA3
:100C1000EF10202EC5B79307400B630EF710930714
:100C2000500BE314F7ECEF10C02C8547A306F4003B
:100C300011AAEF10002CA3062401DDBB8357640624
:100C4000035784062285BA9785872315F404EF009D
:100C500070378347340293E71700A301F40279B990
:100C60002285EF100029832704090967A3060400E1
:100C7000D98F2328F40859B1EF00106B41B18D478B
:100C8000230FF5022320050C2322050C2324050C39
:100C90002326050CEF00D05895B1EF00F061A306B4
:100CA0002401A9B90347C5138346B5132207558FFD
:100CB000ED4663FBE6000347050E1377070209C7FD
:100CC0000567D98F232AF5082285EF1080228547F2
:100CD000A306F400832704092300040493E7070410
:100CE000A1BBEF1000218347B401858B99CB8327EB
:100CF000040923000404A30D040093E7072023281C
:100D0000F4088347340293E71700A301F40211B3F8
:100D1000EF10800D69B7EFE00F93E30105BE228568
:100D2000EF10401683270409056713070780230087
:100D30000404D98F05B5EF10C01B8547A306F40046
:100D40002300040483270409056713070780D98F4C
:100D5000E5B109476397E7029767FF1F9387877A93
:100D6000DC4B41779443758F98C383568400558F2D
:100D700098C398401CCBB24022449244024941019E
:100D800082808327840E034784002DBE011197774C
:100D9000FF1F9387A78222CCA04B26CA4AC84EC603
:100DA00052C4B164216A0569B729020056C206CE51
:100DB0005AC0930A3A3093843430130909809389D6
:100DC00049068347C4001307100C639AE714138B7A
:100DD000C19E83270B0098430D8B05C3B84B619BC5
:100DE000B8CB98431367870098C39C438D83858B4A
:100DF00089C701000100010001002285EFF05FA713
:100E000003270B009766FF1F9386C66F83C74600B4
:100E1000858B99E33C53FDFB9767FF1F2386076E85
:100E2000834794006389070E8347E403898BE5C7F2
:100E3000A2850545EF30403683270B001307A00736
:100E4000B8CB83270B001307000AB70600F9B8D305
:100E50007D47D8C39387C19D9C43FD16984F758FDE
:100E6000B7060002558F98CF984F137737F813675E
:100E7000870198CF1387419F1443D856759BD8D6C6
:100E8000034724019376F7079843137707F8558FA4
:100E900098C303278408B70600F0FD1698C70327F8
:100EA000C408D8C3D857719BD8D79843758F98C3B7
:100EB0009767FF1F23890764930700F81767FF1FD1
:100EC000A303F7649767FF1FA38007649767FF1F5B
:100ED000238D0762930730FC2306F400EF30405067
:100EE000C1471767FF1FA302F76203270B003C539C
:100EF000FDFF8347940023265701920793878715A8
:100F00003CD3930700F89766FF1F238FF65E44C714
:100F1000EF30E0477DB59307A0053CCB1DB7130725
:100F2000400C6395E77E9767FF1F83C7D75D858B6E
:100F3000176BFF1F130B0B5D6383077A9767FF1F08
:100F4000A383075C8347F400139787016187634E8F
:100F5000070093E707F8130700F8230CE400A30742
:100F6000F4009767FF1F23A5076A8345E403032561
:100F7000C40E1306440185899730FF1FE780207D4A
:100F80009767FF1F2383A75805896311056A834765
:100F90003402A30F04002317040693E72700A301DC
:100FA000F4022285EFD03FFC21ED8327040FA30834
:100FB00004008DCF0347740115CB03C79700058B41
:100FC00015E703D7E700C843136707F02397E70047
:100FD0009740FF1FE78080AC835764038507231B7E
:100FE000F4028327040F9C432328F40E83479400C4
:100FF00081CB8347E403898B81C72285EFD0BFFB78
:101000008347E403858BE5C383476B00898BE1CF7E
:101010008347F4018507A30FF4008347F40163902D
:1010200007628347E40193F7E70F639A076022851D
:101030009730FF1FE780003685476312F5602285F1
:10104000EFF01F83834694009387C19E9C431397C0
:1010500046001307C72023A65701B8D3130700F88B
:101060001766FF1F2302E64AC4C78347E403898B40
:101070006384075C6382065CA2850545EF30C0117E
:101080001305A0079730FF1FE780A05D8327840F1B
:10109000B1C30347F400137707040DCFD44303C64D
:1010A000C70083C58700035544008906EF6000012F
:1010B00015E18327840F03D7E700136707F0239711
:1010C000E7009C43232CF40E8357440381C7FD178C
:1010D000231AF4029730FF1FE7800056930730FC75
:1010E0002306F400F9B92285EFD07FEA1DF52285A9
:1010F000EFD03FD20347E4009377870095C783473B
:10110000B4009DC383475401C54663E6F600B3D7D8
:10111000F900858B91EB9307D0032303F404930725
:101120009004A306F40091A08346A4008D47639425
:10113000F64A83475401BD466393D70A8346B400F9
:10114000E1476393F6488347040E898B638E074615
:101150000D8B0DCB9307A0022300F40483274409D1
:1011600037070400D98F232AF4088347E403858BCB
:10117000E38507EA8347B400E38107EA2285EFD0DD
:101180009FE861BD8347D4000547639AE700228545
:10119000EF00F0572300A404930730F959B79306E2
:1011A0002004639CD7002285EF0070562300A4041E
:1011B0004DFD83274409416775B793062009639560
:1011C000D740930730022300F40483274409B7066D
:1011D0000200A306E400D58F232AF40879B7C1469C
:1011E0006395D7020347B400E147631FF73C034709
:1011F000D400930720096319F73C2285EF00B06003
:101200002300A4049307A0F929BF0946639FC700E0
:101210000347B400631AF73A8327C40E83C7370025
:101220002303F40493073003EDBD2D46639CC702EE
:101230000347B40085476319F7380347D400930781
:1012400020076313F73893075007A306F40083477A
:101250003402230F040293F70704E38007DCA301A1
:10126000D40265BB91466396D7088346B400B54760
:10127000639CF6348346D400930720046396F634C7
:101280008327C40E1367870083C6570003C6470031
:10129000A2064206B29603C66700B29603C637009E
:1012A0006206B296232ED40883C6970003C6870031
:1012B000A2064206B29603C6A700B29603C67700FE
:1012C0006206B296232CD40883C6C70003C6D70093
:1012D000A2064206B29603C6B70083C7E7002307FB
:1012E000E400B296E207B697232EF40A930750045F
:1012F0000DBD15476390E7020347B40085476315AA
:10130000F72C0347D40093075004631FF72A930771
:10131000300501BD19476392E7020347B4008547D2
:101320006314F72A0347D40093074005631EF72888
:101330002300040493075005EDB33947639DE70488
:101340000347B400A5476311F7288347040EA18B18
:10135000638C07260327C40E9307040D1306840D20
:101360000D078346070083C507008507A383D700C1
:10137000ED8EA387D7000507E315F6FE0347D400DB
:1013800085476315F7009307300661BB832744093F
:1013900093E70710C9BB25476394E7040347B400EC
:1013A000A5476313F7220347D40093072006631D64
:1013B000F7200327C40E9307040D1306840D0D07B1
:1013C0008346070083C507008507A383D700ED8EFA
:1013D000A387D7000507E315F6FE9307500691B3E0
:1013E00031476396E7040347B4009947631EF71C2F
:1013F0002285EF00905B0347D40093072008631D0C
:10140000F700930750F8A306F4008347B40193F75D
:10141000F7FBA30DF40091BB8307B401E3D707FEEC
:101420008327440993E70720232AF408F9BF494793
:101430006394E7048347B40005476397E7180347BD
:10144000040E418B630207180347D4006315F700AD
:10145000930730FAF9B19306200A631AD7000347BD
:101460003402A306F40013671700A301E4028327E4
:101470004409B3E72701C5B94D476390E702034725
:10148000B40085476312F7140347D4009307200A7A
:10149000631CF712930740FA69B15147639DE70255
:1014A0000347B400A5476311F7128347040E93F76F
:1014B0000702638B07102285EF0010420347D40018
:1014C00085476315F700930730FBA1B983274409CB
:1014D0003707080041B955476395E7020347B40051
:1014E000A5476313F70E0347D4009307200B631D32
:1014F000F70C930740FBA306F4002285EF00D03DD4
:10150000ADB11D47639FE7040347B4008947631DDE
:10151000F70AE9472300F4048347D4001307200A9D
:101520006395E700930750FAEDBE13072006639515
:10153000E70093077006F5B613072009639CE700E0
:10154000930790F9A306F4008347040EF59B23004C
:10155000F40E21B91307200BE399E7C0930750FB62
:10156000C9B63547639CE7000347B4008947631D4C
:10157000F7048327C40E83C7370029A8454763951E
:10158000E7040347B4008D476310F7048327C40EB4
:1015900083C747002300F4048347D40013072009BE
:1015A0006386E700130770096395E700930780F9E6
:1015B0008DBE130720046386E7001307500463956C
:1015C000E70093078004B1BE2285A529832744093B
:1015D000B3E7470149BE8347B40099C72285EFE0CE
:1015E0004F84E30405B815BC83471401E39F07B695
:1015F0008347D400C9466398D700136717002307B1
:10160000E400854739BE9306200213672700E3886C
:10161000D7FE13072003E39AE7B483270409096779
:10162000A3060400D98F2328F40881B68347E40178
:101630008507230FF400D5B21305A005A1B4EF2050
:10164000705D8327840FB1C30347F4001377070449
:101650000DCFD44303C6C70083C58700035544009C
:101660008906EF50B02515E18327840F03D7E700E3
:10167000136707F02397E7009C43232CF40E83574E
:10168000440381C7FD17231AF4022285EFE0DFF13E
:101690008347F4018DCB37C700400327073893F702
:1016A000070F81CB9305D0032285EFE02FA2230003
:1016B000A4049767FF1F9387E7CB9C5B89C7954579
:1016C00013056008829722856244F240D244424961
:1016D000B249224A924A024B05616FE04F9183471B
:1016E0004B000547631FF7EC9767FF1F238E07E04A
:1016F000EF2050522285EFE03FEB83473B00E207AB
:10170000E187E3D207FCEF203F8E75BF1307300C53
:101710006397E70A9767FF1F83C7E7DE858BD9C307
:101720009767FF1F238107DE83270409139727018B
:1017300063530702EF20104E03451402EF204FCFF2
:1017400083456404FD57A300F4022285EFE00F985F
:101750002300A4048DBF834704150347F414138B9F
:10176000C19EA207D98F86071767FF1F2322F7DACA
:101770008347E403858B95C3A2850145EF20F027BD
:1017800083270B0013079007B8CB930740FC230671
:10179000F400EF20903D6FF0CFE283270B0013079A
:1017A0009005DDB79767FF1F9387C7D583C74700AD
:1017B00005476318F7E09767FF1F238707D4EF20DB
:1017C000704511B7B147A304F5008327850ED5C72F
:1017D0000947A303E504835605050357050363E69C
:1017E000E600998E15466345D6029766FF1F83D69D
:1017F000A6E28D45114663E5D500850613F6F60F82
:1018000083562505A303C504369721072318E5044D
:101810002381070003477504A381E700034785047C
:101820002382E70003479504A382E7000347A5044A
:101830002383E7000357A5042183A383E70003471D
:10184000C5042384E7000347D504A384E7000347C6
:10185000E5042385E7000357E5042183A385E7001A
:10186000034705052386E70003471505A386E70020
:10187000C947A306F50001458280054582804111D4
:1018800026C28324850E06C622C4A147A304F50000
:10189000A9C883570503035725052A8493055510C6
:1018A000BA97A9072315F51085472381F4001385FE
:1018B000340015469720FF1FE780207B8347A41044
:1018C00001452384F4008357A410A183A384F4006A
:1018D00093072002A306F400B2402244924441013F
:1018E00082800545D5BF8327850E0947A304E500FF
:1018F0009DC32381E70003476504A381E700834775
:10190000350293E78700A301F50293072003A3069E
:10191000F500014582801D458280411126C2832445
:10192000850E06C622C4DD47A304F500BDC88D4759
:101930002A849305F5102381F40021461385340091
:101940009720FF1FE780607283478411034774115B
:101950002146A207D98FA385F400A1832386F40032
:10196000930594111385D4009720FF1FE780E06F43
:10197000138554011146930514129720FF1FE78029
:10198000C06E83473402014593E74700A301F40288
:1019900093072004A306F400B2402244924441017C
:1019A00082800545D5BF411126C28324850E06C617
:1019B00022C4B547A304F500A9C091472A84238116
:1019C000F400930585122146138534009720FF1FEC
:1019D000E780A0691385B40011469305041397208E
:1019E000FF1FE780806893074004A306F4000145C9
:1019F000B24022449244410182800545D5BF8547CB
:101A0000A304F5008327850E91CB15472381E700BA
:101A100093072005A306F5000145828005458280D5
:101A20008547A304F5008327850E91CB19472381B1
:101A3000E70093074005A306F500014582800545B0
:101A400082808947A304F5008327850E81CF1D4737
:101A50002381E7008327850E034755010145A381B4
:101A6000E700828005458280A547A304F50083270F
:101A7000850EA9C3411122C406C621472381E70070
:101A80002A840325850E9305040D21460D05972014
:101A9000FF1FE780805D83473402014593E74700DD
:101AA000A301F40293072006A306F400B2402244E7
:101AB00041018280054582808327850E2547A30446
:101AC000E50095CB411106C62381E70083477500E9
:101AD000AA8521460325850E81EF9385050D0D0509
:101AE0009720FF1FE7806058B24001454101828086
:101AF0009385850DEDB7054582808547A304F500E4
:101B00008327850E85C329472381E7008347350254
:101B100093E74700A301F50293072007A306F5000A
:101B200001458280054582808547A304F50083270F
:101B3000850E91CB2D472381E70093074007A3062D
:101B4000F50001458280054582809947A304F50090
:101B50008327850EBDCF31472381E7001767FF1F1D
:101B60001307C7A58356E700A381D7008346070163
:101B70002382D70003471701A382E7001767FF1FDF
:101B80000347E7A42383E7001767FF1F035727A432
:101B90002183A383E7008347B50113F7070409CF27
:101BA000930720F8A306F5008347B50193F7F707DD
:101BB000A30DF50001458280858BFDD7832705099C
:101BC00023000504A30D050093E707202328F5084B
:101BD000E1BF1D4582808947A304F5008327850E58
:101BE00081CF35472381E7008327850E034705040E
:101BF0000145A381E700828005458280A547A304B3
:101C0000F5008327850EA9C3411122C406C63947B2
:101C10002381E7002A840325850E9305840D214640
:101C20000D059720FF1FE78040448347340201459C
:101C300093E74700A301F40293072006A306F400EC
:101C4000B24022444101828005458280E147A304DD
:101C5000F5008327850ED1CF411122C406C63D472A
:101C60002381E700034765062A849305A505A38120
:101C7000E70003576506314621832382E7000347C7
:101C80008506A382E700034795062383E700034701
:101C9000C504A383E7000347D5042384E700034773
:101CA000E504A384E7000357E50421832385E700C7
:101CB00003576505A385E700034785052386E700ED
:101CC000034795051385E700A386E7009720FF1FCC
:101CD000E780A03983473402014593E74700A30119
:101CE000F402930720F9A306F400B2402244410114
:101CF000828005458280E147A304F5008327850E95
:101D0000C1CB411122C406C641472381E7000347E6
:101D100065062A849305A505A381E7000357650698
:101D2000314621832382E70003478506A382E7002B
:101D3000034795062383E7000347C504A383E70011
:101D40000347D5042384E7000347E504A384E700A1
:101D50000357E50421832385E70003576505A38521
:101D6000E700034785052386E700034795051385AC
:101D7000E700A386E7009720FF1FE780002F930767
:101D800070F9A306F400B24022440145410182806B
:101D9000054582808D47A304F5008327850E81CFFA
:101DA00045472381E700A381B700034705040145A8
:101DB0002382E7008280054582808547A304F500E1
:101DC0008327850E85C349472381E700930720FABF
:101DD000A306F5008347350293E74700A301F50208
:101DE00001458280054582808547A304F50083274D
:101DF000850E91C74D472381E70001458280054547
:101E00008280A547A304F5008327850EB5CB5147F3
:101E10002381E70003478513834675132207558FF7
:101E2000A381E70021832382E70003278513218311
:101E300042074183A382E70021832383E70003470E
:101E4000C5138346B5132207558FA383E70021836B
:101E50002384E7000327C513218342074183A3841A
:101E6000E70021832385E7008347350293E7470096
:101E7000A301F502930720FBA306F500014582802C
:101E800005458280A547A304F5008327850EA5C3D9
:101E900055472381E70003478513834675132207BF
:101EA000558FA381E70021832382E7000327851351
:101EB000218342074183A382E70021832383E70034
:101EC0000347C5138346B5132207558FA383E70045
:101ED00021832384E7000327C5130145218342079B
:101EE0004183A384E70021832385E70082800545A1
:101EF000828083478500A3040500F19B93E71700C8
:101F00002304F5000325850E1335150082808325F3
:101F1000C50E411126C206C622C483C7450003C7A9
:101F200035000568A207D98F1387A7FF42074183B1
:101F30009306A8C7F94463E2E60C03C7650083C6AD
:101F40005500130808C82207558FF9446367E80A4B
:101F50006365F70A03C6850083C675002206558EA1
:101F60009306301F63EBC60883C6A50083C895009F
:101F7000A206B3E616016362D808130816003308F8
:101F8000F80293983600635A180783C8B50013986F
:101F90000801135808016384080063600707835829
:101FA000A5028144639D1701631BF7008358C50296
:101FB0006397C8008354E502958C93B414002316EC
:101FC000C5042313F5062314E5062317D504231BA4
:101FD000050583C7D50003C7C5002A84A207D98F8A
:101FE000231CF5043146B9051305A5059720FF1FED
:101FF000E780A0079147230DF400B24022442685D4
:102000009244410182808325C50E85681387A8C745
:1020100083C6450083C73500A206DD8E9387A6FFE1
:10202000C207C1836367F70A03C7650083C755000A
:10203000938808C822075D8FF94763EDE808636B52
:10204000D70803C8850083C775001306301F220810
:102050003368F800F947636F060703C6A50083C716
:10206000950022065D8EF94763E6C80693081800BE
:10207000B388D80213133600634E130583C7B50027
:102080009398070193D8080181C7F947636417053E
:10209000411106C62317C5042313D5062314E506EC
:1020A00023160505231B150583C7D50003C7C500E7
:1020B0001305A505A207D98F231FF5FE3146B905E3
:1020C0009720FF1FE78060FAB24081473E854101BB
:1020D0008280F9473E8582808327C50E8328851339
:1020E00003C6470003C737002206598E2311C514C3
:1020F00003C7670083C657002207558F2312E514D4
:1021000083C5870083C67700A205D58D2313B51438
:1021100083C6A70003C8970083477513A206B3E6DA
:10212000060113F8F80F22083368F8002314D514B9
:10213000C28763F30501AE87C207C18393D58800C8
:10214000A306F514A1832307F514AE87C205C18148
:1021500063F3B600B6878326C513C207C18393F520
:10216000F60FA307F51493D88801A183A2052308CD
:10217000F514B3E51501AE876373B600B287C207E5
:10218000C183A182A308F514A1832309F514B6879E
:10219000C206C1826373D700BA87C207C183A3098D
:1021A000F514A183230AF51482800327C50E834703
:1021B0003700A300F5048347570083464700A20772
:1021C000D58F2311F5048347770083466700A20764
:1021D000D58F2312F5048280011122CC2A84114567
:1021E00006CE2EC632C4EF10CFB61DC1B245224670
:1021F000231185002300B500A300C5006244F2400E
:10220000AA851755FF1F0345D51A05616F10CFBE6C
:10221000F2406244114505618280397106DE22DC9C
:1022200026DA4AD88347050013070008639AE74275
:102230008344150095476386F43863E397020544A9
:10224000638B840EB5C48D476383F43291476383F7
:10225000F4342285F2506254D25442592161828072
:10226000930710086386F42863EA97009947638D03
:10227000F4369D476384F43A0544E1BF9307200890
:102280006380F42A93076008E398F4FE0355250061
:10229000EFD07FFB05C50357E5048356C5040356FD
:1022A00085068355650603554500EF40305D51A016
:1022B00003552500EFD03FF9AA8419E1094451BF25
:1022C0008347F500230B05000D4493F70704D1D392
:1022D0008327850FA9CFD44303C6C70083C58700D2
:1022E000035545008906EF40705D15E183A7840F13
:1022F00003D7E700136707F02397E7009C4323AC5D
:10230000F40E83D7440381C7FD17239AF40283A7F1
:10231000840F91CF03D54400014693050008EFF0E8
:10232000BFEB2A8419E58547238BF4001DB7239A58
:102330000402014439BF03552500EFD0DFF02A84A1
:1023400035DD034775009757FF1F93872727631ACB
:10235000970C845BA5D483C7170813892407898B3E
:10236000C9CF03C7040689471946631CF70693853E
:10237000240628089720FF1FE78020CF03C71407F3
:102380008547194663F4E706CA8508109720FF1FA2
:10239000E780A0CDEC4C1946910528109720FF1F2F
:1023A000E780A0CC834754028358A40283C6140755
:1023B00083554400034504043EC48357E4021308D4
:1023C000010238103EC28357C40205463EC03C0895
:1023D000EF40504B8347F40093E70704A307F40052
:1023E00089BF81452808EF108FCE49BF814508106D
:1023F000EF10EFCD1946CA854DB7034754028358F5
:10240000E5020358C5028357A5028355450083C6DC
:1024100014070345050405463AC04A87EF40704457
:1024200055BFA443E38C04E883C7170813896404E9
:10243000898BD9CF03C74403894719466319F70627
:102440009385640328089720FF1FE78000C203C715
:102450004404894719466311F706CA850810972076
:10246000FF1FE78080C0EC4819462810910597208F
:10247000FF1FE78080BFFC4883C7370093E7270032
:10248000A382F4048358A40283C6540483554400F1
:102490000345040402C48357E40213080102381000
:1024A0003EC28357C40201463EC03C0815B7814571
:1024B0002808EF10CFC161BF08108145EF102FC170
:1024C0001946CA8528109720FF1FE78000BA5DBF14
:1024D0008358E5020358C5028357A502835545007A
:1024E00083C65404034505044A8702C001463DB72C
:1024F0009757FF1F9387870CB843E30107DC835886
:102500004701035827018357470283465704014672
:1025100002C01307670481450945EF40903411BD9F
:102520009757FF1F93878709985BE30907D883C7ED
:102530001708898B85C302C402C202C081480148C2
:10254000814701478146054681451305C003EF4099
:102550007033C5B383469706814802C0014881475E
:102560001307A706054681451305C0037DB703552C
:102570002500EFD05FCDE30305D40357E504835670
:10258000C5040356A5048355450003450504EF40E3
:10259000F02D45B303552500EFD0FFCA2A86E30F7F
:1025A00005D08347750083554500034505046397AF
:1025B00087001306060DEF40B02BA5BB1306860D52
:1025C000DDBF03552500EFD01FC8E30905CE8347C3
:1025D0008511034675119305F51003554500A207B3
:1025E0005D8EEF403029B1B303552500EFD0BFC554
:1025F0002A84E30505CC0357E5048356C504035636
:1026000085068355650603554500EF40F026834750
:10261000E40093E747002307F40021BB035525009E
:10262000EFD07FC2E30C05C8832505158326C514AA
:102630008347451513F7F50F13D8860113D6850187
:10264000A182A18103554500A2072207C206C20547
:1026500033670701C1825D8EC181EF407022D1B91D
:10266000130710080544E396E7BE834715004D475E
:10267000638AE70E6367F70621476381E70A3147FC
:10268000638FE70A1547E396E7BC03552500EFD0B3
:102690009FBB2A84E30405C28324050F9DC4C84060
:1026A0009720FF1FE780803F0356640384400506A0
:1026B00042064182231BC402FDF001CA8355440037
:1026C0000545EF40D01E231B0402034504040346C6
:1026D000640483554400EF40501C2285EFD01FA9AD
:1026E00089B9130700036383E70A6360F702694748
:1026F000E391E7B603552500EFD0FFB4E30005BC36
:1027000003450504EF40F01A2DB113077005638CE3
:10271000E708138417F03334800025BE03552500E5
:10272000EFD07FB2E30C05B80346E50383554500BF
:10273000034505043336C000EF407016DDBE035577
:102740002500EFD05FB0E30B05B603574504835671
:102750002504034615048355450003450504EF4051
:102760005014C1BE03552500EFD0FFADAA84E30786
:1027700005B4035665030144E30D06AC83554500DB
:102780000545EF40D012239B0402E1B40355250018
:10279000EFD07FABE30405B2835545000345050444
:1027A000EF40701179B603552500EF40101151B676
:1027B00041119757FF1F938767E022C406C6805FC9
:1027C0009757FF1F83C7B7D481CF1757FF1F034702
:1027D00007D495476316F7009757FF1FA38907D2C1
:1027E0009756FF1F83C676D29387A6FF93F7F70FFE
:1027F0000547636AF7009757FF1F238AD7D097577B
:10280000FF1FA386E7D0EF10F04093078002230359
:1028100004001757FF1F230EF7B6484CA30304000C
:10282000230204009720FF1FE7804027C145231C97
:102830000400232E0400232004021755FF1F034524
:1028400055B7EF10CFBB2244B2401755FF1F0345C9
:1028500055B69305000241016F106FBA8327050931
:10286000411122C406C62A84638A071E13F7270073
:1028700019CBF59B2328F508035545001946930508
:102880000008EFF07F958327040913F7470041C73D
:10289000ED9B032744082328F4087C5CB3D7E702A8
:1028A0001757FF1F0347D7AE9107BA97C207C183D7
:1028B0002319F40686072318F4068347340293F796
:1028C000070491CB83274409228593E70740232AF5
:1028D000F408EFC02FD1834704041307000499E3E1
:1028E00013070008230CE4000347940119EF834702
:1028F000340293E71700A301F402035544000D4688
:1029000093050008EFF05F8D29A00357440511E3FC
:10291000EDD7230D04008327040913F787000DC3A7
:1029200003554400DD9B2328F40815469305000851
:10293000EFF09F8A8347340293E74700A301F40234
:102940008327040913F7070139C7BD9B2328F4081F
:102950008347F40303554400214689C7A30F0402AB
:102960001306000393051008EFF01F878347040E3A
:10297000C18B89CB8355C40322859205C205C181D1
:10298000EFC0EFB08347340293E71700A301F402CE
:102990008547A306F4008327040913F7072001CF16
:1029A0000355440093F7F7DF2328F40831469305D5
:1029B0001008EFF07F828327040913F7070415C37B
:1029C0000355440093F7F7FB2328F40811469305B9
:1029D0000008EFF07F808347340293E71700A301DC
:1029E000F4028327040913974701635507027D7793
:1029F0001307F77F03554400F98F2328F4081D4679
:102A000093050008EFF04FFD8347340293E717006A
:102A1000A301F4028327040913F7074009CF0355E4
:102A2000440093F7F7BF2328F408130670059305B5
:102A30001008EFF06FFA8327040913972701635FEB
:102A400007008347340283456404228593E7170017
:102A5000A301F402EFC09FE72300A40483476400AE
:102A600085CF8327840F99CF8347640181EF035576
:102A70004400014693050008EFF00FF601E5854795
:102A8000230BF4008357640381CB035544004D4668
:102A900093051008EFF04FF483473402F1C7858B9C
:102AA0008DC3034514029307F00F6307F500EF1081
:102AB0002F98FD57A300F40283473402F99BA3012A
:102AC000F40283473402898B89CF8355E40203459E
:102AD00024029205EF10EF9C83473402F59BA3017B
:102AE000F40283473402918B91CF0346D400C16531
:102AF000938505A02285EFC0EF9E83473402ED9BAE
:102B0000A301F40283473402A18B99CF8355E402D9
:102B10000D4622859205C205C181EFC0AF9C834757
:102B20003402DD9BA301F4028347340213F707014B
:102B300001CF0345040293F7F7F8A301F402EF1065
:102B40002F8FFD572300F4028347340213F7070247
:102B500001CF8355C4030345040293F7F7FDA30196
:102B6000F4029205EF10EF938347840193F7070C6B
:102B700099C722852244B24041016FC04FEFB24055
:102B8000224441018280411126C206C622C4EFD0F0
:102B9000AFFAAA844DC5EFD00FEB2A845DC5930729
:102BA00010112313F5009307001B2316F500975708
:102BB000FF1F938727959C4FDD452326F50E1305B0
:102BC00000029720FF1FE780C0E32324A40E1757BD
:102BD000FF1F1307A79E9307840D1306040E834659
:102BE000870785070507A38FD7FEA383D700E39840
:102BF000C7FEFD572318F4022310F4022301F40248
:102C00008347B40131469305F00F93E707FCA30D0A
:102C1000F4001305A405EF009FCB8567938787BB5E
:102C2000231EF4022285EFC06F932285EFC0EFB21E
:102C300022859757FF1F23970798EFD09F96B240A2
:102C4000224426859244410182808544CDBF4111B2
:102C500022C406C68347550217A70000130707EFD3
:102C60009746FF1F83C646728607BA9783D7070029
:102C70001396860161862322F5082A846350060E86
:102C8000D1072322F40803274408B7470F0093878E
:102C9000072433D7E7028357A4022322E4086351B1
:102CA000060E9305204EB387B702BD0795837CDCE3
:102CB000B3D7E7021747FF1F0347976D2C5C9107B7
:102CC000BA97C20703578402C1832319F406050784
:102CD0006359060C1305204E3307A7023D071583E1
:102CE00086079D8D2E9763490600B705C0A86365CA
:102CF000B700B70540572E972320E408C207C183C9
:102D0000034774026350060C9306204E3307D70224
:102D10003D071583BA972318F4062285EFC08F8CE0
:102D20008355E40222859205C205C181EFB05FFFA1
:102D300003554400054693050008EFF0EFC98545AB
:102D400017D5FFFF1305C5FAEF007FFDB240975777
:102D5000FF1F23AF878A22444101828093F536000A
:102D600081C59387873E31BF93D5464099C5860577
:102D70002E9703570700BA9729B79387270311B7F0
:102D800093F5160091C593058002B387B70205B786
:102D900085659385B547B387B702938707049D83FD
:102DA00039B713F5160011C5130580023307A702C2
:102DB00005BF05651305B5473307A70213070704C9
:102DC0001D8339BF858A91C6930680023307D702D7
:102DD00091B785669386B6473307D7021307070472
:102DE0001D830DBF8357E50689460357250763F307
:102DF000F6008947C207C183FD17B317F700231AEE
:102E0000F5066F106F9E79719747FF1F9387077BB9
:102E100022D4A04B26D24ECE5AC85EC6216BB169D1
:102E20008564FD7B56CA62C406D64AD052CC66C2BF
:102E3000930A3B309389393093840480138CFB7F51
:102E40008347C4001307000D639CE7141389C19ED8
:102E5000832609009C428D8B89C79C4293E787009B
:102E60009CC29387C19D9C43370600F97D16984FFD
:102E7000718F37060002518F98CF984F137737F82C
:102E80001367870198CF1387419F10435856759B4E
:102E900058D6034724011376F7079843137707F8AA
:102EA000518F98C3032784083706001098C703275B
:102EB000C408D8C3D857719B13672700D8D7984345
:102EC000518F98C3FD47DCC2EF108051C1471747AF
:102ED000FF1FA30CF762930710FD2306F40083473E
:102EE00004150347F4149746FF1F9386A661A207B3
:102EF000D98F86071747FF1F232CF760930700FC25
:102F00001747FF1F2300F760032709009747FF1F9C
:102F1000A38A075E9747FF1FA388075E83C7460003
:102F2000858B99E33C53FDFB9747FF1F238E075C7E
:102F30009387819E9C4399CB904BCC4B1442CD8E72
:102F400014C290439C471442D58F1CC28357440738
:102F500083560407232657018607B6979A07938757
:102F600007053CD3930700F89746FF1F238EF658BA
:102F70002326370185471CC38347E403858B89CF0C
:102F8000A2850545EF1060278327090013079007E6
:102F9000B8CBEF10A0426DB5930790053CCBD5BFE1
:102FA0001307100DE39DE75A9747FF1F83C7875507
:102FB000858B1749FF1F1309E954E38F0754834595
:102FC000E4030325C40E1306440185899710FF1FEF
:102FD000E780E0779747FF1F2389A752058963128F
:102FE0000578834734028346F40093E72700A30162
:102FF000F40283470900E207E18763D1070693F7EC
:103000000602705C89CF032744089747FF1F83C7D8
:1030100037383357E60211073E972319E406832712
:10302000090103572407F917B297998F1747FF1F14
:103030001307473403074701634907003707C0A850
:1030400063E5E70037074057BA972320F408835712
:103050004407231704068583231AF406E206E18653
:1030600063D906082285EFB01FF041E58327040FDE
:10307000A30804008DCF0347740115CB03C7970045
:10308000058B15E703D7E700C843136707F02397BD
:10309000E7009720FF1FE78060A083576403850740
:1030A000231BF4028327040F9C432328F40E834739
:1030B000940081CB8347E403898B81C72285EFB0DD
:1030C0009FEF0347D400930740046314F70283275C
:1030D00004092300040493E787002328F4088347A6
:1030E000E40093E787002307F40093076004A30636
:1030F000F4008347E403858BE9C783476900898B24
:10310000E9C38347F4018507A30FF4008347F40064
:103110001397870161876340070493E707F8A307C4
:10312000F400930700F8230CF400032744087C5CA8
:10313000B3D7E7021747FF1F034797259107BA97B1
:10314000C207C1832319F40686072318F40697479C
:10315000FF1F23AF074A9747FF1F2385073A83477F
:103160006402138A019E85072303F4028347140136
:10317000639207628347840013070004A308E400F6
:1031800003274409BD9B93E73700A30B04002304E6
:10319000F4009316070163DC065CE176FD16758F7B
:1031A000232AE4080327840E2300F7008327840ED4
:1031B00003479400A380E70083270A000327840EB7
:1031C00019A52285EFB0BFDC31F1A30F04002285E1
:1031D000EFB03FC48347E400A18B95C38347B4009D
:1031E00099CF83475401094793F7B70F6389E700E5
:1031F0008347840093C747002304F40001BF83463C
:10320000A4008D476395F654834754013D47639767
:10321000E7060347B400E147630FF7002285EFE0BC
:103220005F8283274409B3E76701232AF4088347B1
:10323000B400B5EFE1BD8347040E898BE5D3834726
:10324000D40005476386E70013072009E398E7FCED
:103250002285EFE0DFCB0347D4002300A4049307CB
:1032600020096318F7008347340293E71700A3018E
:10327000F402930730F9A306F40055BFA9EB034706
:10328000B400B147E31CF7F88347D4000547638ACD
:10329000E700130720096385E70213077009E39F1E
:1032A000E7F6CD47A306F4009547230DF4008347C6
:1032B000E403858BE38C07E42285EFB0DFD4B9B556
:1032C0008347340293E71700A301F402D9BF0547EF
:1032D0006399E7048346B4002147E391E6F403478A
:1032E000D4006317F70093073002A306F400C1B7B8
:1032F00093072009E314F7F29307A0022300F404D4
:103300008327040993E747002328F4089307400222
:10331000A306F4008347340293E71700A301F402E5
:1033200079B70946639FC7000347B400E318F7EE77
:103330008327C40E83C737002303F40493073003A5
:103340006DB72946639DC7008347B400E398E7EC57
:103350000347D400E314F7EC9307300779B72D4601
:10336000639BC7028347B400E39AE7EA0347D400AC
:1033700093074007E314F7EA83473402230F04025C
:1033800093F7070481C7C147A301F40293075007CD
:10339000A306F400A5BB6391D7100347B400DD4733
:1033A000E31EF7E6032AC40E21461305F410930525
:1033B0003A009710FF1FE78040CB8347CA000347BE
:1033C000BA00A207D98FA30BF410A183230CF41029
:1033D000EF000FB22324A412EF008FB12326A41212
:1033E0008347FA000347EA0093168501A2074207C4
:1033F000BA9703470A01BA970347DA006207BA97F8
:103400002322F40A83473A0103472A01A20742070D
:10341000BA9703474A01BA9703471A016207BA9756
:103420002320F40A034794128347A4124207A207F9
:10343000BA970347B412BA97034784126207BA9740
:10344000232EF4084167935705017D17A207F98FD2
:10345000135785013697BA9722053707FF00798DF4
:10346000AA97232CF408EF00AFA82328A4128347BF
:103470006A0103477A01A2074207BA9703475A0134
:10348000BA9703478A01232EA40A6207BA97232C0E
:10349000F40A93073004C5B39946639FD700834766
:1034A000B400E39DE7D60347D40093072005E31754
:1034B000F7D69307500515BD21476393E7040347EB
:1034C000B400A547E31CF7D40347D4008547E317AE
:1034D000F7D40327C40E9307040D1306840D0D07BC
:1034E0008346070083C587008507A38FD7FEED8E2F
:1034F000A387D7000507E395C7FE93073006F5B30A
:1035000025476393E7040347B400E319F7D0034763
:10351000D40093072006E313F7D00327C40E9307C4
:10352000040D1306840D0D078346070083C587002D
:103530008507A38FD7FEED8EA387D7000507E395F8
:10354000C7FE9307500655B3B1466396D7040347A9
:10355000B4009947E314F7CC2285EFE01FC5034779
:10356000D40093072008631DF700930750F8A306C3
:10357000F4008347B40193F7F7FBA30DF40045B9BA
:103580008307B401E3D707FE8327440993E70720A5
:10359000232AF408F9BFC9466395D7048347B400CA
:1035A0000547E39DE7C60347040E418BE30807C6C2
:1035B0000347D4006315F700930730FA3DB3930631
:1035C000200A631AD70003473402A306F4001367E6
:1035D0001700A301E40283274409C58F232AF408B6
:1035E000F9B1CD466390D7020347B4008547E3178E
:1035F000F7C20347D4009307200AE311F7C29307E9
:1036000040FAE5B1D1466391D7028347B400E3970E
:10361000E7C00347D4008547E312F7C02285EFE0F7
:10362000BFAB930730FB81B9D5466392D70283477E
:10363000B400E395E7BE0347D4009307200BE31FD4
:10364000F7BC2285EFE05FA9930740FB2DB11D4732
:10365000639FE7040347B4008947E311F7BCE947D8
:103660002300F4048347D4001307200A6395E7007E
:10367000930750FA9DB9130720066395E700930757
:103680007006A5B113072009639CE700930790F922
:10369000A306F4008347040EF59B2300F40E9DB9A6
:1036A0001307200BE395E7C0930750FB3DB935475F
:1036B000639AE7020347B4008947E311F7B683270B
:1036C000C40E83C737002300F4048347D4001307D4
:1036D00020096383E706130770096396E7069307DB
:1036E00080F921B14547E39BE7B20347B4008D471A
:1036F000E316F7B28327C40EB94603C7370083C762
:1037000047002300F4048347D400631ED700130747
:1037100020066398E7008347340293E71700A3016C
:10372000F4028547D9B6BD46E303D7FAD146631CF8
:10373000D7001307200BF1BF8347340293E717002C
:10374000A301F40269BF0547E39AE7AC8DB683474E
:10375000B400E38D079A2285EFB0BFECE318059A19
:10376000F9B48347E4018507230FF40045B283478A
:10377000D400854C63969713630B0710937707204B
:10378000A9C72285EFE06FBC8327440993F7F7DFD1
:10379000232AF4088347740113F717006303074AC9
:1037A0008327040F03478400DC432380E70083273B
:1037B000040F03479400DC43A380E7000327040FB2
:1037C00083270A005843D8CB69A99377070889CB88
:1037D0001377F7F7232AE4082285EFE02FC25DBFB5
:1037E0009377270081CB759B232AE4082285EFE09D
:1037F000EFC54DB79377074089CB1377F7BF232ADF
:10380000E4082285EFE06FDB71B79317370163D1CE
:1038100007022285EFB02FE335DD832744091387A4
:10382000FBFF2285F98F232AF408EFE08FDD9DB797
:103830009317270163DB0700F977FD177D8F232A94
:10384000E4082285EFE02FCBB1B79317170163D4BB
:103850000702F177FD177D8F232AE4088347040EC2
:10386000918B63840724BD452285EFE0AFD2854765
:10387000A306F40005B7B3779700E38D07F033771D
:103880008701232AE4082285EFE00FD621B722859D
:10389000EFB06FDBE30005F02285EFE08FE5DDBDE3
:1038A000E5DF13077006638BE730636DF7121307CC
:1038B0003004638EE7266365F70C13074002636DDF
:1038C000F7081307300263F2E7204D47E396E7FC61
:1038D0008327C40E03C73700A303E40403C75700BC
:1038E00083C647002207558F2314E40403C77700DB
:1038F00083C667002207558F2315E40483C697000B
:1039000003C68700A206D18E2316D40483C6B7004F
:1039100003C6A700A206D18E2317D40483C6C7000E
:1039200083C7D700A207D58F8356A4022318F404B7
:1039300081476397E6005C547844998F93B71700EA
:10394000231AF4048347E40093E717002307F400E5
:103950002285EFE00FDA21BF13071003638AE71A0D
:1039600013073003E39AE7F22285EFE08FD883272D
:1039700004090967D98F2328F408A306040019BD98
:1039800013070005638EE71C6369F70013077004D3
:103990006386E71E13079004F1B7130730066381AF
:1039A000E720130750066387E72013075005E395C8
:1039B000E7EE8347E4032320040C2322040C93E75F
:1039C0002700230FF4022285EFE08F858347E40070
:1039D00023000404DD9B2307F4008327040993E7F5
:1039E0000701BDA0130790096367F7061307800955
:1039F00063F1E70C130750076387E7126367F70269
:103A000013073007E39AE7E82285EFB0CFC3E3035B
:103A100005D88547A30FF4022285EFE0EF90834796
:103A2000E403F99B230FF402B5B313075008638432
:103A3000E71A13073009E391E7E683470404E39F9D
:103A400007E02285EFE0EFCA8327040993E7270008
:103A50002328F40829BD1307500A636EF7001307E3
:103A6000400A63F2E71A1307300AE397E7E2228578
:103A7000EFE08FB7EDBB1307400B6382E71A130724
:103A8000500B6389E71A1307300BE397E7E02285B1
:103A9000EFB06FBBE30005D02285EFE0AFBE832718
:103AA000040923000404C58F65B72285EFE0AF92B7
:103AB0007DBB2285EFE0EFC383270409A3069401B1
:103AC00093E747002328F408F1B18327C40E03C706
:103AD0003700A302E41003C747002303E41003C721
:103AE0005700A303E41003C767002304E41003C7CF
:103AF0007700A304E41003C7870083C79700A207D9
:103B0000D98F2315F4108347E40093E727003DBDC8
:103B10002285EFD05FDDD9472303F404832704090E
:103B20000967D98F45B72285EFE0AFBCB9B58347A8
:103B3000040E13F7170009C72285EFD0DFE699B905
:103B400069472300E404918B81CB8D452285EFE00A
:103B50006FA4A30694013DB92285EFE0CF87D5BFBE
:103B60002285EFD0DFE98347E4032324040C2326D6
:103B7000040C93E71700230FF40229B98347040EBE
:103B8000918B99CB8D452285EFE0CFA08347E40050
:103B9000DD9B2307F400E1B92285EFE0CF83FDB779
:103BA0002285EFD07FF1832704092300040493E7E3
:103BB000070479BD2285EFE0CFB3F5B72285EFE0AA
:103BC0004FB3E9472300F4048327040993E707046C
:103BD0002328F408BDBF2285EFE0AFB18347B401CD
:103BE000858B99CB8327040923000404A30D0400CB
:103BF00093E707202328F4088347340293E717004C
:103C0000A301F402ADB12285EFE0AFAE83473402E9
:103C1000A306940193E71700A301F402A5BE228531
:103C2000EFE02FADA30694012300040483270409C9
:103C3000C58F49BD2285EFE0CFAB8547A306F400D1
:103C4000F5B70947639FE70A832749014177944302
:103C5000758F98C383568400558F98C303270A0035
:103C60001CCB834694009387C19E9C4313974600C8
:103C70001307C72023A65701B8D3130700F8174628
:103C8000FF1F2303E68823A63701C1C68347E40349
:103C9000898BC1C3A285014501231305A007971095
:103CA000FF1FE78020A5930720FD2306F40083274C
:103CB000840FB1C30347F400137707040DCFD44337
:103CC00003C6C70083C58700035544008906EF304B
:103CD000E03E15E18327840F03D7E700136707F061
:103CE0002397E7009C43232CF40E8357440381C79A
:103CF000FD17231AF4029710FF1FE780609C6FF0F6
:103D00002F948327840E034784002380E7006FF0FD
:103D1000EFC91305A00561B7834749000547631143
:103D2000F7929737FF1F2381077EEF00A06E83472E
:103D300009002285E207E18763DF070EEFF08F8A33
:103D400022852254B25092540259F249624AD24A10
:103D5000424BB24B224C924C45616FB05FA91307A6
:103D6000200D639EE70E9737FF1F83C7B779858BBA
:103D7000F1C79737FF1FA38707788347F401BDEF8B
:103D80008347E40193F7E70FB5EB22859700FF1F08
:103D9000E780406085476313F5061389C19E0327BA
:103DA000090093070019232657013CD3930700F815
:103DB0009736FF1F238AF67423263701834704159D
:103DC0008346F414A207D58F86079736FF1F23A1D9
:103DD000F6748347E403858B91CFA2853929832725
:103DE000090013079007B8CB930710FD2306F400D2
:103DF0006FF02F9A930790053CCBFDB7212D834799
:103E0000F4018DCB37C700400327073893F7070F1E
:103E100081CB9305D0032285EFB05FAB2300A404D0
:103E20009737FF1F938707559C5B89C795451305F7
:103E3000500882972285EFE07FA219B79737FF1FBE
:103E40009387476C83C7470005476304F7006FE01B
:103E50003FFF9737FF1F2389076A6D2BE1BF5D2B5B
:103E6000C5B5411106C6EF60D0139737FF1F938782
:103E7000E77417F7FFFF130747D1B240B8D317F71E
:103E8000FFFF130707DDF8D3410182800111973747
:103E9000FF1F9387A77222CCE05726CA06CE2AC4FA
:103EA0002EC6854419E40145F2406244D2440561BE
:103EB000828003471400834791006304F7000044A5
:103EC000D5B719469305A10013052400EFF05EA6AF
:103ED000E31795FE0545C9BF011126CA9734FF1F98
:103EE0009384C46D22CCE0544AC84EC652C456C214
:103EF00006CE2A898149130A2500854A39E4E54519
:103F000031459710FF1FE780C0AF2A84014525C0C7
:103F100083471900194693052900A300F4001305EF
:103F200024009700FF1FE7804014FC54B1EB973743
:103F3000FF1F23AB876E83D78406232404008507E5
:103F40001737FF1F2310F76E15A003471400834790
:103F500019006305F700A28900444DB71946D285C0
:103F600013052400EFF0DE9CE31755FF0545F240F2
:103F70006244D2444249B249224A924A056182804F
:103F8000E38B09FA23A489007DB79737FF1F938736
:103F9000E762E85711E99737FF1F23A707689737AC
:103FA000FF1F239107688280411106C622C4004585
:103FB0009710FF1FE78080AE228575F8B24022443B
:103FC0009737FF1F23A207669737FF1F239C0764BD
:103FD000410182809737FF1F9387475E23A607061C
:103FE0002394070682809386819D9C429843659B1B
:103FF00098C303471500034825002207420842974B
:10400000034805004297034835006208429798D755
:1040100003475500034865002207420842970348BA
:10402000450042970348750062084297D8D7034776
:1040300095000348A50022074208429703488500DF
:1040400042970348B5006208429798DB0347D500C2
:104050000348E5002207420842970348C50003458C
:10406000F500429762052A97D8DB03C7150003C500
:104070002500220742052A9703C505002A9703C594
:10408000350062052A9798CF03C7550003C5650020
:10409000220742052A9703C545002A9703C57500E4
:1040A00062052A97D8CF03C7950003C5A50022074C
:1040B00042052A9703C585002A9703C5B500620506
:1040C0002A9798D303C7D50003C5E5002207420508
:1040D0002A9703C5C50083C5F5002A97E2052E97E8
:1040E000D8D3D843759BD8C3D84313671700D8C318
:1040F00098431367170098C398425C43858BD9E3B4
:104100001C4F01452300F6009C429C4FA183A30055
:10411000F6009C429C4FC1832301F6009C429C4FB9
:10412000E183A301F6009C42D84F2302E600D84F5A
:104130002183A302E600D84F41832303E600D84F32
:104140006183A303E60098532304E6009853218378
:10415000A304E600985341832305E6009853618346
:10416000A305E600D8532306E600D8532183A3060F
:10417000E600D85341832307E600DC53E183A3071D
:10418000F600828001008DBF411106C6EFF0BFE549
:10419000B2400145410182809387819D9C4303A7E2
:1041A000050C16051365051088C398CB03A7450CAD
:1041B0000145D8CB03A7850998CF03A7C509D8CF58
:1041C00003A7050A98D303A7450AD8D303A7850AEE
:1041D00098D703A7C50AD8D703A7050B98DB03A771
:1041E000450BD8DB03A7850B98C703A7C50BD8C71A
:1041F00098431367070498C382809387819D9C43EB
:1042000003A7850C16051365051088C398CB03A773
:10421000C50C0145D8CB03A7850998CF03A7C509CD
:10422000D8CF03A7050A98D303A7450AD8D303A775
:10423000850A98D703A7C50AD8D703A7050B98DB2B
:1042400003A7450BD8DB03A7850B98C703A7C50BAE
:10425000D8C798431367070498C3930700F8173724
:10426000FF1F2304F72A82809386C19D90429737CF
:10427000FF1F83C74711139787000C4293F7F7037B
:10428000A2074D8FB78500014D8F18C21842F175F6
:104290009385F50F6D8FD98F1CC237170040930798
:1042A00070052300F704930780FA2300F704010048
:1042B00001001736FF1F0346060DD14763FBC704F5
:1042C0008357270293E707012311F7029C424567B2
:1042D000130787E7D8D7984FA166558F98CF984F87
:1042E000E1769386F607758F8D6693860650558F17
:1042F00098CF13072015D8DB9707FF1F9387471820
:10430000B20737070014B183D98F37E700E07CD7B5
:10431000828083572702C207C183BD9BC207C18326
:1043200065B71737FF1F1307E71D9387019E9C434F
:10433000544B184F096694CBD4CB98CFD8CF944721
:10434000D18E94C7D847518FD8C794470566D18E70
:1043500094C7D847518FD8C798431367270098C38D
:1043600098431367070298C382809387819E9C437A
:1043700099CBD44390479842518F98C2D447DC4B95
:104380009842D98F9CC21703FF1F6700E32A9387C7
:10439000819E9C4399CB944BD04B9842518F98C2AD
:1043A00094439C479842D98F9CC29387C19E9C435B
:1043B000094798C31703FF1F670003289387819E4F
:1043C0009C4399CBD44390479842518F98C2D4478D
:1043D000DC4B9842D98F9CC21703FF1F6700432E06
:1043E0009737FF1F83C7B7128DE71737FF1F0347A4
:1043F000D7119307B7FF93F7F70F894663EBF600E2
:104400009737FF1F2385E71085471737FF1FA30046
:10441000F71082801387C19E1C4394438D8A85C206
:10442000B44BE19AB4CB944393E6860094C39C4387
:104430008D83858B89C701000100010001001C43A9
:1044400023A807049387819E9C4399CBD44390472C
:104450009842518F98C2944BDC4B9842D98F9CC2A2
:104460009737FF1FA383070A82809386C19E9C42D1
:1044700098430D8B05C3B84B619BB8CB984313672A
:10448000870098C39C438D83858B89C701000100F9
:10449000010001009387C19D9C4337080010D85745
:1044A000719B13672700D8D798433367070198C3D8
:1044B000984F370800F97D18337707013708000255
:1044C0003367070198CF984F137737F81367870141
:1044D00098CF1387419F032807000327C802759BC5
:1044E0002326E8021377F6079043137606F8598ED1
:1044F00090C388C7CCC39737FF1F23850700973722
:10450000FF1FA383070098429737FF1F238E07FEE4
:10451000FD475CC39387819E9C4399CB904BCC4BCA
:104520001442CD8E14C290439C471442D58F1CC2B6
:1045300085679387870B9736FF1F23ABF6FC85476C
:104540001CC3930790053CCB828041119737FF1F16
:10455000A38F07FA22C406C626C21734FF1F0344DE
:1045600004FB95476319F4069737FF1F93870705E8
:10457000985F3E8483467700B1CA03465700B7551B
:10458000550037C5898E93855555130565EDEFF0B8
:10459000DFED9736FF1F83C656F79387A6FF93F785
:1045A000F70F0547636AF7009737FF1F2381D7F698
:1045B0009737FF1FA38DE7F495471737FF1FA30613
:1045C000F7F41C5C130710FA2383E700B24022447F
:1045D0009244410182809947631EF4029734FF1F81
:1045E0009384C4FDBC4003C777006DD303C6570056
:1045F000B755550037C5898E93855555130565ED1B
:10460000EFF0BFE69737FF1FA38187F0BC40130789
:1046100010FB5DBF9D47E31BF4FA9737FF1F83C76D
:1046200027F0858B1736FF1F0346B6F19736FF1F1D
:1046300083C626F195C39737FF1F938767F0C8435A
:1046400001CD834515000905B12649D185471737A6
:10465000FF1FA30EF7EA9DBF81450145F5B71387FC
:10466000C19E1C4394438D8A85C2B44BE19AB4CB5E
:10467000944393E6860094C39C438D83858B89C7BE
:10468000010001000100010014439307A0051387F6
:10469000419FBCCA9307000ABCD29387C19D9C432B
:1046A00003280700D1C50327C80213650504759BBD
:1046B0002326E8021377F5078843137505F8598D0B
:1046C0003747767188C31307971298C73757550035
:1046D00013075755D8C31737FF1F230607E21737AD
:1046E000FF1FA30207E21737FF1F230F07E023A2D4
:1046F0000600D857B70500F0FD15719BD8D7984331
:104700006D8F98C3BC52FDFFA167938737301206A7
:10471000DCC613068611B0D2930700F81737FF1FC7
:104720002304F7DEB16793873730DCC66FF03FC6EE
:10473000984FB70500F9FD156D8FB70500024D8F35
:1047400098CF984F137737F81367870198CF0327CF
:10475000C802759B2326E8021377F5078843137573
:1047600005F8598D37C7898E88C3130767EDB1BF28
:104770009737FF1F938707D99C4FA1CB411106C6DE
:1047800022C4EFF01FBA1384C19E0D226121EFF005
:10479000BFAD1C401307D005B8CBEF00407BEF1036
:1047A000E049D523B92D85471737FF1F2300F7D6DA
:1047B0001C4023A80704EFF0BFC2B2402244973741
:1047C000FF1FA38407D4410182808280411122C44B
:1047D0001734FF1F130404D31C4C06C626C285CB16
:1047E0009384C19E9C401307D005B8CB192D9C40E3
:1047F00023A807048347840085071737FF1F230773
:10480000F7D0EFF0FFBD9737FF1FA38007D0B2406E
:10481000224492444101828023A4019EB7C70040F4
:1048200023A0F19E1387073023ACE19C1387072058
:1048300023A6E19E9387071037D7004023AAE19E65
:1048400023AEF19C054741119737FF1FA38FE7CA9D
:1048500022C41734FF1F1304E4B11C4006C6973668
:10486000FF1F23ABF6CA938707119736FF1F23A7B5
:10487000F6CA9737FF1F238BE7C8EFF07FEF37E7C4
:1048800000E0B70710002320F710B7062000232010
:10489000D71003074401635707001387C19E1843CD
:1048A000FD177CD3B2402244410182809387C19E90
:1048B0009C4313070005A946D8CBD4CFD8D3130601
:1048C0004006D0D7D8DBD0DFF8C3F4C71307600F9A
:1048D000B8CF316713073730D8C79707FF1F9387C3
:1048E000A7EF370700F07D8FB7E600E0B207F8C208
:1048F000B18337070015D98FBCD68280938781900A
:104900009C43411122C406C626C282979737FF1FD7
:10491000938707C38047630AA406BE849737FF1FA7
:10492000938747A58387470163D90704018D1354F3
:1049300055009737FF1F83C747C06368F40497008B
:10494000FF1FE780200198449737FF1F83C7E7BE0A
:104950009396570036971D8C9736FF1F23A6E6BE09
:10496000E37FF4FC2244B24092441735FF1F034515
:1049700035BB814541016F10602DE37985FAB7079A
:10498000C0A83384874022955DB7B2402244924448
:1049900041018280011126CA9384C19E9C404EC66B
:1049A00052C4984356C25AC006CE22CC4AC80D8B78
:1049B0002A8AAE89328BB68A05C3B84B619BB8CBC5
:1049C00098431367870098C39C438D83858B89C761
:1049D00001000100010001001734FF1F130444B659
:1049E000834744011739FF1F130989B3918B99E756
:1049F0008347090093F7070463930716814517352A
:104A0000FF1F0345F5B1EF1060249387C19D9C43C0
:104A100003278900B706001098C70327C900D8C329
:104A2000D857719B13672700D8D79843558F98C3E1
:104A3000834709009840858B5CC39737FF1FA3828B
:104A400067B19737FF1F238E57AF5C43858BADC788
:104A50005C4085E31735FF1F034555AE9305900471
:104A600009059700FF1FE780C0F99737FF1F23ABA9
:104A7000A7AC5C400545F1CB1737FF1F034767AC78
:104A80002380E7005C4063000A0E638E090CA3805C
:104A9000370148404E86D285090597F0FE1FE78012
:104AA000C05C9387019E9C435840D8CB9307000479
:104AB0001737FF1F2308F7A4EFF09F928347640185
:104AC00093E747001737FF1F2307F7A89737FF1F04
:104AD000A38A07A29737FF1FA38807A29737FF1F54
:104AE000238407A29D471737FF1FA300F7A297371C
:104AF000FF1F938727889C5791CB13060064C145FD
:104B00001735FF1F034545A5EFE0DEF89387819E2B
:104B10009C4399CB944BD04B9842518F98C294436D
:104B20009C479842D98F9CC29737FF1F83C707A124
:104B30009D0792071737FF1F232CF79C9C400547C2
:104B4000014598C313079005B8CBF2406244D244A4
:104B50004249B249224A924A024B05618280854508
:104B6000032549004DB5A380070025BF9387419FCA
:104B700094430566D846518FD8C6514701007D172A
:104B800075FF9043FD76FD165846758F58C6514700
:104B900001007D1775FF94430566D846518FD8C62E
:104BA000514701007D1775FF9443D84613671700DE
:104BB000D8C6514701007D1775FF9443D846799BAD
:104BC000D8C6514701007D1775FF9443D846136737
:104BD0001700D8C6514701007D1775FF9443D8468A
:104BE00013670710D8C6514701007D1775FF94431E
:104BF000D8461377F7EFD8C6514701007D1775FFE8
:104C000098435C4793E707105CC7D1470100FD1745
:104C1000F5FF8280411106C6EFF05FF59387419F53
:104C20009C43130700483703009098D7B8477D137B
:104C3000370E0020337767003367C701B8C7B8471E
:104C4000B70600F9FD16758F37060004518FB8C7F7
:104C5000B8473706F9FF7D16419B13679700B8C721
:104C6000B847B7080080B70E0002718FB8C7B847C1
:104C7000370600FF7D1633671701B8C7F84745753B
:104C80007D1E619B13673700F8C7F8471377F7F865
:104C900013670703F8C7EC4793F5F58F93E50530E5
:104CA000ECC7F847718FF8C7F84711663367D7012B
:104CB000F8C703A807051307F5FF7D753378E800EB
:104CC0003368C80023A8070503A847057D15137896
:104CD00008FF1368480023AA0705F04B136606086F
:104CE000F0CBF04B698EF0CBC85F798D2167598D81
:104CF000C8DFCC5F37070040F58DB3E5D501CCDFC9
:104D0000D05FB70570003376C601598ED0DFD0571B
:104D100009674D8ED0D7D057F18ED4D7D45775763A
:104D20007D16F18ED98ED4D7D4573706FDFF7D1668
:104D300037070200F18ED98ED4D7945BC19A94DBE9
:104D4000945B93F6F6F094DB945B93F6F68F94DB2A
:104D5000985BB70600504D8F98DB985B3377670000
:104D6000558F98DB985FB70608FFFD16758FB7065D
:104D70001800558F98DF985FB368170123AC1703AD
:104D8000B240410182801387419F1C4341767D16CA
:104D9000B44BF18EB4CB944737062000D18E94C724
:104DA000D44793E60601D4C7D447BD9AD4C70100BF
:104DB00001000100010014430566DC4693E707018A
:104DC000DCC6DC42D18FDCC283A7C609A183858BF8
:104DD000E5DF01000100010001001C43416603A75B
:104DE000C709B44BD18EB4CB9376F701B84B019B76
:104DF000558FB8CB9847B706E0FFFD16758F98C75B
:104E000082801388419F417703C6019F8327080052
:104E10007D1763180610B44FC1654111F98EB4CFE8
:104E20009447C16E3D4FCD8E94C78D4F8147414E03
:104E300083260800CC4693F5F5EFCCC6CC42B3E50B
:104E4000D501CCC2CC4693E50510CCC683A5C608D7
:104E5000A1818589E5DD01000100010001008326B3
:104E6000080003A5C608CC423D89F98DCCC2630574
:104E7000E50105061376F60F814513F3F50F636A16
:104E8000F3006311F30493080101C6952388A5FE7E
:104E900015A8AE888505B302B10083C2F2FFE37E98
:104EA00055FCBE8593020101AE9283C3F2FEFD154F
:104EB00093F5F50F238872FEE316B3FE0C08AE9847
:104EC0002388A8FE6308F601850793F7F70FE3919F
:104ED000C7F731C28347010021476371F702F51715
:104EE0002300F10083470100BD8B13977700BC4E70
:104EF00093F7F787D98FBCCE410182801147637445
:104F0000F700F917F1BF05476374F700FD17C9BF34
:104F1000F1FB8D47F1B7BC4E93F7F78793E707286E
:104F2000D9BFB44F4166F98EB4CF9447D18E94C7A0
:104F3000D44793F6F6EFD4C7D443758FD8C3D4477C
:104F400093E60610D4C7D843518FD8C382803971F5
:104F500022DC1384419F1C4006DE26DA4AD84ED656
:104F600052D456D25AD05ECE62CC66CA6AC86EC6D9
:104F7000D843FD76FD161377F7EFD8C39857758F92
:104F800098D7D857B70602003D9BD8D79847558F7A
:104F900098C7D84313670701D8C303C7819F83C647
:104FA000B19F558F71E3D84381749384F40F799B3B
:104FB000D8C3985FB166658F558F98DFD843136764
:104FC0001700D8C39700FF1FE780E0A01C4003A78D
:104FD00007091377F703238CE19E03A74709298369
:104FE0001377F707A38DE19ED843B96693860670C1
:104FF000799BD8C3985F658F558F98DFD843136727
:105000001700D8C39700FF1FE780E09C1C4003A750
:1050100007091377F703238DE19E03A74709298327
:105020001377F707A38EE19ED843B56693860630C3
:10503000799BD8C3985F658F558F98DFD8431367E6
:105040001700D8C39700FF1FE780E0981840832718
:10505000070993F7F703A38CF19E83274709A983D8
:1050600093F7F707238EF19E1C4003CC919F83C6D4
:10507000819F03A7070AB386864113F6F600419B7A
:10508000518F23A0E70A130760023387E602130655
:10509000700283A5070A7D7E130EFE0F93F5F5F0CF
:1050A0001305400245737D13130430023347C702D2
:1050B000B708F1FFFD1813082002930E10027D4F70
:1050C000F94FF542F1436D4DD14B454BBD44394944
:1050D000314AAD4AB5493D8B12074D8F93055002B9
:1050E00023A0E70A3387B60283A5070AB3F5C501F3
:1050F0003347C7023D8B22074D8F23A0E70A338732
:10510000A60283A5070A370500F17D15B3F56500F2
:105110003347C7023D8B32074D8F23A0E70A338701
:10512000860283A5070A6144B3F515013347C70218
:105130003D8B42074D8F23A0E70A3387060383A5E3
:10514000070A370810FF7D18B3F505013347C7027A
:105150003D8B52074D8F23A0E70A3387D60383A5E3
:10516000070AB70E0010FD1EE98D3347C7023D8BBD
:1051700062074D8F23A0E70A139756003347C702F3
:105180009315C70103A7070A3377D7014D8F23A0D3
:10519000E70A3387E6035D4F3347C7029375F7008D
:1051A00003A7470A419B4D8F23A2E70A3387F603E3
:1051B00083A5470AD94F93F5F5F03347C7023D8BD6
:1051C00012074D8F23A2E70A3387560283A5470AA9
:1051D000D542B3F5C5013347C7023D8B22074D8F3A
:1051E00023A2E70A3387760283A5470ACD43B3F5A6
:1051F00065003347C7023D8B32074D8F23A2E70A74
:105200003387A60383A5470A494DB3F515013347F4
:10521000C7023D8B42074D8F23A2E70A69473387B8
:10522000E60283A5470AB3F505013347C7023D8B64
:1052300052074D8FE54523A2E70A3387B60283A5BF
:10524000470AE98D3347C7023D8B62074D8F23A282
:10525000E70A338786020D443347C7029315C70117
:1052600003A7470A3377D7014D8F23A2E70A338775
:10527000E603254F3347C7029375F70003A7870A54
:10528000419B4D8F23A4E70A3387F60383A5870A42
:105290009D4F93F5F5F03347C7023D8B12074D8FB5
:1052A00023A4E70A3387560283A5870A9942B3F5F8
:1052B000C5013347C7023D8B22074D8F23A4E70A60
:1052C0003387760383A5870AB3F565003347C702A2
:1052D0003D8B32074D8F23A4E70A3387760283A5DF
:1052E000870A9543B3F515013347C7023D8B420743
:1052F0004D8F23A4E70A3387A60383A5870A294D88
:10530000B3F505013347C7023D8B52074D8F23A4E8
:10531000E70A3387660383A5870AE98D3347C70207
:105320003D8B62074D8F93954600B3C5C50223A4FC
:10533000E70A03A7870A3377D701F2054D8FB385B4
:10534000960223A4E70A03A7C70A419BB3C5C50277
:10535000BD894D8F23A6E70A3387260383A5C70A95
:1053600093F5F5F03347C7023D8B12074D8FB3C558
:10537000860223A6E70A03A7C70A3377C701BD89B8
:10538000A2054D8F23A6E70A3387460383A5C70AE4
:10539000B3F565003347C7023D8B32074D8F23A617
:1053A000E70A3387560383A5C70AB3F515013347C8
:1053B000C7023D8B42074D8F23A6E70A3387A6031A
:1053C00083A5C70AB3F505013347C7023D8B5207D2
:1053D0004D8F23A6E70A3387E60383A5C70AE98D25
:1053E0003347C7023D8B62074D8F93953600B3C597
:1053F000C50223A6E70A03A7C70A3377D701F20538
:105400004D8FB385F60323A6E70A03A7070B419B3D
:10541000B3C5C502BD894D8F23A8E70A338756025D
:1054200083A5070B93F5F5F03347C7023D8B1207B1
:105430004D8F23A8E70A3387760283A5070BB3F5C0
:10544000C5013347C7023D8B22074D8F23A8E70ACA
:10545000139726003347C70283A5070BB3F56500F2
:105460003D8B32074D8FB3C5360323A8E70A03A748
:10547000070B33771701BD89C2054D8F23A8E70AB3
:10548000139716003347C70283A5070BB3F5050131
:105490003D8B52074D8FB3C5C60223A8E70A03A769
:1054A000070B698FBD89E2054D8F23A8E70A03A783
:1054B000070B930580023377D70123A8E70A03C7B8
:1054C000A19F3307EC40B34DB70283AC470B93FC6D
:1054D0000CFFB34B770393FDFD00B3ECBC0123AA93
:1054E000970B83AC470BCD4D93FCFCF093FBFB007B
:1054F000920BB3EB7C0123AA770BB30B870283AC2F
:10550000470BB3FCCC01B3CBBB0293FBFB00A20B5C
:10551000B3EB7C01B34CA70323AA770B83AB470BF8
:10552000B3FB6B0093FCFC00B20CB3EB9B0123AA12
:10553000770BA14BB34B770383AC470BB3FC1C0138
:1055400093FBFB00C20BB3EB7C0123AA770BB30BDD
:10555000570283AC470BB3FC0C01B3CBBB0293FBEC
:10556000FB00D20BB3EB7C0123AA770BB30BF70341
:1055700083AC470BB3FCAC00B3CBBB0293FBFB008B
:10558000E20BB3EB7C01B34C770223AA770B83AB1E
:10559000470BB3FBDB01F20CB3EB9B01B30CE7034E
:1055A00023AA770B83AB870B93FB0BFFB3CCBC0217
:1055B000B30A570393FCFC00B3EB9B0123AC770BBE
:1055C000914B83AC870B93FCFCF0B34B7703330A0E
:1055D000470393FBFB00920BB3EB7C0123AC770BEF
:1055E00083AB870BD54CB3FBCB01B3CABA02B3096B
:1055F000370393FAFA00A20AB3EA5B0123AC570B14
:1056000083AA870BD94BB3FA6A00334ABA0233092B
:105610002703137AFA00320A33EA4A0123AC470B14
:1056200003AA870BE14A337A1A01B3C9B902B3045A
:10563000970293F9F900C209B3693A0123AC370B19
:1056400083A9870B654AB3F909013349B902B3C489
:10565000B4021379F900520933E9290123AC270B6D
:1056600003A9870BE9493379A900330B6703BD8888
:10567000E204B36499001319470023AC970A83A48A
:10568000870BB3F4D4013349B902334BBB0272091F
:10569000B3E4240123AC970A83A4C70BC198137BFE
:1056A000FB0033EB6401C944B304970223AE670BDC
:1056B00003A9C70B5D4B1379F9F0B3C4B402BD88DD
:1056C0009204B364990023AE970AB304B70303A905
:1056D000C70BF54D3379C901B3C4B402BD88A20428
:1056E000B364990023AE970A8944B344970203A98F
:1056F000C70B33796900BD88B204B364990023AE47
:10570000970AB304970303A9C70BF94C337919011E
:10571000B3C4B402BD88C204B364990023AE970A2F
:10572000B304770303A9C70BFD4B33790901B3C455
:10573000B402BD88D204B364990023AE970AB304BF
:10574000670303A9C70B130B10023379A900B3C475
:10575000B402BD88E204B364990023AE970AB3048F
:10576000570303A9C70B930A20023379D901B3C4A5
:10577000B402F204B364990023AE970AB30447035A
:1057800003A9070C130A3002137909FFB3C4B4024A
:10579000BD88B364990023A0970CB304370303A911
:1057A000070C930940021379F9F0B3C4B402BD8821
:1057B0009204B36499006D4923A0970CB3042703A6
:1057C00003A9070C3379C901B3C4B402BD88A2048C
:1057D000B364990023A0970CF144B304970203A982
:1057E000070C33796900B3C4B402BD88B204B36452
:1057F000990023A0970CB304B70303A9070C3379CE
:105800001901B3C4B402BD88C204B364990023A0D3
:10581000970CB304970303A9070C33790901B3C4A8
:10582000B402BD88D204B364990023A0970CB304DA
:10583000770303A9070C3379A900B3C4B402BD8868
:10584000E204B364990023A0970C93145700B3C4E7
:10585000B4021399C40183A4070C3306C702B3F43E
:10586000D401B3E4240123A0970C03A9470C1379B6
:1058700009FFB3046703B3C4B402BD88B3649900DD
:1058800023A2970CB304570303A9470C1379F9F02B
:10589000B3C4B402BD889204B364990023A2970CE8
:1058A000B304470303A9470C3379C901B3C4B40255
:1058B000BD88A204B364990023A2970CB3043703F4
:1058C00003A9470C33796900B3C4B402BD88B2049C
:1058D000B36499001309500223A2970CB304270361
:1058E00003A9470C33791901B3C4B402BD88C204BB
:1058F000B364990023A2970C93046002B304970247
:1059000003A9470C33790901B3C4B4023346B60284
:10591000BD88D204B364990023A2970C83A4470CDA
:10592000E98C3D8A6206458E23A2C70C03A6470C6C
:105930009314C7013376D601458E23A2C70C1306F4
:1059400090023306C70283A4870CC1983346B6027F
:105950003D8A458E23A4C70C1306A0023306C70256
:10596000B345B60203A6870C1376F6F0BD899205FF
:10597000D18D23A4B70C83C5C19F03C6D19F3386A5
:10598000C540B304A60303A9870C3379C901B3C486
:10599000E40293E48400BD88A204B364990023A4C4
:1059A000970CB304E60303A9870C33796900B3C4E9
:1059B000E40293E48400BD88B204B364990023A494
:1059C000970C93143600B3C4E40203A9870C33790F
:1059D000190193E48400BD88C204B364990023A430
:1059E000970CB304F60303A9870C33790901B3C4F8
:1059F000E40293E48400BD88D204B364990023A434
:105A0000970CB304560203A9870C3379A900B3C4D9
:105A1000E40293E48400BD88E204B364990023A403
:105A2000970CB304760203A9870C3379D901B3C468
:105A3000E40293E48400F204B364990023A4970C75
:105A400093142600B3C4E40203A9C70C137909FF19
:105A500093E48400BD88B364990023A6970CB30433
:105A6000860203A9C70C1379F9F0B3C4E40293E4E6
:105A70008400BD889204B364990023A6970C931404
:105A80001600B3C4E40203A9C70C3379C901334734
:105A9000E60293E48400BD88A204B364990023A6BF
:105AA000970C03A6C70C33766600136787003D8BFF
:105AB0003207518F23A6E70C03A7C70C33771701D2
:105AC00023A6E70C03C7B19F0D8F3346D70293F58A
:105AD000F507E2053D8A9314460103A6C70C33047B
:105AE000870233760601458E23A6C70C13161700CE
:105AF00083A4C70CE98C3346D6023D8A6206458EE4
:105B000023A6C70C03A6C70C3344D402B37ED60128
:105B100013162700B3037702720433E48E0023A622
:105B2000870C3346D602B3025702937EF60003A6D3
:105B3000070D419A3366D60123A8C70C03A6070DAB
:105B4000B3C3D3021376F6F0B3C2D20293F3F300D9
:105B50009203B363760023A8770C03A6070D337E68
:105B6000C601B30FF70393F2F200A202B3625E0024
:105B700023A8570C03A6070D3373660013163700CE
:105B8000B3CFDF02330FE70393FFFF00B20FB36F12
:105B9000F30123A8F70D03A3070DB37813013346D0
:105BA000D602330DA7033D8A420633E6C80023A878
:105BB000C70C03A6070D33780601334FDF02B34647
:105BC000DD02137FFF00520F336FE80123A8E70DBA
:105BD00003A7070D798DBD8AE206C98E23A8D70CCD
:105BE000D84385663D9BD8C3D843799BD8C3985783
:105BF000558F98D7D857B7060081FD161367070150
:105C0000D8D71377FC0303AC8703137C0CFC336CED
:105C1000EC0023AC8703985F758FD98D8CDF6254BD
:105C2000F250D2544259B259225A925A025BF24B64
:105C3000624CD24C424DB24D216182809387419F8C
:105C400098435C4393E707105CC382809387C19DB0
:105C50009C43B70600F9FD16984F758FB7060004F0
:105C6000558F98CF984F137737F81367C70198CFA0
:105C70001387419F1443E9CD37B724001307F7E991
:105C80006360A7069843137707F81367570298C312
:105C900085476394F500130585C1DC56B70510FEF2
:105CA000FD1593E72700DCD6C167938707A033571C
:105CB000F502B377F5021305A00F7D8B131647018C
:105CC000F8426D8F518FF8C2F8423706FCFF718F92
:105CD000AA07B3D7A702BA07B983D98FFCC28280BB
:105CE000370725001306F7486363A6023767DBFF13
:105CF000130707932A971306007D3357C7027D17B2
:105D000090431377F707137606F8518F49B71307B7
:105D100007496318E5009843137707F8136767028C
:105D2000BDB737D725001307F777636DA70037672F
:105D3000DBFF130707932A971306007D3357C7022B
:105D400079177DBF9843137707F81367770281B7F8
:105D5000D8561375F507759BD8D69843137707F86F
:105D6000598D88C38280411106C651269305604033
:105D7000EF10A033B24001454101828045AE19C504
:105D800091C509C68357060001459DE301110565CC
:105D9000C9471306F100130555C3854506CEA30771
:105DA000F100EF104030F2400345F10005618280C0
:105DB000828001111305910006CE692E2304A100F3
:105DC0000565300025059D45EF10E02DF2400345A7
:105DD00081000561828001111305D10006CE692E74
:105DE0002306A1000965700009059145EF10A02B5D
:105DF000F2400345C10005618280011106CE792E73
:105E0000A307A10009651306F10015058545EF10EC
:105E10008029F2400345F10005618280011106CE20
:105E20002D21A307A10009651306F1001905854579
:105E3000EF106027F2400345F100056182800111F7
:105E400006CEC529A307A10009651306F1002105A7
:105E50008545EF104025F2400345F1000561828041
:105E6000011106CE192BA307A10009651306F10045
:105E700025058545EF102023F2400345F10005611B
:105E80008280011106CE352BA307A10009651306F8
:105E9000F10029058545EF100021F2400345F1008E
:105EA00005618280011106CE252DA307A100096599
:105EB0001306F10031058545EF10E01EF240034561
:105EC000F10005618280011106CE6D25A307A100B6
:105ED00009651306F10039058545EF10C01CF24035
:105EE000014505618280011106CEEF007025A307F0
:105EF000A10009651306F10041058545EF10A01AC0
:105F0000F2400345F10005618280011106CEEF00E9
:105F10009006A307A10009651306F1004505854514
:105F2000EF106018F2400345F100056182804111D5
:105F300006C622C4EF00F00C8965CD052A84EF1057
:105F4000C0162285B240224441018280011113050E
:105F5000510006CEEF00F0232302A1000965500096
:105F60006105A545EF102014F240014505618280CE
:105F7000411106C6EF0050258965E505EF10E012D6
:105F8000B240014541018280011106CE22CC2A8413
:105F9000EF00303E2306A1000965A30681007000D2
:105FA000218069058D4523078100EF10C00FF24065
:105FB0006244014505618280011106CE22CC2A840B
:105FC000EF00D0462306A1000965A30681007000FA
:105FD00021806D058D4523078100EF10C00CF24034
:105FE0006244014505618280011106CE22CC2A84DB
:105FF0006D232306A1000965A3068100700021809E
:10600000130505028D4523078100EF10C009F240FA
:106010006244014505618280011106CE22CC2A84AA
:106020006D2D2306A1000965A30681007000218063
:10603000130515028D4523078100EF10C006F240BD
:106040006244014505618280011106CEEF00B04235
:10605000A307A10009651306F10013057502854524
:10606000EF106004F2400345F100056182800111E8
:1060700006CEEF00304BA307A10009651306F1001F
:10608000130595028545EF100002F2400345F1002B
:1060900005618280011106CEEF00D049A307A1005F
:1060A00009651306F1001305D5028545EF00B07FA1
:1060B000F2400345F10005618280011106CEEF0038
:1060C000B04CA307A10009651306F1001305E50212
:1060D0008545EF00507DF2400345F1000561828067
:1060E0006F00504F1715FF1F035505538280011194
:1060F00006CE2EC6EFA02F9505C903476500AA87D7
:106100000945418B01CFB24503C777002383B7040C
:1061100009EB13070003A386E7000145F240056180
:10612000828013071003C5BF4945CDBF011106CEBC
:1061300022CC2EC6EFA02F9101CDB2452A84EF903C
:10614000EFF82300A4040145F24062440561828017
:106150004945DDBF1717FF1F13074746814799467B
:10616000834587083306F50085072300B600050739
:10617000E398D7FE014582809717FF1F9387074456
:1061800083D70702A30005002300F5009717FF1F20
:1061900083C7471F2301F5000145828019E1494566
:1061A00082809717FF1F93876741985B411122C434
:1061B00006C62A8409C703477700314539EF985F3F
:1061C00009C703477700314529EBBC4389C783C71B
:1061D00077003145B9E385471946A2851715FF1F9A
:1061E0001305A5461717FF1F230BF73C97E0FE1F6B
:1061F000E780A0E7834754001307000C93F7070CD0
:106200006391E7021946A2851715FF1F1305454440
:1062100097E0FE1FE78060E50145B240224441015E
:10622000828081EB1946A2851715FF1F1305A54231
:10623000C5B7130700044945E391E7FE1946A28557
:106240001715FF1F13058541E1B7171EFF1F130E1A
:10625000EE3603234E03630C030C797122D403241E
:106260000E0326D24AD04ECE52CC56CA5AC85EC66B
:1062700062C406D6C689428ABE84BA8A368B3289FF
:10628000AE8B2A8C09E402932A840D4525C0231A7B
:106290008401231B740185476316F9062308240132
:1062A000A300640783C7040085E383C7140089EF54
:1062B00083C7240091EB83C7340099E783C7440068
:1062C00081E783C75400ADC385472304F406A304C4
:1062D00054071946A6851305A40697E0FE1FE7801C
:1062E000C0D8A3084401230634010145B25022540A
:1062F00092540259F249624AD24A424BB24B224C62
:106300004561828089476316F90099472308F400A4
:1063100041BF0D47E30CE9FE91476314F900C547FF
:10632000F5B723080400ADBF230404065DBF49454B
:1063300082801717FF1F130767285C5B011126CAAD
:1063400006CE22CCC94485C72A84085B11E52EC637
:1063500082978D44B24501CD1376F4012309C5001F
:10636000814411C4710597E0FE1FE78000D0F24020
:1063700062442685D244056182801717FF1F1307E8
:10638000E7235C5B85CF011122CC2A84085B06CE13
:1063900011E52EC682978D47B24501CD1376F401E3
:1063A000A309C5001305C50397E0FE1FE780E0CBF6
:1063B0008147F24062443E8505618280C9473E853F
:1063C00082809717FF1F9387671FD85B19E34945A2
:1063D0008280411106C622C411E99C5BC5C783C7F0
:1063E0007700CDC3EF301069014571A88546631B66
:1063F000D508805B15E802972A846DC1B71700089D
:10640000938707805CC9930700702318F500A300E9
:10641000050619469715FF1F9385C5221305250606
:1064200097E0FE1FE78060C4034774008547630B55
:10643000F70483470401B98B8DCF8346040193F79A
:10644000F6002304F40085476393F6049947056634
:10645000231CF4001306068091451715FF1F034502
:1064600055F5EFD02EE3032384072244B2404101C7
:106470000283EF803FBD9717FF1F83C767F18D8BA6
:10648000E31DF5FA4945B240224441018280035799
:106490006401835744011166BA97858713970701F2
:1064A0004183231CE4006355F600231CC40065BF30
:1064B000AD8A8947639CF6009306000ABA87637425
:1064C000D7009307000A231CF40071BF9306000253
:1064D000BA87E37AD7FE93070002F5B70D4565B793
:1064E0009717FF1F9387870DD85F59C3411122C4A7
:1064F00006C62E8401ED9C5F91E74945B2402244D7
:1065000041018280EFC0CFAA0145CDBF8546E31689
:10651000D5FE9C5F91EF0297AA870D45E5D34147D1
:10652000A38507002399E700239AE700A3820702C7
:1065300003C7770079F383D6270111676374D70007
:106540002399E70003D7270183D647016374D70057
:10655000239AE70003D74701930650052387870056
:106560003307D7022187239BE700BC43829769BF8B
:10657000314582809717FF1F93874704BC433145FD
:1065800081CF83C7770089CB411106C6EF40C02574
:10659000B2400145410182808280011126CA4AC869
:1065A0004EC652C456C25AC02E89368BBA89BE8A8C
:1065B00006CE22CCB284428AEF90FFC81307A9FF0F
:1065C0004207856741839386A7C763E6E6109387F2
:1065D00007C82A84494563E8970A63E6240B130732
:1065E000301F6362670B63E0370B93071B00B387B1
:1065F000970213973900860763D7E70849C4834792
:10660000E40013F747003DC7ED9B2307F4008347E1
:1066100074002313240723149406D5E70357A40515
:10662000C167FD17630BF706631999068357A40228
:106630002314E4042315F4049717FF1F83D7C7FD21
:106640008D46114763E5F600850713F7F70FA3039F
:10665000E4042285EF801FA183570403A9072318B0
:10666000F4048327440993E74700232AF408C54725
:10667000230DF4002315540723164407231664053D
:10668000231734050145F2406244D2444249B249DD
:10669000224A924A024B056182808357640591C762
:1066A000B3D4F402B387970271B7B305990085811B
:1066B0004A85EFD03E8F2315A4049305A4042685B4
:1066C000EF30003F95BF832744090967D98F232AFC
:1066D000F408C14771BF49457DB701112EC606CEEA
:1066E000EF907FB6B24509E54945F24005618280E9
:1066F0008347E5002300B50413F7470075D7ED9BEA
:106700002307F500832745091167D98F232AF50848
:106710000145E1BF011106CE2EC632C4EF90BFB2D3
:1067200029C91717FF1F130767E983570702B245E7
:10673000224663F3F500AE87C207C183A30DF512AD
:10674000A183230EF512835727026373F600B287E5
:10675000C207C183A30EF512A183230FF51283276D
:1067600045090567D98F232AF5080145F2400561DF
:1067700082804945E5BF1717FF1F130727E41C5BFD
:1067800081CB83C6770089C683C6C700C947A1E20B
:106790001C5F89CB83C6770091C683C6C700C947F3
:1067A000858A95E63C4381CB03C7770009C703C7B9
:1067B000D700C94709EF9717FF1F83D7E7BB171704
:1067C000FF1F035727E6A983636AF7009D473E85AD
:1067D00082809D47F2403E85056182800111A304BD
:1067E000A10019461305A10006CE97E0FE1FE78021
:1067F000C0872800EFD04FEE8547E31CF5FC8147AA
:10680000D1BF011126CA4AC806CE22CCAE84328935
:1068100036C63AC43EC242C0EF90FFA2630E0510D6
:106820009385A4FFC2050566C1819308A6C72A8483
:10683000494563E2B808130606C8636E2607636C11
:106840009906B2469305301F63E7D5062247636475
:10685000E606138616003306960293153700635C2E
:10686000B6040346E400058A39E68325440913F695
:10687000650031E2924702482317E404034774009D
:106880002315F40623139406231424072316040760
:106890002316D4048347A401014551E389EF8347BC
:1068A000040E898B99CF93E52500232AB408C947A4
:1068B000230DF4000145F2406244D244424905618F
:1068C0008280638B2405B305990085812685EFD0EE
:1068D0006EED2315A4049305A4044A85EF30401DF2
:1068E0009717FF1F83D747D38D46114763E5F600FF
:1068F000850713F7F70FA303E4042285EF808FF6D3
:1069000083570403A9072318F4048327440993E752
:106910004700232AF40861BF23159404D1B7C1FFAF
:106920008347040E898B99CB93E52500CD47232A15
:10693000B408230DF40041B74945B5BF6945A5BF6B
:106940009717FF1F938787C7985B01CB8346770014
:1069500089C60347C700494505EF985F09CB8346C1
:10696000770091C60347C7004945058B15E3BC4333
:1069700081CB03C7770009C783C7D700494589EB97
:10698000411106C6EFD06FE0B2400145410182805F
:106990008280411122C426C24AC006C62A89014407
:1069A000A1449305F00F0545EFD08EDDB3078900B4
:1069B0002380A7000504E31694FEB24022449244CB
:1069C0000249014541018280011126CA4AC806CE0A
:1069D00022CC2EC63289B684EF90FF866309051853
:1069E000834775002A84B2450945DDEB214613052E
:1069F000F41097D0FE1FE7804067A30B24111359B2
:106A00008900230C241183C7E40003C7D400A20724
:106A10004207BA9703C7F400BA9703C7C4006207D6
:106A2000BA972324F40A83C7A40003C79400A207DB
:106A30004207BA9703C7B400BA9703C78400620736
:106A4000BA972326F40A83C7640003C75400A20739
:106A50004207BA9703C77400BA9703C74400620796
:106A6000BA972328F40A83C7240003C71400A20797
:106A70004207BA9703C73400BA9703C704006207F6
:106A8000BA97232AF40A8347E4038DC38547A30FEB
:106A9000F4028327440993E70702232AF4080145F7
:106AA000F2406244D244424905618280EFC05EC434
:106AB00093578500A30CA410230DF41093570501E0
:106AC0006181A30DF410230EA410EFC07EC2034712
:106AD000B4110346A41193570501220742063297C9
:106AE0000346C4119355850193568500329703469A
:106AF0009411A30EA410A30FF41062063297232260
:106B0000E40A41679304F7FFA2076205230FD4103C
:106B10002E953709FF00E58FC206B3F62601AA9726
:106B2000B6972320F40A2300B412EFC07EBC13579B
:106B300085009356850193570501A300A4122301F4
:106B4000E4122302D4121375F50FE2062207A30103
:106B5000F4123695658FC207B3F727013A953E9533
:106B600083274409232CA40A93E707043DB709456A
:106B700005BF011106CE2EC6EF90EFEC55C5834739
:106B800075002A870545B245639DA7088346D7004F
:106B90009307600401456396F60883C7E50083C642
:106BA000D500A207C206B69783C6F500B69783C67E
:106BB000C500E206B6972324F70A83C7A50083C65B
:106BC0009500A207C206B69783C6B500B69783C6DE
:106BD0008500E206B6972326F70A83C7650083C6B9
:106BE0005500A207C206B69783C67500B69783C63E
:106BF0004500E206B6972328F70A83C7250083C617
:106C00001500A207C206B69783C63500B69783C69D
:106C10000500E206B697232AF70A93070005A306A4
:106C2000F700F240056182800545E5BF411106C6C7
:106C3000EF906FE11DCD834675000547AA87094592
:106C40006396E60283C6D700130760046390E602EA
:106C500019472380E70413077004A386E70003C7DE
:106C60003702014513671700A381E702B2404101D3
:106C700082800945E5BF9717FF1F93872794985B8C
:106C80001D7186CEA2CCA6CACAC8CEC609C7034704
:106C90007700314441E3985F09C7034777003144E7
:106CA00035EBB84309C703477700314425E7170799
:106CB000FF1F0357676C9719FF1F83D929972983F3
:106CC0001D4463F9E90483C78707314493F7070438
:106CD000B1C33289A303A10019462800B68497D016
:106CE000FE1FE78080384146CA851305E10297D030
:106CF000FE1FE78080374146A6851305E10197D046
:106D0000FE1FE78080364800EF3050497D15631341
:106D1000350101442285F6406644D6444649B649C9
:106D200025618280411106C6EF30105BB2400145FB
:106D3000410182801717FF1F130747881C5B89C713
:106D400083C67700C9478DEE1C5F89C783C677006D
:106D5000C9479DE63C4389C703C77700C9470DE390
:106D60009717FF1FA38CA7849717FF1F83C7178D43
:106D700011C993E767001717FF1FA301F78C81471D
:106D80003E858280E59BC5BF130700643305E5029D
:106D900041119717FF1F9387678222C4E05B26C2C9
:106DA0004AC006C6BE841309F00F1717FF1F232B16
:106DB000A78201E8B24022449244024901454101C0
:106DC000828003450400630525018C54EFC07EEDED
:106DD000405CC5B7011126CA4AC84EC606CE22CCB1
:106DE0002E89B289B684EF900FC659C5639D0900FC
:106DF0008547238FF19E0145F2406244D2444249C7
:106E0000B2490561828003C7E19F85472A846315E3
:106E1000F700238F019E09494165130545F5EF9061
:106E20004FC40DCD8347E5002317F5008327040FDA
:106E300095E32328A40E232AA40E930710F8F9142F
:106E40002320050023163501A304F50023042501A2
:106E500044C155B78327440F88C3F1BF9707FF1F6D
:106E6000938747519C5B1D45C1DB9565054593851F
:106E7000555582971D4549B70945BDBF9707FF1F67
:106E800083D7677499E79307F01F1707FF1F231C29
:106E9000F7729707FF1F83D70773A146014513F7C2
:106EA00007108607C2073357D740C183598D13D6C1
:106EB000574013D79740318F058BFD161375F50F8B
:106EC000D98FF1FE1707FF1F231FF76E82809707E8
:106ED000FF1F83D7676F81EBE17793C7F7FF170732
:106EE000FF1F2313F76E9707FF1F83D7E76DB94680
:106EF00001451168194633F707018607C207335762
:106F0000D740C183598D13D7E74093D5F700058B40
:106F10002D8FFD161375F50FD98FE39EC6FC17074D
:106F2000FF1F2313F76A8280011126CA4AC84EC682
:106F300056C29707FF1F9387E75C06CE22CC52C448
:106F4000AE843289B68A83A9470131CDAD472A8400
:106F500063E3A7021304F5FF1374F40F6300090A37
:106F60008547631FF90826869305000F13852900BE
:106F7000EFC0FE9581A8B147630AF502930760024E
:106F800063E5A7001304E5FFC1BF930770024945FD
:106F9000E306F4FCF2406244D2444249B249224A38
:106FA000924A05618280130450024DBF13046002AF
:106FB00075B7EFF0BFECB38749012381A700050A3D
:106FC000E3499AFE1379F900E20A23802901A3809C
:106FD000990093DA8A412686854563C30A00814574
:106FE0002285EFD0CFE79707FF1F83D7A75D8507DF
:106FF0001707FF1F2318F75C014569BF014AC9B78E
:1070000089476316F90026869305A00A85B78D4740
:10701000631EF900014A01A8EFF07FEBB387490135
:107020002381A700050AE3499AFE69BF91476316C9
:10703000F90026869305F00F15BF95476315F900F3
:107040002686814525B799476315F9002686BD45F3
:1070500031BF9D474945E31FF9F226869305500548
:1070600031B7034301001AC06F700FB66F70AFC124
:107070006F702FC76F700FCD6F70CFD26F704FD8FA
:107080006F702FDC03530100035E4100834E8100CB
:107090001AC072C276C46F708FE06F70CFF06F70DD
:1070A000CFF46F704FF96F706FFE6F701F846F7049
:1070B0009F8F6F70DF876F703F8B82806F70BF9282
:1070C00023A0A1A082801307850183570500110525
:1070D00093C7F7FF231EF5FE8347E5FF93C7F7FF2E
:1070E000230FF5FEE313E5FE828099473305F50291
:1070F00001110A86C14506CE130505021375E50F79
:10710000EFD0AE9611E50345C100F24005618280E3
:107110000145E5BF411122C426C24AC006C68144CA
:107120000144138981A083C7D1A06369F400B240F0
:107130002244268502499244410182808327090026
:107140001315440019469305F00F3E95EFC05E827B
:1071500001E5850493F4F40F05041374F40FE1B70B
:10716000938781A3884305C1411106C6EFC0AEBB1A
:1071700023AC01A29387D1A083C70700B240238329
:10718000F1A0410182809387D1A083C707002383A8
:10719000F1A082801D71A6CA86CEA2CCCAC883C7C0
:1071A00061A0AA84639EA700854503C5E1A0EFC046
:1071B0009E8B894503C5E1A0EFC0FE8AEFF05FFA20
:1071C0001949338924037000C1451379F90F130459
:1071D00009021374F40F2285EFD02E8909C90144E6
:1071E0002285F6406644D644464925618280194688
:1071F0009305F00F6800EFC0AEF775F168004146E7
:107200009305F00FEFC0AEEC481871469305F00FF0
:10721000EFC0EEEB680861469305F00FEFC02EEB70
:107220007000C1452285EFD0CE982A84130519023B
:107230005018F1451375F50FEFD0AE97498C130533
:1072400029025018F1451375E50FEFD08E9613748F
:10725000F40F498C130539025018C1451375F50F09
:10726000EFD02E951374F40F498C13054902501872
:10727000C1451375E50FEFD0CE931374F40F498C0D
:1072800013055902501891451375F50FEFD06E9202
:107290001374F40F498C138504077008E1451375C6
:1072A000F50FEFD00E911374F40F498C03C50186CE
:1072B0001374F40FEFD00E8A25B7411122C406C60D
:1072C0000145014483C7D1A06373F40009C5B240EE
:1072D00022444101828022850504EFF0BFEB137444
:1072E000F40FCDB7411122C426C206C64AC00144DC
:1072F000EF709F8F938481A083C7D1A06368F4004F
:10730000B2402244924402494101828088401319CC
:10731000440019469305F00F4A95EFC06EE509E564
:107320008C40CA95EF709F8C05041374F40FE9B775
:10733000397122DC4AD852D406DE26DA4ED6014410
:10734000EF70DF8D138981A0194A83C7D1A0636ACA
:10735000F400F2506254D2544259B259225A216177
:107360008280032509009319440019469305F00F04
:107370004E95EFC0EEDF39E1330544038327090062
:107380000A86C145CE9783C4570093F4040C9384B6
:1073900004F8130535021375F50FEFC01EED100844
:1073A000C1450945EFC07EEC83250900B334900048
:1073B00014080A86CE952685EF701F86050413747F
:1073C000F40F61B7011106CEEFF0DFD40547A947EE
:1073D0006373A70089471306F10085451545A30788
:1073E000F100EFF01EFCF24005618280011122CC19
:1073F00026CA4EC606CE4AC80144938481A0994944
:1074000083C7D1A06362F404EFF0DFD0938741A279
:1074100003C7D1A083C70700631DA70693E7170022
:107420002382F1A283C751A099C3EFF0BFEB83C7BA
:1074300041A099C3EFF0DFEF6244F240D2444249E9
:10744000B24905616FF01FF83305340390401319FA
:107450004400C1454A96130505021375E50FEFC0B8
:10746000DEE005C5884019469305F00F4A95EFC048
:107470000EC6884019469305F00F4A951905EFC0CE
:107480000EC59C403E992316090005041374F40FA1
:1074900085BF93F7E70F69B70355250083C5E1A0C2
:1074A0006F001F89397122DC19443384850226DA82
:1074B0004AD806DEA147AA8432891374F40F639870
:1074C000F604130424027146814548081374F40F2E
:1074D0003AC6EFC0CEBF5008F1452285EFC0FED8B6
:1074E0000DE18347E102A5463247E51793F7F70F11
:1074F00063E9F600BA865008937519002685EFD027
:10750000BEE2F2506254D254425921618280130487
:10751000140255BF797122D426D24AD0AE842A896A
:1075200032848145130600020A8506D6EFC02EBAC2
:107530009387618683C7070023102101230EF10082
:107540008357810145CC138761A203470700F99B4C
:1075500003C681A22302E10003C771869376170058
:10756000D58FF59B93762700D58F9316470093F61A
:10757000061093F7F7EFD58F9316470093F6062082
:1075800093F7F7DFD58F9316470093F6064093F7EE
:10759000F7BFD58F118BED9BD98FA302C100231CA0
:1075A000F10001CE41469705FF1F938525FC130589
:1075B000610097D0FE1FE78040AB83C751A281CB0B
:1075C00099C40357810113672700231CE100034777
:1075D0006101B337F000D98F03C771A23337E000E0
:1075E0000A07D98FA2850A85230BF100EFD0BEC60A
:1075F000B250225492540259456182801387A1A14E
:1076000003470700F99B03C6C1A12302E10003C79A
:10761000318693761700D58FF59B93762700D58F0B
:107620009316470093F6061093F7F7EFD58F93164E
:10763000470093F6062093F7F7DFD58F93164700A0
:1076400093F6064093F7F7BFD58F118BED9BD98F3B
:10765000A302C100231CF10001CE41469705FF1F84
:107660009385C5EF1305610097D0FE1FE780E09F6B
:1076700083C791A181CB99C4035781011367270068
:10768000231CE10003476101B337F000D98F03C722
:10769000B1A1A9B7411122C426C24AC006C6AA8414
:1076A0000144138981A083C7D1A0636AF4003E849A
:1076B0002285B240224492440249410182808327BC
:1076C0000900131544001946A6853E95EFC04EA645
:1076D00065F105041374F40FF9B7397122DC1384D2
:1076E00081A31C404AD84ED606DE26DA52D42A8917
:1076F000AE89B1E719E1054545A8F5DDEFF09FF941
:107700002383A1A083C7D1A0636BF5028144138AB0
:1077100081A039A883270A001395440019469305D0
:10772000F00F3E95EFC0CEA409E9850493F4F40F61
:1077300083C7D1A0E3E0F4FEBE84238391A003C5F8
:1077400061A083C7D1A0138A61A0E376F5FA1C403B
:10775000A5E799473305F5024A86C1451305050299
:107760001375E50FEFC0FEC461469305F00F2800C6
:10777000EFC0EE9503450A003000E145130505070B
:107780001375F50FEFC0FEC2138781A0084383C7AE
:1077900061A092073E954146CA8597D0FE1FE780BB
:1077A000C08C23AC31A30145F2506254D2544259EB
:1077B000B259225A21618280904719CE99473305E8
:1077C000F502F145130515021375F50FEFC07EBEE6
:1077D0001C4023A40700C1BF904B19CE9947330525
:1077E000F502F145130525021375E50FEFC07EBCC8
:1077F0001C4023A8070045BFD04B19CE994733053D
:10780000F502C145130535021375F50FEFC07EBAB9
:107810001C4023AA070041BFD0470DCE9944330531
:107820009502C145130545021375E50FEFC07EB8FB
:1078300003450A001C40914533059502D047410697
:10784000130555021375F50FEFC0BEB61C4023A6F5
:10785000070091BF83C751A099C3EFF0BFA883C7AA
:1078600041A099C3EFF0DFACEFF0DFB569B50111CE
:1078700022CC06CE2A842EC632C4EF40EF8805C93A
:107880000347C500A1472246B245631FF70093870F
:1078900001A49C4389CF03A34700630A0300228508
:1078A0006244F24005610283938741A4DDB7F24050
:1078B000624405618280011126CAAA842E8522CCE9
:1078C00006CE2E8432C636C4EF400F842DC1034746
:1078D000C500A147A2463246631FF702938701A461
:1078E0009C43A28599CB03A307006308030062446D
:1078F000F2402685D24405610283938701A2884322
:10790000EFD09EAE0DC522856244F240D24485453B
:1079100005616FD03EE9938741A49C43A28589C746
:1079200003A30700E31503FC9387C1A2C9BFF2407C
:107930006244D24405618280011122CC06CE26CA5F
:1079400083C7D1A009446378F50295C599473305EB
:10795000F502AE840A86C145130505021375E50FCD
:10796000EFC0BE902A8401E919468A85268597C012
:10797000FE1FE780806F2285F2406244D244056199
:107980008280011122CC19443304850226CA0A865A
:10799000AE84C14506CE130404021374F40F22858D
:1079A000EFC0BE8C01C98144F24062442685D244B6
:1079B0000561828019469305F00F0A85EFB05EFBE2
:1079C0007DF10357C1009377D70F89C49377F70FE1
:1079D00093E72700C207C1838544E307F7FC0A86C3
:1079E000C14522852316F100EFC0BE9C03C5018668
:1079F000EFC05E9655BF397122DC2A8419453305E4
:107A0000A40226DA4AD8B2842E893000C14506DEA7
:107A1000130505021375E50FEFC03E8501C9014549
:107A2000F2506254D2544259216182801946930522
:107A3000F00F2800EFB0DEF37DF113040407137498
:107A4000F40F3008E1452285EFC03E8219C105459B
:107A5000C1BF2808EFF02FE763190902614681458D
:107A60002808EFB0FEF065F5614681452808EFB0C3
:107A70001EE6854728082388F1A2EFF0CFE43008FE
:107A8000E1452285EFC0FE92D9B73C081018BE86AA
:107A900083D506003687638125039106E39AC6FEE7
:107AA0000145BDDC83D607003E8789C69107E31BED
:107AB000F6FEB5B72390270183472700E38997F89F
:107AC00023019700DDF42310070065B7FD572387D6
:107AD000F1A0A38601A023A401A09307000317052A
:107AE000FF1F0345058A3305F502011193052004A4
:107AF00006CE22CC26CA4AC84EC697D0FE1FE780C3
:107B000040F023A4A1A00DC99709FF1F938989867E
:107B100083C7E9000D470144B387E702938481A03E
:107B2000A386F1A083C7D1A0636FF40C83A789005B
:107B300063860710238201A29387D1A083C7070021
:107B40000544414681451705FF1F130525A22383E0
:107B5000F1A02384818623AC01A2A38301A2238305
:107B600001A2238401A2EFB09ED693047007414680
:107B700081451705FF1F1305659EA3839186238208
:107B80008186A38201A223A601A2A38D01A0238D39
:107B900001A0238E01A0EFB09ED3A3819186A38C78
:107BA00001A023A001A2238C01A09547A380F18608
:107BB000C1472383F186238801A289472381F18667
:107BC00023808186A3848186A382818623AE01A23D
:107BD00023A201A423A001A4A38201A0238601A0C3
:107BE00097070000938767CDF240624423ACF1848D
:107BF000970700009387E7C723AEF184D244424938
:107C0000B2490561828088401319440019469305E2
:107C1000F00F4A95EFB0BECB884019469305F00FA0
:107C20004A951905EFB0BECA9C4005041374F40FC1
:107C3000CA972396070023870700EDB5930700F83E
:107C40002382F1A2D5BD411122C426C206C64AC074
:107C50000144938481A083C7D1A06360F402EFC084
:107C60000ED69387D1A083C70700B2402244238356
:107C7000F1A09244024941018280884013194400D6
:107C800019469305F00F4A95EFB07EC48840194617
:107C90009305F00F4A951905EFB07EC39C4005048B
:107CA0001374F40FCA97239607002387070065B75C
:107CB000930705C04111C20722C406C6C1837D4790
:107CC0002E846368F70C17570000130767EA8A07CA
:107CD000BA979C43BA9782879387818683C70700A8
:107CE0002300F40025A0938771A2CDBF938761A2E2
:107CF000F5B7938781A2DDB741469705FF1F9385AE
:107D0000E586228597C0FE1FE78020368147B24076
:107D100022443E8541018280938751A2C1B7938757
:107D200071866DBF9387C1A29C431CC0C5B7938762
:107D300041866DB79387B1A155B79387A1A179BF4C
:107D40009387C1A161BF41469705FF1F93850581B8
:107D50004DBF938791A159B79387318641B79387D8
:107D600001A2D9B7938781A195BF93871186BDB72B
:107D700093876186A5B7938751A08DB7938741A05C
:107D8000B1BFEFF02FB92300A40049B783C75186D4
:107D900081BF61478947E36CA7F6EFD00EE323105C
:107DA000A400ADB7011106CE22CC26CA4AC84EC6E1
:107DB000EFD0FEA141E103C7C1A085472A84630C2F
:107DC000F702938481A0854983C7D1A06371F4042D
:107DD0009840131944004A978347E7006399370195
:107DE0002285EFF02FBB9C40CA972387070005042C
:107DF0001374F40FD1BFEFF04FCC238601A093870B
:107E000081A09C4303C7D1A0B907631E8700130557
:107E10000005EFC06EEB6244F240D2444249B249E1
:107E200005616FF0AFDC0504238007001374F40FC5
:107E3000C107E1BFF2406244D2444249B249056100
:107E40008280797126D24AD006D622D44ECE894776
:107E50002E89B2846306F506636FF5008D47630DC6
:107E6000F50A03C4D1A02285B2502254925402597B
:107E7000F249456182802E85EFF0DF8183C7D1A072
:107E80002A84E372F5FEE5D01946CA85268597C097
:107E9000FE1FE780801DC1BF83A7090013154400A2
:107EA00019463E95CA851905EFB09EA821ED050437
:107EB0001374F40F83C7D1A0E360F4FE3E8465B76A
:107EC0000144938981A0FDB705041374F40F83C79F
:107ED000D1A0E375F4FE330534030A86C1451305CA
:107EE00035021375F50FEFC04EB879FD4146930585
:107EF000F00F0A85EFB0DEA761F9CA850A85EFD0D9
:107F00000ED479F183C7D1A0E37FF4F4A9DCA68570
:107F10002285EFF07FA281BF014499494DBF9307AD
:107F200005C05D71C207A6C2CAC086C6A2C44EDE25
:107F300052DC56DAC1837D472A89B2846362F73EF8
:107F4000175700001307C7CA8A07BA979C43BA9706
:107F5000828785476144639AF50083470600094795
:107F60006365F7002384F18601442285B6402644E8
:107F700096440649F259625AD25A61618280854715
:107F80006144E394F5FE83470600E3E0F5FEA38336
:107F9000F1A2D9BF85476144E399F5FC8347060008
:107FA0001147E364F7FC2383F1A27DBF8547614459
:107FB000E39DF5FA83470600E3E9F5FA2384F1A28D
:107FC00065B7C1476144E392F5FA4146A68517F5C6
:107FD000FE1F1305A55997C0FE1FE780000969B76A
:107FE00085476144E393F5F883470600E3EFF5F630
:107FF000A382F1A295BF85476144E398F5F68347D4
:108000000600A383F1868DB791476144E39FF5F4A1
:108010001842B7470F009387F723E3E8E7F423A656
:10802000E1A299B785476144E391F5F483470600DF
:108030000947E36CF7F22382F1863DB78547614437
:10804000E395F5F283470600E3E1F5F2A38DF1A095
:1080500021BF85476144E39AF5F083470600114745
:10806000E365F7F0238DF1A001B785476144E39EF6
:10807000F5EE83470600E3EAF5EE238EF1A0EDB5B9
:10808000C1476144E393F5EE4146A68517F5FE1F0F
:108090001305C54C89B785476144E398F5EC8347E0
:1080A0000600E3E4F5ECA38CF1A07DBD85476144B7
:1080B000E39DF5EA83470600A381F18675B59147F4
:1080C0006144E394F5EA1842B7470F009387F7231A
:1080D000E3EDE7E823A0E1A241BD6144E39705E8B1
:1080E000EFD0EEEE11E9EFF04F9D13050005EFC064
:1080F000AEBDEFF0AFAF8DBD85472386F1A0ADB526
:108100009D476144E393F5E69385140019464808BA
:1081100097C0FE1FE78060F503C5040001464C08C8
:10812000EFF03FD283C7D1A0AA840944E37FF5E2F0
:10813000EFD0EEE909E52685EFF0CF857DB793878F
:1081400081A09C439204BE9485472387F40029BDF7
:108150009D476144E39BF5E0194693851400680050
:1081600097C0FE1FE78060F003C5040001466C0065
:10817000EFF03FCD83C7D1A06374F5049944B304F5
:1081800095025008F14509449384140293F4F40FC6
:108190002685EFC08E8DE31A05DC1307A0418547C5
:1081A0006304E9009307F00F5008F1452685A30703
:1081B000F102EFC00EA003C50186EFC0AE996DB30A
:1081C00083C741A20944E38207DA9307A041631AF7
:1081D000F9008547A38BF1A01D46A685138501A153
:1081E000DDBBA38B01A049B3A3840186B5BB854742
:1081F000A384F186014901449949130AF00FFD5AFD
:1082000083C7D1A06365F400E30009D66DB7B3045A
:1082100034035008F1459384140293F4F40F268537
:10822000EFC0AE8409ED8347F102638A470150082D
:10823000F1452685A30751030549EFC08E97050434
:108240001374F40F75BF85476144E390F5D28347FB
:108250000600E3ECF5D0238CF1A039B385476144E7
:10826000E395F5D0834706002547E360F7D0A38068
:10827000F186DDB985476144E399F5CE03470600F1
:10828000A546930797FF93F7F70FE3E0F6CE238316
:10829000E186D9B985476144E399F5CC8347060067
:1082A00003C751A00144A382F1A0E31007CCE39ED1
:1082B000B7CAEFF0AF9355B985476144E397F5CA64
:1082C0008347060003C741A02382F1A009E7639416
:1082D000B700EFF0AF9103C541A0EF607F9469B1A3
:1082E00085476144E393F5C8834706000D47E36E75
:1082F000F7C62381F1868DB985476144E397F5C6BA
:10830000834706002380F18685B105457DB5854705
:108310006144E39CF5C483470600A382F186A9B1BA
:10832000E1470944E3E327C5E39185C483D504000D
:108330004A85EFD0EED22A840DB91D71A6CAB28447
:108340007000A2CCD2C486CECAC8CEC62A84368AD1
:1083500002C623180100EFF0DFAE83C7D1A0637C13
:10836000F50E2A89EFE07FD89147AA89631EFA0C9F
:1083700003C78186791713371700914619443304D0
:1083800089024E86CA852685EFF0CF9151468145F8
:108390004808EFB0CED350081374F40F130544020D
:1083A000C1451375E50FEFB05EEC15E54146930549
:1083B000F00F4808EFB0CEDB19ED13055402501052
:1083C00091451375F50FEFB05EEA500893F519006B
:1083D0002685EFD0CEB6130509073010E145137599
:1083E000F50FEFB09EE815E12810EFE0DFCD20108B
:1083F000130901048355040091C503462400268512
:10840000EF004F831104E31789FE93F92900638776
:10841000090083C5E1A02685EFF09E919147631383
:10842000FA0603C781868947631EF70483C771A2D2
:1084300083C551A2B337F0008A07B335B000DD8D94
:108440002685EFD00EAB3DA803C7418679171337B9
:108450001700D28625B7A147E312FAFC03C741866D
:1084600089476311F7020146A2852685EFF08F8ABE
:108470009387C1A39C4399C7DC4389C701468145C3
:1084800026858297F6406644D6444649B649264A30
:10849000014525618280797126D206D622D4AA842C
:1084A00002CC231E0100EF302FC605CD03C7418645
:1084B00089476308F702930565002A840345550040
:1084C0003008EFF01F9883C7D1A06371F5022AC668
:1084D000EFE0BFC1B2452A860547A1462685EFE0F9
:1084E0007FFCB250225492544561828083C74186FA
:1084F00091E795452685EFD0EEAAE5B70547E392CB
:10850000E7FE8345540001462685EFF0AF80D1BFDA
:108510004111C1674AC006C622C426C2FD172E8972
:108520006309F506EF304FBE2A84D14421CD93056F
:108530006500034555000146D544EFF09F9083C781
:10854000D1A06376F500CA85EFF0AFC38144630B19
:1085500009022285EFE05FF435A0CA852285EFF09D
:108560004FC211C1814405041374F40F83C7D1A015
:10857000E365F4FE6308090017F5FFFF130505F234
:10858000EF304FD7B2402244268502499244410140
:1085900082800144D544D9BF0111C1674AC84EC683
:1085A00006CE22CC26CAFD172E89B289630EF504A9
:1085B000EF308FB5D14429C19305650003455500BF
:1085C0000146D544EFF0FF8783C7D1A06376F5025B
:1085D0004E86CA85EFF02FC2814439A84E86CA85DF
:1085E0002285EFF04FC111C1814405041374F40FCB
:1085F00083C7D1A0E364F4FEF24062442685424979
:10860000D244B249056182800144D544D5B74111B5
:1086100022C41384E1A0834504009387818523AE9F
:10862000F1A223A2A1A4614506C6EFD06EA3034523
:1086300004002244B24041016F10AFA7011106CEE1
:1086400022CC26CA4AC8834725002547E91793F755
:10865000F70F6360F70217470000130767618A0787
:10866000BA979C432A84BA9782879387C1A39C4375
:1086700099E3854475A89C43EDDF8346D500034606
:10868000C5008355A5000D058297E5B78347150002
:108690006394070C83476500858BDDCF938781A3A7
:1086A0009C430149DDEB814541460A85EFB02EA28E
:1086B0004C48D1C51946C1050A8597C0FE1FE78001
:1086C000C09A834764000357C1008987858BD98F7F
:1086D0002316F100EFE01FA483C7D1A06390A70287
:1086E00083C7518699C3EFF00FD697F7FE1F938784
:1086F00067C89C5B81C7854521458297EFE09FA1B4
:10870000938741A203C7D1A083C707006313A704BF
:1087100093E71700A2850A852382F1A2EFE0FFFB11
:10872000AA8455491DE9894503C5E1A0EFB02EA6ED
:10873000F240624426854249D24405618280035555
:1087400044008544EF304F9C65D51946930565007C
:10875000A5B793F7E70F7DBF01499384C1A39C4060
:10876000E38907F0DC43E38607F003461400035572
:10877000440085458297E30E09EE9C404A868D456C
:10878000DC43035544008297EDB503471500994734
:10879000631AF70203554500EF300F97AA841DC1F5
:1087A00083C7218609476381E7040D476388E70291
:1087B00005476399E700834555000355440001468A
:1087C000EFE05FD59387C1A39C43E38407EADC43D2
:1087D000E38107EA03461400894565B701468145F0
:1087E00013050041EFF0AFF38355440003C50400C7
:1087F0001546EFC01EFEF9B7930545000345350049
:108800000146EFF00FE483C7D1A0E374F5E6994782
:108810003305F5021306C40091451305550213757F
:10882000F50FEFB01EB903C50186EFB0BEB291B52A
:1088300083C781A10355450091C783C51186EFC049
:108840007EF605BD83C7818699E39545CDBFEF30A0
:10885000AF8BAA84E30F05E08347A400858B9DC3FB
:108860000345550005C18357C40093F7072099EBD2
:108870000A8693856400EFF0CFDC09E58D4503554A
:10888000440075BF83C5540003554400130684009B
:10889000EFE05FC89387C1A39C43E38C07DCDC4314
:1088A000E38907DC01468145E9BD03554500EFF04A
:1088B0009FBEC1B303554500EFF0CFCE5DBB0111A4
:1088C00006CE2AC6EFF08FA03245F2402387A1A042
:1088D00005616FE0BFB17971939705014AD006D663
:1088E00022D426D24ECE52CCC1872E8963D0070A1D
:1088F00003C5E1A0EFA0DEC9AA8431C58347050006
:108900001307100B638DE7041307000D6387E7025D
:108910001307000B6396E70203474500F947631707
:10892000F700035525008145EFF09FBE83C5440045
:1089300013858400EFF02E8321A0EFF03FD001C516
:108940002685EFA05EBE2164334489002285B250A3
:10895000225492540259F249624A45618280834707
:108960004500F9FF03568500835565000355250032
:10897000238801A2EFF05FC283C701A3F1D303C52F
:108980000186238801A2EFB0FE9C5DBF93F725000E
:1089900085C381450145EFE05FD41344290083C7B7
:1089A000E1A0854511E189453E85EFA05EFE79BFD6
:1089B00093F715006389070C938981A383A70900A6
:1089C000938441A303DA47009C4099EFC165138764
:1089D00081A489461746000013064658FD15054533
:1089E000EFF05ECD23AAA1A28C401344190091EDB3
:1089F0009384C1A39C40ADE703C501864204EFB058
:108A00007E954180EFE0CFF591B79308F00F0948CC
:108A100081471307E100740003D681A45285EF005B
:108A20002FA011ED0346D1008347C10022065D8EC1
:108A300019C69C40528583D5A700EFF0FFB588404A
:108A4000C165814603D681A4FD15EF004F9123AA8D
:108A5000A1A259DD42044180854503C5E1A0B1B71B
:108A6000DC43D9DB03A709000146854503554700D0
:108A7000829703A709009C40014603554700DC4349
:108A80008D45829795BF93F745000144E38007EC3D
:108A900013C4450065BD83470500130710096387AC
:108AA000E7001307000D6386E70482800347150083
:108AB000B9476319F72403574500856793875740E3
:108AC0006312F72418459307F00783053700638B7B
:108AD000F5229387C1A49C436386072203A3470022
:108AE000630203228347270003451700A2075D8D19
:108AF0000283834725001D476366F7201746000061
:108B00001306861993962700B2969842411122C403
:108B100006C626C232972A84028783471500ADEB2A
:108B2000414697F5FE1F938565A517F5FE1F1305B2
:108B3000E5A6EFA0FEDF2DE117F6FE1F130606A641
:108B4000C1450945EFB0FE8617F6FE1F130606A6BF
:108B5000C1450D45EFB0FE8503C50186EFB08EFF20
:108B6000194693053400138501A797B0FE1FE780CF
:108B7000C04F854723AEF1A6938701A6944303C651
:108B8000C186854503C52187EFE04E93630F050E2F
:108B9000994723AEF1A6D5A8414697F5FE1F9385C8
:108BA000E59E17F5FE1F130565A0EFA07ED849D5F9
:108BB00045BF83471500E9FF834735008DC793877D
:108BC00081A6944303C6C1A6814503C52187EFE072
:108BD000EE8EA300A40083471400DDFBB2402244C4
:108BE0009244410182809384C1A798408947E3075A
:108BF000F7FE854503C52187EFB04E8969FD984092
:108C00009547E30AF7FC854503C52187EFA03ED8C9
:108C1000D9B7034715002DFF1387C1A78D46184309
:108C20006397D70091476315F70A95479DB7A385CA
:108C3000018695476314F7089147A1BF8347150044
:108C4000A5EB914723AEF1A6930445000356A5007A
:108C5000034535009146A685EFF02FEE83C771A13D
:108C60009DC30347340083C701A16311F70419466C
:108C7000938511A12685EFA0BECB85476318F50229
:108C80008947A38BF1A0A38501869387C1A49C4348
:108C9000B1D703A30700E30303F4A2859387C1A719
:108CA0002244B24092448843410102838547D1BFA8
:108CB00013071003E39EE7ECA38501868D47D1BD22
:108CC000EFF0DF979387C1A798439547E318F7FE26
:108CD0008947C1B583471500E39207F09387C1A484
:108CE0009C4303A38700E30B03EE22448356A500B5
:108CF0000356850083556500B240924403554500F4
:108D000041010283828001119397050126CA06CE94
:108D100022CCC187AE8463D4070C03C52187EFA0A2
:108D20003E872A8409C983C741A689EFEFF0BFD6E1
:108D30002285EFA04EFF2165258DF2406244D2448A
:108D400005618280834705001307000D639DE704DA
:108D50008347250081E7EFF01FD415A81547639ED0
:108D6000E7000355A500EF203FBA79D10347C500BE
:108D7000A1472285E31CF7FA19A82147E38DE7FCF8
:108D80009946639CD70083477500E391E7FAA28573
:108D900003C5A186EFA05E8679BF1D47E398E7F87B
:108DA00003554500C9B71307200AE381E7F8130705
:108DB0001009E392E7FA03471500B947E31DF7F8F6
:108DC00003574500856793875740E316F7F8184522
:108DD0008347270003451700A2075D8D69B7939766
:108DE000150163DE0700138681A791451145EFB099
:108DF0004EDC03C50186EFB0EED5116535BF93F7A4
:108E0000150001459DDB83C7B186B9CBEF20BFD3E9
:108E100097E7FE1F83C7C7578D8B6366F5048D47A1
:108E20002302F100938711A583C707004C0003C5F7
:108E300021872306F1009387C1A583C70700A306F6
:108E4000F100EFD0FEC909CD994723AEF1A6938773
:108E5000C1A49C4391C79C4381C781451945829712
:108E600013C51400D9BD9387B1A583C70700194660
:108E7000938541A52302F1009387A1A583C707002D
:108E800013056100A302F10097B0FE1FE780E01D0B
:108E900051BF797122D426D206D6AA842EC6328436
:108EA00036C43AC23EC0EF203FA639C50358E5009C
:108EB000B24582471247A246636DB800636B040156
:108EC000035605016317D60003562501614563006B
:108ED000E602231CB1003E862C082685231D810056
:108EE000231ED100231FE100EF205F940145B25003
:108EF00022549254456182805145D5BF011122CC44
:108F00002EC606CE3284EFE0DEA7B24581C52E859F
:108F1000EFF0EFEF9387C1A79C4345459DE719C04C
:108F200023A681A4938781A717E7FE1F130707686D
:108F300097E6FE1F9386866603C601A583C561A7D3
:108F400003C52187EFE08ED60145F24062440561FA
:108F5000828097E7FE1F83C7A7438D8B81EB614516
:108F600082806145B240224441018280411122C485
:108F700006C603C421879307F00FE314F4FE170518
:108F80000000130585D8EFA0DEE62389A186E30A59
:108F900085FC23A601A423AE01A69147238BF1A64D
:108FA000EFC08EC94146814517E5FE1F1305055FD9
:108FB000EFA0FE914146814517E5FE1F1305055FB1
:108FC000EFA0FE9023AC01A6A38D01A4238D01A4E4
:108FD0009D4717E6FE1F1306665CC1450945A38839
:108FE000F1A4238E01A4EFB04EA817E6FE1F1306CE
:108FF000E65BC1450D45EFB04EA7414697E5FE1F24
:109000009385C55917E5FE1F1305455797B0FE1FF9
:10901000E780A005414697E5FE1F9385255917E592
:10902000FE1F1305A55697B0FE1FE78000041386A8
:1090300081A791451145EFB04EA3014525B7011118
:1090400026CAFD5423899186238B01A64EC652C49D
:109050008D47054A99492386F186A3854187239840
:10906000318723AC01A685679D65938707C89385E3
:1090700015201305E00306CE22CC4AC82397F186BB
:1090800097C0FE1FE780E097138401A69307F501C0
:10909000138981A67D46814508C02320F900EFA0F1
:1090A0001E831C4009477D462380E7001C40814504
:1090B000A38047011C402381370103250900238633
:1090C00001A6EFA0DE8019468145138541A5EFA0DA
:1090D0001E80F240624423859186238801A4238266
:1090E00001A6D2444249B249224A056182809307CF
:1090F00005D04111C20722C406C6C18349472E8448
:10910000636CF70A17470000130707BB8A07BA9773
:109110009C43BA97828783C761A72300F40035A0D8
:10912000414697E5FE1F93856547228597B0FE1F50
:10913000E780A0F319A8414697E5FE1F93850547F0
:10914000EDB7938781A79C439CC18147B2402244DD
:109150003E85410182801946938501A7F9B783C7EF
:10916000B18665BF03C6C186938701A68C4375BFD0
:1091700003C6C1A6938781A6D5BF83C7B1A571BF1A
:1091800083C7A1A559BF1946938541A579BF83C758
:1091900011A561B783C7C1A549B783D7018723103C
:1091A000F40065B783D7E186DDBF9387C1A79C43F1
:1091B000ADB783C701A595B761478947E368A7F8AD
:1091C000EFC0AEA02310A40049B79307F5CFC207A4
:1091D000C1834547636CF72217470000130787B226
:1091E0008A07BA979C43411122C426C206C64AC0C8
:1091F000BA97B2842E8482874147E1476390E504A1
:109200004146A68517E5FE1F1305453997B0FE1F99
:10921000E780A0E51DA04147E1476391E502414693
:10922000A68517E5FE1F13056538CDB71147E14741
:109230006396E5001C4223ACF1A68147B24022446C
:10924000924402493E85410182800547E147E39708
:10925000E5FE0347060083C7B186A385E1868DC37B
:10926000814769FF1387C1A7184389466305D70063
:109270009546E315D7FC03C52187EFD09E9575BFB2
:1092800081474DDF1387C1A718436305B7007517E2
:10929000E3E6E5FA854503C52187EFA04EEF71BFF0
:1092A0007D47E147E36CB7F8138901A60325090060
:1092B0007D468145EFA0AEE1032509002286A68503
:1092C00097B0FE1FE78060DA832609002386818637
:1092D000228685452244B2409244024903C5218733
:1092E00041016FD0BE9D7D47E147E369B7F4138923
:1092F00081A6032509007D468145EFA04EDD0325AB
:1093000009002286A68597B0FE1FE78000D6832637
:109310000900238681A6228681456DBF0547E14766
:10932000E39EE5F0034706009146E3E9E6F0A38DEE
:10933000E1A421B70547E147E392E5F003470600C2
:109340008D46E3EDE6EE238DE1A4C5BD1947E14767
:10935000E396E5EE1946A685138541A545BD05476B
:10936000E147E39DE5EC034706009D46E3E8E6ECB4
:10937000A388E1A4D9B50547E147E391E5EC0347AC
:1093800006008D46E3ECE6EA238EE1A47DB50947AD
:10939000E147E395E5EA0356060005671307A7C70B
:1093A0009306A6FFC206C182E36AD7E82398C18666
:1093B00069B50947E147E393E5E803560600056709
:1093C0001307A7C79306A6FFC206C182E368D7E6C4
:1093D0002397C1869DB50547E147E391E5E68347BD
:1093E00006002388F1A491BDE14763EFA700094778
:1093F0008947E395E5E42244B2409244024983550B
:10940000060041016FC0CEC589470DBDE14763E944
:10941000A700094789476396E50083550600DDB735
:1094200089473E858280011106CE2AC6EF20CFCD26
:1094300009C9B245F240034505004D4605616FC0BC
:109440004EB9F240494505618280411106C6EFA040
:109450005FA11715FFFF13052503EFA09E99EF00ED
:109460009FF317C5FEFF1305A549EFA09E98EFC017
:10947000AEC417E5FEFF13056554EFA09E97EFE01D
:10948000AED01755FFFF130505C3EFA09E96EF4022
:10949000DFB117F5FFFF13054544EFA09E95EFF0F0
:1094A0000FC21705FFFF1305E558EFA09E94EF00CC
:1094B0008FD4B24041016FF0DFA997E7FE1F938779
:1094C00067EB8C4317E7FE1F035707EB0565138611
:1094D000052223A4C1A8938785FFBA9723A0F1A8EA
:1094E0001D05930600206364E5009356370033079B
:1094F000D60023A2E1A823A0E522E1162312D6007C
:10950000231306001CC3998FE1172312F7002313BE
:1095100007008280938781A8938601A89C4390428C
:109520002A87B305B5406314F6003A8529A89386C7
:1095300087009C43E369D7FEE377F7FE2E85E3E4DB
:10954000D5FEE3F2F5FE828083D705002300F50007
:1095500083D70500A183A300F5000945828083C756
:10956000250005472300F50003D505006397E700B4
:109570000A050505420541818280C9473305F50288
:10958000CDBF03D505000A0542054181828083D7FE
:1095900025002300F50003D5050083D725003305FA
:1095A000F502050542054181828003D505008280D0
:1095B00003D50500828003D50500828083D725006E
:1095C0002300F50003D5050083D725003305F502F8
:1095D000050542054181828083D705002300F500FF
:1095E00083D70500A183A300F50083D725002301BD
:1095F000F50083D72500A183A301F50003D545001D
:10960000110542054181828083D705002300F500C2
:1096100083D70500A183A300F50003D52500090524
:1096200042054181828089471145639BF60083474B
:109630001600834606000145A207D58F2310F700C8
:10964000828003D70500D947AE8663FAE700014759
:109650000D4697050000938565EF6FB08E93094521
:10966000828011456393A602834716008346060055
:109670000145A207D58F2310F700834736008346A4
:109680002600A207D58F2311F700828083C725000B
:109690000547FD1793F7F70F6361F70483D70500BC
:1096A0008DCF011122CC2A84C84106CE15C12EC609
:1096B0008945EFF03FE62A8722856244B246F240B0
:1096C0001546970500009385C5E905616FB06E8C5E
:1096D000F2406244094505618280094582809547D0
:1096E000114563F9D706411122C426C24AC006C6F5
:1096F00083471600BA8403470600A2073284D98F35
:109700002390F40083473600034726009305440066
:10971000A207D98F2391F40089472382F4000946D8
:1097200013855400368997B0FE1FE7800094930795
:10973000A9FF2394F4009947631BF90023A60400B2
:10974000B2402244924402490145410182801904F9
:10975000C0C4FDB7828083D705008DCF011122CC14
:109760002A84C84106CE15C12EC68545EFF09FDA82
:109770002A8722856244B246F2401D4697050000C2
:10978000938565E005616FB0CE80F2406244094583
:10979000056182800945828099476395F60489476F
:1097A000411106C62302F7008347160083460600D0
:1097B000B285A207D58F2310F70083473600834672
:1097C000260003464700A207D58F13055700231133
:1097D000F700910597B0FE1FE7802089B240014550
:1097E00041018280D14711456394F600C1474DBFC6
:1097F000828083D705008DCF011122CC2A84C841F5
:1098000006CE15C12EC68945EFF0DFD02A87228506
:109810006244B246F240254697050000938565D71D
:1098200005616FA01EF7F240624409450561828020
:109830000945828089471145639BF60083471600DE
:10984000834606000145A207D58F2310F7008280CA
:10985000011122CC2A84C84106CEAE86014719C523
:109860002EC68545EFF01FCBB2462A87228562447B
:10987000F2402D4697050000938565D305616FA0E2
:109880005EF111456393A6028347160083460600E6
:109890000145A207D58F2310F70083473600834682
:1098A0002600A207D58F2311F7008280011122CC58
:1098B0002A84C84106CEAE8611C52EC68545EFF076
:1098C0007FC5B2462A8722856244F2403546970515
:1098D0000000938525CE05616FA0BEEB93F71600BF
:1098E000114589EB89476387F60085822312D700EB
:1098F00010C301458280011122CC2A84C84106CEC2
:1099000015C12EC68545EFF0FFC02A872285624427
:10991000B246F2403D4697050000938505CA0561B1
:109920006FA03EE7F240624409450561828083D71B
:1099300005008DCF011122CC2A84C84106CE15C165
:109940002EC68945EFF01FBD2A8722856244B246A4
:10995000F240454697050000938585C605616FA0D6
:109960005EE3F240624409450561828009458280D8
:10997000854763FCD7022304A700A304B7008347ED
:10998000160083450600A207CD8F2310F7009387AA
:10999000E6FF2311F70089476386F600090650C3E6
:1099A0000145828023220700E5BF114582800147DF
:1099B00081464D4681456FA0DEDD8D47114563FB35
:1099C000D7028347160083450600A207CD8F2310D8
:1099D000F7008347360083452600A207CD8F231169
:1099E000F7009387C6FF2312F7006386A6001106CF
:1099F00010C70145828023240700E5BF011122CC56
:109A00002A84884506CEAE8611C52EC69545EFF050
:109A10007FB0B2462A8722856244F2405D469705B0
:109A200000009385A5BB05616FA0BED68547114593
:109A30006397F6008347060001452300F700828004
:109A400001478146654681456FA0BED4011122CCF5
:109A50002A84C84106CEAE86014719C52EC68D455B
:109A6000EFF05FABB2462A8722856244F2406D4632
:109A700097050000938585B905616FA03EC6011169
:109A800022CC2A84C84106CEAE86014719C52EC60F
:109A90008D45EFF03FA8B2462A8722856244F24006
:109AA000754697050000938565B605616FA01EC3D6
:109AB000814717380000130868291306F00F330791
:109AC000F800834607001397060141836364E500AD
:109AD0006393C600828083D605006365D700239018
:109AE000E5008280850793F7F70FD1BF4111939767
:109AF000050122C406C626C2C1872E8463D507028B
:109B0000EF901EA9AA8409CD83470500054793C796
:109B100007086364F700EF804FF02685EF90BEA042
:109B20002165218D31A893F7150085C397E7FE1FA6
:109B30009387C7A89C5BFC5F91C382971345140071
:109B4000B240224492444101828093F7250089CF9C
:109B500097E7FE1F938787A69C5B83A7070891C39F
:109B6000829713452400E9BF93F7450091C7EF00A2
:109B7000B04113454400E9B793F7050281CF97E759
:109B8000FE1F9387A7A39C5FBC4791C38297134591
:109B900004027DB793F7050181CF97E7FE1F9387F6
:109BA000E7A19C5FFC4391C382971345040149BF21
:109BB00093F7052081CF97E7FE1F938727A0BC432B
:109BC000BC5391C38297134504209DBF93F70510A2
:109BD00081CF97E7FE1F9387679EBC43FC4F91C3DD
:109BE000829713450410A9BF939725010145E3D936
:109BF00007F497E6FE1F83C6D69C17E6FE1F0346B2
:109C0000469C97E5FE1F83C5B59B17E5FE1F0345E0
:109C1000259BEFD06FB1096529B7411122C417E424
:109C2000FE1F1304A49926C21306C00A8145AA8404
:109C3000228506C623AA019C23A601A8EF903EC94F
:109C400097D7FE1FA38797769307F00F3CDCF97731
:109C5000FD172313F40A2314F40AFD472305F40A1D
:109C600097D7FE1F83C7F77113970701B9078E07B0
:109C70002311F4022313F402A1472317F400B707BA
:109C800060819387777D1CC81CCCB707480141834E
:109C9000ED072310E4022312E4025CCC3717608145
:109CA000B7071600130787809387079058C81CD4FE
:109CB000232E0406EFA05FB6EF601F80EFA08FB1E8
:109CC0002244B240924441016F00B074411197E7C1
:109CD000FE1F9387A78E22C4805B06C626C24AC099
:109CE0008344140689E8194697E5FE1F93858595F8
:109CF0001305240625A08547639DF40697E7FE1FFC
:109D000083C7E78B13052406194697E5FE1F938545
:109D1000C59389E797E5FE1F9385859397A0FE1F5E
:109D2000E780A03497E7FE1F83C7578991CF834709
:109D3000F4061307000493F7070C6397E700130575
:109D40008406EF00B06368CC8547A303F400854523
:109D500017D5FE1F0345F56597E7FE1F238007868D
:109D6000EF90FEC20145B2402244924402494101B3
:109D700082800949639724058347840623000406EB
:109D800089E785472300F406B9BF13058406EF0071
:109D9000D05968CC0DC1EF0030356C4C83C7A5009D
:109DA00099CB230094061946B1051305240697A004
:109DB000FE1FE780802B034704068947E304F7F67C
:109DC000C9B78D474945E390F4FA834784062300D9
:109DD000040691EB85472300F406194697E5FE1F1C
:109DE0009385A58631B713058406EF00105468CC1F
:109DF0000DC1EF00702F6C4C83C7A50099CB2300D9
:109E000024071946B1051305240697A0FE1FE78015
:109E1000C025034704068947E306F7F065BF4111F3
:109E2000C5451305000922C406C697B0FE1FE7808A
:109E300040BD2A8431CD13060009814597D7FE1F06
:109E400023A6A77AEF90BEA885472302F4009307C4
:109E500000F92303F40097D7FE1F9387A76AD84B16
:109E60009C4F2322E4082324F4088D472307F400A1
:109E7000970700009387C7E53CDC970700009387AE
:109E800067327CDC97070000938767292320F4085A
:109E90002285B24022444101828097D7FE1F9387DA
:109EA000E771FC4B639A0726011126CA9384C19E71
:109EB0009C4006CE22CC98434AC84EC60D8B05C3A3
:109EC000B84B619BB8CB98431367870098C39C43FA
:109ED0008D83858B89C701000100010001009C4032
:109EE0001307A005B70600F9B8CB1307000AB8D3CB
:109EF0007D47D8C39387C19D9C43FD161389419F1D
:109F0000984F2A84758FB7060002558F98CF984FC7
:109F1000137737F81367870198CF83260900D8563F
:109F2000759BD8D6034755009376F7079843137768
:109F300007F8558F98C337C7898E130767ED98C701
:109F40003757550013075755D8C3D857B70600F0F1
:109F5000FD16719BD8D79843758F98C38347050129
:109F6000054783264508BD8B2304F5006396E71853
:109F70003147A304E5002380F600834715069309C3
:109F8000A506898B8DC36C4D99CD83C7250181CFE3
:109F900083C735011946D105A304F5064E8597A060
:109FA000FE1FE780800C8347940689CB0327440873
:109FB0008347070093E707F82300F70003254408C9
:109FC0001946CE85210597A0FE1FE780000A83472A
:109FD000140693092406898B85C36C4C91CD83C7E5
:109FE000A50099CB89472300F4061946B1054E8593
:109FF00097A0FE1FE780600783471406858B91E7D3
:10A00000034704068947631AF70003274408834778
:10A01000070093E707042300F7008327440803475A
:10A0200094001946CE85A380E7000325440809055E
:10A0300097A0FE1FE7806003930720F92303F40035
:10A040009387019E032744089C4381451705000020
:10A050001305452798CBEF909ECCEFA06FB88547AE
:10A0600017D7FE1FA303F74A930740F92303F40011
:10A0700097D7FE1F2389074897D7FE1FA385074858
:10A0800097D7FE1F238207489307003417D7FE1F78
:10A090002320F74898403C53FDFF8327090083A7FE
:10A0A000070913977700634C070097D7FE1F938724
:10A0B000672C9C5B89C785451305000882978347F9
:10A0C00094009840A16693863630920754C79387D0
:10A0D00087113CD3930700F897D6FE1F2386F642DC
:10A0E0006244B167F240D2444249B2499387373063
:10A0F0005CC705616FA0AFA9034725019305C401A3
:10A1000019071377F703A304E5002380F60003255E
:10A110004508034624017DB58280411197D7FE1F73
:10A120009387C74922C4805B06C6854703477400EE
:10A130006314F7068347540013075002639CE70239
:10A140008347140113F7270005CF93076002A3028A
:10A15000F4002285EFF07FD483471401918B8DCFDB
:10A160002244B24017D5FE1F0345B524894541015D
:10A170006F90FE81130760026390E702834714012A
:10A18000918B99CB93077002A302F400228522449D
:10A19000B24041016FF07FD0B24022444101828041
:10A1A000411197D7FE1F9387674122C4805B06C683
:10A1B00026C28346740005476399E60A83C70700F1
:10A1C00083568401850793F7F70F17D7FE1F2307E0
:10A1D000F73E130700643347D70263C8E700EF90E8
:10A1E000BEE097D7FE1F238B073C8347140117D58A
:10A1F000FE1F0345151C13F7170019CB1307500258
:10A20000A302E400998B91CF8945EF904EF811A8F5
:10A2100013F74700898B85CF93076002A302F400F0
:10A2200065F703470401854797D4FE1F83C474185C
:10A230006315F7020356840126858545EF909E85B8
:10A2400022852244B240924441016FF01FC571DB68
:10A2500093077002A302F400E9B7B9450545EF90F2
:10A260003ED2035684012A96C1BFB2402244924492
:10A2700041018280411197D7FE1F9387273422C462
:10A28000805B06C6EFA0CF95EFA0CF982313040004
:10A290002302040017D4FE1F130484110345340065
:10A2A0008545EF90DE95034534008945EF903E9556
:10A2B000034534002244B240914541016F903E94E1
:10A2C00039714ED697D9FE1F9389492F22DC03A4FA
:10A2D000090352D456D25AD0216AB16A056B4AD8C2
:10A2E0005ECE62CC06DE26DA66CA17D9FE1F1309D7
:10A2F0006921930BF400130A3A30938A3A30130C15
:10A30000ABC783476400130750096390E73AEFA097
:10A31000CF8583473900858B638307340325840801
:10A320005E86814597D7FE1FA38F071C97A0FE1F4F
:10A33000E780E04155ED832584087D4783C71500FC
:10A3400093F7F7032305F400E91793F7F70F636119
:10A35000F70A83C70500BD8BA305F400F51793F733
:10A36000D70FD9E7930424061946A1052685EF9057
:10A370002EDC3DCD83258408930C2407194683C722
:10A380000500668589059987858BA308F40697A043
:10A39000FE1FE78080CD97D7FE1F83C73722638AD1
:10A3A000071A834714076386071A8347740713073E
:10A3B000000493F7070C639EE7187C4CB9C703C7EA
:10A3C000270121C703C73700668613672700A30844
:10A3D000E40603D5270003D7470083D5670083D75A
:10A3E00087004207598DC207DD8DEF00E07C21E92F
:10A3F00097D7FE1FA38C07100347640093076009DB
:10A40000E301F7F0EFA00F8161AC834784000547BB
:10A41000BD8B6399E7001946E6851305A406EF9006
:10A420002ED1F1B713050407EF00407568CC630225
:10A4300005128347350093E72700A308F406034776
:10A44000B40095476312F71483478400B98BCDF3AA
:10A4500083A7090663820720EF90DFFB83A7090625
:10A460008297EF505FDEAA846308051E9387819070
:10A470009C43829783258408A8DC154683C7F50092
:10A4800003C7050113850410A2074207BA9703C743
:10A49000E500F905BA9703C735FF6207BA9723A409
:10A4A000F40883C755FF03C765FFA2074207BA97A1
:10A4B00003C745FFBA9723A6F40883C775FFA38394
:10A4C000F40283C795FF03C785FFA207D98F2394A2
:10A4D000F40283C7B5FF03C7A5FFA207D98F239551
:10A4E000F40283C7D5FF03C7C5FFA207D98F239600
:10A4F000F40283C7F5FF03C7E5FFA207D98F2397AF
:10A50000F40297A0FE1FE78040B603278408834724
:10A510003702FD8B2382F402834737029583A3829F
:10A52000F40283D7A402E917C207C183636EFC005B
:10A5300003D7C4029307301F63E8E70003D7E402A0
:10A5400093070BC863F6E71003D54400EF503FEEC6
:10A5500045B5834784000547BD8BE38EE7EA834713
:10A56000C4000347B40093F6170089CA8D466317E9
:10A57000D70028586C58EF907F9195BD898BE38068
:10A5800007EC9547E307F7FE83478400BD8B81C73F
:10A590001947E39FE7E48347340111472304E400AC
:10A5A0009907A304F400832744082380E700834726
:10A5B00094000327440893F7F703A300F7008347A9
:10A5C0001406858B91E7034704068947631AF70051
:10A5D000032744088347070093E707042300F70095
:10A5E00003254408A6851946090597A0FE1FE780A4
:10A5F000C0A703254408034634019305C40321057D
:10A6000097A0FE1FE78060A6930760F92303F4007C
:10A610001387C19E8347940018431305A005920732
:10A62000232647019387C71C3CD3930700F897D68E
:10A63000FE1F238BF6EC2326570197A0FE1FE78011
:10A64000400297A0FE1FE78020FFEF90BFDC4DB3D4
:10A6500083A7490626858297EFF0DFC151BB83446B
:10A660004900854793F4F40FE39DF4C897D7FE1F84
:10A67000238C07E8EF901FDA97D7FE1F83C707E9FF
:10A6800085E383479900850793F7F70F17D7FE1FD8
:10A69000A30EF7E6A18B89C797D7FE1F239897E6ED
:10A6A000930720F92303F4006DA013074009639278
:10A6B000E70483472900858B9DC397D7FE1F23841A
:10A6C00007E48347840013F7E70009C7BD8B1947E8
:10A6D000E39AE7D2930750F92303F4001DB18347AF
:10A6E00049000547E31FF7C097D7FE1F238E07E0F9
:10A6F00011BB13076009E396E7C083472900858BE8
:10A70000B5C797D7FE1F238007E0EF90BFD0930710
:10A7100010F9938401A02303F4009C409DCBDC43FB
:10A720008DCB89472302F10083471407130561008D
:10A730001946A302F1008347F4009305240723067A
:10A74000F10097A0FE1FE78040929C404800DC4348
:10A750008297F2506254D2544259B259225A925AB4
:10A76000025BF24B624CD24C2161828083474900EC
:10A770000547E318F7B897D7FE1F238707D8EF9050
:10A780007FC9930710F939BF411106C6EFF09FAE9C
:10A79000B2401306200893050008014541016F707F
:10A7A000BFA397D7FE1F83C7D7C095E7411117F501
:10A7B000FFFF1305E53306C6EF90AEE3EFF0EFC5FC
:10A7C000B24097F7FFFF9387C76517D7FE1F232176
:10A7D000F7E24101828097F7FFFF9387876417D7DD
:10A7E000FE1F2327F7E08280411197D7FE1F938732
:10A7F000E7DC22C406C6A04397D7FE1F83C737D124
:10A8000081CF17D7FE1F034787D099476316F700FC
:10A8100097D7FE1FA38D07CE97D7FE1F83C7F7CE0E
:10A8200093F6D70F1547639BE60017D7FE1F23004B
:10A83000F7CE854717D7FE1FA30BF7CCEF909FBD30
:10A840009305001017D5FE1F0345B5B6EF902EBB3C
:10A850009305002017D5FE1F0345B5B5EF902EBA1E
:10A8600023020400231304002244B24013061008FC
:10A8700093050008014541016F701F96797122D43C
:10A8800006D683C735002E8423160100A307F100E6
:10A8900083C74500100802C02307F10083C7550095
:10A8A0008A8502C2A306F10002C402C802CA02CC11
:10A8B00002CEEF907F8D0347F101834704000145ED
:10A8C0006310F7020347E101834714000145631950
:10A8D000F7000345D101834724001D8D1335150072
:10A8E000B25022544561828097D7FE1F938707CDCF
:10A8F000FC5B91E382806384A700DC5FDDBF4111D4
:10A9000022C406C68347A5002A8489C79305C500CB
:10A910006905092E8347240189CB9305440113055A
:10A92000A4022244B2404101F5ACB24022444101AC
:10A930008280AA862E86AA85170500001305C50009
:10A940006F902E9E97D7FE1F938747C7F85B4111E4
:10A9500026C206C622C4BE8411E7B24022449244F5
:10A96000410182806304A700585FFDB78347A500BB
:10A970002A8489C79305C50069056D24834724018E
:10A9800091C7930544011305A402692C2285224432
:10A990008C54B240924441016FF0BFF979714AD0B2
:10A9A00017D9FE1F130989C122D40324490726D2CF
:10A9B0004ECE52CC56CA06D6AA8402C002C202C4E7
:10A9C00002C6014A93094500854A79E0E945130525
:10A9D000000497A0FE1FE780C0022A8479C983C7BC
:10A9E0003400194693854400A301F50011059790A2
:10A9F000FE1FE78080679309A40141469385A40167
:10AA00004E85EF803EF541468A854E85EF805EF2A9
:10AA10005DE985472305F400834734009305C400AE
:10AA20004E8593E72700A305F400ED2A9309A402BD
:10AA300041469385A4024E85EF80DEF141468A852A
:10AA40004E85EF80FEEE59E185472309F4008347E8
:10AA50003400930544014E8593E72700A309F400D1
:10AA6000D122832589022285EFF0BFEC63130A0609
:10AA700097D7FE1F23AE87BA03550907232E04027A
:10AA800005054205418197D7FE1F2391A7BA1DA056
:10AA90000347340083C734006305F700228A405C13
:10AAA0002DB74146CE8513054400EF807EE8E317BD
:10AAB00055FF0145B250225492540259F249624A5C
:10AAC000D24A45618280230504008DB72309040022
:10AAD00049BF232E8A024DB7411197D7FE1F938796
:10AAE000E7AD22C4E05B26C206C64AC0FD5419EC9D
:10AAF000B240224497D7FE1F23AC07B297D7FE1F60
:10AB0000239607B292440249410182800345040022
:10AB1000EF900E920329C40323009400228597A08E
:10AB2000FE1FE780A0F74A84D9B7011197D7FE1F0F
:10AB30009387C7A822CCE05B26CA4AC84EC606CE79
:10AB4000AA8413092500854915C083C7140003474B
:10AB50003400858B6304F700405CFDB7194693050C
:10AB600044004A85EF80DEDCE31835FF2285F240A1
:10AB70006244D2444249B24905618280411197D76B
:10AB8000FE1F9387A7A322C4E05B26C24AC006C665
:10AB900093042500054901E82285B24022449244ED
:10ABA000024941018280A6851305A402EFF01FCD62
:10ABB000E30425FF405CC5B7011197D7FE1F9387BB
:10ABC000E79F22CCE05B26CA4AC806CE2AC42EC61E
:10ABD000B284054919E001452DA003479100834740
:10ABE00034006316F7021946930544001305A100CB
:10ABF000EF801ED4631D2501A6851305A402EFF086
:10AC0000FFC7F2406244D244424905618280405C01
:10AC1000D1B797D7FE1F9387679A2398070623AA71
:10AC200007065DA0397122DC3704400026DA4AD8D5
:10AC30004ED606DEAA89AE841309F4FFCA85014503
:10AC4000EF908EB865DDE30B25FF498C13170401E7
:10AC5000418321839317840013590401D98F23164C
:10AC600001001379F90F10088A854E852317F1002A
:10AC7000A306210102C002C202C402C802CA02CC59
:10AC800002CEEF906FD08347E1010347D101A3814A
:10AC90008400A2074207BA970347F101218023826B
:10ACA0008400BA97F25062542380F40013D78700CF
:10ACB000C183A3822401A380E4002381F4004259CC
:10ACC000D254B259216182800111194697C5FE1FE5
:10ACD0009385A56B17D5FE1F1305C59606CE22CC0E
:10ACE00026CA4AC891644EC69790FE1FE780E03797
:10ACF0009385F4FF0145EF90EEAA2A84FD550145A6
:10AD0000EF908EACA287FD147D5933F79700B366A0
:10AD1000E500F9C6631425016304970C17D7FE1FDD
:10AD2000230AF792A18393E707FC9169416417D73F
:10AD3000FE1F232FA79017D7FE1FA30DF790FD1915
:10AD400017D9FE1F130989877D14CE850145EF9021
:10AD50006EA5AA84FD550145EF900EA7B367950037
:10AD6000EDD7FD576314F500E38134FF97D7FE1F3D
:10AD70002393A78E9357050117D7FE1F230EF78C39
:10AD80009357850117D7FE1FA308F78C97D7FE1F8F
:10AD90002385978CA18093F4F40397D7FE1FA38E8D
:10ADA000978A8317890842054185618DE18F631277
:10ADB000F5020317C9098317A908618FE18F631A88
:10ADC000F7000317E9098317C908618FE18FE30EC4
:10ADD000F7F6F2406244D2444249B24905618280AA
:10ADE000A6850145EF900E9C2A84FD550145EF9004
:10ADF000AE9DA28719BF11CE93070002918F635BAE
:10AE0000F0003355C500B397F50033D6C5005D8D0E
:10AE1000B2858280130506FE014633D5A500B285B2
:10AE2000CDBFB687B2882A832E88639D061463F946
:10AE3000C50A4167636EE61AB70700016363F6341B
:10AE400093568601E147172700001307A7F13697AD
:10AE500003470700BA97130700021D8F19CB3398D9
:10AE6000E500B357F500B318E60033E807013313E4
:10AE7000E50013D608013355C80293960801C18234
:10AE8000935703013377C802B385A602420733689C
:10AE9000F700637AB80046989307F5FF63641801DA
:10AEA0006367B8303E853308B8403357C802420361
:10AEB000135303013378C802B386E60242083368AD
:10AEC0006800637BD80046989307F7FF6365180115
:10AED00079176363D8003E874205598D814582808A
:10AEE00001E60547B358C702416763EAE80EB707B2
:10AEF000000163ECF82893D68801E147172700008A
:10AF0000130747E6369783460700BE96930700026D
:10AF1000958FE5EB939E08013387154113DF0801F8
:10AF200093DE0E018545935703013355E7033377CD
:10AF3000E703B306D5034207D98F63FAD700C69754
:10AF40001307F5FF63E4170163E6D7263A85958F6B
:10AF500033D7E703420313530301B3F7E703B30EF9
:10AF6000D703C207B3E7670063FBD701C697930611
:10AF7000F7FF63E51701791763E3D70136874205C9
:10AF8000598D828063E2D504C16763E2F604B70796
:10AF9000000163E4F61E13D786016148972700007D
:10AFA000938747DCBA9703C70700130E0002429746
:10AFB000330EEE40631A0E0C63EDB61C3335C5003C
:10AFC00013451500814582808145014582809307A4
:10AFD000F00F63F3D71C13D786002148C1B71307BE
:10AFE000F00FC686E37C17F193D68800A14739B7E6
:10AFF0001307F00FB286E378C7E493568600A147A3
:10B0000099B5B398F80033D6D50013DF0801335E45
:10B01000E6033397F500B356D500558F939E08018C
:10B0200093DE0E013313F50093550701B376E60363
:10B03000B387CE03C206CD8E63FBF600C696130619
:10B04000FEFF63E4161763F2F616791EC6969D8E10
:10B0500033D6E60393170701C183B3F6E6033385BE
:10B06000CE02139706015D8F637BA7004697930777
:10B07000F6FF636817136376A71279164697931540
:10B080000E01098FD18D45B5B357E600B396C601C1
:10B09000DD8E33D3E50013DF0601B357E303939E40
:10B0A000060193DE0E013398C5013357E50033687E
:10B0B0000701935808013316C6013373E303B385C0
:10B0C000FE024203B368130163FBB800B69813870E
:10B0D000F7FF63EAD80C63F8B80CF917B698B38891
:10B0E000B84033D7E803420813580801B3F8E8031F
:10B0F0003383EE02C208B3E5080163FB6500B69531
:10B100001308F7FF63EDD50863FB65087917B6955B
:10B11000C207416FD98F1307FFFFB3F6E70093D83B
:10B120000701718F4182B38EE602B3856540B38615
:10B13000C60213D80E013387E802BA96C296338648
:10B14000C80263F3E6007A9693D80601469663E256
:10B15000C5026385C5003E858145828041677D17B4
:10B16000F98EC206B3FEEE003315C501F696E37400
:10B17000D5FE1385F7FF8145828013D7060141482C
:10B1800031BD93560601C1477DB993D60801C14729
:10B19000B5B38145054582803687014801B54287B0
:10B1A00085BF3E86E9BDBA871DBF328E4DB5791584
:10B1B0004698D5B97915C69759BBB3C7A5008D8BED
:10B1C0003307C50081E78D4763EEC700AA87637028
:10B1D000E50A83C6050085078505A38FD7FEE3EA48
:10B1E000E7FE828093763500AA8791CA83C6050060
:10B1F00085078505A38FD7FE93F63700FDB79376B5
:10B20000C7FF138606FE63F0C70683A3050083A26B
:10B21000450083AF850003AFC50083AE050103AED3
:10B22000450103A3850183A8C5019385450223A099
:10B23000770003A8C5FF23A2570023A4F70123A684
:10B24000E70123A8D70123AAC70123AC670023AED7
:10B2500017019387470223AE07FF75B79041910707
:10B26000910523AEC7FEE3EBD7FEE3E4E7F6828069
:10B2700039713EDA2ED232D436D63AD842DC46DEA6
:10B280009387418722CC804326CA06CEAA8409C46C
:10B290001C4C99E3228525230C44541026862285D4
:10B2A00036C6EF001018F2406244D2442161828019
:10B2B000011126CA4AC806CE22CC4EC652C4AA8460
:10B2C0002E8901C51C4D91E3DD299C4C804499E3F6
:10B2D0002685F521972700009387C7BA631CF402DF
:10B2E000C0408357C400A18BB1C71C48A1C7FD59FA
:10B2F000294A1C4483450900FD17B1E91CC463DEDB
:10B3000007062286A94526857920FD576308F502A0
:10B31000294535A0972700009387C7B86314F40028
:10B320008044C1B7972700009387C7B3E31BF4FAA3
:10B33000C04445BFA2852685392A55D97D55F2409E
:10B340006244D2444249B249224A056182801CC407
:10B35000050963D70700184C63CBE70063894501F3
:10B360001C401387170018C02380B70059B72286E6
:10B3700026851520E31F35F7D1B71C40138717002A
:10B3800018C029472380E70061B793874187AA85C2
:10B3900088436FF0FFF1011122CC26CA4AC806CEBD
:10B3A0004EC6AA842E89328401C51C4D91E3012921
:10B3B00097270000938707AD6319F406C0401C4C23
:10B3C0001CC48357C400A18BC9C31C48BDCF1C48F3
:10B3D00008409379F90F1379F90F1D8D5C48634686
:10B3E000F500A2852685652C2DE51C440505FD1775
:10B3F0001CC41C401387170018C0238037015C4809
:10B400006389A7008357C400858B81CBA947631646
:10B41000F900A285268561240DEDF24062444A853B
:10B42000D2444249B2490561828097270000938740
:10B4300067A76314F400804459B7972700009387E7
:10B4400067A2E31EF4F6C0449DBFA2852685212095
:10B450003DDD7D59D9B741119387418726C2844389
:10B4600022C44AC006C62A892E8489C49C4C99E30A
:10B470002685B126972700009387C7A0631CF40296
:10B48000C0400317C40093170701C18393F68700D8
:10B49000B5EE93F607019DEEA5472320F90013674B
:10B4A00007042316E4007D55B24022449244024929
:10B4B00041018280972700009387C79E6314F400A0
:10B4C0008044C1B7972700009387C799E31BF4FA1C
:10B4D000C04445BF918B8DC74C5889C9930744041C
:10B4E0006384F5004A85892B232A04028357C4000C
:10B4F0002322040093F7B7FD2316F4001C481CC058
:10B500008357C40093E787002316F4001C4881EF9B
:10B510008357C4001307002093F707286385E700CB
:10B52000A2854A8595298357C40013F7170005C7DC
:10B530005C4823240400B307F0401CCC1C480145A0
:10B54000A5F78317C40013F7070839DF93E707044B
:10B550002316F40089BF898B014791E3584818C42A
:10B56000F1BF83D7C500011122CC26CA06CE4AC836
:10B570004EC613F78700AA842E8471EFD841634D1D
:10B58000E000B841634AE0000145F2406244D24421
:10B590004249B2490561828058547DD703A904000D
:10B5A0009396370123A0040063DD06067048835795
:10B5B000C400918B99C75C401D8E5C5899C33C4078
:10B5C0001D8E5C540C50814626858297FD5703578B
:10B5D000C400631DF5009440F54763E8D706B7073C
:10B5E00040208507B3D7D700858BA5C31C482322ED
:10B5F00004001CC09317370163D80700FD5763147C
:10B60000F5009C4091E368C84C5823A02401ADDDAF
:10B61000930744046384F50026853929232A04020C
:10B62000A5B70C500146854626850297FD572A8608
:10B63000E31FF5F69C40A5DF75476385E700594792
:10B640006394E70423A0240181B71367070423163A
:10B65000E4007D551DBF83A90501E38709F203A915
:10B6600005008D8B23A0350133093941014791E352
:10B67000D84918C4E35A20F11C540C50CA864E868F
:10B68000268582976349A0008357C40093E7070487
:10B690002316F4007DBFAA993309A940E1BF9C4954
:10B6A000A5C3011122CC06CE2A8411C51C4D81E709
:10B6B0002EC63122B245971700009387A77C639C62
:10B6C000F5004C408397C5009DC722856244F24037
:10B6D00005616FF01FE9971700009387A77C6394BB
:10B6E000F5000C44C5B7971700009387A777E39B35
:10B6F000F5FC4C44C1BFF2406244014505618280C3
:10B7000001458280411122C406C62A842316B50051
:10B710002317C5002320050023220500232405004C
:10B720002322050623280500232A0500232C0500D3
:10B73000214681451305C505EF507ECA97170000C5
:10B74000938787B65CD0971700009387E7B81CD41F
:10B7500097170000938727BD5CD497170000938745
:10B76000E7BF00D01CD8B240224441018280970537
:10B770000000938505F3B1AA411126C21306800685
:10B780009384F5FFB384C4024AC02E8922C406C63E
:10B7900093854407B1262A8401CD23200500232266
:10B7A0002501310508C4138684068145EF503EC348
:10B7B0002285B240224492440249410182801C4DBC
:10B7C000B5E7411106C622C497070000938767FAC0
:10B7D0001CD5971700009387677A9C4323240504A0
:10B7E00023260504232805046314F50085471CCD92
:10B7F0002A84352848C022851D2808C422850528AA
:10B8000048C4484001469145EFF0DFEF0844054643
:10B81000A545EFF03FEF48440946C945EFF09FEEDC
:10B8200085471CCCB2402244410182808280411174
:10B83000971700009387877426C284434AC006C6C0
:10B840009C4C22C42A8981E72685EFF05FF7938418
:10B8500084048044DC40FD1763D607009C40B9CFC8
:10B860008440C5BF0317C40039E7C1778507232289
:10B8700004062320040023220400232404005CC4C3
:10B8800023280400232A0400232C04002146814598
:10B890001305C405EF50BEB4232A0402232C04026E
:10B8A00023240404232604042285B2402244924423
:10B8B0000249410182801304840671BF91454A8583
:10B8C000EFF09FEB88C049FDB1472320F900014408
:10B8D000E1BF797122D44AD052CC56CA5AC85EC64A
:10B8E00006D626D24ECE2A8AAE8A13048504014992
:10B8F000054BFD5B09ECB25022544A859254025923
:10B90000F249624AD24A424BB24B456182800444BA
:10B9100083294400FD1963D409000040E1BF83D7A7
:10B92000C400637BFB008397E40063877701A685EF
:10B930005285829A3369A90093848406E1BF197104
:10B94000A6DAAE848395E500A2DC86DE328463DC71
:10B95000050083D7C40023A0060093F7070885E7F6
:10B96000930700401DA0300836C6EF00B025B24650
:10B97000E34105FE7247BD67F98F7977BA9793B7B0
:10B9800017009CC2F1BF930700041CC0F650665418
:10B99000D65401450961828083D7C500011122CCAC
:10B9A00006CE26CA4AC8898B2E8489CF9307740491
:10B9B0001CC01CC885475CC8F2406244D24442495E
:10B9C0000561828074003000AA84EFF05FF7A24521
:10B9D0002A892685312201ED8317C40013F7072039
:10B9E00061FFF19B93E727002316F400C1B7970787
:10B9F0000000938707D89CD48357C40008C008C8A8
:10BA000093E707082316F400A2475CC8B24791CF1A
:10BA10008315E4002685EF00101E01C98357C4007A
:10BA2000F19B93E717002316F4008357C400336992
:10BA3000F9002316240149B7DDC183A7C5FF4111D1
:10BA400022C406C626C21384C5FF63D307003E94F2
:10BA5000AA84EF003022938701A99C4381EF23221F
:10BA6000040023A881A82244B240268592444101C3
:10BA70006F007020637EF40014403307D400639697
:10BA8000E7009843DC43369718C05CC0D9BFBA873B
:10BA9000D84319C3E37DE4FE94433386D700631F84
:10BAA00086001040B29694C33386D700E31DC7FAD0
:10BAB00010435843B29694C3D8C375B76375C40096
:10BAC000B1479CC04DB71040B306C4006316D70001
:10BAD00014435843B29614C058C0C0C369B782809B
:10BAE000011126CA93843500F19806CE22CC4AC8AB
:10BAF0004EC6A104B14763F3F404B14463E2B40455
:10BB00002A89EF003017938701A998433A8439E0D6
:10BB1000938741A99C4391E781454A85A12F23AA98
:10BB2000A1A8A6854A85B927FD5963193507B147EC
:10BB30002320F9004A85EF00101429A0E3D004FC6B
:10BB4000B1471CC10145F2406244D2444249B24966
:10BB5000056182801C40858F63CF0702AD4663F686
:10BB6000F6001CC03E9404C031A05C406313870201
:10BB700023A8F1A84A85EF0010101305B40093071D
:10BB8000440061993307F5405DDF3A94898F1CC00A
:10BB90005DBF5CC3C5B72287404095BF1304350025
:10BBA0007198E30285FCB305A4404A85E125E31CB6
:10BBB00035FBB5BF1C46FD171CC663DA0700184EDF
:10BBC00063C5E700A9476394F5006FF0CFFC1C4202
:10BBD0002E851387170018C22380B70082800111B9
:10BBE00022CC26CA4AC84EC652C406CE2A89AE897D
:10BBF0003284B304D6007D5A63149400014511A821
:10BC0000834504004E864A85EFF0DFFA0504E3150C
:10BC100045FFF2406244D2444249B249224A05619A
:10BC20008280357122CD26CB4AC94EC706CF52C578
:10BC300056C35AC1DEDEE2DCE6DAAA89AE84328976
:10BC4000368409C51C4D99E3EFF07FB797170000C4
:10BC500093874723639CF40C83A4490083D7C400D3
:10BC6000A18BFDC79C48EDC793070002A304F10216
:10BC70009307000302D22305F10222C6930B500260
:10BC8000971A0000938A0A24054C294B4A8483475B
:10BC9000040099C36391770FB30C2441638E0C00A9
:10BCA000E6864A86A6854E85EFF07FF3FD5763064C
:10BCB000F51E9256E69636D283470400638F071C22
:10BCC000FD571309140002C802CE3ECA02CCA309D4
:10BCD000010482D48345090015465685BD2F1304FF
:10BCE0001900C24759E913F7070109C713070002F2
:10BCF000A309E10413F7870009C71307B002A309DA
:10BD0000E104834609001307A0026380E608F247B6
:10BD10004A8481462546034704009305140013070F
:10BD200007FD6379E60AB5CA3ECE85A897170000DD
:10BD3000938747176395F40083A4890005B7971785
:10BD4000000093872712E39BF4F083A4C90039B75E
:10BD5000A6854E85EFF02FF001D97D55FA406A4453
:10BD6000DA444A49BA492A4A9A4A0A4BF65B665C5F
:10BD7000D65C0D618280050419BF3305554133152A
:10BD8000AC00C98F3EC82289B1B73247930647003D
:10BD9000184336C6634907023ACE034704009307A7
:10BDA000E002631FF704034714009307A002631B1C
:10BDB000F702B2470904138747009C433AC663C1A0
:10BDC00007023ECA35A83307E04093E727003ACE82
:10BDD0003EC8E1B7B387670385462E84BA9725BF6F
:10BDE000FD57C5B7050402CA81468147254603476A
:10BDF000040093051400130707FD6376E606F1F2CD
:10BE0000834504000D46171500001305250CB125C8
:10BE100011CD971700009387670B1D8D93070004C2
:10BE2000B397A700424505045D8D2AC883450400E9
:10BE30001946171500001305A5091309140023045A
:10BE4000B102212D3DC19747FEFF9387A71B95E7C0
:10BE50004247B2471377071009CF91073EC6925762
:10BE6000D2973ED225B5B387670385462E84BA970D
:10BE7000BDBF9D07E19BA107D5B7780097060000DD
:10BE8000938626D626860C084E8597000000E7008C
:10BE90000000FD572A8AE314F5FC83D7C40093F70A
:10BEA0000704E39C07EA125555BD78009706000089
:10BEB000938626D326860C084E85012AD9BF797130
:10BEC00056CA9C49BA8A984522D426D24ECE52CC24
:10BED00006D64AD05AC85EC6AA892E84B284368A4B
:10BEE00063D3E700BA879CC00347340419C38507AE
:10BEF0009CC01C4093F7070281C79C4089079CC0E7
:10BF00000329040013796900631A0900130B9401D3
:10BF1000FD5B5C449840998F634CF9041C40834658
:10BF2000340493F70702B336D000A5EB13063404AC
:10BF3000D2854E85829AFD576303F5041C40114655
:10BF40009840998B544481446397C700B384E6407A
:10BF500063D3040081441C4418486354F700998F4C
:10BF6000BE94014969047D5B63982405014509A8D5
:10BF700085465A86D2854E85829A631E75017D5507
:10BF8000B250225492540259F249624AD24A424B68
:10BF9000B24B456182800509ADBF3307D40013065B
:10BFA0000003A301C7040347540493871600A29714
:10BFB0008906A381E7049DBF85462286D2854E85EA
:10BFC000829AE30E65FB050945B7797122D426D222
:10BFD0004AD04ECE06D652CC56CA5AC8B68983C667
:10BFE0008501930790063289AA842E84138635042E
:10BFF000638DF60263E2D706930780056388F6181F
:10C0000063EDD7006381062293073004638EF60A3E
:10C01000930A24042301D404C9A09307300663853E
:10C02000F60A93074006E395F6FE1C40084393F694
:10C03000070893054500C5C61C410CC363D807001B
:10C040001307D002B307F040A301E40497160000E1
:10C05000938686E829476DA8930700076384F61640
:10C0600063E5D7029307E006638BF6189307F006A3
:10C07000E390F6FA0C401C4313F8050813854700BB
:10C080006307080608C39C438DA893075007E38302
:10C09000F6FE93078007638BF61293073007E39948
:10C0A000F6F61C43D04181459386470014C383AA0A
:10C0B000070056855D2601C53305554148C05C40E3
:10C0C0001CC8A301040471A81C43930A240493868A
:10C0D00047009C4314C32301F4048547D5B793F666
:10C0E00007041C410CC3B9DAC207C18781BF93F5AD
:10C0F000050408C3C9D983D707001307F00663886E
:10C10000E60E97160000938626DD2947A301040456
:10C110004C400CC463C5050008406D9908C099E304
:10C12000B28A91CDB28AB3F5E702FD1AB69583C5FE
:10C1300005002380BA00B3D5E70263F0E70CA147FE
:10C14000631EF7001C40858B91CB58401C4863C789
:10C15000E70093070003A38FFAFEFD1A330656414A
:10C1600010C84E87CA867000A2852685EFF03FD59D
:10C170007D5A631E450B7D55B2502254925402598C
:10C18000F249624AD24A424B45618280A382D50479
:10C1900097160000938646D40C40084313F8050810
:10C1A0001C411105630D080208C313F7150001C7F0
:10C1B00093E505020CC04147B1FB0C4093F5F5FD3A
:10C1C0000CC0A9B79C4193E707029CC19307800765
:10C1D000A302F40497160000938646D175BF13F8A6
:10C1E000050408C3E30308FCC207C1837DBF97169B
:10C1F0000000938666CE214711BFAE872DB79441CC
:10C200001C43CC4913F80608138547006306080051
:10C2100008C39C438CC301A808C393F606049C433F
:10C22000F5DA2390B70023280400B28A1DBF144812
:10C230005686CA8526858299E30F45F31C40898B73
:10C240008DE7B2474844E359F5F23E8535B7854658
:10C250005686CA8526858299E30F65F1050A5C44F6
:10C260003247998FE345FAFEE9BF014A930A9401E8
:10C270007D5BF5B7411122C42A842E8597B7FE1F36
:10C2800023A4073E06C69D2CFD576319F50097B7FA
:10C29000FE1F9387673D9C4391C31CC0B24022445C
:10C2A00041018280411122C42E848395E50006C697
:10C2B000E122634905007C48AA977CC8B240224429
:10C2C000410182808357C4007D777D17F98F231643
:10C2D000F400EDB783D7C500011122CC26CA4AC8A5
:10C2E0004EC606CE93F70710AA842E843289B689EB
:10C2F00091C78395E5008946014635228357C400DE
:10C300007D777D17F98F2316F4008315E4006244CE
:10C31000F240CE864A86B24942492685D24405611A
:10C320003DA8411122C42E848395E50006C6E52868
:10C33000FD570357C400631BF500FD77FD17F98F08
:10C340002316F400B2402244410182808567D98FD0
:10C350002316F40068C8FDB78395E50025A84111B0
:10C3600022C42A842E85B285368697B7FE1F23AD58
:10C37000072E06C6EF507E86FD576319F50097B766
:10C38000FE1F9387672E9C4391C31CC0B24022447A
:10C3900041018280411122C42A842E8597B7FE1F55
:10C3A00023A4072C06C61922FD576319F50097B779
:10C3B000FE1F9387672B9C4391C31CC0B24022444D
:10C3C00041018280411122C42A842E85B28597B70B
:10C3D000FE1F23AB072806C6D520FD576319F500BD
:10C3E00097B7FE1F938747289C4391C31CC0B24058
:10C3F000224441018280411122C42A842E8597B7AC
:10C40000FE1F23A3072606C6D120FD576319F5009A
:10C4100097B7FE1F938747259C4391C31CC0B2402A
:10C42000224441018280411122C42A842E85B28592
:10C43000368697B7FE1F23A9072206C64520FD575B
:10C440006319F50097B7FE1F938707229C4391C39A
:10C450001CC0B24022444101828093F5F50F2A9618
:10C460006314C5000145828083470500E38DB7FE54
:10C470000505FDB782808280411122C42A842E8561
:10C48000B285368697B7FE1F23A0071E06C6B928B9
:10C49000FD576319F50097B7FE1F9387E71C9C4370
:10C4A00091C31CC0B24022444101828093078005A1
:10C4B00017B7FE1F232AF71A7D5582809307800540
:10C4C00017B7FE1F2322F71A7D5582809307800538
:10C4D00017B7FE1F232AF7180145828093078005AE
:10C4E00017B7FE1F2322F7187D558280930780051A
:10C4F00017B7FE1F232AF7167D558280938781A9DF
:10C500009C4391C73E9523ACA1A83E85828097B7F6
:10C51000FE1F9387A7153E9523ACA1A83E85828078
:10C52000E675FE1FF475FE1F4A76FE1F5676FE1F47
:10C530006276FE1F6E76FE1F7A76FE1F8676FE1FDF
:10C540000676FE1F0676FE1F0676FE1F0676FE1F87
:10C550000676FE1F0676FE1F0676FE1F0676FE1F77
:10C560000676FE1F0676FE1F0676FE1F0676FE1F67
:10C570009A76FE1FA676FE1FAC76FE1FB276FE1FD1
:10C58000C476FE1FCA76FE1FD076FE1FD676FE1F2B
:10C590006C76FE1F7876FE1F7E76FE1F8876FE1F65
:10C5A0009276FE1F9C76FE1F2855FEFF5055FEFF1B
:10C5B0007855FEFF9055FEFFAA55FEFFFE006578F8
:10C5C000706572696D656E74616C00004669726DAC
:10C5D00077617265205265766973696F6E0000003D
:10C5E0004861726477617265205265766973696F1C
:10C5F0006E0000004D616E756661637475726572E0
:10C60000204E616D650000004D6F64656C204E75B5
:10C610006D6265720000000053657269616C204EA6
:10C62000756D626572000000536F667477617265A4
:10C63000205265766973696F6E0000004348353794
:10C64000785F424C455F4C49425F56312E360000C0
:10C65000686561642066696C65206572726F722E10
:10C660002E2E00004C494220696E6974206572725A
:10C670006F7220636F64653A202578202E2E2E0A73
:10C68000000000002A2000007A60FEFF8860FEFFA4
:10C690006C61FEFF6C61FEFF6C61FEFF6C61FEFF72
:10C6A0006C61FEFF3260FEFF2660FEFF6C60FEFFE5
:10C6B0000664FEFF6862FEFF4461FEFF3263FEFF18
:10C6C0004461FEFF3E62FEFF7E60FEFF4461FEFFAE
:10C6D0004862FEFF5E62FEFF0064FEFF0A60FEFF2E
:10C6E00005010906A101050719E029E71500250143
:10C6F0007501950881029501750881019503750101
:10C700000508190129039102950575019101950606
:10C71000750826FF000507190029918100C0000057
:10C7200005010902A1010901A10005091901290357
:10C73000150025017501950381027505950181019B
:10C7400005010930093109381581257F75089503E0
:10C750008106C0C009023B00020100A032090400AA
:10C76000000103010100092111010001223E00071F
:10C7700005810308000A0904010001030102000900
:10C7800021100100012234000705820304000A0081
:10C7900012011001000000403D410721000000008F
:10C7A000000100000E037700630068002E006300A4
:10C7B0006E0000000C03430048003500370078008D
:10C7C0000A060002FF00FF40010000004C69676894
:10C7D00074206F6E204E756D204C6F636B204C453E
:10C7E000442100004C69676874206F6666204E75AE
:10C7F0006D204C6F636B204C454421005265616491
:10C80000417474724342000041646420626C65208C
:10C8100075617274207365727669636520666169FB
:10C820006C65642100000000406AFEFF526AFEFF52
:10C83000EA6AFEFF6A6AFEFFE06AFEFF2A6BFEFFFD
:10C840004552522E2E0000004649464F5F4C454E41
:10C850003A25640D0A00000052313A253032780D35
:10C860000A00000052323A253032780D0A000000EA
:10C87000253032783A626C65756172745F45565442
:10C880005F54585F4E4F54495F44495341424C45B1
:10C89000440D0A00253032783A626C657561727415
:10C8A0005F4556545F54585F4E4F54495F454E4163
:10C8B000424C45440D0A0000424C45205258204449
:10C8C000415441206C656E3A25640D0A0000000059
:10C8D000557064617465202578202D20496E742080
:10C8E0002578200A00000000706572697068657222
:10C8F000616C506172616D55706461746543422072
:10C900006572722E2E00000052535349202D25646B
:10C9100020644220436F6E6E20202578200A00009C
:10C92000496E697469616C697A65642E2E00000035
:10C930004164766572746973696E672E2E0000001B
:10C94000436F6E6E656374696F6E206D61782E2E15
:10C950002E000000436F6E6E202578202D20496E3A
:10C9600074202578200A0000436F6E6E656374653D
:10C97000642E2E00436F6E6E65637465642041649F
:10C98000766572746973696E672E2E0057616974DB
:10C99000696E6720666F7220616476657274697370
:10C9A000696E672E2E000000446973636F6E6E65BA
:10C9B000637465642E2E20526561736F6E3A25781C
:10C9C0000A0000004572726F722E2E004572726F5F
:10C9D000722E2E25780A0000FB349B5F80000080B9
:10C9E0000010000000000000DEA9FEFF16AAFEFFF6
:10C9F00090AAFEFF90AAFEFF28AAFEFF90AAFEFFC3
:10CA00003EAAFEFF62AAFEFF90AAFEFF7EAAFEFFDC
:10CA1000D4AAFEFFF4AAFEFF70ABFEFF06ABFEFF3A
:10CA200070ABFEFF70ABFEFF70ABFEFF28ABFEFFEE
:10CA300070ABFEFF70ABFEFF70ABFEFF4CABFEFFBA
:10CA400026960100EE7A0000629601001088000030
:10CA5000DE960100DC87000098970100A88700009F
:10CA60003498010022930000829801002293000074
:10CA7000DC9801007492000098970100488700003C
:10CA8000709901009C8A0000000000000000000076
:10CA9000BA990100288B00002C9A01002E7B00001F
:10CAA000B00AFFFFBC0AFFFFE00AFFFF620CFFFFB6
:10CAB000440BFFFF880BFFFFCA0BFFFFFA0BFFFFC2
:10CAC0002E0CFFFF840BFFFF100FFFFF100FFFFF67
:10CAD000360FFFFF4E0FFFFF560FFFFF5E0FFFFFEA
:10CAE000660FFFFF6E0FFFFF760FFFFF7E0FFFFF4A
:10CAF000860FFFFFA011FFFF7C11FFFFAC11FFFFAE
:10CB0000F611FFFF5C13FFFF3812FFFF7612FFFFE5
:10CB1000BA12FFFFEC12FFFF2413FFFF0101020115
:10CB200002010102010203030401030101010101E9
:10CB300003030201030000000000000000000000E9
:10CB40000000000000000087F401FA009600640075
:10CB50004B0032001E00140043483537785F424CCA
:10CB6000455F4C49425F56312E3630006CB1FFFFB5
:10CB70007AB1FFFF80B1FFFF86B1FFFF8CB1FFFFED
:10CB8000ACB1FFFFB2B1FFFFB8B1FFFFC2B1FFFF11
:10CB9000C8B1FFFFCEB1FFFFD4B1FFFFDAB1FFFF95
:10CBA000E6B1FFFFECB1FFFFF2B1FFFF26B2FFFFDE
:10CBB000F8B1FFFFFEB1FFFF04B2FFFF0AB2FFFFB3
:10CBC00016B2FFFF26B2FFFF26B2FFFF26B2FFFF1D
:10CBD00026B2FFFF26B2FFFF26B2FFFF26B2FFFFFD
:10CBE00026B2FFFF20B2FFFF10B2FFFF66B3FFFFC8
:10CBF00092B3FFFFA8B3FFFFC0B3FFFFD6B3FFFFA1
:10CC0000F4B3FFFF0AB4FFFF1CB4FFFF38B4FFFF0B
:10CC100050B4FFFF66B4FFFF7EB4FFFF94B4FFFF84
:10CC2000AAB4FFFFC0B4FFFFD2B4FFFFEEB4FFFF12
:10CC30005AB6FFFF70B6FFFF88B6FFFFA8B6FFFF2A
:10CC400034B7FFFFF4B6FFFF14B5FFFF0CB7FFFFCB
:10CC50001EB7FFFF64B5FFFF64B5FFFFFCB5FFFF24
:10CC600002B6FFFF22B7FFFFCCB6FFFF48BCFFFFB5
:10CC700006BAFFFF06BAFFFF8CBBFFFF20BAFFFF1B
:10CC8000FEB9FFFF3EBCFFFF06BAFFFF1EBBFFFF62
:10CC9000C4BBFFFF86BEFFFF48BFFFFF1EBFFFFFF5
:10CCA0007EBFFFFF7EBFFFFFA8BFFFFF2CC0FFFFBF
:10CCB00040C0FFFF62C4FFFF6CC4FFFF82C4FFFFE0
:10CCC0008EC4FFFFA2C4FFFFAAC4FFFFB0C4FFFFD2
:10CCD000BCC4FFFFC6C4FFFFCCC4FFFFD2C4FFFF2C
:10CCE000DAC4FFFFE0C4FFFFF6C4FFFFFEC4FFFF8E
:10CCF00004C5FFFF04C5FFFFE6C4FFFFF0C4FFFF4C
:10CD0000F8C4FFFF16C5FFFF2CC5FFFFE8C6FFFFF5
:10CD10004AC5FFFFA0C5FFFFE6C5FFFF1CC6FFFF1A
:10CD200034C6FFFF4CC6FFFF5EC6FFFF76C6FFFF9F
:10CD3000E8C6FFFFD6C6FFFFE8C6FFFFE8C6FFFF55
:10CD40008EC6FFFFB2C6FFFF070B0D1113171D1F85
:10CD500025292B2F353B3D4347494F535961FF0050
:10CD60000001020203030303040404040404040492
:10CD70000505050505050505050505050505050563
:10CD80000606060606060606060606060606060643
:10CD90000606060606060606060606060606060633
:10CDA0000707070707070707070707070707070713
:10CDB0000707070707070707070707070707070703
:10CDC00007070707070707070707070707070707F3
:10CDD00007070707070707070707070707070707E3
:10CDE00008080808080808080808080808080808C3
:10CDF00008080808080808080808080808080808B3
:10CE000008080808080808080808080808080808A2
:10CE10000808080808080808080808080808080892
:10CE20000808080808080808080808080808080882
:10CE30000808080808080808080808080808080872
:10CE40000808080808080808080808080808080862
:10CE50000808080808080808080808080808080852
:10CE600000000000000000000000000000000000C2
:10CE700000000000000000000000000000000000B2
:10CE800000000000000000000000000000000000A2
:10CE90000000000000000000000000000000000092
:10CEA0000000000000000000000000000000000082
:10CEB0000000000000000000000000000000000072
:10CEC000232D302B20000000686C4C006566674500
:10CED0004647000030313233343536373839414235
:10CEE0004344454600000000303132333435363794
:10CEF0003839616263646566000000002A2A000018
:10CF0000262A0000272A0000292A0000242A0000DF
:10CF1000502A0000252A00000A1800000200000024
:10CF200018CF0100282A0000232A00000403090466
:10CF3000F2FF0000020000003CCF0100F0FF000003
:10CF4000F1FF00000200000060CF0100012A000094
:10CF5000A62A00000328000002290000002A000081
:10CF60000018000001180000042A0000002800003A
:0CCF700001280000052A0000584E002097
:10CF7C00020000006CCF0100010000001CCF01007A
:10CF8C000200000054CF010001000000DA4E002026
:10CF9C000200000028CF010001000000444F0020D7
:10CFAC000200000054CF010001000000CC4E002014
:10CFBC00020000000CCF01000100000008C60100B7
:10CFCC000200000054CF010001000000D84E0020E8
:10CFDC000200000014CF01000100000018C601007F
:10CFEC000200000054CF010001000000C94E0020D7
:10CFFC000200000000CF010001000000CCC50100C0
:10D00C000200000054CF010001000000CA4E0020B5
:10D01C000200000004CF010001000000E0C5010087
:10D02C000200000054CF010001000000D94E002086
:10D03C000200000024CF01000100000028C60100FE
:10D04C000200000054CF010001000000CB4E002074
:10D05C000200000008CF010001000000F4C501002F
:10D06C000200000054CF010001000000C84E002057
:10D07C0002000000FCCE010001000000BCC5010054
:10D08C000200000054CF010001000000D74E002028
:10D09C000200000010CF010001000000D04E002063
:10D0AC004E1D0000000000000000000009070000F9
:10D0BC000000000000000000000000000000000064
:10D0CC000000000000000000000000000000000054
:10D0DC000000000000000000000000000000000044
:10D0EC000000000000000000020000006CCF0100F6
:10D0FC000100000034CF01000200000054CF0100F9
:10D10C0001000000DC4E00200200000040CF0100B6
:10D11C0000000000754F00200200000058CF0100F5
:10D12C0003000000345700200200000054CF01001F
:10D13C0001000000DB4E00200200000030CF010097
:10D14C0002000000744F00207E2C0000C42B000055
:10D15C000000000046320000642F0000D2310000B5
:10D16C005553425F4849445F424C45000000000063
:10D17C0000000000000000000C095553425F4849B4
:10D18C00445F424C45051208001400020A000000DE
:10D19C00020000006CCF01000100000044CF010030
:10D1AC000200000054CF010001000000F44E0020EA
:10D1BC00020000005CCF010001000000547400204C
:10D1CC000200000054CF010001000000F14E0020CD
:10D1DC00020000004CCF0100010000002050002094
:10D1EC000200000054CF010001000000F54E0020A9
:10D1FC000200000068CF010001000000F84E002082
:10D20C000200000054CF010001000000F34E00208A
:10D21C000200000050CF010001000000F24E00207F
:10D22C00C26E00001470000000000000020000003C
:10D23C006CCF010001000000044F00200200000030
:10D24C0054CF0100010000000F4F0020020000002D
:10D25C0074CF01000000000000000000020000007C
:10D26C0058CF0100030000006C7400200000000087
:10D27C009E7C000000000000EAD40000FCC300000B
:10D28C0070BD000030DC0000BEC50000A8CD000061
:10D29C000000000080CE0100A0CE010060CE010095
:10D2AC000000000000000000000000000000000072
:10D2BC000000000000000000000000000000000062
:10D2CC000000000000000000000000000000000052
:10D2DC000000000000000000000000000000000042
:10D2EC000000000000000000000000000000000032
:10D2FC0000000000A451002000000000CC520020CF
:10D30C00020202020200000001D707000010010215
:10D31C000202020C10FF00000201060302E0FF00F3
:10D32C0001000000C3812F01FF0201020202000074
:10D33C005000A0000000E803FFFFFFFF0200000008
:10D34C0064CF01000100FF20B67801006E78010067
:10D35C0001050277010110770101FF010300800C28
:08D36C000600FF00584E0020EE
:00000001FF
